STARTFONT 2.1
COMMENT
COMMENT Converted from OpenType font "LiberationMono-Bold.ttf" by "otf2bdf 3.0".
COMMENT
FONT -FreeType-Liberation Mono-Bold-R-Normal--35-350-72-72-P-170-ISO10646-1
SIZE 35 72 72
FONTBOUNDINGBOX 41 47 -17 -13
STARTPROPERTIES 19
FOUNDRY "FreeType"
FAMILY_NAME "Liberation Mono"
WEIGHT_NAME "Bold"
SLANT "R"
SETWIDTH_NAME "Normal"
ADD_STYLE_NAME ""
PIXEL_SIZE 35
POINT_SIZE 350
RESOLUTION_X 72
RESOLUTION_Y 72
SPACING "P"
AVERAGE_WIDTH 170
CHARSET_REGISTRY "ISO10646"
CHARSET_ENCODING "1"
FONT_ASCENT 29
FONT_DESCENT 10
COPYRIGHT "Digitized data copyright (c) 2010 Google Corporation.  Copyright (c) 2012 Red Hat, Inc."
_OTF_FONTFILE "LiberationMono-Bold.ttf"
_OTF_PSNAME "LiberationMono-Bold"
ENDPROPERTIES
CHARS 2305
STARTCHAR 0020
ENCODING 32
SWIDTH 600 0
DWIDTH 21 0
BBX 0 0 0 0
BITMAP
ENDCHAR
STARTCHAR 0021
ENCODING 33
SWIDTH 600 0
DWIDTH 21 0
BBX 5 23 8 0
BITMAP
F8
F8
F8
F8
F8
F8
F8
F8
F8
F8
F8
F8
F8
F8
F8
78
00
00
F8
F8
F8
F8
F8
ENDCHAR
STARTCHAR 0022
ENCODING 34
SWIDTH 600 0
DWIDTH 21 0
BBX 13 11 4 14
BITMAP
F8F8
F8F8
F8F8
F8F8
78F8
78F0
78F0
78F0
7070
7070
7070
ENDCHAR
STARTCHAR 0023
ENCODING 35
SWIDTH 600 0
DWIDTH 21 0
BBX 19 23 1 0
BITMAP
038380
038380
038380
030300
030700
070700
7FFFE0
7FFFE0
7FFFE0
0E0E00
0E0E00
0E0E00
0C0C00
0C0C00
FFFFC0
FFFFC0
FFFFC0
181800
183800
383800
383800
383000
303000
ENDCHAR
STARTCHAR 0024
ENCODING 36
SWIDTH 600 0
DWIDTH 21 0
BBX 19 28 1 -3
BITMAP
004000
004000
07FC00
1FFF00
3FFF80
7E5F80
7C47C0
7C47C0
7C4380
7C4000
7F4000
3FF000
1FFE00
0FFF00
01FF80
005FC0
0047C0
0043E0
3843E0
F843E0
7C47C0
7FFFC0
3FFF80
1FFF00
07FC00
004000
004000
004000
ENDCHAR
STARTCHAR 0025
ENCODING 37
SWIDTH 600 0
DWIDTH 21 0
BBX 21 23 0 0
BITMAP
3E0070
7F80E0
7381C0
E3C1C0
E1C380
E1C700
E1CF00
E1CE00
E3DC00
7FB800
7FB800
3E73E0
00EFF0
00EE70
01DE38
039C38
039C38
071C38
0E1C38
1C1E38
1C0F70
380FF0
7003E0
ENDCHAR
STARTCHAR 0026
ENCODING 38
SWIDTH 600 0
DWIDTH 21 0
BBX 21 23 0 0
BITMAP
00F800
03FE00
07FF00
078F00
0F0700
0F0700
0F0F00
071E00
07FE00
07F800
07F000
1FC1E0
3FE1E0
7DE1E0
78F3C0
787BC0
F87F80
F83F80
781F00
7C3FF8
3FFFF8
1FF9F8
0FE078
ENDCHAR
STARTCHAR 0027
ENCODING 39
SWIDTH 600 0
DWIDTH 21 0
BBX 5 11 8 14
BITMAP
F8
F8
F8
F8
F8
F8
70
70
70
70
70
ENDCHAR
STARTCHAR 0028
ENCODING 40
SWIDTH 600 0
DWIDTH 21 0
BBX 9 32 6 -7
BITMAP
0780
0F80
1F00
1F00
3E00
3E00
7C00
7C00
7C00
7800
F800
F800
F800
F800
F800
F800
F800
F800
F800
F800
F800
F800
7800
7C00
7C00
7C00
3E00
3E00
1F00
1F00
0F80
0780
ENDCHAR
STARTCHAR 0029
ENCODING 41
SWIDTH 600 0
DWIDTH 21 0
BBX 9 32 6 -7
BITMAP
F000
F800
7C00
7C00
3E00
3E00
1F00
1F00
1F00
0F00
0F80
0F80
0F80
0F80
0F80
0F80
0F80
0F80
0F80
0F80
0F80
0F80
0F00
1F00
1F00
1F00
3E00
3E00
7C00
7C00
F800
F000
ENDCHAR
STARTCHAR 002A
ENCODING 42
SWIDTH 600 0
DWIDTH 21 0
BBX 13 13 4 12
BITMAP
0700
0700
0700
4710
FFF8
FFF8
FFF8
0F80
1FC0
3DE0
78F0
38E0
1040
ENDCHAR
STARTCHAR 002B
ENCODING 43
SWIDTH 600 0
DWIDTH 21 0
BBX 17 18 2 3
BITMAP
01C000
01C000
01C000
01C000
01C000
01C000
01C000
FFFF80
FFFF80
FFFF80
FFFF80
01C000
01C000
01C000
01C000
01C000
01C000
01C000
ENDCHAR
STARTCHAR 002C
ENCODING 44
SWIDTH 600 0
DWIDTH 21 0
BBX 7 11 5 -6
BITMAP
3E
3E
3C
7C
7C
78
78
F0
F0
E0
E0
ENDCHAR
STARTCHAR 002D
ENCODING 45
SWIDTH 600 0
DWIDTH 21 0
BBX 9 4 6 7
BITMAP
FF80
FF80
FF80
FF80
ENDCHAR
STARTCHAR 002E
ENCODING 46
SWIDTH 600 0
DWIDTH 21 0
BBX 5 5 8 0
BITMAP
F8
F8
F8
F8
F8
ENDCHAR
STARTCHAR 002F
ENCODING 47
SWIDTH 600 0
DWIDTH 21 0
BBX 17 25 2 0
BITMAP
000780
000780
000F00
000F00
001E00
003C00
003C00
007800
007800
00F000
00F000
01E000
01C000
03C000
078000
078000
0F0000
0F0000
1E0000
1E0000
3C0000
780000
780000
F00000
F00000
ENDCHAR
STARTCHAR 0030
ENCODING 48
SWIDTH 600 0
DWIDTH 21 0
BBX 17 23 2 0
BITMAP
07F000
1FFC00
3FFE00
3FFE00
7C1F00
7C1F00
F80F00
F80F80
F80F80
F9CF80
F9CF80
F9CF80
F9CF80
F80F80
F80F80
F80F80
780F00
7C1F00
7C1F00
3FFE00
3FFC00
1FF800
07F000
ENDCHAR
STARTCHAR 0031
ENCODING 49
SWIDTH 600 0
DWIDTH 21 0
BBX 18 23 2 0
BITMAP
01F000
03F000
07F000
1FF000
FFF000
FDF000
F9F000
C1F000
01F000
01F000
01F000
01F000
01F000
01F000
01F000
01F000
01F000
01F000
01F000
7FFFC0
7FFFC0
7FFFC0
7FFFC0
ENDCHAR
STARTCHAR 0032
ENCODING 50
SWIDTH 600 0
DWIDTH 21 0
BBX 17 23 2 0
BITMAP
07F000
1FFC00
3FFE00
7FFF00
7C1F00
7C0F80
F80F80
001F00
001F00
003F00
007E00
01FC00
03F800
07E000
0FC000
1F8000
3F0000
7E0000
7C0000
FFFF80
FFFF80
FFFF80
FFFF80
ENDCHAR
STARTCHAR 0033
ENCODING 51
SWIDTH 600 0
DWIDTH 21 0
BBX 17 23 2 0
BITMAP
07F000
1FFC00
7FFE00
7FFF00
FC1F00
F80F80
000F80
001F00
003F00
03FE00
03F800
03FC00
03FF00
001F00
000F80
000F80
F80F80
F80F80
FC1F80
7FFF00
7FFF00
1FFC00
07F000
ENDCHAR
STARTCHAR 0034
ENCODING 52
SWIDTH 600 0
DWIDTH 21 0
BBX 19 23 1 0
BITMAP
003F00
007F00
007F00
00FF00
01FF00
01FF00
03DF00
079F00
079F00
0F1F00
1E1F00
1E1F00
3C1F00
781F00
781F00
FFFFE0
FFFFE0
FFFFE0
FFFFE0
001F00
001F00
001F00
001F00
ENDCHAR
STARTCHAR 0035
ENCODING 53
SWIDTH 600 0
DWIDTH 21 0
BBX 17 23 2 0
BITMAP
7FFF00
7FFF00
7FFF00
7FFF00
7C0000
7C0000
780000
79F800
7FFC00
7FFE00
7FFF00
7C1F80
000F80
000F80
000F80
000F80
F80F80
F80F80
FC1F00
7FFF00
3FFE00
1FFC00
07F000
ENDCHAR
STARTCHAR 0036
ENCODING 54
SWIDTH 600 0
DWIDTH 21 0
BBX 17 23 2 0
BITMAP
03F000
0FFC00
1FFE00
3FFF00
7E1F00
7C0F00
780000
F80000
F9F800
FBFE00
FFFF00
FFFF00
FC1F80
F80F80
F80F80
F80F80
780F80
7C0F80
3E1F80
3FFF00
1FFE00
0FFC00
03F000
ENDCHAR
STARTCHAR 0037
ENCODING 55
SWIDTH 600 0
DWIDTH 21 0
BBX 17 23 2 0
BITMAP
FFFF80
FFFF80
FFFF80
FFFF80
000F00
001E00
003E00
007C00
007800
00F800
00F000
01F000
03E000
03E000
03C000
07C000
07C000
0F8000
0F8000
0F8000
0F8000
0F8000
0F8000
ENDCHAR
STARTCHAR 0038
ENCODING 56
SWIDTH 600 0
DWIDTH 21 0
BBX 17 23 2 0
BITMAP
07F000
1FFC00
3FFE00
7E3F00
7C1F00
F80F80
F80F80
7C1F00
7C1F00
3FFE00
0FF800
1FFE00
7E7F00
7C1F00
F80F80
F80F80
F80F80
F80F80
FC1F80
7F7F00
7FFF00
1FFC00
07F000
ENDCHAR
STARTCHAR 0039
ENCODING 57
SWIDTH 600 0
DWIDTH 21 0
BBX 17 23 2 0
BITMAP
07F000
1FF800
3FFE00
7FFE00
FC3F00
F81F00
F80F00
F80F80
F80F80
F80F80
FC1F80
7FFF80
7FFF80
3FEF80
0FCF80
000F00
000F00
781F00
7C3E00
7FFE00
3FFC00
1FF800
07E000
ENDCHAR
STARTCHAR 003A
ENCODING 58
SWIDTH 600 0
DWIDTH 21 0
BBX 5 18 8 0
BITMAP
F8
F8
F8
F8
F8
00
00
00
00
00
00
00
00
F8
F8
F8
F8
F8
ENDCHAR
STARTCHAR 003B
ENCODING 59
SWIDTH 600 0
DWIDTH 21 0
BBX 8 24 6 -6
BITMAP
3E
3E
3E
3E
3E
00
00
00
00
00
00
00
00
3F
3E
3E
3C
7C
78
78
F0
F0
E0
E0
ENDCHAR
STARTCHAR 003C
ENCODING 60
SWIDTH 600 0
DWIDTH 21 0
BBX 17 19 2 2
BITMAP
000080
000780
001F80
00FF80
03FF00
1FF800
FFE000
FF0000
FC0000
E00000
FC0000
FF0000
FFE000
1FF800
03FF00
00FF80
001F80
000780
000080
ENDCHAR
STARTCHAR 003D
ENCODING 61
SWIDTH 600 0
DWIDTH 21 0
BBX 17 13 2 5
BITMAP
FFFF80
FFFF80
FFFF80
FFFF80
000000
000000
000000
000000
000000
FFFF80
FFFF80
FFFF80
FFFF80
ENDCHAR
STARTCHAR 003E
ENCODING 62
SWIDTH 600 0
DWIDTH 21 0
BBX 17 19 2 2
BITMAP
800000
F00000
FC0000
FF8000
7FF000
0FFC00
03FF80
007F80
001F80
000380
001F80
007F80
03FF80
0FFC00
7FE000
FF8000
FC0000
F00000
800000
ENDCHAR
STARTCHAR 003F
ENCODING 63
SWIDTH 600 0
DWIDTH 21 0
BBX 18 23 1 0
BITMAP
03F800
0FFE00
1FFF80
3FFF80
7E0FC0
7C07C0
FC07C0
F807C0
000FC0
001F80
003F00
007E00
00F800
01F000
01E000
03E000
000000
000000
03E000
03E000
03E000
03E000
03E000
ENDCHAR
STARTCHAR 0040
ENCODING 64
SWIDTH 600 0
DWIDTH 21 0
BBX 19 30 1 -5
BITMAP
01F800
03FE00
0F8F00
1E0380
1C01C0
3800C0
30F7C0
71F7E0
639E60
670E60
E60E60
EE0E60
CE0E60
CE0C60
CC0C60
CC1C60
CC1C60
CC1C60
CE38E0
CE38C0
CE6DC0
E7CF80
638F00
600000
700000
380100
3C0380
1E1F00
0FFC00
03F000
ENDCHAR
STARTCHAR 0041
ENCODING 65
SWIDTH 600 0
DWIDTH 21 0
BBX 21 23 0 0
BITMAP
01FC00
01FC00
01FC00
03DE00
03DE00
03DE00
07DF00
078F00
078F00
0F8F80
0F8F80
0F0780
1F07C0
1F07C0
1FFFC0
3FFFE0
3FFFE0
3FFFE0
7C01F0
7C01F0
7C01F0
FC00F8
F800F8
ENDCHAR
STARTCHAR 0042
ENCODING 66
SWIDTH 600 0
DWIDTH 21 0
BBX 18 23 2 0
BITMAP
FFF800
FFFE00
FFFF00
FFFF00
F81F80
F80F80
F80F80
F80F80
F81F00
FFFE00
FFF800
FFFE00
FFFF80
F80FC0
F807C0
F807C0
F807C0
F807C0
F80FC0
FFFFC0
FFFF80
FFFF00
FFFC00
ENDCHAR
STARTCHAR 0043
ENCODING 67
SWIDTH 600 0
DWIDTH 21 0
BBX 19 23 1 0
BITMAP
03F800
0FFE00
1FFF00
3FFF80
3F0FC0
7E07C0
7C07C0
7C0300
7C0000
FC0000
FC0000
FC0000
FC0000
FC0000
7C0000
7C0380
7C03E0
7E07C0
3F0FC0
3FFF80
1FFF80
07FE00
01F800
ENDCHAR
STARTCHAR 0044
ENCODING 68
SWIDTH 600 0
DWIDTH 21 0
BBX 18 23 2 0
BITMAP
FFE000
FFF800
FFFE00
FFFF00
F83F00
F81F80
F80F80
F80F80
F80F80
F80FC0
F807C0
F807C0
F80FC0
F80FC0
F80F80
F80F80
F80F80
F81F80
F83F00
FFFE00
FFFE00
FFF800
FFE000
ENDCHAR
STARTCHAR 0045
ENCODING 69
SWIDTH 600 0
DWIDTH 21 0
BBX 18 23 2 0
BITMAP
FFFF80
FFFF80
FFFF80
FFFF80
F80000
F80000
F80000
F80000
F80000
FFFF00
FFFF00
FFFF00
FFFF00
F80000
F80000
F80000
F80000
F80000
F80000
FFFFC0
FFFFC0
FFFFC0
FFFFC0
ENDCHAR
STARTCHAR 0046
ENCODING 70
SWIDTH 600 0
DWIDTH 21 0
BBX 16 23 3 0
BITMAP
FFFF
FFFF
FFFF
FFFF
F800
F800
F800
F800
F800
F800
FFFF
FFFF
FFFF
FFFF
F800
F800
F800
F800
F800
F800
F800
F800
F800
ENDCHAR
STARTCHAR 0047
ENCODING 71
SWIDTH 600 0
DWIDTH 21 0
BBX 18 23 1 0
BITMAP
03F800
0FFE00
1FFF00
3FFF80
3F0F80
7E0FC0
7C0700
7C0000
7C0000
FC0000
FC7FC0
F87FC0
FC7FC0
FC7FC0
7C03C0
7C03C0
7C03C0
7E03C0
3F0FC0
3FFFC0
1FFF80
07FE00
03F800
ENDCHAR
STARTCHAR 0048
ENCODING 72
SWIDTH 600 0
DWIDTH 21 0
BBX 17 23 2 0
BITMAP
F80F80
F80F80
F80F80
F80F80
F80F80
F80F80
F80F80
F80F80
F80F80
FFFF80
FFFF80
FFFF80
FFFF80
F80F80
F80F80
F80F80
F80F80
F80F80
F80F80
F80F80
F80F80
F80F80
F80F80
ENDCHAR
STARTCHAR 0049
ENCODING 73
SWIDTH 600 0
DWIDTH 21 0
BBX 15 23 3 0
BITMAP
FFFE
FFFE
FFFE
FFFE
07C0
07C0
07C0
07C0
07C0
07C0
07C0
07C0
07C0
07C0
07C0
07C0
07C0
07C0
07C0
FFFE
FFFE
FFFE
FFFE
ENDCHAR
STARTCHAR 004A
ENCODING 74
SWIDTH 600 0
DWIDTH 21 0
BBX 15 23 2 0
BITMAP
07FE
07FE
07FE
07FE
003E
003E
003E
003E
003E
003E
003E
003E
003E
003E
003E
783E
F83E
F83E
FC7E
7FFC
3FFC
1FF8
07E0
ENDCHAR
STARTCHAR 004B
ENCODING 75
SWIDTH 600 0
DWIDTH 21 0
BBX 19 23 2 0
BITMAP
F80FC0
F80FC0
F81F80
F83F00
F83E00
F87C00
F8FC00
F9F800
F9F000
FBE000
FFE000
FFF000
FFF000
FFF800
FEFC00
FC7C00
F87E00
F83F00
F83F00
F81F80
F80F80
F80FC0
F807E0
ENDCHAR
STARTCHAR 004C
ENCODING 76
SWIDTH 600 0
DWIDTH 21 0
BBX 15 23 4 0
BITMAP
F800
F800
F800
F800
F800
F800
F800
F800
F800
F800
F800
F800
F800
F800
F800
F800
F800
F800
F800
FFFE
FFFE
FFFE
FFFE
ENDCHAR
STARTCHAR 004D
ENCODING 77
SWIDTH 600 0
DWIDTH 21 0
BBX 17 23 2 0
BITMAP
FC1F80
FC1F80
FC1F80
FE1F80
FE3B80
EE3B80
EE3B80
EF3B80
EF7B80
E77380
E77380
E77380
E7F380
E3E380
E3E380
E3E380
E1E380
E00380
E00380
E00380
E00380
E00380
E00380
ENDCHAR
STARTCHAR 004E
ENCODING 78
SWIDTH 600 0
DWIDTH 21 0
BBX 17 23 2 0
BITMAP
FC0F80
FE0F80
FE0F80
FE0F80
FF0F80
FF0F80
FF8F80
F78F80
F78F80
FBCF80
FBCF80
FBCF80
F9EF80
F9EF80
F8FF80
F8F780
F8F780
F87F80
F87F80
F87F80
F83F80
F83F80
F81F80
ENDCHAR
STARTCHAR 004F
ENCODING 79
SWIDTH 600 0
DWIDTH 21 0
BBX 19 23 1 0
BITMAP
03F800
0FFE00
1FFF00
3FFF80
3F1F80
7E0FC0
7C07C0
7C07C0
FC07E0
F803E0
F803E0
F803E0
F803E0
F803E0
FC07E0
7C07C0
7C07C0
7E0FC0
3F1F80
3FFF80
1FFF00
0FFE00
03F800
ENDCHAR
STARTCHAR 0050
ENCODING 80
SWIDTH 600 0
DWIDTH 21 0
BBX 18 23 2 0
BITMAP
FFF800
FFFE00
FFFF00
FFFF80
F81F80
F80F80
F80F80
F80FC0
F80F80
F80F80
F81F80
FFFF00
FFFF00
FFFC00
FFF000
F80000
F80000
F80000
F80000
F80000
F80000
F80000
F80000
ENDCHAR
STARTCHAR 0051
ENCODING 81
SWIDTH 600 0
DWIDTH 21 0
BBX 19 30 1 -7
BITMAP
03F800
0FFE00
1FFF00
3FFF80
3F1F80
7E0FC0
7C07C0
7C07C0
FC07E0
F807E0
F803E0
F803E0
F803E0
F803E0
FC07E0
7C07C0
7C07C0
7E0FC0
3E0F80
3FFF80
1FFF00
0FFE00
03F800
01F800
00F800
00FC00
007FE0
007FE0
003FE0
000FE0
ENDCHAR
STARTCHAR 0052
ENCODING 82
SWIDTH 600 0
DWIDTH 21 0
BBX 19 23 2 0
BITMAP
FFF800
FFFE00
FFFF00
FFFF80
F81F80
F80FC0
F807C0
F807C0
F80FC0
F81F80
FFFF80
FFFF00
FFFC00
FFF800
F87C00
F87E00
F83E00
F83F00
F81F00
F81F80
F80FC0
F80FC0
F807E0
ENDCHAR
STARTCHAR 0053
ENCODING 83
SWIDTH 600 0
DWIDTH 21 0
BBX 19 23 1 0
BITMAP
03F800
1FFE00
3FFF00
7FFF80
7C0FC0
7C07C0
7C07C0
7C0000
7F0000
3FF000
1FFE00
0FFF00
01FFC0
003FC0
0007E0
0003E0
F803E0
F803E0
FC07E0
7FFFC0
3FFF80
1FFF00
07FC00
ENDCHAR
STARTCHAR 0054
ENCODING 84
SWIDTH 600 0
DWIDTH 21 0
BBX 19 23 1 0
BITMAP
FFFFE0
FFFFE0
FFFFE0
FFFFE0
01F000
01F000
01F000
01F000
01F000
01F000
01F000
01F000
01F000
01F000
01F000
01F000
01F000
01F000
01F000
01F000
01F000
01F000
01F000
ENDCHAR
STARTCHAR 0055
ENCODING 85
SWIDTH 600 0
DWIDTH 21 0
BBX 17 23 2 0
BITMAP
F80F80
F80F80
F80F80
F80F80
F80F80
F80F80
F80F80
F80F80
F80F80
F80F80
F80F80
F80F80
F80F80
F80F80
F80F80
F80F80
F81F80
7C1F00
7E3F00
7FFF00
3FFE00
1FFC00
07F000
ENDCHAR
STARTCHAR 0056
ENCODING 86
SWIDTH 600 0
DWIDTH 21 0
BBX 21 23 0 0
BITMAP
F800F8
7C01F0
7C01F0
7C01F0
3E03E0
3E03E0
3E03E0
1F07C0
1F07C0
1F07C0
0F0780
0F8F80
0F8F80
078F00
07DF00
07DF00
03DE00
03DE00
03FE00
01FC00
01FC00
01FC00
00F800
ENDCHAR
STARTCHAR 0057
ENCODING 87
SWIDTH 600 0
DWIDTH 21 0
BBX 21 23 0 0
BITMAP
F000F8
F800F8
F800F8
7800F0
7800F0
7800F0
7870F0
78F8F0
7CF8F0
7CF9F0
3CF9E0
3DFDE0
3DDDE0
3DDDE0
3DDDE0
3FDFE0
1F8FC0
1F8FC0
1F8FC0
1F8FC0
1F07C0
1F07C0
0F0780
ENDCHAR
STARTCHAR 0058
ENCODING 88
SWIDTH 600 0
DWIDTH 21 0
BBX 21 23 0 0
BITMAP
7C01F0
3E03E0
3F07E0
1F07C0
0F8F80
0F8F80
07DF00
03FE00
03FE00
01FC00
00F800
01F800
01FC00
03FE00
07FE00
07DF00
0F8F80
0F8F80
1F07C0
3F03E0
3E03E0
7C01F0
FC01F8
ENDCHAR
STARTCHAR 0059
ENCODING 89
SWIDTH 600 0
DWIDTH 21 0
BBX 21 23 0 0
BITMAP
FC01F8
7C01F0
7E03F0
3E03E0
1F07C0
1F07C0
0F8F80
0F8F80
07DF00
07DF00
03FE00
01FC00
01FC00
00F800
00F800
00F800
00F800
00F800
00F800
00F800
00F800
00F800
00F800
ENDCHAR
STARTCHAR 005A
ENCODING 90
SWIDTH 600 0
DWIDTH 21 0
BBX 18 23 1 0
BITMAP
3FFFC0
3FFFC0
3FFFC0
3FFFC0
000F80
001F00
003F00
007E00
007C00
00F800
01F800
03F000
03E000
07C000
0FC000
1F8000
1F0000
3E0000
7E0000
FFFFC0
FFFFC0
FFFFC0
FFFFC0
ENDCHAR
STARTCHAR 005B
ENCODING 91
SWIDTH 600 0
DWIDTH 21 0
BBX 11 32 6 -7
BITMAP
FFE0
FFE0
FFE0
F800
F800
F800
F800
F800
F800
F800
F800
F800
F800
F800
F800
F800
F800
F800
F800
F800
F800
F800
F800
F800
F800
F800
F800
F800
F800
FFE0
FFE0
FFE0
ENDCHAR
STARTCHAR 005C
ENCODING 92
SWIDTH 600 0
DWIDTH 21 0
BBX 17 25 2 0
BITMAP
F00000
F00000
780000
380000
3C0000
1E0000
1E0000
0F0000
0F0000
078000
078000
03C000
01C000
01E000
00F000
00F000
007800
007800
003C00
003C00
001E00
000F00
000F00
000780
000780
ENDCHAR
STARTCHAR 005D
ENCODING 93
SWIDTH 600 0
DWIDTH 21 0
BBX 11 32 4 -7
BITMAP
FFE0
FFE0
FFE0
03E0
03E0
03E0
03E0
03E0
03E0
03E0
03E0
03E0
03E0
03E0
03E0
03E0
03E0
03E0
03E0
03E0
03E0
03E0
03E0
03E0
03E0
03E0
03E0
03E0
03E0
FFE0
FFE0
FFE0
ENDCHAR
STARTCHAR 005E
ENCODING 94
SWIDTH 600 0
DWIDTH 21 0
BBX 18 15 1 8
BITMAP
03F000
03F800
07F800
07BC00
0F3C00
0F1C00
0E1E00
1E1E00
1E0F00
3C0F00
3C0780
780780
7803C0
F003C0
F001C0
ENDCHAR
STARTCHAR 005F
ENCODING 95
SWIDTH 600 0
DWIDTH 21 0
BBX 21 2 0 -4
BITMAP
FFFFF8
FFFFF8
ENDCHAR
STARTCHAR 0060
ENCODING 96
SWIDTH 600 0
DWIDTH 21 0
BBX 9 5 6 20
BITMAP
F800
7C00
3E00
0F00
0780
ENDCHAR
STARTCHAR 0061
ENCODING 97
SWIDTH 600 0
DWIDTH 21 0
BBX 18 18 2 0
BITMAP
07F000
1FFC00
3FFE00
7E3E00
7C3E00
001F00
001F00
0FFF00
3FFF00
7FFF00
FC1F00
F81F00
F83F00
F83F00
FCFF00
FFEFC0
7FCFC0
1F07C0
ENDCHAR
STARTCHAR 0062
ENCODING 98
SWIDTH 600 0
DWIDTH 21 0
BBX 17 25 2 0
BITMAP
780000
780000
780000
780000
780000
780000
780000
78F800
79FE00
7BFF00
7F3F00
7C1F80
7C0F80
7C0F80
780F80
780F80
780F80
780F80
7C0F80
7C0F80
7C1F80
7F3F00
FBFF00
F9FE00
F8F800
ENDCHAR
STARTCHAR 0063
ENCODING 99
SWIDTH 600 0
DWIDTH 21 0
BBX 17 18 2 0
BITMAP
07F000
1FFC00
3FFE00
7F3F00
7C1F00
F80F80
F80000
F80000
F80000
F80000
F80000
F80F80
F80F80
7C1F00
7F3F00
3FFE00
1FFC00
07F000
ENDCHAR
STARTCHAR 0064
ENCODING 100
SWIDTH 600 0
DWIDTH 21 0
BBX 17 25 2 0
BITMAP
000F00
000F00
000F00
000F00
000F00
000F00
000F00
0F8F00
3FCF00
7FEF00
7E7F00
FC1F00
F81F00
F81F00
F80F00
F80F00
F80F00
F80F00
F81F00
F81F00
FC3F00
7E7F00
7FEF00
3FCF80
0F8F80
ENDCHAR
STARTCHAR 0065
ENCODING 101
SWIDTH 600 0
DWIDTH 21 0
BBX 17 18 2 0
BITMAP
07F000
1FFC00
3FFE00
7E1F00
7C0F00
F80F80
F80780
FFFF80
FFFF80
FFFF80
F80000
F80000
F80000
7C0F80
7E3F00
3FFF00
1FFC00
07F000
ENDCHAR
STARTCHAR 0066
ENCODING 102
SWIDTH 600 0
DWIDTH 21 0
BBX 17 25 2 0
BITMAP
00FF80
03FF80
07FF80
07E180
0FC000
0F8000
0F8000
FFFF80
FFFF80
FFFF80
0F8000
0F8000
0F8000
0F8000
0F8000
0F8000
0F8000
0F8000
0F8000
0F8000
0F8000
0F8000
0F8000
0F8000
0F8000
ENDCHAR
STARTCHAR 0067
ENCODING 103
SWIDTH 600 0
DWIDTH 21 0
BBX 17 25 2 -7
BITMAP
0F8F80
1FEF80
3FFF80
7F7F80
7C1F80
FC0F80
F80F80
F80F80
F80F80
F80F80
F80F80
F80F80
FC0F80
7C1F80
7F7F80
3FFF80
1FEF80
0F8F80
000F80
000F80
7C1F00
7E3F00
3FFE00
1FFC00
07F000
ENDCHAR
STARTCHAR 0068
ENCODING 104
SWIDTH 600 0
DWIDTH 21 0
BBX 17 25 2 0
BITMAP
F80000
F80000
F80000
F80000
F80000
F80000
F80000
F87C00
F9FE00
FBFF00
FFFF00
FE1F80
FC0F80
FC0F80
F80F80
F80F80
F80F80
F80F80
F80F80
F80F80
F80F80
F80F80
F80F80
F80F80
F80F80
ENDCHAR
STARTCHAR 0069
ENCODING 105
SWIDTH 600 0
DWIDTH 21 0
BBX 18 25 2 0
BITMAP
01F000
01F000
01F000
01F000
000000
000000
000000
3FF000
3FF000
3FF000
01F000
01F000
01F000
01F000
01F000
01F000
01F000
01F000
01F000
01F000
01F000
01F000
FFFFC0
FFFFC0
FFFFC0
ENDCHAR
STARTCHAR 006A
ENCODING 106
SWIDTH 600 0
DWIDTH 21 0
BBX 13 32 2 -7
BITMAP
00F8
00F8
00F8
00F8
0000
0000
0000
3FF8
3FF8
3FF8
00F8
00F8
00F8
00F8
00F8
00F8
00F8
00F8
00F8
00F8
00F8
00F8
00F8
00F8
00F8
00F8
00F8
01F0
FFF0
FFE0
FFC0
7F00
ENDCHAR
STARTCHAR 006B
ENCODING 107
SWIDTH 600 0
DWIDTH 21 0
BBX 17 25 3 0
BITMAP
F80000
F80000
F80000
F80000
F80000
F80000
F80000
F81F00
F83E00
F87C00
F8F800
F9F000
FBE000
FBE000
FFC000
FFE000
FFF000
FDF000
F8F800
F8FC00
F87C00
F83E00
F83E00
F81F00
F81F80
ENDCHAR
STARTCHAR 006C
ENCODING 108
SWIDTH 600 0
DWIDTH 21 0
BBX 16 25 4 0
BITMAP
FFC0
FFC0
FFC0
07C0
07C0
07C0
07C0
07C0
07C0
07C0
07C0
07C0
07C0
07C0
07C0
07C0
07C0
07C0
07C0
07C0
07C0
07E0
03FF
03FF
00FF
ENDCHAR
STARTCHAR 006D
ENCODING 109
SWIDTH 600 0
DWIDTH 21 0
BBX 19 18 1 0
BITMAP
F38780
F7CFC0
FFFFC0
F9F3E0
F9F1E0
F1F1E0
F0F1E0
F0E1E0
F0E1E0
F0E1E0
F0E1E0
F0E1E0
F0E1E0
F0E1E0
F0E1E0
F0E1E0
F0E1E0
F0E1E0
ENDCHAR
STARTCHAR 006E
ENCODING 110
SWIDTH 600 0
DWIDTH 21 0
BBX 17 18 2 0
BITMAP
F87C00
F9FE00
FBFF00
FFFF00
FE1F80
FC0F80
FC0F80
F80F80
F80F80
F80F80
F80F80
F80F80
F80F80
F80F80
F80F80
F80F80
F80F80
F80F80
ENDCHAR
STARTCHAR 006F
ENCODING 111
SWIDTH 600 0
DWIDTH 21 0
BBX 17 18 2 0
BITMAP
07F000
1FFC00
3FFE00
7F3F00
FC1F80
F80F80
F80F80
F80F80
F80F80
F80F80
F80F80
F80F80
F80F80
FC1F80
7E3F00
3FFE00
1FFC00
07F000
ENDCHAR
STARTCHAR 0070
ENCODING 112
SWIDTH 600 0
DWIDTH 21 0
BBX 17 25 2 -7
BITMAP
F8F800
F9FE00
FBFF00
7F3F00
7C1F80
7C0F80
7C0F80
780F80
780F80
780F80
780F80
7C0F80
7C0F80
7C1F80
7F3F00
7BFF00
79FE00
78F800
780000
780000
780000
780000
780000
780000
780000
ENDCHAR
STARTCHAR 0071
ENCODING 113
SWIDTH 600 0
DWIDTH 21 0
BBX 17 25 2 -7
BITMAP
0F8F80
3FCF80
7FEF80
7E7F00
FC3F00
F81F00
F81F00
F80F00
F80F00
F80F00
F80F00
F81F00
F81F00
FC1F00
7E7F00
7FEF00
3FCF00
0F8F00
000F00
000F00
000F00
000F00
000F00
000F00
000F00
ENDCHAR
STARTCHAR 0072
ENCODING 114
SWIDTH 600 0
DWIDTH 21 0
BBX 15 18 3 0
BITMAP
F87E
79FE
7DFE
7FFE
7F80
7F00
7E00
7E00
7C00
7C00
7C00
7C00
7C00
7C00
7C00
7C00
7C00
7C00
ENDCHAR
STARTCHAR 0073
ENCODING 115
SWIDTH 600 0
DWIDTH 21 0
BBX 17 18 2 0
BITMAP
07F000
1FFC00
3FFE00
7E3F00
780F00
780000
7E0000
7FF000
3FFC00
0FFF00
01FF00
001F80
700F80
F80F80
7C1F00
7FFF00
3FFE00
07F800
ENDCHAR
STARTCHAR 0074
ENCODING 116
SWIDTH 600 0
DWIDTH 21 0
BBX 15 23 3 0
BITMAP
0E00
0E00
0E00
1E00
1E00
FFFC
FFFC
FFFC
1E00
1E00
1E00
1E00
1E00
1E00
1E00
1E00
1E00
1E00
1F00
1F86
1FFE
0FFE
03FC
ENDCHAR
STARTCHAR 0075
ENCODING 117
SWIDTH 600 0
DWIDTH 21 0
BBX 16 18 2 0
BITMAP
F80F
F80F
F80F
F80F
F80F
F80F
F80F
F80F
F80F
F80F
F80F
F81F
FC1F
FC3F
7FEF
7FEF
3FCF
1F0F
ENDCHAR
STARTCHAR 0076
ENCODING 118
SWIDTH 600 0
DWIDTH 21 0
BBX 19 18 1 0
BITMAP
F803E0
F803E0
7807C0
7C07C0
7C07C0
3E0F80
3E0F80
3E0F00
1F1F00
1F1F00
0F1E00
0FBE00
0FBC00
07BC00
07FC00
03F800
03F800
03F000
ENDCHAR
STARTCHAR 0077
ENCODING 119
SWIDTH 600 0
DWIDTH 21 0
BBX 21 18 0 0
BITMAP
F00078
F00078
700070
7800F0
7870F0
78F8F0
78F8F0
78F8E0
39DCE0
39DDE0
3DDDE0
3FDDE0
3F8FE0
1F8FC0
1F8FC0
1F07C0
1F07C0
1F07C0
ENDCHAR
STARTCHAR 0078
ENCODING 120
SWIDTH 600 0
DWIDTH 21 0
BBX 19 18 1 0
BITMAP
7C07C0
7C0FC0
3E0F80
1F1F00
0F3E00
0FBE00
07FC00
03F800
01F000
03F800
07FC00
07FC00
0FBE00
1F1F00
3E0F80
3E0F80
7C07C0
F803E0
ENDCHAR
STARTCHAR 0079
ENCODING 121
SWIDTH 600 0
DWIDTH 21 0
BBX 19 25 1 -7
BITMAP
F803E0
F803E0
7C07C0
7C07C0
3E0780
3E0F80
1E0F80
1F0F00
1F1F00
0F1E00
0F9E00
07BE00
07BC00
07FC00
03F800
03F800
01F800
01F000
01F000
01E000
03E000
07E000
7FC000
7F8000
7F0000
ENDCHAR
STARTCHAR 007A
ENCODING 122
SWIDTH 600 0
DWIDTH 21 0
BBX 16 18 2 0
BITMAP
7FFF
7FFF
7FFF
003F
007E
00FC
01F8
01F0
03E0
07C0
0F80
1F80
3F00
7E00
FFFF
FFFF
FFFF
FFFF
ENDCHAR
STARTCHAR 007B
ENCODING 123
SWIDTH 600 0
DWIDTH 21 0
BBX 15 32 3 -7
BITMAP
01FE
07FE
07FE
0FC0
0F80
0F80
0F80
0F80
0F80
0F80
0F80
0F80
0F80
1F00
FE00
FC00
FE00
7F00
1F00
0F80
0F80
0F80
0F80
0F80
0F80
0F80
0F80
0F80
0FC0
07FE
07FE
01FE
ENDCHAR
STARTCHAR 007C
ENCODING 124
SWIDTH 600 0
DWIDTH 21 0
BBX 5 33 8 -8
BITMAP
F8
F8
F8
F8
F8
F8
F8
F8
F8
F8
F8
F8
F8
F8
F8
F8
F8
F8
F8
F8
F8
F8
F8
F8
F8
F8
F8
F8
F8
F8
F8
F8
F8
ENDCHAR
STARTCHAR 007D
ENCODING 125
SWIDTH 600 0
DWIDTH 21 0
BBX 15 32 3 -7
BITMAP
FF00
FFC0
FFC0
07E0
03E0
03E0
03E0
03E0
03E0
03E0
03E0
03E0
03E0
01F0
00FE
007E
00FE
01FC
01F0
03E0
03E0
03E0
03E0
03E0
03E0
03E0
03E0
03E0
07E0
FFC0
FFC0
FF00
ENDCHAR
STARTCHAR 007E
ENCODING 126
SWIDTH 600 0
DWIDTH 21 0
BBX 17 6 2 9
BITMAP
7E0000
FFC080
FFFF80
FFFF80
80FF80
003F00
ENDCHAR
STARTCHAR 00A0
ENCODING 160
SWIDTH 600 0
DWIDTH 21 0
BBX 0 0 0 0
BITMAP
ENDCHAR
STARTCHAR 00A1
ENCODING 161
SWIDTH 600 0
DWIDTH 21 0
BBX 5 23 8 -5
BITMAP
F8
F8
F8
F8
F8
00
00
70
F8
F8
F8
F8
F8
F8
F8
F8
F8
F8
F8
F8
F8
F8
F8
ENDCHAR
STARTCHAR 00A2
ENCODING 162
SWIDTH 600 0
DWIDTH 21 0
BBX 17 25 2 -1
BITMAP
01C000
01C000
01C000
01C000
0FFC00
1FFE00
3FFF00
7DDF80
F9CF80
F9CF80
F9C000
F9C000
F9C000
F9C000
F9C000
F9C780
F9CF80
7DCF80
7FFF00
3FFE00
1FFC00
03F000
01C000
01C000
01C000
ENDCHAR
STARTCHAR 00A3
ENCODING 163
SWIDTH 600 0
DWIDTH 21 0
BBX 19 23 1 0
BITMAP
01FC00
07FE00
0FFF00
0F8F80
0F0780
1F0700
1F0000
1F0000
1F0000
1F0000
FFF800
FFF800
FFF800
1F0000
1F0000
1F0000
1E01C0
1E01E0
3C03E0
FFFFC0
FFFFC0
FFFF80
FFFE00
ENDCHAR
STARTCHAR 00A4
ENCODING 164
SWIDTH 600 0
DWIDTH 21 0
BBX 17 17 2 3
BITMAP
200200
73E700
FFFF80
7FFF00
3FFE00
3C3E00
781F00
780F00
780F00
780F00
7C1F00
3C3E00
3FFE00
7FFF00
FFFF80
73E700
200200
ENDCHAR
STARTCHAR 00A5
ENCODING 165
SWIDTH 600 0
DWIDTH 21 0
BBX 19 23 1 0
BITMAP
F803E0
F803E0
7C07C0
3C0F80
3E0F80
1F1F00
1F1F00
0FBE00
07BC00
07FC00
03F800
7FFFC0
7FFFC0
7FFFC0
01F000
01F000
7FFFC0
7FFFC0
7FFFC0
01F000
01F000
01F000
01F000
ENDCHAR
STARTCHAR 00A6
ENCODING 166
SWIDTH 600 0
DWIDTH 21 0
BBX 5 33 8 -8
BITMAP
F8
F8
F8
F8
F8
F8
F8
F8
F8
F8
F8
F8
F8
00
00
00
00
00
00
00
F8
F8
F8
F8
F8
F8
F8
F8
F8
F8
F8
F8
F8
ENDCHAR
STARTCHAR 00A7
ENCODING 167
SWIDTH 600 0
DWIDTH 21 0
BBX 17 28 2 -3
BITMAP
07F000
1FFE00
3FFF00
7C1F00
780F80
780000
7C0000
7F8000
3FF800
0FFE00
3FFF00
7C3F80
780F80
F80780
780780
7C0F00
7FFF00
3FFC00
0FFE00
00FF00
001F00
000F80
700780
F00F80
FC0F00
7FFF00
3FFE00
0FF000
ENDCHAR
STARTCHAR 00A8
ENCODING 168
SWIDTH 600 0
DWIDTH 21 0
BBX 11 4 5 21
BITMAP
F1E0
F1E0
F1E0
F1E0
ENDCHAR
STARTCHAR 00A9
ENCODING 169
SWIDTH 600 0
DWIDTH 21 0
BBX 19 24 1 1
BITMAP
03F800
0FFE00
1E0F00
380380
7001C0
61F0C0
E3F8E0
C71C60
CE0E60
CE0060
CC0060
CC0060
CC0060
CC0060
CE0060
CE0E60
C71C60
E3F8E0
61F0C0
7001C0
380380
1E0F00
0FFE00
03F800
ENDCHAR
STARTCHAR 00AA
ENCODING 170
SWIDTH 600 0
DWIDTH 21 0
BBX 14 14 3 11
BITMAP
0FC0
3FE0
7CF0
7870
0070
0070
1FF0
7FF0
7870
F070
F0F8
7FF8
7F7C
3E3C
ENDCHAR
STARTCHAR 00AB
ENCODING 171
SWIDTH 600 0
DWIDTH 21 0
BBX 17 14 2 2
BITMAP
0F8F80
0F0F00
1E1E00
3E3E00
3C3C00
787800
F8F800
F8F800
787800
3C3C00
3E3E00
1E1E00
0F0F00
0F8F80
ENDCHAR
STARTCHAR 00AC
ENCODING 172
SWIDTH 600 0
DWIDTH 21 0
BBX 18 11 1 3
BITMAP
FFFFC0
FFFFC0
FFFFC0
FFFFC0
0003C0
0003C0
0003C0
0003C0
0003C0
0003C0
0003C0
ENDCHAR
STARTCHAR 00AD
ENCODING 173
SWIDTH 600 0
DWIDTH 21 0
BBX 9 4 6 7
BITMAP
FF80
FF80
FF80
FF80
ENDCHAR
STARTCHAR 00AE
ENCODING 174
SWIDTH 600 0
DWIDTH 21 0
BBX 19 24 1 1
BITMAP
03F800
0FFE00
1E0F00
380380
7001C0
67F8C0
E7FCE0
C60E60
C60E60
C60E60
C60E60
C61C60
C7FC60
C7F060
C63060
C63860
C61C60
E60CE0
660EC0
7001C0
380380
1E0F00
0FFE00
03F800
ENDCHAR
STARTCHAR 00AF
ENCODING 175
SWIDTH 600 0
DWIDTH 21 0
BBX 21 2 0 25
BITMAP
FFFFF8
FFFFF8
ENDCHAR
STARTCHAR 00B0
ENCODING 176
SWIDTH 600 0
DWIDTH 21 0
BBX 11 11 5 13
BITMAP
1F00
3F80
7FC0
E0E0
E0E0
E0E0
E0E0
E0E0
7FC0
3F80
1F00
ENDCHAR
STARTCHAR 00B1
ENCODING 177
SWIDTH 600 0
DWIDTH 21 0
BBX 17 22 2 0
BITMAP
01C000
01C000
01C000
01C000
01C000
01C000
FFFF80
FFFF80
FFFF80
FFFF80
01C000
01C000
01C000
01C000
01C000
01C000
000000
000000
FFFF80
FFFF80
FFFF80
FFFF80
ENDCHAR
STARTCHAR 00B2
ENCODING 178
SWIDTH 600 0
DWIDTH 21 0
BBX 12 14 5 10
BITMAP
1F80
7FC0
FFE0
F1E0
01E0
01E0
03C0
0F80
1F00
7C00
F800
FFF0
FFF0
FFF0
ENDCHAR
STARTCHAR 00B3
ENCODING 179
SWIDTH 600 0
DWIDTH 21 0
BBX 11 14 5 10
BITMAP
1F80
7FC0
FFE0
F1E0
01E0
01E0
0FC0
0F80
0FE0
00E0
E0E0
FFE0
7FE0
3F80
ENDCHAR
STARTCHAR 00B4
ENCODING 180
SWIDTH 600 0
DWIDTH 21 0
BBX 9 5 6 20
BITMAP
0F80
1F00
3E00
7800
F000
ENDCHAR
STARTCHAR 00B5
ENCODING 181
SWIDTH 600 0
DWIDTH 21 0
BBX 17 25 2 -7
BITMAP
F80F80
F80F80
F80F80
F80F80
F80F80
F80F80
F80F80
F80F80
F80F80
F80F80
F80F80
F80F80
F81F80
FC3F80
FFFF80
FFFF80
FFEF80
FBCF80
F80000
F80000
F80000
F80000
F80000
F80000
F80000
ENDCHAR
STARTCHAR 00B6
ENCODING 182
SWIDTH 600 0
DWIDTH 21 0
BBX 17 29 2 -6
BITMAP
1FFF80
3FFF80
7F8E00
FF8E00
FF8E00
FF8E00
FF8E00
FF8E00
FF8E00
7F8E00
3F8E00
1F8E00
038E00
038E00
038E00
038E00
038E00
038E00
038E00
038E00
038E00
038E00
038E00
038E00
038E00
038E00
038E00
038E00
038E00
ENDCHAR
STARTCHAR 00B7
ENCODING 183
SWIDTH 600 0
DWIDTH 21 0
BBX 5 5 8 7
BITMAP
F8
F8
F8
F8
F8
ENDCHAR
STARTCHAR 00B8
ENCODING 184
SWIDTH 600 0
DWIDTH 21 0
BBX 6 8 2 -8
BITMAP
70
60
78
FC
1C
1C
FC
F0
ENDCHAR
STARTCHAR 00B9
ENCODING 185
SWIDTH 600 0
DWIDTH 21 0
BBX 11 14 5 10
BITMAP
1E00
3E00
FE00
EE00
8E00
0E00
0E00
0E00
0E00
0E00
0E00
0E00
FFE0
FFE0
ENDCHAR
STARTCHAR 00BA
ENCODING 186
SWIDTH 600 0
DWIDTH 21 0
BBX 13 14 4 11
BITMAP
0F80
3FE0
7FF0
78F8
F078
F078
F078
F078
F078
F078
78F0
7FF0
3FE0
0F80
ENDCHAR
STARTCHAR 00BB
ENCODING 187
SWIDTH 600 0
DWIDTH 21 0
BBX 17 14 2 2
BITMAP
F8F800
787800
3C3C00
3E3E00
1E1E00
0F0F00
0F8F80
0F8F80
0F0F00
1E1E00
3E3E00
3C3C00
787800
F8F800
ENDCHAR
STARTCHAR 00BC
ENCODING 188
SWIDTH 600 0
DWIDTH 21 0
BBX 20 23 0 0
BITMAP
1E01C0
3E0380
FE0300
FE0700
9E0600
1E0E00
1E0C00
1E1C00
1E3800
1E3800
1E71E0
1E73E0
1EE3E0
00C6E0
01CEE0
018CE0
039CE0
0738E0
073FF0
0E3FF0
0E3FF0
1C00E0
1C00E0
ENDCHAR
STARTCHAR 00BD
ENCODING 189
SWIDTH 600 0
DWIDTH 21 0
BBX 21 23 0 0
BITMAP
1E0180
3E0380
FE0700
FE0700
9E0E00
1E0E00
1E1C00
1E1800
1E3800
1E3000
1E73E0
1EEFF0
1EEE78
01DE78
01C078
038070
0381E0
0703C0
060780
0E0E00
0C1FF8
1C1FF8
381FF8
ENDCHAR
STARTCHAR 00BE
ENCODING 190
SWIDTH 600 0
DWIDTH 21 0
BBX 21 23 0 0
BITMAP
1F00E0
7F80C0
7BC1C0
73C380
038380
0F0700
0F8700
03CE00
01CC00
F1DC00
7BD8F0
7FB9F0
3F33F0
0073F0
00E7F0
00EEF0
01CCF0
01DCF0
03BFF8
033FF8
073FF8
0600F0
0E00F0
ENDCHAR
STARTCHAR 00BF
ENCODING 191
SWIDTH 600 0
DWIDTH 21 0
BBX 18 23 2 -5
BITMAP
01F000
01F000
01F000
01F000
01F000
000000
000000
01F000
01F000
03E000
07E000
1FC000
3F0000
7E0000
7C0000
F807C0
F807C0
F80F80
FC1F80
7FFF00
3FFE00
1FFC00
07F000
ENDCHAR
STARTCHAR 00C0
ENCODING 192
SWIDTH 600 0
DWIDTH 21 0
BBX 21 29 0 0
BITMAP
0F8000
07C000
01E000
00F000
007800
000000
01FC00
01FC00
01FC00
03DE00
03DE00
03DE00
07DF00
078F00
078F00
0F8F80
0F8F80
0F0780
1F07C0
1F07C0
1FFFC0
3FFFE0
3FFFE0
3FFFE0
7C01F0
7C01F0
7C01F0
FC00F8
F800F8
ENDCHAR
STARTCHAR 00C1
ENCODING 193
SWIDTH 600 0
DWIDTH 21 0
BBX 21 29 0 0
BITMAP
000F80
001F00
003C00
007800
00E000
000000
01FC00
01FC00
01FC00
03DE00
03DE00
03DE00
07DF00
078F00
078F00
0F8F80
0F8F80
0F0780
1F07C0
1F07C0
1FFFC0
3FFFE0
3FFFE0
3FFFE0
7C01F0
7C01F0
7C01F0
FC00F8
F800F8
ENDCHAR
STARTCHAR 00C2
ENCODING 194
SWIDTH 600 0
DWIDTH 21 0
BBX 21 29 0 0
BITMAP
00F800
01FC00
03FE00
078F00
0F0780
000000
01FC00
01FC00
01FC00
03DE00
03DE00
03DE00
07DF00
078F00
078F00
0F8F80
0F8F80
0F0780
1F07C0
1F07C0
1FFFC0
3FFFE0
3FFFE0
3FFFE0
7C01F0
7C01F0
7C01F0
FC00F8
F800F8
ENDCHAR
STARTCHAR 00C3
ENCODING 195
SWIDTH 600 0
DWIDTH 21 0
BBX 21 29 0 0
BITMAP
03C180
07F380
0FFF80
0E7F00
0C1E00
000000
01FC00
01FC00
01FC00
03DE00
03DE00
03DE00
07DF00
078F00
078F00
0F8F80
0F8F80
0F0780
1F07C0
1F07C0
1FFFC0
3FFFE0
3FFFE0
3FFFE0
7C01F0
7C01F0
7C01F0
FC00F8
F800F8
ENDCHAR
STARTCHAR 00C4
ENCODING 196
SWIDTH 600 0
DWIDTH 21 0
BBX 21 29 0 0
BITMAP
078F00
078F00
078F00
078F00
000000
000000
01FC00
01FC00
01FC00
03DE00
03DE00
03DE00
07DF00
078F00
078F00
0F8F80
0F8F80
0F0780
1F07C0
1F07C0
1FFFC0
3FFFE0
3FFFE0
3FFFE0
7C01F0
7C01F0
7C01F0
FC00F8
F800F8
ENDCHAR
STARTCHAR 00C5
ENCODING 197
SWIDTH 600 0
DWIDTH 21 0
BBX 21 29 0 0
BITMAP
00F800
01FC00
018E00
038E00
018E00
01FC00
01FC00
01FC00
01FC00
03DE00
03DE00
03DE00
07DF00
078F00
078F00
0F8F80
0F8F80
0F0780
1F07C0
1F07C0
1FFFC0
3FFFE0
3FFFE0
3FFFE0
7C01F0
7C01F0
7C01F0
FC00F8
F800F8
ENDCHAR
STARTCHAR 00C6
ENCODING 198
SWIDTH 600 0
DWIDTH 21 0
BBX 21 23 0 0
BITMAP
03FFF0
03FFF0
03FFF0
07DE00
079E00
079E00
079E00
0F9E00
0F1E00
0F1FF0
1F1FF0
1E1FF0
1E1E00
1FFE00
3FFE00
3FFE00
3C1E00
3C1E00
7C1E00
781E00
781FF8
F81FF8
F81FF8
ENDCHAR
STARTCHAR 00C7
ENCODING 199
SWIDTH 600 0
DWIDTH 21 0
BBX 19 31 1 -8
BITMAP
03F800
0FFE00
1FFF00
3FFF80
3F0FC0
7E07C0
7C07C0
7C0300
7C0000
FC0000
FC0000
FC0000
FC0000
FC0000
7C0000
7C0380
7C03E0
7E07C0
3F0FC0
3FFF80
1FFF80
07FE00
01F800
00E000
00C000
00F000
01F800
003800
003800
01F800
01E000
ENDCHAR
STARTCHAR 00C8
ENCODING 200
SWIDTH 600 0
DWIDTH 21 0
BBX 18 29 2 0
BITMAP
1F0000
0F8000
07C000
03E000
00E000
000000
FFFF80
FFFF80
FFFF80
FFFF80
F80000
F80000
F80000
F80000
F80000
FFFF00
FFFF00
FFFF00
FFFF00
F80000
F80000
F80000
F80000
F80000
F80000
FFFFC0
FFFFC0
FFFFC0
FFFFC0
ENDCHAR
STARTCHAR 00C9
ENCODING 201
SWIDTH 600 0
DWIDTH 21 0
BBX 18 29 2 0
BITMAP
003E00
007C00
00F000
01E000
038000
000000
FFFF80
FFFF80
FFFF80
FFFF80
F80000
F80000
F80000
F80000
F80000
FFFF00
FFFF00
FFFF00
FFFF00
F80000
F80000
F80000
F80000
F80000
F80000
FFFFC0
FFFFC0
FFFFC0
FFFFC0
ENDCHAR
STARTCHAR 00CA
ENCODING 202
SWIDTH 600 0
DWIDTH 21 0
BBX 18 29 2 0
BITMAP
03E000
07F000
0FF800
1E3C00
3C1E00
000000
FFFF80
FFFF80
FFFF80
FFFF80
F80000
F80000
F80000
F80000
F80000
FFFF00
FFFF00
FFFF00
FFFF00
F80000
F80000
F80000
F80000
F80000
F80000
FFFFC0
FFFFC0
FFFFC0
FFFFC0
ENDCHAR
STARTCHAR 00CB
ENCODING 203
SWIDTH 600 0
DWIDTH 21 0
BBX 18 29 2 0
BITMAP
1E1C00
1E1C00
1E1C00
1E1C00
000000
000000
FFFF80
FFFF80
FFFF80
FFFF80
F80000
F80000
F80000
F80000
F80000
FFFF00
FFFF00
FFFF00
FFFF00
F80000
F80000
F80000
F80000
F80000
F80000
FFFFC0
FFFFC0
FFFFC0
FFFFC0
ENDCHAR
STARTCHAR 00CC
ENCODING 204
SWIDTH 600 0
DWIDTH 21 0
BBX 15 29 3 0
BITMAP
3C00
1E00
0F00
0780
01C0
0000
FFFE
FFFE
FFFE
FFFE
07C0
07C0
07C0
07C0
07C0
07C0
07C0
07C0
07C0
07C0
07C0
07C0
07C0
07C0
07C0
FFFE
FFFE
FFFE
FFFE
ENDCHAR
STARTCHAR 00CD
ENCODING 205
SWIDTH 600 0
DWIDTH 21 0
BBX 15 29 3 0
BITMAP
007C
00F8
01E0
03C0
0780
0000
FFFE
FFFE
FFFE
FFFE
07C0
07C0
07C0
07C0
07C0
07C0
07C0
07C0
07C0
07C0
07C0
07C0
07C0
07C0
07C0
FFFE
FFFE
FFFE
FFFE
ENDCHAR
STARTCHAR 00CE
ENCODING 206
SWIDTH 600 0
DWIDTH 21 0
BBX 15 29 3 0
BITMAP
07C0
0FE0
1FF0
3C78
783C
0000
FFFE
FFFE
FFFE
FFFE
07C0
07C0
07C0
07C0
07C0
07C0
07C0
07C0
07C0
07C0
07C0
07C0
07C0
07C0
07C0
FFFE
FFFE
FFFE
FFFE
ENDCHAR
STARTCHAR 00CF
ENCODING 207
SWIDTH 600 0
DWIDTH 21 0
BBX 15 29 3 0
BITMAP
3C78
3C78
3C78
3C78
0000
0000
FFFE
FFFE
FFFE
FFFE
07C0
07C0
07C0
07C0
07C0
07C0
07C0
07C0
07C0
07C0
07C0
07C0
07C0
07C0
07C0
FFFE
FFFE
FFFE
FFFE
ENDCHAR
STARTCHAR 00D0
ENCODING 208
SWIDTH 600 0
DWIDTH 21 0
BBX 20 23 0 0
BITMAP
1FF800
1FFE00
1FFF80
1FFFC0
1F0FC0
1F07E0
1F03E0
1F03E0
1F01F0
1F01F0
FFE1F0
FFE1F0
FFE1F0
FFE1F0
1F03F0
1F03E0
1F03E0
1F07E0
1F0FC0
1FFFC0
1FFF80
1FFF00
1FF800
ENDCHAR
STARTCHAR 00D1
ENCODING 209
SWIDTH 600 0
DWIDTH 21 0
BBX 17 29 2 0
BITMAP
0F0600
1FCE00
3FFE00
39FC00
307800
000000
FC0F80
FE0F80
FE0F80
FE0F80
FF0F80
FF0F80
FF8F80
F78F80
F78F80
FBCF80
FBCF80
FBCF80
F9EF80
F9EF80
F8FF80
F8F780
F8F780
F87F80
F87F80
F87F80
F83F80
F83F80
F81F80
ENDCHAR
STARTCHAR 00D2
ENCODING 210
SWIDTH 600 0
DWIDTH 21 0
BBX 19 29 1 0
BITMAP
1F0000
0F8000
03C000
01E000
007000
000000
03F800
0FFE00
1FFF00
3FFF80
3F1F80
7E0FC0
7C07C0
7C07C0
FC07E0
F803E0
F803E0
F803E0
F803E0
F803E0
FC07E0
7C07C0
7C07C0
7E0FC0
3F1F80
3FFF80
1FFF00
0FFE00
03F800
ENDCHAR
STARTCHAR 00D3
ENCODING 211
SWIDTH 600 0
DWIDTH 21 0
BBX 19 29 1 0
BITMAP
001F00
003E00
007800
00F000
01E000
000000
03F800
0FFE00
1FFF00
3FFF80
3F1F80
7E0FC0
7C07C0
7C07C0
FC07E0
F803E0
F803E0
F803E0
F803E0
F803E0
FC07E0
7C07C0
7C07C0
7E0FC0
3F1F80
3FFF80
1FFF00
0FFE00
03F800
ENDCHAR
STARTCHAR 00D4
ENCODING 212
SWIDTH 600 0
DWIDTH 21 0
BBX 19 29 1 0
BITMAP
01F000
03F800
07FC00
0F1E00
1E0F00
000000
03F800
0FFE00
1FFF00
3FFF80
3F1F80
7E0FC0
7C07C0
7C07C0
FC07E0
F803E0
F803E0
F803E0
F803E0
F803E0
FC07E0
7C07C0
7C07C0
7E0FC0
3F1F80
3FFF80
1FFF00
0FFE00
03F800
ENDCHAR
STARTCHAR 00D5
ENCODING 213
SWIDTH 600 0
DWIDTH 21 0
BBX 19 29 1 0
BITMAP
078300
0FE700
1FFF00
1CFE00
183C00
000000
03F800
0FFE00
1FFF00
3FFF80
3F1F80
7E0FC0
7C07C0
7C07C0
FC07E0
F803E0
F803E0
F803E0
F803E0
F803E0
FC07E0
7C07C0
7C07C0
7E0FC0
3F1F80
3FFF80
1FFF00
0FFE00
03F800
ENDCHAR
STARTCHAR 00D6
ENCODING 214
SWIDTH 600 0
DWIDTH 21 0
BBX 19 29 1 0
BITMAP
0F1E00
0F1E00
0F1E00
0F1E00
000000
000000
03F800
0FFE00
1FFF00
3FFF80
3F1F80
7E0FC0
7C07C0
7C07C0
FC07E0
F803E0
F803E0
F803E0
F803E0
F803E0
FC07E0
7C07C0
7C07C0
7E0FC0
3F1F80
3FFF80
1FFF00
0FFE00
03F800
ENDCHAR
STARTCHAR 00D7
ENCODING 215
SWIDTH 600 0
DWIDTH 21 0
BBX 17 17 2 3
BITMAP
200200
700700
F80F80
7C1F00
3E3E00
1F7C00
0FF800
07F000
03E000
07F000
0FF800
1F7C00
3E3E00
7C1F00
F80F80
700700
200200
ENDCHAR
STARTCHAR 00D8
ENCODING 216
SWIDTH 600 0
DWIDTH 21 0
BBX 19 23 1 0
BITMAP
03F840
0FFEE0
1FFFC0
3FFF80
3F1F80
7E0FC0
7C0FC0
7C1FC0
FC3FE0
F833E0
F873E0
F8E3E0
F9C3E0
FB83E0
FF87E0
7F07C0
7E07C0
7E0FC0
3F1F80
3FFF80
7FFF00
EFFE00
43F800
ENDCHAR
STARTCHAR 00D9
ENCODING 217
SWIDTH 600 0
DWIDTH 21 0
BBX 17 29 2 0
BITMAP
3E0000
1F0000
078000
03C000
01E000
000000
F80F80
F80F80
F80F80
F80F80
F80F80
F80F80
F80F80
F80F80
F80F80
F80F80
F80F80
F80F80
F80F80
F80F80
F80F80
F80F80
F81F80
7C1F00
7E3F00
7FFF00
3FFE00
1FFC00
07F000
ENDCHAR
STARTCHAR 00DA
ENCODING 218
SWIDTH 600 0
DWIDTH 21 0
BBX 17 29 2 0
BITMAP
003C00
007800
00F000
01E000
038000
000000
F80F80
F80F80
F80F80
F80F80
F80F80
F80F80
F80F80
F80F80
F80F80
F80F80
F80F80
F80F80
F80F80
F80F80
F80F80
F80F80
F81F80
7C1F00
7E3F00
7FFF00
3FFE00
1FFC00
07F000
ENDCHAR
STARTCHAR 00DB
ENCODING 219
SWIDTH 600 0
DWIDTH 21 0
BBX 17 29 2 0
BITMAP
03E000
07F000
0FF800
1E3C00
3C1E00
000000
F80F80
F80F80
F80F80
F80F80
F80F80
F80F80
F80F80
F80F80
F80F80
F80F80
F80F80
F80F80
F80F80
F80F80
F80F80
F80F80
F81F80
7C1F00
7E3F00
7FFF00
3FFE00
1FFC00
07F000
ENDCHAR
STARTCHAR 00DC
ENCODING 220
SWIDTH 600 0
DWIDTH 21 0
BBX 17 29 2 0
BITMAP
1E3C00
1E3C00
1E3C00
1E3C00
000000
000000
F80F80
F80F80
F80F80
F80F80
F80F80
F80F80
F80F80
F80F80
F80F80
F80F80
F80F80
F80F80
F80F80
F80F80
F80F80
F80F80
F81F80
7C1F00
7E3F00
7FFF00
3FFE00
1FFC00
07F000
ENDCHAR
STARTCHAR 00DD
ENCODING 221
SWIDTH 600 0
DWIDTH 21 0
BBX 21 29 0 0
BITMAP
000F80
001F00
003C00
007800
00F000
000000
FC01F8
7C01F0
7E03F0
3E03E0
1F07C0
1F07C0
0F8F80
0F8F80
07DF00
07DF00
03FE00
01FC00
01FC00
00F800
00F800
00F800
00F800
00F800
00F800
00F800
00F800
00F800
00F800
ENDCHAR
STARTCHAR 00DE
ENCODING 222
SWIDTH 600 0
DWIDTH 21 0
BBX 18 23 2 0
BITMAP
F80000
F80000
F80000
F80000
FFF800
FFFE00
FFFF00
FFFF80
F81F80
F80FC0
F807C0
F807C0
F807C0
F80FC0
F81F80
FFFF80
FFFF00
FFFE00
FFF800
F80000
F80000
F80000
F80000
ENDCHAR
STARTCHAR 00DF
ENCODING 223
SWIDTH 600 0
DWIDTH 21 0
BBX 18 25 2 0
BITMAP
07F000
1FFC00
3FFE00
7F7F00
7C1F00
F80F00
F80F00
F81F00
F83E00
F87C00
F8F800
F8F000
F8F800
F8FC00
F87E00
F83F80
F81F80
F80FC0
F807C0
F803C0
F807C0
F98FC0
F9FF80
F9FF80
F8FE00
ENDCHAR
STARTCHAR 00E0
ENCODING 224
SWIDTH 600 0
DWIDTH 21 0
BBX 18 25 2 0
BITMAP
3E0000
1F0000
0F8000
03C000
01E000
000000
000000
07F000
1FFC00
3FFE00
7E3E00
7C3E00
001F00
001F00
0FFF00
3FFF00
7FFF00
FC1F00
F81F00
F83F00
F83F00
FCFF00
FFEFC0
7FCFC0
1F07C0
ENDCHAR
STARTCHAR 00E1
ENCODING 225
SWIDTH 600 0
DWIDTH 21 0
BBX 18 25 2 0
BITMAP
007C00
00F800
01F000
03E000
038000
000000
000000
07F000
1FFC00
3FFE00
7E3E00
7C3E00
001F00
001F00
0FFF00
3FFF00
7FFF00
FC1F00
F81F00
F83F00
F83F00
FCFF00
FFEFC0
7FCFC0
1F07C0
ENDCHAR
STARTCHAR 00E2
ENCODING 226
SWIDTH 600 0
DWIDTH 21 0
BBX 18 25 2 0
BITMAP
03E000
07F000
0FF800
1E3C00
381C00
000000
000000
07F000
1FFC00
3FFE00
7E3E00
7C3E00
001F00
001F00
0FFF00
3FFF00
7FFF00
FC1F00
F81F00
F83F00
F83F00
FCFF00
FFEFC0
7FCFC0
1F07C0
ENDCHAR
STARTCHAR 00E3
ENCODING 227
SWIDTH 600 0
DWIDTH 21 0
BBX 18 25 2 0
BITMAP
0E0600
1F8E00
3FFE00
31FC00
307800
000000
000000
07F000
1FFC00
3FFE00
7E3E00
7C3E00
001F00
001F00
0FFF00
3FFF00
7FFF00
FC1F00
F81F00
F83F00
F83F00
FCFF00
FFEFC0
7FCFC0
1F07C0
ENDCHAR
STARTCHAR 00E4
ENCODING 228
SWIDTH 600 0
DWIDTH 21 0
BBX 18 25 2 0
BITMAP
1C3C00
1C3C00
1C3C00
1C3C00
000000
000000
000000
07F000
1FFC00
3FFE00
7E3E00
7C3E00
001F00
001F00
0FFF00
3FFF00
7FFF00
FC1F00
F81F00
F83F00
F83F00
FCFF00
FFEFC0
7FCFC0
1F07C0
ENDCHAR
STARTCHAR 00E5
ENCODING 229
SWIDTH 600 0
DWIDTH 21 0
BBX 18 27 2 0
BITMAP
03E000
07F000
0E7000
0E3000
0E7000
07F000
03E000
000000
000000
07F000
1FFC00
3FFE00
7E3E00
7C3E00
001F00
001F00
0FFF00
3FFF00
7FFF00
FC1F00
F81F00
F83F00
F83F00
FCFF00
FFEFC0
7FCFC0
1F07C0
ENDCHAR
STARTCHAR 00E6
ENCODING 230
SWIDTH 600 0
DWIDTH 21 0
BBX 21 18 0 0
BITMAP
0F8780
3FDFE0
3FFFE0
7CF8F0
78F870
00F070
00F070
1FFFF8
3FFFF8
7FFFF8
78F000
F0F000
F0F000
F0F860
71FCF0
7F9FE0
7F1FE0
1E0F80
ENDCHAR
STARTCHAR 00E7
ENCODING 231
SWIDTH 600 0
DWIDTH 21 0
BBX 17 26 2 -8
BITMAP
07F000
1FFC00
3FFE00
7F3F00
7C1F00
F80F80
F80000
F80000
F80000
F80000
F80000
F80F80
F80F80
7C1F00
7F3F00
3FFE00
1FFC00
07F000
01C000
018000
03E000
01F000
007000
007000
07F000
07C000
ENDCHAR
STARTCHAR 00E8
ENCODING 232
SWIDTH 600 0
DWIDTH 21 0
BBX 17 25 2 0
BITMAP
1E0000
0F0000
078000
03C000
00E000
000000
000000
07F000
1FFC00
3FFE00
7E1F00
7C0F00
F80F80
F80780
FFFF80
FFFF80
FFFF80
F80000
F80000
F80000
7C0F80
7E3F00
3FFF00
1FFC00
07F000
ENDCHAR
STARTCHAR 00E9
ENCODING 233
SWIDTH 600 0
DWIDTH 21 0
BBX 17 25 2 0
BITMAP
003E00
007C00
00F800
01E000
03C000
000000
000000
07F000
1FFC00
3FFE00
7E1F00
7C0F00
F80F80
F80780
FFFF80
FFFF80
FFFF80
F80000
F80000
F80000
7C0F80
7E3F00
3FFF00
1FFC00
07F000
ENDCHAR
STARTCHAR 00EA
ENCODING 234
SWIDTH 600 0
DWIDTH 21 0
BBX 17 25 2 0
BITMAP
03E000
07F000
0FF800
1E3C00
3C1E00
000000
000000
07F000
1FFC00
3FFE00
7E1F00
7C0F00
F80F80
F80780
FFFF80
FFFF80
FFFF80
F80000
F80000
F80000
7C0F80
7E3F00
3FFF00
1FFC00
07F000
ENDCHAR
STARTCHAR 00EB
ENCODING 235
SWIDTH 600 0
DWIDTH 21 0
BBX 17 25 2 0
BITMAP
1E3C00
1E3C00
1E3C00
1E3C00
000000
000000
000000
07F000
1FFC00
3FFE00
7E1F00
7C0F00
F80F80
F80780
FFFF80
FFFF80
FFFF80
F80000
F80000
F80000
7C0F80
7E3F00
3FFF00
1FFC00
07F000
ENDCHAR
STARTCHAR 00EC
ENCODING 236
SWIDTH 600 0
DWIDTH 21 0
BBX 18 25 2 0
BITMAP
1F0000
0F8000
07C000
01E000
00F000
000000
000000
3FF000
3FF000
3FF000
01F000
01F000
01F000
01F000
01F000
01F000
01F000
01F000
01F000
01F000
01F000
01F000
FFFFC0
FFFFC0
FFFFC0
ENDCHAR
STARTCHAR 00ED
ENCODING 237
SWIDTH 600 0
DWIDTH 21 0
BBX 18 25 2 0
BITMAP
003E00
007C00
00F000
01E000
03C000
000000
000000
3FF000
3FF000
3FF000
01F000
01F000
01F000
01F000
01F000
01F000
01F000
01F000
01F000
01F000
01F000
01F000
FFFFC0
FFFFC0
FFFFC0
ENDCHAR
STARTCHAR 00EE
ENCODING 238
SWIDTH 600 0
DWIDTH 21 0
BBX 18 25 2 0
BITMAP
03E000
07F000
0FF800
1E3C00
3C0E00
000000
000000
3FF000
3FF000
3FF000
01F000
01F000
01F000
01F000
01F000
01F000
01F000
01F000
01F000
01F000
01F000
01F000
FFFFC0
FFFFC0
FFFFC0
ENDCHAR
STARTCHAR 00EF
ENCODING 239
SWIDTH 600 0
DWIDTH 21 0
BBX 18 25 2 0
BITMAP
0E1E00
0E1E00
0E1E00
0E1E00
000000
000000
000000
3FF000
3FF000
3FF000
01F000
01F000
01F000
01F000
01F000
01F000
01F000
01F000
01F000
01F000
01F000
01F000
FFFFC0
FFFFC0
FFFFC0
ENDCHAR
STARTCHAR 00F0
ENCODING 240
SWIDTH 600 0
DWIDTH 21 0
BBX 18 25 1 0
BITMAP
0F8200
07DF00
03FF00
03FC00
0FFC00
07BE00
063E00
001F00
03FF80
0FFF80
1FFF80
3F1FC0
7C0FC0
7C07C0
7C07C0
FC07C0
F807C0
FC07C0
7C07C0
7C07C0
7C0F80
3F1F80
1FFF00
0FFE00
03F800
ENDCHAR
STARTCHAR 00F1
ENCODING 241
SWIDTH 600 0
DWIDTH 21 0
BBX 17 25 2 0
BITMAP
0F0600
1FC600
3FFE00
38FC00
303800
000000
000000
F87C00
F9FE00
FBFF00
FFFF00
FE1F80
FC0F80
FC0F80
F80F80
F80F80
F80F80
F80F80
F80F80
F80F80
F80F80
F80F80
F80F80
F80F80
F80F80
ENDCHAR
STARTCHAR 00F2
ENCODING 242
SWIDTH 600 0
DWIDTH 21 0
BBX 17 25 2 0
BITMAP
1F0000
0F8000
07C000
03E000
00E000
000000
000000
07F000
1FFC00
3FFE00
7F3F00
FC1F80
F80F80
F80F80
F80F80
F80F80
F80F80
F80F80
F80F80
F80F80
FC1F80
7E3F00
3FFE00
1FFC00
07F000
ENDCHAR
STARTCHAR 00F3
ENCODING 243
SWIDTH 600 0
DWIDTH 21 0
BBX 17 25 2 0
BITMAP
003E00
007C00
00F000
01E000
03C000
000000
000000
07F000
1FFC00
3FFE00
7F3F00
FC1F80
F80F80
F80F80
F80F80
F80F80
F80F80
F80F80
F80F80
F80F80
FC1F80
7E3F00
3FFE00
1FFC00
07F000
ENDCHAR
STARTCHAR 00F4
ENCODING 244
SWIDTH 600 0
DWIDTH 21 0
BBX 17 25 2 0
BITMAP
03E000
07F000
0FF800
1E3C00
3C1E00
000000
000000
07F000
1FFC00
3FFE00
7F3F00
FC1F80
F80F80
F80F80
F80F80
F80F80
F80F80
F80F80
F80F80
F80F80
FC1F80
7E3F00
3FFE00
1FFC00
07F000
ENDCHAR
STARTCHAR 00F5
ENCODING 245
SWIDTH 600 0
DWIDTH 21 0
BBX 17 25 2 0
BITMAP
0F0600
1FCE00
3FFE00
39FC00
307800
000000
000000
07F000
1FFC00
3FFE00
7F3F00
FC1F80
F80F80
F80F80
F80F80
F80F80
F80F80
F80F80
F80F80
F80F80
FC1F80
7E3F00
3FFE00
1FFC00
07F000
ENDCHAR
STARTCHAR 00F6
ENCODING 246
SWIDTH 600 0
DWIDTH 21 0
BBX 17 25 2 0
BITMAP
1E3C00
1E3C00
1E3C00
1E3C00
000000
000000
000000
07F000
1FFC00
3FFE00
7F3F00
FC1F80
F80F80
F80F80
F80F80
F80F80
F80F80
F80F80
F80F80
F80F80
FC1F80
7E3F00
3FFE00
1FFC00
07F000
ENDCHAR
STARTCHAR 00F7
ENCODING 247
SWIDTH 600 0
DWIDTH 21 0
BBX 17 18 2 3
BITMAP
03E000
03E000
03E000
03E000
000000
000000
000000
FFFF80
FFFF80
FFFF80
FFFF80
000000
000000
000000
03E000
03E000
03E000
03E000
ENDCHAR
STARTCHAR 00F8
ENCODING 248
SWIDTH 600 0
DWIDTH 21 0
BBX 17 18 2 0
BITMAP
07F100
1FFF80
3FFF00
7F3F00
FC1F80
F83F80
F87F80
F8EF80
F9CF80
F98F80
FB0F80
FE0F80
FC0F80
FC1F80
7E3F00
7FFE00
FFFC00
47F000
ENDCHAR
STARTCHAR 00F9
ENCODING 249
SWIDTH 600 0
DWIDTH 21 0
BBX 16 25 2 0
BITMAP
3E00
1F00
0780
03C0
01E0
0000
0000
F80F
F80F
F80F
F80F
F80F
F80F
F80F
F80F
F80F
F80F
F80F
F81F
FC1F
FC3F
7FEF
7FEF
3FCF
1F0F
ENDCHAR
STARTCHAR 00FA
ENCODING 250
SWIDTH 600 0
DWIDTH 21 0
BBX 16 25 2 0
BITMAP
003E
007C
00F0
01E0
0380
0000
0000
F80F
F80F
F80F
F80F
F80F
F80F
F80F
F80F
F80F
F80F
F80F
F81F
FC1F
FC3F
7FEF
7FEF
3FCF
1F0F
ENDCHAR
STARTCHAR 00FB
ENCODING 251
SWIDTH 600 0
DWIDTH 21 0
BBX 16 25 2 0
BITMAP
03E0
07F0
0FF8
1E3C
3C1E
0000
0000
F80F
F80F
F80F
F80F
F80F
F80F
F80F
F80F
F80F
F80F
F80F
F81F
FC1F
FC3F
7FEF
7FEF
3FCF
1F0F
ENDCHAR
STARTCHAR 00FC
ENCODING 252
SWIDTH 600 0
DWIDTH 21 0
BBX 16 25 2 0
BITMAP
1E3C
1E3C
1E3C
1E3C
0000
0000
0000
F80F
F80F
F80F
F80F
F80F
F80F
F80F
F80F
F80F
F80F
F80F
F81F
FC1F
FC3F
7FEF
7FEF
3FCF
1F0F
ENDCHAR
STARTCHAR 00FD
ENCODING 253
SWIDTH 600 0
DWIDTH 21 0
BBX 19 32 1 -7
BITMAP
001F00
003E00
007800
00F000
01E000
000000
000000
F803E0
F803E0
7C07C0
7C07C0
3E0780
3E0F80
1E0F80
1F0F00
1F1F00
0F1E00
0F9E00
07BE00
07BC00
07FC00
03F800
03F800
01F800
01F000
01F000
01E000
03E000
07E000
7FC000
7F8000
7F0000
ENDCHAR
STARTCHAR 00FE
ENCODING 254
SWIDTH 600 0
DWIDTH 21 0
BBX 17 32 2 -7
BITMAP
F80000
F80000
F80000
F80000
F80000
F80000
F80000
F8F800
F9FE00
FBFF00
FF3F00
FC1F80
FC0F80
F80F80
F80F80
F80F80
F80F80
F80F80
F80F80
FC0F80
FC1F80
FF3F00
FBFF00
F9FE00
F8F800
F80000
F80000
F80000
F80000
F80000
F80000
F80000
ENDCHAR
STARTCHAR 00FF
ENCODING 255
SWIDTH 600 0
DWIDTH 21 0
BBX 19 32 1 -7
BITMAP
0F1E00
0F1E00
0F1E00
0F1E00
000000
000000
000000
F803E0
F803E0
7C07C0
7C07C0
3E0780
3E0F80
1E0F80
1F0F00
1F1F00
0F1E00
0F9E00
07BE00
07BC00
07FC00
03F800
03F800
01F800
01F000
01F000
01E000
03E000
07E000
7FC000
7F8000
7F0000
ENDCHAR
STARTCHAR 0100
ENCODING 256
SWIDTH 600 0
DWIDTH 21 0
BBX 21 29 0 0
BITMAP
07FF00
07FF00
07FF00
000000
000000
000000
01FC00
01FC00
01FC00
03DE00
03DE00
03DE00
07DF00
078F00
078F00
0F8F80
0F8F80
0F0780
1F07C0
1F07C0
1FFFC0
3FFFE0
3FFFE0
3FFFE0
7C01F0
7C01F0
7C01F0
FC00F8
F800F8
ENDCHAR
STARTCHAR 0101
ENCODING 257
SWIDTH 600 0
DWIDTH 21 0
BBX 18 24 2 0
BITMAP
1FFC00
1FFC00
1FFC00
000000
000000
000000
07F000
1FFC00
3FFE00
7E3E00
7C3E00
001F00
001F00
0FFF00
3FFF00
7FFF00
FC1F00
F81F00
F83F00
F83F00
FCFF00
FFEFC0
7FCFC0
1F07C0
ENDCHAR
STARTCHAR 0102
ENCODING 258
SWIDTH 600 0
DWIDTH 21 0
BBX 21 29 0 0
BITMAP
0E0300
070700
07FF00
03FE00
00F800
000000
01FC00
01FC00
01FC00
03DE00
03DE00
03DE00
07DF00
078F00
078F00
0F8F80
0F8F80
0F0780
1F07C0
1F07C0
1FFFC0
3FFFE0
3FFFE0
3FFFE0
7C01F0
7C01F0
7C01F0
FC00F8
F800F8
ENDCHAR
STARTCHAR 0103
ENCODING 259
SWIDTH 600 0
DWIDTH 21 0
BBX 18 25 2 0
BITMAP
381C00
3C1C00
1FF800
0FF800
07E000
000000
000000
07F000
1FFC00
3FFE00
7E3E00
7C3E00
001F00
001F00
0FFF00
3FFF00
7FFF00
FC1F00
F81F00
F83F00
F83F00
FCFF00
FFEFC0
7FCFC0
1F07C0
ENDCHAR
STARTCHAR 0104
ENCODING 260
SWIDTH 600 0
DWIDTH 21 0
BBX 21 30 0 -7
BITMAP
01FC00
01FC00
01FC00
03DE00
03DE00
03DE00
07DF00
078F00
078F00
0F8F80
0F8F80
0F0780
1F07C0
1F07C0
1FFFC0
3FFFE0
3FFFE0
3FFFE0
7C01F0
7C01F0
7C01F0
FC00F8
F800F8
0000E0
0001C0
0001C0
000380
0003F8
0001F8
0000F8
ENDCHAR
STARTCHAR 0105
ENCODING 261
SWIDTH 600 0
DWIDTH 21 0
BBX 18 25 2 -7
BITMAP
07F000
1FFC00
3FFE00
7E3E00
7C3E00
001F00
001F00
0FFF00
3FFF00
7FFF00
FC1F00
F81F00
F83F00
F83F00
FCFF00
FFEFC0
7FCFC0
1F07C0
000700
000E00
000E00
001E00
001FC0
000FC0
0007C0
ENDCHAR
STARTCHAR 0106
ENCODING 262
SWIDTH 600 0
DWIDTH 21 0
BBX 19 29 1 0
BITMAP
001F00
003E00
007C00
00F800
00E000
000000
03F800
0FFE00
1FFF00
3FFF80
3F0FC0
7E07C0
7C07C0
7C0300
7C0000
FC0000
FC0000
FC0000
FC0000
FC0000
7C0000
7C0380
7C03E0
7E07C0
3F0FC0
3FFF80
1FFF80
07FE00
01F800
ENDCHAR
STARTCHAR 0107
ENCODING 263
SWIDTH 600 0
DWIDTH 21 0
BBX 17 25 2 0
BITMAP
003E00
007C00
00F000
01E000
03C000
000000
000000
07F000
1FFC00
3FFE00
7F3F00
7C1F00
F80F80
F80000
F80000
F80000
F80000
F80000
F80F80
F80F80
7C1F00
7F3F00
3FFE00
1FFC00
07F000
ENDCHAR
STARTCHAR 0108
ENCODING 264
SWIDTH 600 0
DWIDTH 21 0
BBX 19 29 1 0
BITMAP
01F000
03F800
07FC00
079E00
0E0700
000000
03F800
0FFE00
1FFF00
3FFF80
3F0FC0
7E07C0
7C07C0
7C0300
7C0000
FC0000
FC0000
FC0000
FC0000
FC0000
7C0000
7C0380
7C03E0
7E07C0
3F0FC0
3FFF80
1FFF80
07FE00
01F800
ENDCHAR
STARTCHAR 0109
ENCODING 265
SWIDTH 600 0
DWIDTH 21 0
BBX 17 25 2 0
BITMAP
03E000
07F000
0FF800
1E3C00
3C1E00
000000
000000
07F000
1FFC00
3FFE00
7F3F00
7C1F00
F80F80
F80000
F80000
F80000
F80000
F80000
F80F80
F80F80
7C1F00
7F3F00
3FFE00
1FFC00
07F000
ENDCHAR
STARTCHAR 010A
ENCODING 266
SWIDTH 600 0
DWIDTH 21 0
BBX 19 28 1 0
BITMAP
00F000
00F000
00F000
00F000
000000
03F800
0FFE00
1FFF00
3FFF80
3F0FC0
7E07C0
7C07C0
7C0300
7C0000
FC0000
FC0000
FC0000
FC0000
FC0000
7C0000
7C0380
7C03E0
7E07C0
3F0FC0
3FFF80
1FFF80
07FE00
01F800
ENDCHAR
STARTCHAR 010B
ENCODING 267
SWIDTH 600 0
DWIDTH 21 0
BBX 17 25 2 0
BITMAP
03E000
03E000
03E000
03E000
000000
000000
000000
07F000
1FFC00
3FFE00
7F3F00
7C1F00
F80F80
F80000
F80000
F80000
F80000
F80000
F80F80
F80F80
7C1F00
7F3F00
3FFE00
1FFC00
07F000
ENDCHAR
STARTCHAR 010C
ENCODING 268
SWIDTH 600 0
DWIDTH 21 0
BBX 19 29 1 0
BITMAP
1E0700
0F9E00
07FC00
03F800
01F000
000000
03F800
0FFE00
1FFF00
3FFF80
3F0FC0
7E07C0
7C07C0
7C0300
7C0000
FC0000
FC0000
FC0000
FC0000
FC0000
7C0000
7C0380
7C03E0
7E07C0
3F0FC0
3FFF80
1FFF80
07FE00
01F800
ENDCHAR
STARTCHAR 010D
ENCODING 269
SWIDTH 600 0
DWIDTH 21 0
BBX 17 25 2 0
BITMAP
3C1E00
1E3C00
0FF800
07F000
03E000
000000
000000
07F000
1FFC00
3FFE00
7F3F00
7C1F00
F80F80
F80000
F80000
F80000
F80000
F80000
F80F80
F80F80
7C1F00
7F3F00
3FFE00
1FFC00
07F000
ENDCHAR
STARTCHAR 010E
ENCODING 270
SWIDTH 600 0
DWIDTH 21 0
BBX 18 29 2 0
BITMAP
381C00
1E7800
0FF000
07E000
03E000
000000
FFE000
FFF800
FFFE00
FFFF00
F83F00
F81F80
F80F80
F80F80
F80F80
F80FC0
F807C0
F807C0
F80FC0
F80FC0
F80F80
F80F80
F80F80
F81F80
F83F00
FFFE00
FFFE00
FFF800
FFE000
ENDCHAR
STARTCHAR 010F
ENCODING 271
SWIDTH 600 0
DWIDTH 21 0
BBX 21 25 0 0
BITMAP
001E78
001E78
001E70
001E70
001E70
001E60
001E00
0F1E00
1FDE00
3FDE00
7E7E00
7C3E00
7C3E00
7C3E00
781E00
F81E00
F81E00
781E00
7C3E00
7C3E00
7C3E00
7E7E00
3FDE00
1F9E00
0F1E00
ENDCHAR
STARTCHAR 0110
ENCODING 272
SWIDTH 600 0
DWIDTH 21 0
BBX 20 23 0 0
BITMAP
1FF800
1FFE00
1FFF80
1FFFC0
1F0FC0
1F07E0
1F03E0
1F03E0
1F01F0
1F01F0
FFE1F0
FFE1F0
FFE1F0
FFE1F0
1F03F0
1F03E0
1F03E0
1F07E0
1F0FC0
1FFFC0
1FFF80
1FFF00
1FF800
ENDCHAR
STARTCHAR 0111
ENCODING 273
SWIDTH 600 0
DWIDTH 21 0
BBX 19 25 2 0
BITMAP
000F00
000F00
01FFE0
01FFE0
01FFE0
000F00
000F00
0F8F00
3FCF00
7FEF00
7E7F00
FC1F00
F81F00
F81F00
F80F00
F80F00
F80F00
F80F00
F81F00
F81F00
FC3F00
7E7F00
7FEF00
3FCF00
0F8F00
ENDCHAR
STARTCHAR 0112
ENCODING 274
SWIDTH 600 0
DWIDTH 21 0
BBX 18 29 2 0
BITMAP
0FFC00
0FFC00
0FFC00
000000
000000
000000
FFFF80
FFFF80
FFFF80
FFFF80
F80000
F80000
F80000
F80000
F80000
FFFF00
FFFF00
FFFF00
FFFF00
F80000
F80000
F80000
F80000
F80000
F80000
FFFFC0
FFFFC0
FFFFC0
FFFFC0
ENDCHAR
STARTCHAR 0113
ENCODING 275
SWIDTH 600 0
DWIDTH 21 0
BBX 17 24 2 0
BITMAP
1FFC00
1FFC00
1FFC00
000000
000000
000000
07F000
1FFC00
3FFE00
7E1F00
7C0F00
F80F80
F80780
FFFF80
FFFF80
FFFF80
F80000
F80000
F80000
7C0F80
7E3F00
3FFF00
1FFC00
07F000
ENDCHAR
STARTCHAR 0114
ENCODING 276
SWIDTH 600 0
DWIDTH 21 0
BBX 18 29 2 0
BITMAP
380C00
1C1C00
1FFC00
0FF800
03E000
000000
FFFF80
FFFF80
FFFF80
FFFF80
F80000
F80000
F80000
F80000
F80000
FFFF00
FFFF00
FFFF00
FFFF00
F80000
F80000
F80000
F80000
F80000
F80000
FFFFC0
FFFFC0
FFFFC0
FFFFC0
ENDCHAR
STARTCHAR 0115
ENCODING 277
SWIDTH 600 0
DWIDTH 21 0
BBX 17 25 2 0
BITMAP
180E00
1C1C00
1FFC00
0FF800
07E000
000000
000000
07F000
1FFC00
3FFE00
7E1F00
7C0F00
F80F80
F80780
FFFF80
FFFF80
FFFF80
F80000
F80000
F80000
7C0F80
7E3F00
3FFF00
1FFC00
07F000
ENDCHAR
STARTCHAR 0116
ENCODING 278
SWIDTH 600 0
DWIDTH 21 0
BBX 18 28 2 0
BITMAP
03E000
03E000
03E000
03E000
000000
FFFF80
FFFF80
FFFF80
FFFF80
F80000
F80000
F80000
F80000
F80000
FFFF00
FFFF00
FFFF00
FFFF00
F80000
F80000
F80000
F80000
F80000
F80000
FFFFC0
FFFFC0
FFFFC0
FFFFC0
ENDCHAR
STARTCHAR 0117
ENCODING 279
SWIDTH 600 0
DWIDTH 21 0
BBX 17 25 2 0
BITMAP
03E000
03E000
03E000
03E000
000000
000000
000000
07F000
1FFC00
3FFE00
7E1F00
7C0F00
F80F80
F80780
FFFF80
FFFF80
FFFF80
F80000
F80000
F80000
7C0F80
7E3F00
3FFF00
1FFC00
07F000
ENDCHAR
STARTCHAR 0118
ENCODING 280
SWIDTH 600 0
DWIDTH 21 0
BBX 18 30 2 -7
BITMAP
FFFF80
FFFF80
FFFF80
FFFF80
F80000
F80000
F80000
F80000
F80000
FFFF00
FFFF00
FFFF00
FFFF00
F80000
F80000
F80000
F80000
F80000
F80000
FFFFC0
FFFFC0
FFFFC0
FFFFC0
000600
000E00
001C00
001C00
001E80
001F80
000F80
ENDCHAR
STARTCHAR 0119
ENCODING 281
SWIDTH 600 0
DWIDTH 21 0
BBX 17 25 2 -7
BITMAP
07F000
1FFC00
3FFE00
7E1F00
7C0F00
F80F80
F80780
FFFF80
FFFF80
FFFF80
F80000
F80000
F80000
7C0F80
7E3F00
3FFF00
1FFC00
07F000
00E000
01C000
038000
038000
03F800
01F800
00F800
ENDCHAR
STARTCHAR 011A
ENCODING 282
SWIDTH 600 0
DWIDTH 21 0
BBX 18 29 2 0
BITMAP
3C0E00
1E3C00
0FF800
07F000
03E000
000000
FFFF80
FFFF80
FFFF80
FFFF80
F80000
F80000
F80000
F80000
F80000
FFFF00
FFFF00
FFFF00
FFFF00
F80000
F80000
F80000
F80000
F80000
F80000
FFFFC0
FFFFC0
FFFFC0
FFFFC0
ENDCHAR
STARTCHAR 011B
ENCODING 283
SWIDTH 600 0
DWIDTH 21 0
BBX 17 25 2 0
BITMAP
3C1E00
1E3C00
0FF800
07F000
03E000
000000
000000
07F000
1FFC00
3FFE00
7E1F00
7C0F00
F80F80
F80780
FFFF80
FFFF80
FFFF80
F80000
F80000
F80000
7C0F80
7E3F00
3FFF00
1FFC00
07F000
ENDCHAR
STARTCHAR 011C
ENCODING 284
SWIDTH 600 0
DWIDTH 21 0
BBX 18 29 1 0
BITMAP
01F000
03F800
07FC00
0F1E00
1E0F00
000000
03F800
0FFE00
1FFF00
3FFF80
3F0F80
7E0FC0
7C0700
7C0000
7C0000
FC0000
FC7FC0
F87FC0
FC7FC0
FC7FC0
7C03C0
7C03C0
7C03C0
7E03C0
3F0FC0
3FFFC0
1FFF80
07FE00
03F800
ENDCHAR
STARTCHAR 011D
ENCODING 285
SWIDTH 600 0
DWIDTH 21 0
BBX 17 32 2 -7
BITMAP
03E000
07F000
0FF800
1E3C00
3C1E00
000000
000000
0F8F80
1FEF80
3FFF80
7F7F80
7C1F80
FC0F80
F80F80
F80F80
F80F80
F80F80
F80F80
F80F80
FC0F80
7C1F80
7F7F80
3FFF80
1FEF80
0F8F80
000F80
000F80
7C1F00
7E3F00
3FFE00
1FFC00
07F000
ENDCHAR
STARTCHAR 011E
ENCODING 286
SWIDTH 600 0
DWIDTH 21 0
BBX 18 29 1 0
BITMAP
0C0700
0E0E00
0FFE00
07FC00
03F800
000000
03F800
0FFE00
1FFF00
3FFF80
3F0F80
7E0FC0
7C0700
7C0000
7C0000
FC0000
FC7FC0
F87FC0
FC7FC0
FC7FC0
7C03C0
7C03C0
7C03C0
7E03C0
3F0FC0
3FFFC0
1FFF80
07FE00
03F800
ENDCHAR
STARTCHAR 011F
ENCODING 287
SWIDTH 600 0
DWIDTH 21 0
BBX 17 32 2 -7
BITMAP
381C00
1C1C00
1FFC00
0FF800
07E000
000000
000000
0F8F80
1FEF80
3FFF80
7F7F80
7C1F80
FC0F80
F80F80
F80F80
F80F80
F80F80
F80F80
F80F80
FC0F80
7C1F80
7F7F80
3FFF80
1FEF80
0F8F80
000F80
000F80
7C1F00
7E3F00
3FFE00
1FFC00
07F000
ENDCHAR
STARTCHAR 0120
ENCODING 288
SWIDTH 600 0
DWIDTH 21 0
BBX 18 28 1 0
BITMAP
01F000
01F000
01F000
01F000
000000
03F800
0FFE00
1FFF00
3FFF80
3F0F80
7E0FC0
7C0700
7C0000
7C0000
FC0000
FC7FC0
F87FC0
FC7FC0
FC7FC0
7C03C0
7C03C0
7C03C0
7E03C0
3F0FC0
3FFFC0
1FFF80
07FE00
03F800
ENDCHAR
STARTCHAR 0121
ENCODING 289
SWIDTH 600 0
DWIDTH 21 0
BBX 17 32 2 -7
BITMAP
03E000
03E000
03E000
03E000
000000
000000
000000
0F8F80
1FEF80
3FFF80
7F7F80
7C1F80
FC0F80
F80F80
F80F80
F80F80
F80F80
F80F80
F80F80
FC0F80
7C1F80
7F7F80
3FFF80
1FEF80
0F8F80
000F80
000F80
7C1F00
7E3F00
3FFE00
1FFC00
07F000
ENDCHAR
STARTCHAR 0122
ENCODING 290
SWIDTH 600 0
DWIDTH 21 0
BBX 18 31 1 -8
BITMAP
03F800
0FFE00
1FFF00
3FFF80
3F0F80
7E0FC0
7C0700
7C0000
7C0000
FC0000
FC7FC0
F87FC0
FC7FC0
FC7FC0
7C03C0
7C03C0
7C03C0
7E03C0
3F0FC0
3FFFC0
1FFF80
07FE00
03F800
000000
000000
00F000
00F000
01E000
01E000
01C000
03C000
ENDCHAR
STARTCHAR 0123
ENCODING 291
SWIDTH 600 0
DWIDTH 21 0
BBX 17 33 2 -7
BITMAP
00F000
00E000
01E000
01E000
03C000
03C000
000000
000000
0F8F80
1FEF80
3FFF80
7F7F80
7C1F80
FC0F80
F80F80
F80F80
F80F80
F80F80
F80F80
F80F80
FC0F80
7C1F80
7F7F80
3FFF80
1FEF80
0F8F80
000F80
000F80
7C1F00
7E3F00
3FFE00
1FFC00
07F000
ENDCHAR
STARTCHAR 0124
ENCODING 292
SWIDTH 600 0
DWIDTH 21 0
BBX 17 29 2 0
BITMAP
03E000
07F000
0FF800
1E3C00
3C1E00
000000
F80F80
F80F80
F80F80
F80F80
F80F80
F80F80
F80F80
F80F80
F80F80
FFFF80
FFFF80
FFFF80
FFFF80
F80F80
F80F80
F80F80
F80F80
F80F80
F80F80
F80F80
F80F80
F80F80
F80F80
ENDCHAR
STARTCHAR 0125
ENCODING 293
SWIDTH 600 0
DWIDTH 21 0
BBX 17 29 2 0
BITMAP
03E000
07F000
0FF800
1E3C00
3C1E00
000000
F80000
F80000
F80000
F80000
F80000
F87C00
F9FE00
FBFF00
FFFF00
FE1F80
FC0F80
FC0F80
F80F80
F80F80
F80F80
F80F80
F80F80
F80F80
F80F80
F80F80
F80F80
F80F80
F80F80
ENDCHAR
STARTCHAR 0126
ENCODING 294
SWIDTH 600 0
DWIDTH 21 0
BBX 21 23 0 0
BITMAP
3E03E0
3E03E0
3E03E0
FFFFF8
FFFFF8
FFFFF8
3E03E0
3E03E0
3E03E0
3FFFE0
3FFFE0
3FFFE0
3FFFE0
3E03E0
3E03E0
3E03E0
3E03E0
3E03E0
3E03E0
3E03E0
3E03E0
3E03E0
3E03E0
ENDCHAR
STARTCHAR 0127
ENCODING 295
SWIDTH 600 0
DWIDTH 21 0
BBX 19 25 0 0
BITMAP
3E0000
3E0000
FFF000
FFF000
FFF000
3E0000
3E0000
3E1F00
3E7F80
3EFFC0
3FFFC0
3F87E0
3F03E0
3F03E0
3E03E0
3E03E0
3E03E0
3E03E0
3E03E0
3E03E0
3E03E0
3E03E0
3E03E0
3E03E0
3E03E0
ENDCHAR
STARTCHAR 0128
ENCODING 296
SWIDTH 600 0
DWIDTH 21 0
BBX 15 29 3 0
BITMAP
1E0C
3F9C
7FFC
73F8
60F0
0000
FFFE
FFFE
FFFE
FFFE
07C0
07C0
07C0
07C0
07C0
07C0
07C0
07C0
07C0
07C0
07C0
07C0
07C0
07C0
07C0
FFFE
FFFE
FFFE
FFFE
ENDCHAR
STARTCHAR 0129
ENCODING 297
SWIDTH 600 0
DWIDTH 21 0
BBX 18 25 2 0
BITMAP
0F0600
1FCE00
3FFE00
38FC00
307800
000000
000000
3FF000
3FF000
3FF000
01F000
01F000
01F000
01F000
01F000
01F000
01F000
01F000
01F000
01F000
01F000
01F000
FFFFC0
FFFFC0
FFFFC0
ENDCHAR
STARTCHAR 012A
ENCODING 298
SWIDTH 600 0
DWIDTH 21 0
BBX 15 29 3 0
BITMAP
3FF8
3FF8
3FF8
0000
0000
0000
FFFE
FFFE
FFFE
FFFE
07C0
07C0
07C0
07C0
07C0
07C0
07C0
07C0
07C0
07C0
07C0
07C0
07C0
07C0
07C0
FFFE
FFFE
FFFE
FFFE
ENDCHAR
STARTCHAR 012B
ENCODING 299
SWIDTH 600 0
DWIDTH 21 0
BBX 18 24 2 0
BITMAP
1FFC00
1FFC00
1FFC00
000000
000000
000000
3FF000
3FF000
3FF000
01F000
01F000
01F000
01F000
01F000
01F000
01F000
01F000
01F000
01F000
01F000
01F000
FFFFC0
FFFFC0
FFFFC0
ENDCHAR
STARTCHAR 012C
ENCODING 300
SWIDTH 600 0
DWIDTH 21 0
BBX 15 29 3 0
BITMAP
7018
3838
3FF8
1FF0
07C0
0000
FFFE
FFFE
FFFE
FFFE
07C0
07C0
07C0
07C0
07C0
07C0
07C0
07C0
07C0
07C0
07C0
07C0
07C0
07C0
07C0
FFFE
FFFE
FFFE
FFFE
ENDCHAR
STARTCHAR 012D
ENCODING 301
SWIDTH 600 0
DWIDTH 21 0
BBX 18 25 2 0
BITMAP
1C0E00
1C1E00
1FFC00
0FF800
03F000
000000
000000
3FF000
3FF000
3FF000
01F000
01F000
01F000
01F000
01F000
01F000
01F000
01F000
01F000
01F000
01F000
01F000
FFFFC0
FFFFC0
FFFFC0
ENDCHAR
STARTCHAR 012E
ENCODING 302
SWIDTH 600 0
DWIDTH 21 0
BBX 15 30 3 -7
BITMAP
FFFE
FFFE
FFFE
FFFE
07C0
07C0
07C0
07C0
07C0
07C0
07C0
07C0
07C0
07C0
07C0
07C0
07C0
07C0
07C0
FFFE
FFFE
FFFE
FFFE
0380
0700
0700
0F00
0FE0
07E0
03E0
ENDCHAR
STARTCHAR 012F
ENCODING 303
SWIDTH 600 0
DWIDTH 21 0
BBX 18 32 2 -7
BITMAP
01F000
01F000
01F000
01F000
000000
000000
000000
3FF000
3FF000
3FF000
01F000
01F000
01F000
01F000
01F000
01F000
01F000
01F000
01F000
01F000
01F000
01F000
FFFFC0
FFFFC0
FFFFC0
00E000
01C000
038000
038000
03F800
01F800
00F800
ENDCHAR
STARTCHAR 0130
ENCODING 304
SWIDTH 600 0
DWIDTH 21 0
BBX 15 28 3 0
BITMAP
07C0
07C0
07C0
07C0
0000
FFFE
FFFE
FFFE
FFFE
07C0
07C0
07C0
07C0
07C0
07C0
07C0
07C0
07C0
07C0
07C0
07C0
07C0
07C0
07C0
FFFE
FFFE
FFFE
FFFE
ENDCHAR
STARTCHAR 0131
ENCODING 305
SWIDTH 600 0
DWIDTH 21 0
BBX 18 18 2 0
BITMAP
3FF000
3FF000
3FF000
01F000
01F000
01F000
01F000
01F000
01F000
01F000
01F000
01F000
01F000
01F000
01F000
FFFFC0
FFFFC0
FFFFC0
ENDCHAR
STARTCHAR 0132
ENCODING 306
SWIDTH 600 0
DWIDTH 21 0
BBX 19 23 1 0
BITMAP
F83FE0
F83FE0
F83FE0
F83FE0
F803E0
F803E0
F803E0
F803E0
F803E0
F803E0
F803E0
F803E0
F803E0
F803E0
F803E0
F803E0
F9E3E0
FBE3E0
FBE7C0
F9FFC0
F9FFC0
F8FF80
F87E00
ENDCHAR
STARTCHAR 0133
ENCODING 307
SWIDTH 600 0
DWIDTH 21 0
BBX 15 32 3 -7
BITMAP
F83E
F83E
F83E
F83E
0000
0000
0000
F83E
F83E
F83E
F83E
F83E
F83E
F83E
F83E
F83E
F83E
F83E
F83E
F83E
F83E
F83E
F83E
F83E
F83E
003E
003E
007E
3FFC
3FFC
3FF8
1FE0
ENDCHAR
STARTCHAR 0134
ENCODING 308
SWIDTH 600 0
DWIDTH 21 0
BBX 17 29 2 0
BITMAP
00F800
01FC00
03FE00
078F00
0F0780
000000
07FE00
07FE00
07FE00
07FE00
003E00
003E00
003E00
003E00
003E00
003E00
003E00
003E00
003E00
003E00
003E00
783E00
F83E00
F83E00
FC7E00
7FFC00
3FFC00
1FF800
07E000
ENDCHAR
STARTCHAR 0135
ENCODING 309
SWIDTH 600 0
DWIDTH 21 0
BBX 16 32 3 -7
BITMAP
01F0
03F8
07FC
0F1E
1C0F
0000
0000
3FF8
3FF8
3FF8
00F8
00F8
00F8
00F8
00F8
00F8
00F8
00F8
00F8
00F8
00F8
00F8
00F8
00F8
00F8
00F8
00F8
01F0
FFF0
FFE0
FFC0
7F00
ENDCHAR
STARTCHAR 0136
ENCODING 310
SWIDTH 600 0
DWIDTH 21 0
BBX 19 31 2 -8
BITMAP
F80FC0
F80FC0
F81F80
F83F00
F83E00
F87C00
F8FC00
F9F800
F9F000
FBE000
FFE000
FFF000
FFF000
FFF800
FEFC00
FC7C00
F87E00
F83F00
F83F00
F81F80
F80F80
F80FC0
F807E0
000000
000000
01E000
01E000
03C000
03C000
038000
078000
ENDCHAR
STARTCHAR 0137
ENCODING 311
SWIDTH 600 0
DWIDTH 21 0
BBX 17 33 3 -8
BITMAP
F80000
F80000
F80000
F80000
F80000
F80000
F80000
F81F00
F83E00
F87C00
F8F800
F9F000
FBE000
FBE000
FFC000
FFE000
FFF000
FDF000
F8F800
F8FC00
F87C00
F83E00
F83E00
F81F00
F81F80
000000
000000
03C000
03C000
078000
078000
070000
0F0000
ENDCHAR
STARTCHAR 0138
ENCODING 312
SWIDTH 600 0
DWIDTH 21 0
BBX 17 18 3 0
BITMAP
F81F00
F83E00
F87C00
F8F800
F8F800
F9F000
FBE000
FFC000
FFE000
FFE000
FDF000
F8F800
F8F800
F87C00
F83E00
F83E00
F81F00
F81F80
ENDCHAR
STARTCHAR 0139
ENCODING 313
SWIDTH 600 0
DWIDTH 21 0
BBX 15 29 4 0
BITMAP
0F80
1F00
3E00
7C00
7000
0000
F800
F800
F800
F800
F800
F800
F800
F800
F800
F800
F800
F800
F800
F800
F800
F800
F800
F800
F800
FFFE
FFFE
FFFE
FFFE
ENDCHAR
STARTCHAR 013A
ENCODING 314
SWIDTH 600 0
DWIDTH 21 0
BBX 18 29 2 0
BITMAP
003E00
007C00
00F800
01E000
03C000
000000
3FF000
3FF000
3FF000
01F000
01F000
01F000
01F000
01F000
01F000
01F000
01F000
01F000
01F000
01F000
01F000
01F000
01F000
01F000
01F000
01F000
FFFFC0
FFFFC0
FFFFC0
ENDCHAR
STARTCHAR 013B
ENCODING 315
SWIDTH 600 0
DWIDTH 21 0
BBX 15 31 4 -8
BITMAP
F800
F800
F800
F800
F800
F800
F800
F800
F800
F800
F800
F800
F800
F800
F800
F800
F800
F800
F800
FFFE
FFFE
FFFE
FFFE
0000
0000
07C0
0780
0F00
0F00
0E00
0E00
ENDCHAR
STARTCHAR 013C
ENCODING 316
SWIDTH 600 0
DWIDTH 21 0
BBX 16 33 4 -8
BITMAP
FFC0
FFC0
FFC0
07C0
07C0
07C0
07C0
07C0
07C0
07C0
07C0
07C0
07C0
07C0
07C0
07C0
07C0
07C0
07C0
07C0
07C0
07E0
03FF
03FF
00FF
0000
0000
0780
0780
0F00
0F00
0E00
1E00
ENDCHAR
STARTCHAR 013D
ENCODING 317
SWIDTH 600 0
DWIDTH 21 0
BBX 15 23 4 0
BITMAP
F83E
F83C
F83C
F878
F878
F870
F800
F800
F800
F800
F800
F800
F800
F800
F800
F800
F800
F800
F800
FFFE
FFFE
FFFE
FFFE
ENDCHAR
STARTCHAR 013E
ENCODING 318
SWIDTH 600 0
DWIDTH 21 0
BBX 18 25 3 0
BITMAP
FFC7C0
FFC780
FFCF00
07CF00
07CE00
07CE00
07C000
07C000
07C000
07C000
07C000
07C000
07C000
07C000
07C000
07C000
07C000
07C000
07C000
07C000
07C000
07E000
03FF00
01FF00
00FF00
ENDCHAR
STARTCHAR 013F
ENCODING 319
SWIDTH 600 0
DWIDTH 21 0
BBX 15 23 4 0
BITMAP
F800
F800
F800
F800
F800
F800
F800
F800
F800
F800
F9F0
F9F0
F9F0
F9F0
F800
F800
F800
F800
F800
FFFE
FFFE
FFFE
FFFE
ENDCHAR
STARTCHAR 0140
ENCODING 320
SWIDTH 600 0
DWIDTH 21 0
BBX 16 25 4 0
BITMAP
FFC0
FFC0
FFC0
07C0
07C0
07C0
07C0
07C0
07C0
07C0
07C0
07C0
07DF
07DF
07DF
07DF
07C0
07C0
07C0
07C0
07C0
07E0
03FF
03FF
00FF
ENDCHAR
STARTCHAR 0141
ENCODING 321
SWIDTH 600 0
DWIDTH 21 0
BBX 19 23 0 0
BITMAP
0F8000
0F8000
0F8000
0F8000
0F8000
0F8000
0F8000
0F8800
0FBC00
0FFC00
0FFC00
0FF000
1FC000
7F8000
FF8000
7F8000
6F8000
0F8000
0F8000
0FFFE0
0FFFE0
0FFFE0
0FFFE0
ENDCHAR
STARTCHAR 0142
ENCODING 322
SWIDTH 600 0
DWIDTH 21 0
BBX 18 25 2 0
BITMAP
3FF000
3FF000
3FF000
01F000
01F000
01F000
01F000
01F200
01FF00
01FF80
01FE00
01F800
07F000
0FF000
3FF000
1DF000
11F000
01F000
01F000
01F000
01F000
01F000
FFFFC0
FFFFC0
FFFFC0
ENDCHAR
STARTCHAR 0143
ENCODING 323
SWIDTH 600 0
DWIDTH 21 0
BBX 17 29 2 0
BITMAP
003E00
007C00
00F800
01E000
03C000
000000
FC0F80
FE0F80
FE0F80
FE0F80
FF0F80
FF0F80
FF8F80
F78F80
F78F80
FBCF80
FBCF80
FBCF80
F9EF80
F9EF80
F8FF80
F8F780
F8F780
F87F80
F87F80
F87F80
F83F80
F83F80
F81F80
ENDCHAR
STARTCHAR 0144
ENCODING 324
SWIDTH 600 0
DWIDTH 21 0
BBX 17 25 2 0
BITMAP
003E00
007C00
00F800
00F000
01C000
000000
000000
F87C00
F9FE00
FBFF00
FFFF00
FE1F80
FC0F80
FC0F80
F80F80
F80F80
F80F80
F80F80
F80F80
F80F80
F80F80
F80F80
F80F80
F80F80
F80F80
ENDCHAR
STARTCHAR 0145
ENCODING 325
SWIDTH 600 0
DWIDTH 21 0
BBX 17 31 2 -8
BITMAP
FC0F80
FE0F80
FE0F80
FE0F80
FF0F80
FF0F80
FF8F80
F78F80
F78F80
FBCF80
FBCF80
FBCF80
F9EF80
F9EF80
F8FF80
F8F780
F8F780
F87F80
F87F80
F87F80
F83F80
F83F80
F81F80
000000
000000
03E000
03C000
03C000
078000
078000
070000
ENDCHAR
STARTCHAR 0146
ENCODING 326
SWIDTH 600 0
DWIDTH 21 0
BBX 17 26 2 -8
BITMAP
F87C00
F9FE00
FBFF00
FFFF00
FE1F80
FC0F80
FC0F80
F80F80
F80F80
F80F80
F80F80
F80F80
F80F80
F80F80
F80F80
F80F80
F80F80
F80F80
000000
000000
03E000
03C000
03C000
078000
078000
070000
ENDCHAR
STARTCHAR 0147
ENCODING 327
SWIDTH 600 0
DWIDTH 21 0
BBX 17 29 2 0
BITMAP
3C1E00
1E3C00
0FF800
07F000
03E000
000000
FC0F80
FE0F80
FE0F80
FE0F80
FF0F80
FF0F80
FF8F80
F78F80
F78F80
FBCF80
FBCF80
FBCF80
F9EF80
F9EF80
F8FF80
F8F780
F8F780
F87F80
F87F80
F87F80
F83F80
F83F80
F81F80
ENDCHAR
STARTCHAR 0148
ENCODING 328
SWIDTH 600 0
DWIDTH 21 0
BBX 17 25 2 0
BITMAP
3C1E00
1E3C00
0FF800
07F000
03E000
000000
000000
F87C00
F9FE00
FBFF00
FFFF00
FE1F80
FC0F80
FC0F80
F80F80
F80F80
F80F80
F80F80
F80F80
F80F80
F80F80
F80F80
F80F80
F80F80
F80F80
ENDCHAR
STARTCHAR 0149
ENCODING 329
SWIDTH 600 0
DWIDTH 21 0
BBX 20 23 0 0
BITMAP
7C0000
780000
780000
700000
F00000
EF8F80
0F9FE0
0FBFE0
0FFFF0
07E1F0
07C1F0
07C1F0
0781F0
0781F0
0781F0
0781F0
0781F0
0781F0
0781F0
0781F0
0781F0
0781F0
0781F0
ENDCHAR
STARTCHAR 014A
ENCODING 330
SWIDTH 600 0
DWIDTH 21 0
BBX 17 23 2 0
BITMAP
F87C00
F9FE00
FBFF00
FBFF80
FF1F80
FE0F80
FC0F80
FC0F80
F80F80
F80F80
F80F80
F80F80
F80F80
F80F80
F80F80
F80F80
F80F80
F8CF80
FBCF80
FBFF80
F9FF00
F9FE00
F87C00
ENDCHAR
STARTCHAR 014B
ENCODING 331
SWIDTH 600 0
DWIDTH 21 0
BBX 17 25 2 -7
BITMAP
F87C00
F9FE00
FBFF00
FFFF00
FE1F80
FC0F80
FC0F80
F80F80
F80F80
F80F80
F80F80
F80F80
F80F80
F80F80
F80F80
F80F80
F80F80
F80F80
000F80
000F80
000F80
007F80
007F00
007F00
007E00
ENDCHAR
STARTCHAR 014C
ENCODING 332
SWIDTH 600 0
DWIDTH 21 0
BBX 19 29 1 0
BITMAP
0FFE00
0FFE00
0FFE00
000000
000000
000000
03F800
0FFE00
1FFF00
3FFF80
3F1F80
7E0FC0
7C07C0
7C07C0
FC07E0
F803E0
F803E0
F803E0
F803E0
F803E0
FC07E0
7C07C0
7C07C0
7E0FC0
3F1F80
3FFF80
1FFF00
0FFE00
03F800
ENDCHAR
STARTCHAR 014D
ENCODING 333
SWIDTH 600 0
DWIDTH 21 0
BBX 17 24 2 0
BITMAP
1FFC00
1FFC00
1FFC00
000000
000000
000000
07F000
1FFC00
3FFE00
7F3F00
FC1F80
F80F80
F80F80
F80F80
F80F80
F80F80
F80F80
F80F80
F80F80
FC1F80
7E3F00
3FFE00
1FFC00
07F000
ENDCHAR
STARTCHAR 014E
ENCODING 334
SWIDTH 600 0
DWIDTH 21 0
BBX 19 29 1 0
BITMAP
1C0600
0E0E00
0FFE00
07FC00
01F000
000000
03F800
0FFE00
1FFF00
3FFF80
3F1F80
7E0FC0
7C07C0
7C07C0
FC07E0
F803E0
F803E0
F803E0
F803E0
F803E0
FC07E0
7C07C0
7C07C0
7E0FC0
3F1F80
3FFF80
1FFF00
0FFE00
03F800
ENDCHAR
STARTCHAR 014F
ENCODING 335
SWIDTH 600 0
DWIDTH 21 0
BBX 17 25 2 0
BITMAP
380C00
1C1C00
1FFC00
0FF800
03E000
000000
000000
07F000
1FFC00
3FFE00
7F3F00
FC1F80
F80F80
F80F80
F80F80
F80F80
F80F80
F80F80
F80F80
F80F80
FC1F80
7E3F00
3FFE00
1FFC00
07F000
ENDCHAR
STARTCHAR 0150
ENCODING 336
SWIDTH 600 0
DWIDTH 21 0
BBX 19 29 1 0
BITMAP
00F3E0
01E3C0
03C780
078E00
0E1C00
000000
03F800
0FFE00
1FFF00
3FFF80
3F1F80
7E0FC0
7C07C0
7C07C0
FC07E0
F803E0
F803E0
F803E0
F803E0
F803E0
FC07E0
7C07C0
7C07C0
7E0FC0
3F1F80
3FFF80
1FFF00
0FFE00
03F800
ENDCHAR
STARTCHAR 0151
ENCODING 337
SWIDTH 600 0
DWIDTH 21 0
BBX 18 25 2 0
BITMAP
01E3C0
03C780
078F00
0F1E00
1E3800
000000
000000
07F000
1FFC00
3FFE00
7F3F00
FC1F80
F80F80
F80F80
F80F80
F80F80
F80F80
F80F80
F80F80
F80F80
FC1F80
7E3F00
3FFE00
1FFC00
07F000
ENDCHAR
STARTCHAR 0152
ENCODING 338
SWIDTH 600 0
DWIDTH 21 0
BBX 20 23 1 0
BITMAP
07FFE0
1FFFE0
3FFFE0
7E7C00
787C00
F87C00
F07C00
F07C00
F07C00
F07FE0
F07FE0
F07FE0
F07C00
F07C00
F07C00
F07C00
F87C00
F87C00
787C00
7E7C00
3FFFF0
1FFFF0
07FFF0
ENDCHAR
STARTCHAR 0153
ENCODING 339
SWIDTH 600 0
DWIDTH 21 0
BBX 21 18 0 0
BITMAP
0F0780
1FCFE0
3FDFE0
7DFCF0
78F870
707870
707870
F07FF8
F07FF8
F07FF8
707800
707800
707800
78F860
79FCF0
3FDFE0
1FCFE0
0F0780
ENDCHAR
STARTCHAR 0154
ENCODING 340
SWIDTH 600 0
DWIDTH 21 0
BBX 19 29 2 0
BITMAP
007C00
00F800
01F000
03C000
078000
000000
FFF800
FFFE00
FFFF00
FFFF80
F81F80
F80FC0
F807C0
F807C0
F80FC0
F81F80
FFFF80
FFFF00
FFFC00
FFF800
F87C00
F87E00
F83E00
F83F00
F81F00
F81F80
F80FC0
F80FC0
F807E0
ENDCHAR
STARTCHAR 0155
ENCODING 341
SWIDTH 600 0
DWIDTH 21 0
BBX 15 25 3 0
BITMAP
007C
00F8
01E0
03C0
0700
0000
0000
F87E
79FE
7DFE
7FFE
7F80
7F00
7E00
7E00
7C00
7C00
7C00
7C00
7C00
7C00
7C00
7C00
7C00
7C00
ENDCHAR
STARTCHAR 0156
ENCODING 342
SWIDTH 600 0
DWIDTH 21 0
BBX 19 31 2 -8
BITMAP
FFF800
FFFE00
FFFF00
FFFF80
F81F80
F80FC0
F807C0
F807C0
F80FC0
F81F80
FFFF80
FFFF00
FFFC00
FFF800
F87C00
F87E00
F83E00
F83F00
F81F00
F81F80
F80FC0
F80FC0
F807E0
000000
000000
01E000
03E000
03C000
03C000
038000
078000
ENDCHAR
STARTCHAR 0157
ENCODING 343
SWIDTH 600 0
DWIDTH 21 0
BBX 15 26 3 -8
BITMAP
F87E
79FE
7DFE
7FFE
7F80
7F00
7E00
7E00
7C00
7C00
7C00
7C00
7C00
7C00
7C00
7C00
7C00
7C00
0000
0000
7C00
7800
7800
F000
E000
E000
ENDCHAR
STARTCHAR 0158
ENCODING 344
SWIDTH 600 0
DWIDTH 21 0
BBX 19 29 2 0
BITMAP
381C00
1E3C00
0FF800
07F000
03E000
000000
FFF800
FFFE00
FFFF00
FFFF80
F81F80
F80FC0
F807C0
F807C0
F80FC0
F81F80
FFFF80
FFFF00
FFFC00
FFF800
F87C00
F87E00
F83E00
F83F00
F81F00
F81F80
F80FC0
F80FC0
F807E0
ENDCHAR
STARTCHAR 0159
ENCODING 345
SWIDTH 600 0
DWIDTH 21 0
BBX 15 25 3 0
BITMAP
381C
1E78
1FF0
0FE0
07C0
0000
0000
F87E
79FE
7DFE
7FFE
7F80
7F00
7E00
7E00
7C00
7C00
7C00
7C00
7C00
7C00
7C00
7C00
7C00
7C00
ENDCHAR
STARTCHAR 015A
ENCODING 346
SWIDTH 600 0
DWIDTH 21 0
BBX 19 29 1 0
BITMAP
001F00
003E00
007C00
00F000
01E000
000000
03F800
1FFE00
3FFF00
7FFF80
7C0FC0
7C07C0
7C07C0
7C0000
7F0000
3FF000
1FFE00
0FFF00
01FFC0
003FC0
0007E0
0003E0
F803E0
F803E0
FC07E0
7FFFC0
3FFF80
1FFF00
07FC00
ENDCHAR
STARTCHAR 015B
ENCODING 347
SWIDTH 600 0
DWIDTH 21 0
BBX 17 25 2 0
BITMAP
003C00
007800
00F000
01E000
038000
000000
000000
07F000
1FFC00
3FFE00
7E3F00
780F00
780000
7E0000
7FF000
3FFC00
0FFF00
01FF00
001F80
700F80
F80F80
7C1F00
7FFF00
3FFE00
07F800
ENDCHAR
STARTCHAR 015C
ENCODING 348
SWIDTH 600 0
DWIDTH 21 0
BBX 19 29 1 0
BITMAP
01F000
03F800
07FC00
0F1E00
1E0F00
000000
03F800
1FFE00
3FFF00
7FFF80
7C0FC0
7C07C0
7C07C0
7C0000
7F0000
3FF000
1FFE00
0FFF00
01FFC0
003FC0
0007E0
0003E0
F803E0
F803E0
FC07E0
7FFFC0
3FFF80
1FFF00
07FC00
ENDCHAR
STARTCHAR 015D
ENCODING 349
SWIDTH 600 0
DWIDTH 21 0
BBX 17 25 2 0
BITMAP
03E000
07F000
0FF800
1E3C00
3C0E00
000000
000000
07F000
1FFC00
3FFE00
7E3F00
780F00
780000
7E0000
7FF000
3FFC00
0FFF00
01FF00
001F80
700F80
F80F80
7C1F00
7FFF00
3FFE00
07F800
ENDCHAR
STARTCHAR 015E
ENCODING 350
SWIDTH 600 0
DWIDTH 21 0
BBX 19 31 1 -8
BITMAP
03F800
1FFE00
3FFF00
7FFF80
7C0FC0
7C07C0
7C07C0
7C0000
7F0000
3FF000
1FFE00
0FFF00
01FFC0
003FC0
0007E0
0003E0
F803E0
F803E0
FC07E0
7FFFC0
3FFF80
1FFF00
07FC00
00C000
00C000
01F000
00F800
003800
003800
03F000
03E000
ENDCHAR
STARTCHAR 015F
ENCODING 351
SWIDTH 600 0
DWIDTH 21 0
BBX 17 26 2 -8
BITMAP
07F000
1FFC00
3FFE00
7E3F00
780F00
780000
7E0000
7FF000
3FFC00
0FFF00
01FF00
001F80
700F80
F80F80
7C1F00
7FFF00
3FFE00
07F800
01C000
018000
03E000
01F000
007000
007000
07F000
07C000
ENDCHAR
STARTCHAR 0160
ENCODING 352
SWIDTH 600 0
DWIDTH 21 0
BBX 19 29 1 0
BITMAP
1E0F00
0F1E00
07FC00
03F800
01F000
000000
03F800
1FFE00
3FFF00
7FFF80
7C0FC0
7C07C0
7C07C0
7C0000
7F0000
3FF000
1FFE00
0FFF00
01FFC0
003FC0
0007E0
0003E0
F803E0
F803E0
FC07E0
7FFFC0
3FFF80
1FFF00
07FC00
ENDCHAR
STARTCHAR 0161
ENCODING 353
SWIDTH 600 0
DWIDTH 21 0
BBX 17 25 2 0
BITMAP
3C1E00
1E3C00
0FF800
07F000
03E000
000000
000000
07F000
1FFC00
3FFE00
7E3F00
780F00
780000
7E0000
7FF000
3FFC00
0FFF00
01FF00
001F80
700F80
F80F80
7C1F00
7FFF00
3FFE00
07F800
ENDCHAR
STARTCHAR 0162
ENCODING 354
SWIDTH 600 0
DWIDTH 21 0
BBX 19 31 1 -8
BITMAP
FFFFE0
FFFFE0
FFFFE0
FFFFE0
01F000
01F000
01F000
01F000
01F000
01F000
01F000
01F000
01F000
01F000
01F000
01F000
01F000
01F000
01F000
01F000
01F000
01F000
01F000
000000
000000
01F000
01E000
01E000
03C000
038000
038000
ENDCHAR
STARTCHAR 0163
ENCODING 355
SWIDTH 600 0
DWIDTH 21 0
BBX 15 31 3 -8
BITMAP
0E00
0E00
0E00
1E00
1E00
FFFC
FFFC
FFFC
1E00
1E00
1E00
1E00
1E00
1E00
1E00
1E00
1E00
1E00
1F00
1F86
1FFE
0FFE
03FC
0000
0000
03C0
03C0
0780
0780
0700
0700
ENDCHAR
STARTCHAR 0164
ENCODING 356
SWIDTH 600 0
DWIDTH 21 0
BBX 19 29 1 0
BITMAP
1E0F00
0F1E00
07FC00
03F800
01F000
000000
FFFFE0
FFFFE0
FFFFE0
FFFFE0
01F000
01F000
01F000
01F000
01F000
01F000
01F000
01F000
01F000
01F000
01F000
01F000
01F000
01F000
01F000
01F000
01F000
01F000
01F000
ENDCHAR
STARTCHAR 0165
ENCODING 357
SWIDTH 600 0
DWIDTH 21 0
BBX 20 26 1 0
BITMAP
0001F0
0001F0
0001E0
0F01C0
0F03C0
0F0380
1F0000
1F0000
FFFC00
FFFC00
FFFC00
1F0000
1F0000
1F0000
1F0000
1F0000
1F0000
1F0000
1F0000
1F0000
1F0000
1F0000
1F8600
1FFE00
0FFE00
03FC00
ENDCHAR
STARTCHAR 0166
ENCODING 358
SWIDTH 600 0
DWIDTH 21 0
BBX 19 23 1 0
BITMAP
FFFFE0
FFFFE0
FFFFE0
FFFFE0
01F000
01F000
01F000
01F000
01F000
01F000
1FFF00
1FFF00
1FFF00
01F000
01F000
01F000
01F000
01F000
01F000
01F000
01F000
01F000
01F000
ENDCHAR
STARTCHAR 0167
ENCODING 359
SWIDTH 600 0
DWIDTH 21 0
BBX 15 23 3 0
BITMAP
0F00
0F00
0F00
0F00
1F00
FFFC
FFFC
FFFC
1F00
1F00
1F00
1F00
FFFC
FFFC
FFFC
1F00
1F00
1F00
1F00
1F86
1FFE
0FFE
03FE
ENDCHAR
STARTCHAR 0168
ENCODING 360
SWIDTH 600 0
DWIDTH 21 0
BBX 17 29 2 0
BITMAP
0F0600
1FCE00
3FFE00
39FC00
307800
000000
F80F80
F80F80
F80F80
F80F80
F80F80
F80F80
F80F80
F80F80
F80F80
F80F80
F80F80
F80F80
F80F80
F80F80
F80F80
F80F80
F81F80
7C1F00
7E3F00
7FFF00
3FFE00
1FFC00
07F000
ENDCHAR
STARTCHAR 0169
ENCODING 361
SWIDTH 600 0
DWIDTH 21 0
BBX 16 25 2 0
BITMAP
0F06
1FCE
3FFE
38FC
3078
0000
0000
F80F
F80F
F80F
F80F
F80F
F80F
F80F
F80F
F80F
F80F
F80F
F81F
FC1F
FC3F
7FEF
7FEF
3FCF
1F0F
ENDCHAR
STARTCHAR 016A
ENCODING 362
SWIDTH 600 0
DWIDTH 21 0
BBX 17 29 2 0
BITMAP
1FFC00
1FFC00
1FFC00
000000
000000
000000
F80F80
F80F80
F80F80
F80F80
F80F80
F80F80
F80F80
F80F80
F80F80
F80F80
F80F80
F80F80
F80F80
F80F80
F80F80
F80F80
F81F80
7C1F00
7E3F00
7FFF00
3FFE00
1FFC00
07F000
ENDCHAR
STARTCHAR 016B
ENCODING 363
SWIDTH 600 0
DWIDTH 21 0
BBX 16 24 2 0
BITMAP
1FFC
1FFC
1FFC
0000
0000
0000
F80F
F80F
F80F
F80F
F80F
F80F
F80F
F80F
F80F
F80F
F80F
F81F
FC1F
FC3F
7FEF
7FEF
3FCF
1F0F
ENDCHAR
STARTCHAR 016C
ENCODING 364
SWIDTH 600 0
DWIDTH 21 0
BBX 17 29 2 0
BITMAP
380C00
1C1C00
1FFC00
0FF800
03E000
000000
F80F80
F80F80
F80F80
F80F80
F80F80
F80F80
F80F80
F80F80
F80F80
F80F80
F80F80
F80F80
F80F80
F80F80
F80F80
F80F80
F81F80
7C1F00
7E3F00
7FFF00
3FFE00
1FFC00
07F000
ENDCHAR
STARTCHAR 016D
ENCODING 365
SWIDTH 600 0
DWIDTH 21 0
BBX 16 25 2 0
BITMAP
380C
1C1C
1FFC
0FF8
03E0
0000
0000
F80F
F80F
F80F
F80F
F80F
F80F
F80F
F80F
F80F
F80F
F80F
F81F
FC1F
FC3F
7FEF
7FEF
3FCF
1F0F
ENDCHAR
STARTCHAR 016E
ENCODING 366
SWIDTH 600 0
DWIDTH 21 0
BBX 17 30 2 0
BITMAP
03E000
07F000
0E3000
0E3800
0E3000
07F000
03E000
F80F80
F80F80
F80F80
F80F80
F80F80
F80F80
F80F80
F80F80
F80F80
F80F80
F80F80
F80F80
F80F80
F80F80
F80F80
F80F80
F81F80
7C1F00
7E3F00
7FFF00
3FFE00
1FFC00
07F000
ENDCHAR
STARTCHAR 016F
ENCODING 367
SWIDTH 600 0
DWIDTH 21 0
BBX 16 27 2 0
BITMAP
03E0
07F0
0E30
0E38
0E30
07F0
03E0
0000
0000
F80F
F80F
F80F
F80F
F80F
F80F
F80F
F80F
F80F
F80F
F80F
F81F
FC1F
FC3F
7FEF
7FEF
3FCF
1F0F
ENDCHAR
STARTCHAR 0170
ENCODING 368
SWIDTH 600 0
DWIDTH 21 0
BBX 17 29 2 0
BITMAP
03C780
078F00
0F1E00
1E3C00
1C7800
000000
F80F80
F80F80
F80F80
F80F80
F80F80
F80F80
F80F80
F80F80
F80F80
F80F80
F80F80
F80F80
F80F80
F80F80
F80F80
F80F80
F81F80
7C1F00
7E3F00
7FFF00
3FFE00
1FFC00
07F000
ENDCHAR
STARTCHAR 0171
ENCODING 369
SWIDTH 600 0
DWIDTH 21 0
BBX 17 25 2 0
BITMAP
03C780
078F00
0F1E00
1E3C00
3C7000
000000
000000
F80F00
F80F00
F80F00
F80F00
F80F00
F80F00
F80F00
F80F00
F80F00
F80F00
F80F00
F81F00
FC1F00
FC3F00
7FEF00
7FEF00
3FCF00
1F0F00
ENDCHAR
STARTCHAR 0172
ENCODING 370
SWIDTH 600 0
DWIDTH 21 0
BBX 17 30 2 -7
BITMAP
F80F80
F80F80
F80F80
F80F80
F80F80
F80F80
F80F80
F80F80
F80F80
F80F80
F80F80
F80F80
F80F80
F80F80
F80F80
F80F80
F81F80
7C1F00
7E3F00
7FFF00
3FFE00
1FFC00
07F000
00E000
01C000
038000
038000
03F800
01F800
00F800
ENDCHAR
STARTCHAR 0173
ENCODING 371
SWIDTH 600 0
DWIDTH 21 0
BBX 17 25 2 -7
BITMAP
F80F00
F80F00
F80F00
F80F00
F80F00
F80F00
F80F00
F80F00
F80F00
F80F00
F80F00
F81F00
FC1F00
FC3F00
7FEF00
7FEF00
3FCF00
1F0F00
000E00
001C00
003800
003800
003F80
001F80
000F80
ENDCHAR
STARTCHAR 0174
ENCODING 372
SWIDTH 600 0
DWIDTH 21 0
BBX 21 29 0 0
BITMAP
00F800
01FC00
03FE00
078F00
0F0780
000000
F000F8
F800F8
F800F8
7800F0
7800F0
7800F0
7870F0
78F8F0
7CF8F0
7CF9F0
3CF9E0
3DFDE0
3DDDE0
3DDDE0
3DDDE0
3FDFE0
1F8FC0
1F8FC0
1F8FC0
1F8FC0
1F07C0
1F07C0
0F0780
ENDCHAR
STARTCHAR 0175
ENCODING 373
SWIDTH 600 0
DWIDTH 21 0
BBX 21 25 0 0
BITMAP
00F800
01FC00
03FE00
078F00
0F0780
000000
000000
F00078
F00078
700070
7800F0
7870F0
78F8F0
78F8F0
78F8E0
39DCE0
39DDE0
3DDDE0
3FDDE0
3F8FE0
1F8FC0
1F8FC0
1F07C0
1F07C0
1F07C0
ENDCHAR
STARTCHAR 0176
ENCODING 374
SWIDTH 600 0
DWIDTH 21 0
BBX 21 29 0 0
BITMAP
00F800
01FC00
03FE00
078F00
0F0780
000000
FC01F8
7C01F0
7E03F0
3E03E0
1F07C0
1F07C0
0F8F80
0F8F80
07DF00
07DF00
03FE00
01FC00
01FC00
00F800
00F800
00F800
00F800
00F800
00F800
00F800
00F800
00F800
00F800
ENDCHAR
STARTCHAR 0177
ENCODING 375
SWIDTH 600 0
DWIDTH 21 0
BBX 19 32 1 -7
BITMAP
01F000
03F800
07FC00
0F1E00
1E0F00
000000
000000
F803E0
F803E0
7C07C0
7C07C0
3E0780
3E0F80
1E0F80
1F0F00
1F1F00
0F1E00
0F9E00
07BE00
07BC00
07FC00
03F800
03F800
01F800
01F000
01F000
01E000
03E000
07E000
7FC000
7F8000
7F0000
ENDCHAR
STARTCHAR 0178
ENCODING 376
SWIDTH 600 0
DWIDTH 21 0
BBX 21 29 0 0
BITMAP
078F00
078F00
078F00
078F00
000000
000000
FC01F8
7C01F0
7E03F0
3E03E0
1F07C0
1F07C0
0F8F80
0F8F80
07DF00
07DF00
03FE00
01FC00
01FC00
00F800
00F800
00F800
00F800
00F800
00F800
00F800
00F800
00F800
00F800
ENDCHAR
STARTCHAR 0179
ENCODING 377
SWIDTH 600 0
DWIDTH 21 0
BBX 18 29 1 0
BITMAP
001F00
003E00
007800
00F000
01E000
000000
3FFFC0
3FFFC0
3FFFC0
3FFFC0
000F80
001F00
003F00
007E00
007C00
00F800
01F800
03F000
03E000
07C000
0FC000
1F8000
1F0000
3E0000
7E0000
FFFFC0
FFFFC0
FFFFC0
FFFFC0
ENDCHAR
STARTCHAR 017A
ENCODING 378
SWIDTH 600 0
DWIDTH 21 0
BBX 16 25 2 0
BITMAP
003C
0078
00F0
01E0
0380
0000
0000
7FFF
7FFF
7FFF
003F
007E
00FC
01F8
01F0
03E0
07C0
0F80
1F80
3F00
7E00
FFFF
FFFF
FFFF
FFFF
ENDCHAR
STARTCHAR 017B
ENCODING 379
SWIDTH 600 0
DWIDTH 21 0
BBX 18 28 1 0
BITMAP
01F000
01F000
01F000
01F000
000000
3FFFC0
3FFFC0
3FFFC0
3FFFC0
000F80
001F00
003F00
007E00
007C00
00F800
01F800
03F000
03E000
07C000
0FC000
1F8000
1F0000
3E0000
7E0000
FFFFC0
FFFFC0
FFFFC0
FFFFC0
ENDCHAR
STARTCHAR 017C
ENCODING 380
SWIDTH 600 0
DWIDTH 21 0
BBX 16 25 2 0
BITMAP
03E0
03E0
03E0
03E0
0000
0000
0000
7FFF
7FFF
7FFF
003F
007E
00FC
01F8
01F0
03E0
07C0
0F80
1F80
3F00
7E00
FFFF
FFFF
FFFF
FFFF
ENDCHAR
STARTCHAR 017D
ENCODING 381
SWIDTH 600 0
DWIDTH 21 0
BBX 18 29 1 0
BITMAP
1E0700
0F1E00
07FC00
03F800
01F000
000000
3FFFC0
3FFFC0
3FFFC0
3FFFC0
000F80
001F00
003F00
007E00
007C00
00F800
01F800
03F000
03E000
07C000
0FC000
1F8000
1F0000
3E0000
7E0000
FFFFC0
FFFFC0
FFFFC0
FFFFC0
ENDCHAR
STARTCHAR 017E
ENCODING 382
SWIDTH 600 0
DWIDTH 21 0
BBX 16 25 2 0
BITMAP
3C1E
1E3C
0FF8
07F0
03E0
0000
0000
7FFF
7FFF
7FFF
003F
007E
00FC
01F8
01F0
03E0
07C0
0F80
1F80
3F00
7E00
FFFF
FFFF
FFFF
FFFF
ENDCHAR
STARTCHAR 017F
ENCODING 383
SWIDTH 600 0
DWIDTH 21 0
BBX 13 25 6 0
BITMAP
0FF8
3FF8
7FF8
7E18
FC00
F800
F800
F800
F800
F800
F800
F800
F800
F800
F800
F800
F800
F800
F800
F800
F800
F800
F800
F800
F800
ENDCHAR
STARTCHAR 0180
ENCODING 384
SWIDTH 600 0
DWIDTH 21 0
BBX 19 25 0 0
BITMAP
1E0000
1E0000
FFF800
FFF800
FFF800
1E0000
1E0000
1E3E00
1E7F80
1EFFC0
1ECFC0
1F07E0
1F03E0
1E03E0
1E03E0
1E03E0
1E03E0
1E03E0
1E03E0
1F03E0
1F07E0
1FCFC0
3EFFC0
3EFF80
3E3E00
ENDCHAR
STARTCHAR 0181
ENCODING 385
SWIDTH 600 0
DWIDTH 21 0
BBX 20 23 0 0
BITMAP
3FFE00
7FFF80
FFFFC0
FFFFC0
F7C7E0
F7C7E0
F7C3E0
F7C7C0
07C7C0
07FF80
07FE00
07FF80
07FFC0
07C3E0
07C1F0
07C1F0
07C1F0
07C1F0
07C3F0
07FFE0
07FFE0
07FFC0
07FF00
ENDCHAR
STARTCHAR 0182
ENCODING 386
SWIDTH 600 0
DWIDTH 21 0
BBX 18 23 2 0
BITMAP
FFFF00
FFFF00
FFFF00
FFFF00
F80000
F80000
F80000
F80000
F80000
FFF800
FFFE00
FFFF00
FFFF80
F81F80
F80FC0
F807C0
F807C0
F80FC0
F81F80
FFFF80
FFFF00
FFFE00
FFF800
ENDCHAR
STARTCHAR 0183
ENCODING 387
SWIDTH 600 0
DWIDTH 21 0
BBX 17 25 2 0
BITMAP
7FFE00
7FFE00
7FFE00
7FFE00
780000
780000
780000
78F800
7BFE00
7BFF00
7F3F00
7C1F80
7C0F80
7C0F80
780F80
780F80
780F80
780F80
7C0F80
7C0F80
7C1F80
7F3F00
FBFF00
FBFE00
F8F800
ENDCHAR
STARTCHAR 0184
ENCODING 388
SWIDTH 600 0
DWIDTH 21 0
BBX 20 23 0 0
BITMAP
060000
0E0000
3E0000
7E0000
FE0000
7E0000
3E0000
3E0000
3E0000
3FFE00
3FFF80
3FFFC0
3FFFE0
3E07E0
3E03F0
3E01F0
3E01F0
3E03F0
3E07E0
3FFFE0
3FFFC0
3FFF80
3FFE00
ENDCHAR
STARTCHAR 0185
ENCODING 389
SWIDTH 600 0
DWIDTH 21 0
BBX 19 25 0 0
BITMAP
060000
1E0000
3E0000
FE0000
FE0000
7E0000
1E0000
1E3E00
1EFF80
1EFFC0
1FCFC0
1F07E0
1F03E0
1F03E0
1E03E0
1E03E0
1E03E0
1E03E0
1F03E0
1F03E0
1F07E0
1FCFC0
3EFFC0
3EFF80
3E3E00
ENDCHAR
STARTCHAR 0186
ENCODING 390
SWIDTH 600 0
DWIDTH 21 0
BBX 18 23 2 0
BITMAP
07F000
1FFC00
3FFE00
7FFF00
7E3F80
FC1F80
F80F80
380FC0
0007C0
0007C0
0007C0
0007C0
0007C0
0007C0
0007C0
700FC0
F80F80
F81F80
FC3F80
7FFF00
3FFE00
1FFC00
07F000
ENDCHAR
STARTCHAR 0187
ENCODING 391
SWIDTH 600 0
DWIDTH 21 0
BBX 20 28 1 0
BITMAP
0001F0
0003F0
0003F0
0007F0
0007C0
03F7C0
0FFFC0
1FFFC0
3FFFC0
3F1FC0
7E0FC0
7C07C0
7C0600
7C0000
FC0000
FC0000
FC0000
FC0000
FC0000
7C0000
7C0700
7C07C0
7E0FC0
3F0F80
3FFF80
1FFF00
0FFE00
03F800
ENDCHAR
STARTCHAR 0188
ENCODING 392
SWIDTH 600 0
DWIDTH 21 0
BBX 19 22 2 0
BITMAP
0001C0
0007E0
000FE0
001FE0
07DF00
1FFF00
3FFF00
7E7F00
FC3F00
F81F00
F80000
F80000
F80000
F80000
F80000
F80000
F81F00
FC3E00
7E7E00
3FFC00
1FF800
07E000
ENDCHAR
STARTCHAR 0189
ENCODING 393
SWIDTH 600 0
DWIDTH 21 0
BBX 20 23 0 0
BITMAP
1FF800
1FFE00
1FFF80
1FFFC0
1F0FC0
1F07E0
1F03E0
1F03E0
1F01F0
1F01F0
FFE1F0
FFE1F0
FFE1F0
FFE1F0
1F03F0
1F03E0
1F03E0
1F07E0
1F0FC0
1FFFC0
1FFF80
1FFF00
1FF800
ENDCHAR
STARTCHAR 018A
ENCODING 394
SWIDTH 600 0
DWIDTH 21 0
BBX 20 23 0 0
BITMAP
3FFC00
7FFF80
FFFFC0
FFFFE0
F7C7E0
F7C3F0
F7C1F0
F7C1F0
07C1F0
07C1F0
07C1F0
07C1F0
07C1F0
07C1F0
07C1F0
07C1F0
07C1F0
07C3F0
07C7E0
07FFE0
07FFC0
07FF80
07FE00
ENDCHAR
STARTCHAR 018B
ENCODING 395
SWIDTH 600 0
DWIDTH 21 0
BBX 18 23 1 0
BITMAP
0FFFC0
0FFFC0
0FFFC0
0FFFC0
0007C0
0007C0
0007C0
0007C0
0007C0
07FFC0
1FFFC0
3FFFC0
7FFFC0
FE07C0
FC07C0
F807C0
F807C0
FC07C0
7E07C0
7FFFC0
3FFFC0
1FFFC0
07FFC0
ENDCHAR
STARTCHAR 018C
ENCODING 396
SWIDTH 600 0
DWIDTH 21 0
BBX 17 25 2 0
BITMAP
0FFF00
0FFF00
0FFF00
0FFF00
000F00
000F00
000F00
0F8F00
3FEF00
7FEF00
7E7F00
FC1F00
F81F00
F81F00
F80F00
F80F00
F80F00
F80F00
F81F00
F81F00
FC3F00
7E7F00
7FEF00
3FEF80
0F8F80
ENDCHAR
STARTCHAR 018D
ENCODING 397
SWIDTH 600 0
DWIDTH 21 0
BBX 19 25 1 -7
BITMAP
03F800
0FFE00
1FFF80
3F9F80
7E07C0
7C07C0
FC03E0
F803E0
F803E0
F803E0
F803E0
F803E0
7C07C0
7C07C0
3F1F80
3FFF80
1FFE00
07FC00
03F000
00FC00
007E00
001F80
3FFF80
3FFF80
3FFF80
ENDCHAR
STARTCHAR 018E
ENCODING 398
SWIDTH 600 0
DWIDTH 21 0
BBX 18 23 1 0
BITMAP
FFFFC0
FFFFC0
FFFFC0
FFFFC0
0007C0
0007C0
0007C0
0007C0
0007C0
0007C0
3FFFC0
3FFFC0
3FFFC0
3FFFC0
0007C0
0007C0
0007C0
0007C0
0007C0
7FFFC0
7FFFC0
7FFFC0
7FFFC0
ENDCHAR
STARTCHAR 018F
ENCODING 399
SWIDTH 600 0
DWIDTH 21 0
BBX 19 23 1 0
BITMAP
03F800
0FFE00
1FFF00
3FFF80
3E1F80
7C0FC0
0C07C0
0007C0
0007E0
0003E0
FFFFE0
FFFFE0
FFFFE0
FFFFE0
F803E0
7C07C0
7C07C0
7E0FC0
3F1F80
3FFF80
1FFF00
0FFE00
03F800
ENDCHAR
STARTCHAR 0190
ENCODING 400
SWIDTH 600 0
DWIDTH 21 0
BBX 19 23 1 0
BITMAP
03F800
1FFE00
3FFF00
7FFF80
7C0FC0
7C07C0
7C0300
7C0000
7E0000
3FE000
0FE000
0FE000
3FE000
7C0000
780000
F80300
F803E0
FC07E0
7E0FC0
7FFFC0
3FFF80
1FFF00
07F800
ENDCHAR
STARTCHAR 0191
ENCODING 401
SWIDTH 600 0
DWIDTH 21 0
BBX 19 30 0 -7
BITMAP
1FFFE0
1FFFE0
1FFFE0
1FFFE0
1F0000
1F0000
1F0000
1F0000
1F0000
1F0000
1FFFE0
1FFFE0
1FFFE0
1FFFE0
1F0000
1F0000
1F0000
1F0000
1F0000
1F0000
1F0000
1F0000
1F0000
1F0000
1F0000
1F0000
FE0000
FE0000
FC0000
F80000
ENDCHAR
STARTCHAR 0192
ENCODING 402
SWIDTH 600 0
DWIDTH 21 0
BBX 16 30 3 -7
BITMAP
007F
01FF
03FF
07E0
07C0
07C0
07C0
7FFC
7FFC
7FFC
0F80
0F80
0F00
1F00
1F00
1F00
1F00
1E00
3E00
3E00
3E00
3E00
3C00
7C00
7C00
7C00
7C00
7800
F800
F800
ENDCHAR
STARTCHAR 0193
ENCODING 403
SWIDTH 600 0
DWIDTH 21 0
BBX 20 27 1 0
BITMAP
0001F0
0003F0
0003F0
0007F0
03F7C0
0FFFC0
1FFFC0
3FFFC0
3F0FC0
7E0FC0
7C0700
7C0000
7C0000
FC0000
FC7FC0
F87FC0
FC7FC0
FC7FC0
7C03C0
7C03C0
7C03C0
7E03C0
3F0FC0
3FFFC0
1FFF80
07FE00
03F800
ENDCHAR
STARTCHAR 0194
ENCODING 404
SWIDTH 600 0
DWIDTH 21 0
BBX 21 30 0 -7
BITMAP
FC00F8
7C01F0
7C01F0
3E03E0
3E03E0
3E03E0
1F07C0
1F07C0
0F8780
0F8F80
078F00
07CF00
03DF00
03DE00
03FE00
01FC00
01FC00
00F800
00F800
01FC00
01FC00
03DE00
03DE00
038F00
078F00
07CF00
07FF00
03FF00
03FE00
00F800
ENDCHAR
STARTCHAR 0195
ENCODING 405
SWIDTH 600 0
DWIDTH 21 0
BBX 19 25 1 0
BITMAP
F00000
F00000
F00000
F00000
F00000
F00000
F00000
F381E0
F7C1E0
F7E1E0
FFE1E0
F9E1E0
F8E1E0
F0E1E0
F0E1E0
F0E1E0
F0E1E0
F0E1E0
F0E1E0
F0F1E0
F0F3C0
F0FFC0
F07FC0
F07F80
F01F00
ENDCHAR
STARTCHAR 0196
ENCODING 406
SWIDTH 600 0
DWIDTH 21 0
BBX 15 23 3 0
BITMAP
FFFE
FFFE
FFFE
FFFE
07C0
07C0
07C0
07C0
07C0
07C0
07C0
07C0
07C0
07C0
07C0
07C0
07C0
07C0
07C0
FFFE
FFFE
FFFE
FFFE
ENDCHAR
STARTCHAR 0197
ENCODING 407
SWIDTH 600 0
DWIDTH 21 0
BBX 15 23 3 0
BITMAP
FFFE
FFFE
FFFE
FFFE
07C0
07C0
07C0
07C0
07C0
7FFC
7FFC
7FFC
7FFC
07C0
07C0
07C0
07C0
07C0
07C0
FFFE
FFFE
FFFE
FFFE
ENDCHAR
STARTCHAR 0198
ENCODING 408
SWIDTH 600 0
DWIDTH 21 0
BBX 19 23 2 0
BITMAP
1F8FC0
3F8FC0
7F9F80
7FBF00
FC7E00
F87C00
F8FC00
F9F800
FBF000
FBE000
FFE000
FFF000
FFF000
FEF800
FCFC00
FC7C00
F87E00
F83F00
F83F00
F81F80
F80F80
F80FC0
F807E0
ENDCHAR
STARTCHAR 0199
ENCODING 409
SWIDTH 600 0
DWIDTH 21 0
BBX 17 25 3 0
BITMAP
1F8000
7F8000
FF8000
FF8000
F80000
F80000
F80000
F81F00
F83E00
F87C00
F8F800
F9F000
FBE000
FFE000
FFC000
FFE000
FFF000
F9F000
F8F800
F87C00
F87C00
F83E00
F83E00
F81F00
F81F80
ENDCHAR
STARTCHAR 019A
ENCODING 410
SWIDTH 600 0
DWIDTH 21 0
BBX 18 25 2 0
BITMAP
3FF000
3FF000
3FF000
01F000
01F000
01F000
01F000
01F000
01F000
01F000
01F000
1FFE00
1FFE00
1FFE00
01F000
01F000
01F000
01F000
01F000
01F000
01F000
01F000
FFFFC0
FFFFC0
FFFFC0
ENDCHAR
STARTCHAR 019B
ENCODING 411
SWIDTH 600 0
DWIDTH 21 0
BBX 19 25 1 0
BITMAP
0FC800
07DC00
07FC00
07FC00
07F000
3FE000
7FF000
7DF000
21F800
03F800
03F800
03FC00
07BC00
07BE00
0FBE00
0F1E00
0F1F00
1F0F00
1E0F80
3E0F80
3E0780
3C07C0
7C07C0
7C03E0
F803E0
ENDCHAR
STARTCHAR 019C
ENCODING 412
SWIDTH 600 0
DWIDTH 21 0
BBX 19 23 1 0
BITMAP
F1E1E0
F1E1E0
F1E1E0
F1E1E0
F1E1E0
F1E1E0
F1E1E0
F1E1E0
F1E1E0
F1E1E0
F1E1E0
F1E1E0
F1E1E0
F1E1E0
F1E1E0
F1E3E0
F1E1E0
F1E3E0
F1F3E0
FBF3E0
7FFFE0
7E7DE0
3C79E0
ENDCHAR
STARTCHAR 019D
ENCODING 413
SWIDTH 600 0
DWIDTH 21 0
BBX 20 30 -1 -7
BITMAP
1F81F0
1FC1F0
1FC1F0
1FC1F0
1FE1F0
1FE1F0
1FE1F0
1EF1F0
1EF1F0
1F79F0
1F79F0
1F79F0
1F3DF0
1F3DF0
1F3DF0
1F1FF0
1F1EF0
1F0FF0
1F0FF0
1F0FF0
1F07F0
1F07F0
1F03F0
1F0000
1F0000
1F0000
FE0000
FE0000
FE0000
FC0000
ENDCHAR
STARTCHAR 019E
ENCODING 414
SWIDTH 600 0
DWIDTH 21 0
BBX 17 25 2 -7
BITMAP
F87C00
F9FE00
FBFF00
FFFF00
FE1F80
FC0F80
FC0F80
F80F80
F80F80
F80F80
F80F80
F80F80
F80F80
F80F80
F80F80
F80F80
F80F80
F80F80
000F80
000F80
000F80
000F80
000F80
000F80
000F80
ENDCHAR
STARTCHAR 019F
ENCODING 415
SWIDTH 600 0
DWIDTH 21 0
BBX 19 23 1 0
BITMAP
03F800
0FFE00
1FFF00
3FFF80
3F1F80
7E0FC0
7C07C0
7C07C0
FC07E0
FFFFE0
FFFFE0
FFFFE0
FFFFE0
F803E0
FC07E0
7C07C0
7C07C0
7E0FC0
3F1F80
3FFF80
1FFF00
0FFE00
03F800
ENDCHAR
STARTCHAR 01A0
ENCODING 416
SWIDTH 600 0
DWIDTH 21 0
BBX 21 24 1 0
BITMAP
000078
03F078
0FFC78
1FFE78
3FFF78
7E1F98
7C0F90
7C0FB0
7C07E0
FC07C0
F807C0
F807C0
F807C0
F807C0
F807C0
FC07C0
7C07C0
7C0FC0
7C0F80
7E1F80
3FFF00
1FFE00
0FFC00
03F000
ENDCHAR
STARTCHAR 01A1
ENCODING 417
SWIDTH 600 0
DWIDTH 21 0
BBX 20 18 2 0
BITMAP
07F0F0
1FF8F0
3FFEF0
7E7EF0
FC3F30
F81F30
F81F60
F81F60
F81FC0
F81F80
F81F00
F81F00
F81F00
FC3F00
7E7E00
3FFC00
1FF800
07E000
ENDCHAR
STARTCHAR 01A2
ENCODING 418
SWIDTH 600 0
DWIDTH 21 0
BBX 19 30 1 -7
BITMAP
07E1E0
1FFFE0
3FFFE0
3FFFE0
7C79E0
7879E0
F879E0
F079E0
F079E0
F079E0
F079E0
F079E0
F079E0
F079E0
F079E0
F079E0
F879E0
7879E0
7C79E0
3FF9E0
3FF9E0
1FF9E0
07E1E0
0001E0
0001E0
0001E0
0001E0
0001E0
0001E0
0001E0
ENDCHAR
STARTCHAR 01A3
ENCODING 419
SWIDTH 600 0
DWIDTH 21 0
BBX 19 25 1 -7
BITMAP
07E1E0
1FFFE0
3FFFE0
7C7FE0
F879E0
F079E0
F079E0
F079E0
F079E0
F079E0
F079E0
F079E0
F079E0
F879E0
7C79E0
3FF9E0
1FF9E0
07E1E0
0001E0
0001E0
0001E0
0001E0
0001E0
0001E0
0001E0
ENDCHAR
STARTCHAR 01A4
ENCODING 420
SWIDTH 600 0
DWIDTH 21 0
BBX 20 23 0 0
BITMAP
1FFE00
7FFF80
FFFFE0
FFFFE0
F7C3F0
F7C1F0
F7C1F0
F7C1F0
07C1F0
07C1F0
07C7F0
07FFE0
07FFC0
07FF80
07FE00
07C000
07C000
07C000
07C000
07C000
07C000
07C000
07C000
ENDCHAR
STARTCHAR 01A5
ENCODING 421
SWIDTH 600 0
DWIDTH 21 0
BBX 16 32 3 -7
BITMAP
3F80
7F80
FF80
FF80
F980
F000
F000
F1F0
F3FC
F7FE
FE7E
F83F
F81F
F81F
F01F
F01F
F01F
F01F
F81F
F81F
F83F
FE7E
F7FE
F7FC
F1F0
F000
F000
F000
F000
F000
F000
F000
ENDCHAR
STARTCHAR 01A6
ENCODING 422
SWIDTH 600 0
DWIDTH 21 0
BBX 18 28 2 -5
BITMAP
F80000
F80000
F80000
FFF800
FFFE00
FFFF00
FFFF80
F81F80
F80FC0
F807C0
F807C0
F80FC0
F81F80
FFFF80
FFFF00
FFFC00
FFF800
F8F800
F87C00
F87C00
F83E00
F83E00
F81F00
001F00
000F80
000F80
0007C0
0007C0
ENDCHAR
STARTCHAR 01A7
ENCODING 423
SWIDTH 600 0
DWIDTH 21 0
BBX 19 23 1 0
BITMAP
03F800
0FFF00
3FFF80
3FFFC0
7E07C0
7C07C0
7C07C0
0007C0
001FC0
01FF80
0FFF00
3FFE00
7FF000
7F8000
FC0000
F80000
F803E0
F803E0
FC07E0
7FFFC0
3FFF80
1FFF00
07FC00
ENDCHAR
STARTCHAR 01A8
ENCODING 424
SWIDTH 600 0
DWIDTH 21 0
BBX 17 18 2 0
BITMAP
07F000
1FFC00
3FFE00
7E3F00
780F00
000F00
003F00
07FF00
1FFE00
7FF800
7FC000
FC0000
F80700
F80F80
FC1F00
7FFF00
3FFE00
0FF000
ENDCHAR
STARTCHAR 01A9
ENCODING 425
SWIDTH 600 0
DWIDTH 21 0
BBX 18 23 2 0
BITMAP
FFFF80
FFFF80
FFFF80
FFFF80
7C0000
3E0000
1F0000
0F8000
07E000
03F000
01F000
01F000
03E000
07C000
0F8000
1F0000
3F0000
7E0000
FC0000
FFFFC0
FFFFC0
FFFFC0
FFFFC0
ENDCHAR
STARTCHAR 01AA
ENCODING 426
SWIDTH 600 0
DWIDTH 21 0
BBX 14 32 3 -7
BITMAP
3E00
7F00
E780
C780
C7C0
7FC0
3FC0
07C0
07C0
07C0
07C0
07C0
07C0
07C0
07C0
07C0
07C0
07C0
07C0
07C0
07C0
07C0
07C0
07C0
07C0
07C0
07C0
07C0
07FC
03FC
03FC
00FC
ENDCHAR
STARTCHAR 01AB
ENCODING 427
SWIDTH 600 0
DWIDTH 21 0
BBX 15 30 3 -7
BITMAP
0E00
0E00
0E00
1E00
1E00
FFFC
FFFC
FFFC
1E00
1E00
1E00
1E00
1E00
1E00
1E00
1E00
1E00
1E00
1F00
1F86
1FFE
0FFE
03FE
003E
003E
003E
01FC
01FC
01F8
01F0
ENDCHAR
STARTCHAR 01AC
ENCODING 428
SWIDTH 600 0
DWIDTH 21 0
BBX 20 23 0 0
BITMAP
1FFFF0
7FFFF0
FFFFF0
FFFFF0
F0F800
F0F800
F0F800
F0F800
00F800
00F800
00F800
00F800
00F800
00F800
00F800
00F800
00F800
00F800
00F800
00F800
00F800
00F800
00F800
ENDCHAR
STARTCHAR 01AD
ENCODING 429
SWIDTH 600 0
DWIDTH 21 0
BBX 15 25 3 0
BITMAP
03FC
0FFE
1FFE
1F86
1F00
1E00
1E00
FFFC
FFFC
FFFC
1E00
1E00
1E00
1E00
1E00
1E00
1E00
1E00
1E00
1E00
1F00
1F86
1FFE
0FFE
03FC
ENDCHAR
STARTCHAR 01AE
ENCODING 430
SWIDTH 600 0
DWIDTH 21 0
BBX 19 30 1 -7
BITMAP
FFFFE0
FFFFE0
FFFFE0
FFFFE0
01F000
01F000
01F000
01F000
01F000
01F000
01F000
01F000
01F000
01F000
01F000
01F000
01F000
01F000
01F000
01F000
01F000
01F000
01F000
01F000
01F000
01F000
01FF00
00FF00
00FF00
003F00
ENDCHAR
STARTCHAR 01AF
ENCODING 431
SWIDTH 600 0
DWIDTH 21 0
BBX 21 24 2 0
BITMAP
000078
F81F78
F81F78
F81F78
F81F10
F81F30
F81F30
F81F30
F81F70
F81FE0
F81FC0
F81F00
F81F00
F81F00
F81F00
F81F00
F81F00
F83F00
7C3E00
7C7E00
7FFE00
3FFC00
1FF800
0FE000
ENDCHAR
STARTCHAR 01B0
ENCODING 432
SWIDTH 600 0
DWIDTH 21 0
BBX 20 18 2 0
BITMAP
F81E70
F81E70
F81E70
F81E70
F81E30
F81E30
F81E30
F81E30
F81E60
F81FE0
F83F80
F83E00
F83E00
FC7E00
7FDE00
7FDE00
3F9E00
1F1E00
ENDCHAR
STARTCHAR 01B1
ENCODING 433
SWIDTH 600 0
DWIDTH 21 0
BBX 19 23 1 0
BITMAP
FF1FE0
FF1FE0
FF1FE0
FF1FE0
0F1E00
1F1F00
3E0F80
3C0780
7C07C0
7803C0
F803E0
F803E0
F803E0
F803E0
F803E0
F803E0
7C07C0
7C07C0
7E0FC0
3FFF80
1FFF00
0FFE00
03F800
ENDCHAR
STARTCHAR 01B2
ENCODING 434
SWIDTH 600 0
DWIDTH 21 0
BBX 18 23 2 0
BITMAP
F87E00
F87F00
F87F80
F87FC0
F80FC0
F807C0
F807C0
F807C0
F807C0
F807C0
F807C0
F807C0
F807C0
F807C0
F807C0
F807C0
F80F80
F80F80
FC1F80
7FFF00
7FFE00
1FFC00
0FF000
ENDCHAR
STARTCHAR 01B3
ENCODING 435
SWIDTH 600 0
DWIDTH 21 0
BBX 21 23 0 0
BITMAP
FC07E0
7C0FF0
7C0FF8
3E1FF0
3E1F20
3E1E00
1F3E00
1F3C00
0F7C00
0FF800
07F800
07F800
03F000
03F000
03E000
03E000
03E000
03E000
03E000
03E000
03E000
03E000
03E000
ENDCHAR
STARTCHAR 01B4
ENCODING 436
SWIDTH 600 0
DWIDTH 21 0
BBX 24 32 0 -7
BITMAP
00003E
00007F
0000FF
0001FE
0001F2
0001E0
0003E0
FC03C0
7C03C0
7C07C0
3E0780
3E0780
1E0F80
1F0F00
1F0F00
0F0F00
0F9E00
079E00
079E00
07FC00
03FC00
03FC00
01F800
01F800
00F000
01F000
01F000
03E000
3FE000
3FC000
3F8000
3F0000
ENDCHAR
STARTCHAR 01B5
ENCODING 437
SWIDTH 600 0
DWIDTH 21 0
BBX 18 23 1 0
BITMAP
3FFFC0
3FFFC0
3FFFC0
3FFFC0
000F80
001F00
003E00
007E00
00FC00
FFFFC0
FFFFC0
FFFFC0
07E000
07C000
0FC000
1F8000
1F0000
3E0000
7E0000
FFFFC0
FFFFC0
FFFFC0
FFFFC0
ENDCHAR
STARTCHAR 01B6
ENCODING 438
SWIDTH 600 0
DWIDTH 21 0
BBX 16 18 2 0
BITMAP
7FFF
7FFF
7FFF
003E
007C
00F8
01F0
FFFF
FFFF
FFFF
0F80
1F00
3F00
7E00
FFFF
FFFF
FFFF
FFFF
ENDCHAR
STARTCHAR 01B7
ENCODING 439
SWIDTH 600 0
DWIDTH 21 0
BBX 19 30 1 -7
BITMAP
FFFFC0
FFFFC0
FFFFC0
FFFFC0
000F80
001F00
003E00
007C00
00F800
01F000
03E000
07FC00
07FF00
07FF80
07FFC0
000FC0
0007E0
0003E0
0003E0
0003E0
0003E0
0003E0
1003E0
F803E0
F807C0
FE0FC0
7FFF80
3FFF00
1FFE00
07F800
ENDCHAR
STARTCHAR 01B8
ENCODING 440
SWIDTH 600 0
DWIDTH 21 0
BBX 19 30 1 -7
BITMAP
7FFFE0
7FFFE0
7FFFE0
7FFFE0
3E0000
1F0000
0F8000
07C000
03E000
01F000
00FC00
03FC00
1FFC00
3FFC00
7FFC00
7E0000
FC0000
F80000
F80000
F80000
F80000
F80000
F80100
F803E0
7C03E0
7E0FE0
3FFFC0
1FFF80
0FFF00
03FC00
ENDCHAR
STARTCHAR 01B9
ENCODING 441
SWIDTH 600 0
DWIDTH 21 0
BBX 17 25 2 -7
BITMAP
7FFF00
7FFF00
7FFF00
7E0000
3F0000
1F8000
0FC000
07E000
03F000
03F000
1FF000
3FF000
7E0000
7C0000
F80000
F80000
F80000
F80000
F80000
F80F80
7C0F80
7F3F80
3FFF00
1FFE00
07F000
ENDCHAR
STARTCHAR 01BA
ENCODING 442
SWIDTH 600 0
DWIDTH 21 0
BBX 17 25 2 -7
BITMAP
FFFF00
FFFF00
FFFF00
003E00
00FC00
01F000
03E000
07C000
0FFE00
0FFF00
001F00
000F80
000F80
003F00
03FF00
1FFE00
3FF000
7F8000
FC0000
F80F00
F80F80
7E3F00
7FFE00
3FFC00
0FF000
ENDCHAR
STARTCHAR 01BB
ENCODING 443
SWIDTH 600 0
DWIDTH 21 0
BBX 17 23 2 0
BITMAP
07F000
1FFC00
3FFE00
7FFF00
7C1F00
7C0F80
F80F80
001F00
001F00
003F00
007E00
FFFF00
FFFF00
FFFF00
0FE000
1F8000
3F0000
3E0000
7C0000
FFFF80
FFFF80
FFFF80
FFFF80
ENDCHAR
STARTCHAR 01BC
ENCODING 444
SWIDTH 600 0
DWIDTH 21 0
BBX 17 23 2 0
BITMAP
FFFF80
FFFF80
FFFF80
FFFF80
1F0000
1F0000
1F0000
1F0000
1FF000
1FFC00
1FFF00
1FFF00
001F80
000F80
000F80
000F80
F80F80
F80F80
FC1F80
7FFF00
3FFE00
1FFC00
07F000
ENDCHAR
STARTCHAR 01BD
ENCODING 445
SWIDTH 600 0
DWIDTH 21 0
BBX 17 18 2 0
BITMAP
FFFF00
FFFF00
FFFF00
1E0000
1E0000
1E0000
1FF800
1FFE00
1FFF00
001F80
000F80
000F80
F80F80
7C0F80
7E3F80
3FFF00
1FFE00
07F800
ENDCHAR
STARTCHAR 01BE
ENCODING 446
SWIDTH 600 0
DWIDTH 21 0
BBX 19 22 0 0
BITMAP
0F0000
0F0000
0F0000
1F0000
FFE000
FFE000
FFE000
1F0000
1F0000
1F0000
1FC000
0FFC00
0FFF80
03FFC0
003FC0
0003E0
0003E0
3E03E0
3F07C0
1FFFC0
0FFF80
03FE00
ENDCHAR
STARTCHAR 01BF
ENCODING 447
SWIDTH 600 0
DWIDTH 21 0
BBX 18 25 2 -7
BITMAP
F8FC00
FBFE00
FFFF00
FF3F80
FC0F80
FC0FC0
F807C0
F807C0
F807C0
F807C0
F80F80
F80F80
F80F80
F81F00
F83F00
F87E00
F8FC00
FBF800
FFE000
FFC000
FF0000
F80000
F80000
F80000
F80000
ENDCHAR
STARTCHAR 01C0
ENCODING 448
SWIDTH 600 0
DWIDTH 21 0
BBX 5 25 8 0
BITMAP
F8
F8
F8
F8
F8
F8
F8
F8
F8
F8
F8
F8
F8
F8
F8
F8
F8
F8
F8
F8
F8
F8
F8
F8
F8
ENDCHAR
STARTCHAR 01C1
ENCODING 449
SWIDTH 600 0
DWIDTH 21 0
BBX 11 25 5 0
BITMAP
F1E0
F1E0
F1E0
F1E0
F1E0
F1E0
F1E0
F1E0
F1E0
F1E0
F1E0
F1E0
F1E0
F1E0
F1E0
F1E0
F1E0
F1E0
F1E0
F1E0
F1E0
F1E0
F1E0
F1E0
F1E0
ENDCHAR
STARTCHAR 01C2
ENCODING 450
SWIDTH 600 0
DWIDTH 21 0
BBX 17 25 2 0
BITMAP
03E000
03E000
03E000
03E000
03E000
03E000
03E000
FFFF80
FFFF80
FFFF80
FFFF80
03E000
03E000
03E000
03E000
FFFF80
FFFF80
FFFF80
FFFF80
03E000
03E000
03E000
03E000
03E000
03E000
ENDCHAR
STARTCHAR 01C3
ENCODING 451
SWIDTH 600 0
DWIDTH 21 0
BBX 5 23 8 0
BITMAP
F8
F8
F8
F8
F8
F8
F8
F8
F8
F8
F8
F8
F8
F8
F8
78
00
00
F8
F8
F8
F8
F8
ENDCHAR
STARTCHAR 01C4
ENCODING 452
SWIDTH 600 0
DWIDTH 21 0
BBX 21 29 1 0
BITMAP
007038
0038F0
001FE0
001FC0
000F80
000000
FC3FF0
FE3FF0
FF3FF0
FF3FF0
E781E0
E781E0
E383C0
E383C0
E3C7C0
E3C780
E3C780
E3CF80
E3CF00
E3CF00
E3DF00
E39E00
E39E00
E7BC00
E7BC00
FF7FF0
FF7FF0
FE7FF0
FC7FF0
ENDCHAR
STARTCHAR 01C5
ENCODING 453
SWIDTH 600 0
DWIDTH 21 0
BBX 21 25 1 0
BITMAP
00F078
0078F0
FC3FE0
FE1FC0
FF0F80
FF8000
E78000
E7BFE0
E3BFE0
E3BFE0
E3C1E0
E3C3E0
E3C3C0
E3C7C0
E3C780
E3C780
E3CF00
E38F00
E39F00
E79E00
E7BE00
FF3FE0
FF3FE0
FE3FE0
FC3FE0
ENDCHAR
STARTCHAR 01C6
ENCODING 454
SWIDTH 600 0
DWIDTH 21 0
BBX 23 25 0 0
BITMAP
01FC1E
01DE3C
01CFF8
01C7F0
01C3E0
01C000
01C000
1DCFF0
3FCFF0
7FCFF0
7BC0F0
73C0F0
71C1E0
F1C1E0
F1C3C0
F1C3C0
F1C380
F1C780
F1C700
73CF00
73CE00
7BDFF8
7FDFF8
3FDFF8
1DDFF8
ENDCHAR
STARTCHAR 01C7
ENCODING 455
SWIDTH 600 0
DWIDTH 21 0
BBX 19 23 1 0
BITMAP
F001E0
F001E0
F001E0
F001E0
F001E0
F001E0
F001E0
F001E0
F001E0
F001E0
F001E0
F001E0
F001E0
F001E0
F001E0
F001E0
F001E0
F001E0
F003C0
FFDFC0
FFDFC0
FFDF80
FFDF00
ENDCHAR
STARTCHAR 01C8
ENCODING 456
SWIDTH 600 0
DWIDTH 21 0
BBX 18 32 1 -7
BITMAP
0003C0
0003C0
F003C0
F003C0
F00000
F00000
F00000
F01FC0
F01FC0
F01FC0
F003C0
F003C0
F003C0
F003C0
F003C0
F003C0
F003C0
F003C0
F003C0
F003C0
F003C0
FFC3C0
FFC3C0
FFC3C0
FFC3C0
0003C0
0003C0
0003C0
003FC0
003F80
003F80
003E00
ENDCHAR
STARTCHAR 01C9
ENCODING 457
SWIDTH 600 0
DWIDTH 21 0
BBX 19 32 0 -7
BITMAP
7F00E0
7F00E0
7F00E0
0F00E0
0F0000
0F0000
0F0000
0F0FE0
0F0FE0
0F0FE0
0F00E0
0F00E0
0F00E0
0F00E0
0F00E0
0F00E0
0F00E0
0F00E0
0F00E0
0F00E0
0F00E0
0F00E0
FFF0E0
FFF0E0
FFF0E0
0001E0
0001E0
0001E0
001FE0
001FE0
001FC0
001F00
ENDCHAR
STARTCHAR 01CA
ENCODING 458
SWIDTH 600 0
DWIDTH 21 0
BBX 19 23 1 0
BITMAP
F9C1E0
F9C1E0
F9C1E0
F9C1E0
F9C1E0
F9C1E0
FDC1E0
FDC1E0
FDC1E0
FDC1E0
FDC1E0
FDC1E0
FFC1E0
FFC1E0
FFC1E0
F7C1E0
F7C1E0
F7C1E0
F7C3C0
F7DFC0
F7DFC0
F3DF80
F3DF00
ENDCHAR
STARTCHAR 01CB
ENCODING 459
SWIDTH 600 0
DWIDTH 21 0
BBX 17 32 2 -7
BITMAP
000780
000780
F1C780
F9C780
F9C000
F9C000
F9C000
F9DF80
F9DF80
FDDF80
FDC780
FDC780
FDC780
FDC780
FDC780
FFC780
FFC780
FFC780
F7C780
F7C780
F7C780
F7C780
F7C780
F7C780
F3C780
000780
000780
000F80
00FF00
00FF00
00FE00
00FC00
ENDCHAR
STARTCHAR 01CC
ENCODING 460
SWIDTH 600 0
DWIDTH 21 0
BBX 18 32 1 -7
BITMAP
0003C0
0003C0
0003C0
0003C0
000000
000000
000000
F3CFC0
FFEFC0
FFEFC0
FDE3C0
F9F3C0
F8F3C0
F0F3C0
F0F3C0
F0F3C0
F0F3C0
F0F3C0
F0F3C0
F0F3C0
F0F3C0
F0F3C0
F0F3C0
F0F3C0
F0F3C0
0003C0
0003C0
0003C0
003FC0
003F80
003F80
003E00
ENDCHAR
STARTCHAR 01CD
ENCODING 461
SWIDTH 600 0
DWIDTH 21 0
BBX 21 29 0 0
BITMAP
0F0780
078F00
03FE00
01FC00
00F800
000000
01FC00
01FC00
01FC00
03DE00
03DE00
03DE00
07DF00
078F00
078F00
0F8F80
0F8F80
0F0780
1F07C0
1F07C0
1FFFC0
3FFFE0
3FFFE0
3FFFE0
7C01F0
7C01F0
7C01F0
FC00F8
F800F8
ENDCHAR
STARTCHAR 01CE
ENCODING 462
SWIDTH 600 0
DWIDTH 21 0
BBX 18 25 2 0
BITMAP
3C1E00
1E3C00
0FF800
07F000
03E000
000000
000000
07F000
1FFC00
3FFE00
7E3E00
7C3E00
001F00
001F00
0FFF00
3FFF00
7FFF00
FC1F00
F81F00
F83F00
F83F00
FCFF00
FFEFC0
7FCFC0
1F07C0
ENDCHAR
STARTCHAR 01CF
ENCODING 463
SWIDTH 600 0
DWIDTH 21 0
BBX 15 29 3 0
BITMAP
783C
3C78
1FF0
0FE0
07C0
0000
FFFE
FFFE
FFFE
FFFE
07C0
07C0
07C0
07C0
07C0
07C0
07C0
07C0
07C0
07C0
07C0
07C0
07C0
07C0
07C0
FFFE
FFFE
FFFE
FFFE
ENDCHAR
STARTCHAR 01D0
ENCODING 464
SWIDTH 600 0
DWIDTH 21 0
BBX 18 25 2 0
BITMAP
1C0E00
0F3C00
07F800
03F000
03E000
000000
000000
3FF000
3FF000
3FF000
01F000
01F000
01F000
01F000
01F000
01F000
01F000
01F000
01F000
01F000
01F000
01F000
FFFFC0
FFFFC0
FFFFC0
ENDCHAR
STARTCHAR 01D1
ENCODING 465
SWIDTH 600 0
DWIDTH 21 0
BBX 19 29 1 0
BITMAP
1E0F00
0F1E00
07FC00
03F800
01F000
000000
03F800
0FFE00
1FFF00
3FFF80
3F1F80
7E0FC0
7C07C0
7C07C0
FC07E0
F803E0
F803E0
F803E0
F803E0
F803E0
FC07E0
7C07C0
7C07C0
7E0FC0
3F1F80
3FFF80
1FFF00
0FFE00
03F800
ENDCHAR
STARTCHAR 01D2
ENCODING 466
SWIDTH 600 0
DWIDTH 21 0
BBX 17 25 2 0
BITMAP
3C1E00
1E3C00
0FF800
07F000
03E000
000000
000000
07F000
1FFC00
3FFE00
7F3F00
FC1F80
F80F80
F80F80
F80F80
F80F80
F80F80
F80F80
F80F80
F80F80
FC1F80
7E3F00
3FFE00
1FFC00
07F000
ENDCHAR
STARTCHAR 01D3
ENCODING 467
SWIDTH 600 0
DWIDTH 21 0
BBX 17 29 2 0
BITMAP
3C1E00
1E3C00
0FF800
07F000
03E000
000000
F80F80
F80F80
F80F80
F80F80
F80F80
F80F80
F80F80
F80F80
F80F80
F80F80
F80F80
F80F80
F80F80
F80F80
F80F80
F80F80
F81F80
7C1F00
7E3F00
7FFF00
3FFE00
1FFC00
07F000
ENDCHAR
STARTCHAR 01D4
ENCODING 468
SWIDTH 600 0
DWIDTH 21 0
BBX 16 25 2 0
BITMAP
3C1E
1E3C
0FF8
07F0
03E0
0000
0000
F80F
F80F
F80F
F80F
F80F
F80F
F80F
F80F
F80F
F80F
F80F
F81F
FC1F
FC3F
7FEF
7FEF
3FCF
1F0F
ENDCHAR
STARTCHAR 01D5
ENCODING 469
SWIDTH 600 0
DWIDTH 21 0
BBX 17 31 2 0
BITMAP
1FFC00
1FFC00
000000
0E3800
0E3800
0E3800
000000
000000
F80F80
F80F80
F80F80
F80F80
F80F80
F80F80
F80F80
F80F80
F80F80
F80F80
F80F80
F80F80
F80F80
F80F80
F80F80
F80F80
F81F80
7C1F00
7E3F00
7FFF00
3FFE00
1FFC00
07F000
ENDCHAR
STARTCHAR 01D6
ENCODING 470
SWIDTH 600 0
DWIDTH 21 0
BBX 16 29 2 0
BITMAP
1FFC
1FFC
1FFC
0000
1E3C
1E3C
1E3C
1E3C
0000
0000
0000
F80F
F80F
F80F
F80F
F80F
F80F
F80F
F80F
F80F
F80F
F80F
F81F
FC1F
FC3F
7FEF
7FEF
3FCF
1F0F
ENDCHAR
STARTCHAR 01D7
ENCODING 471
SWIDTH 600 0
DWIDTH 21 0
BBX 17 31 2 0
BITMAP
00F800
00E000
01C000
0E3800
0E3800
0E3800
000000
000000
F80F80
F80F80
F80F80
F80F80
F80F80
F80F80
F80F80
F80F80
F80F80
F80F80
F80F80
F80F80
F80F80
F80F80
F80F80
F80F80
F81F80
7C1F00
7E3F00
7FFF00
3FFE00
1FFC00
07F000
ENDCHAR
STARTCHAR 01D8
ENCODING 472
SWIDTH 600 0
DWIDTH 21 0
BBX 16 30 2 0
BITMAP
003C
0078
00F0
01E0
0380
1E3C
1E3C
1E3C
1E3C
0000
0000
0000
F80F
F80F
F80F
F80F
F80F
F80F
F80F
F80F
F80F
F80F
F80F
F81F
FC1F
FC3F
7FEF
7FEF
3FCF
1F0F
ENDCHAR
STARTCHAR 01D9
ENCODING 473
SWIDTH 600 0
DWIDTH 21 0
BBX 17 31 2 0
BITMAP
0E3800
07F000
01C000
0E3800
0E3800
0E3800
000000
000000
F80F80
F80F80
F80F80
F80F80
F80F80
F80F80
F80F80
F80F80
F80F80
F80F80
F80F80
F80F80
F80F80
F80F80
F80F80
F80F80
F81F80
7C1F00
7E3F00
7FFF00
3FFE00
1FFC00
07F000
ENDCHAR
STARTCHAR 01DA
ENCODING 474
SWIDTH 600 0
DWIDTH 21 0
BBX 16 30 2 0
BITMAP
3C1E
1E3C
0F78
07F0
03E0
1E3C
1E3C
1E3C
1E3C
0000
0000
0000
F80F
F80F
F80F
F80F
F80F
F80F
F80F
F80F
F80F
F80F
F80F
F81F
FC1F
FC3F
7FEF
7FEF
3FCF
1F0F
ENDCHAR
STARTCHAR 01DB
ENCODING 475
SWIDTH 600 0
DWIDTH 21 0
BBX 17 31 2 0
BITMAP
0F8000
038000
01C000
0E3800
0E3800
0E3800
000000
000000
F80F80
F80F80
F80F80
F80F80
F80F80
F80F80
F80F80
F80F80
F80F80
F80F80
F80F80
F80F80
F80F80
F80F80
F80F80
F80F80
F81F80
7C1F00
7E3F00
7FFF00
3FFE00
1FFC00
07F000
ENDCHAR
STARTCHAR 01DC
ENCODING 476
SWIDTH 600 0
DWIDTH 21 0
BBX 16 30 2 0
BITMAP
1F00
0F80
07C0
03E0
00E0
1E3C
1E3C
1E3C
1E3C
0000
0000
0000
F80F
F80F
F80F
F80F
F80F
F80F
F80F
F80F
F80F
F80F
F80F
F81F
FC1F
FC3F
7FEF
7FEF
3FCF
1F0F
ENDCHAR
STARTCHAR 01DD
ENCODING 477
SWIDTH 600 0
DWIDTH 21 0
BBX 17 18 2 0
BITMAP
07F000
1FFC00
7FFE00
7E3F00
F81F00
000F80
000F80
000F80
FFFF80
FFFF80
FFFF80
F00F80
F80F80
781F00
7C3F00
3FFE00
1FFC00
07F000
ENDCHAR
STARTCHAR 01DE
ENCODING 478
SWIDTH 600 0
DWIDTH 21 0
BBX 21 31 0 0
BITMAP
07FF00
07FF00
000000
038E00
038E00
038E00
000000
000000
01FC00
01FC00
01FC00
03DE00
03DE00
03DE00
07DF00
078F00
078F00
0F8F80
0F8F80
0F0780
1F07C0
1F07C0
1FFFC0
3FFFE0
3FFFE0
3FFFE0
7C01F0
7C01F0
7C01F0
FC00F8
F800F8
ENDCHAR
STARTCHAR 01DF
ENCODING 479
SWIDTH 600 0
DWIDTH 21 0
BBX 18 29 2 0
BITMAP
1FF800
1FF800
1FF800
000000
1C3C00
1C3C00
1C3C00
1C3C00
000000
000000
000000
07F000
1FFC00
3FFE00
7E3E00
7C3E00
001F00
001F00
0FFF00
3FFF00
7FFF00
FC1F00
F81F00
F83F00
F83F00
FCFF00
FFEFC0
7FCFC0
1F07C0
ENDCHAR
STARTCHAR 01E0
ENCODING 480
SWIDTH 600 0
DWIDTH 21 0
BBX 21 31 0 0
BITMAP
07FF00
07FF00
000000
007000
007000
007000
000000
000000
01FC00
01FC00
01FC00
03DE00
03DE00
03DE00
07DF00
078F00
078F00
0F8F80
0F8F80
0F0780
1F07C0
1F07C0
1FFFC0
3FFFE0
3FFFE0
3FFFE0
7C01F0
7C01F0
7C01F0
FC00F8
F800F8
ENDCHAR
STARTCHAR 01E1
ENCODING 481
SWIDTH 600 0
DWIDTH 21 0
BBX 18 29 2 0
BITMAP
1FF800
1FF800
1FF800
000000
000000
03E000
03E000
03E000
03E000
000000
000000
07F000
1FFC00
3FFE00
7E3E00
7C3E00
001F00
001F00
0FFF00
3FFF00
7FFF00
FC1F00
F81F00
F83F00
F83F00
FCFF00
FFEFC0
7FCFC0
1F07C0
ENDCHAR
STARTCHAR 01E2
ENCODING 482
SWIDTH 600 0
DWIDTH 21 0
BBX 21 29 0 0
BITMAP
00FFC0
00FFC0
00FFC0
000000
000000
000000
03FFF0
03FFF0
03FFF0
07DE00
079E00
079E00
079E00
0F9E00
0F1E00
0F1FF0
1F1FF0
1E1FF0
1E1E00
1FFE00
3FFE00
3FFE00
3C1E00
3C1E00
7C1E00
781E00
781FF8
F81FF8
F81FF8
ENDCHAR
STARTCHAR 01E3
ENCODING 483
SWIDTH 600 0
DWIDTH 21 0
BBX 21 24 0 0
BITMAP
03FF00
03FF00
03FF00
000000
000000
000000
0F8780
3FDFE0
3FFFE0
7CF8F0
78F870
00F070
00F070
1FFFF8
3FFFF8
7FFFF8
78F000
F0F000
F0F000
F0F860
71FCF0
7F9FE0
7F1FE0
1E0F80
ENDCHAR
STARTCHAR 01E4
ENCODING 484
SWIDTH 600 0
DWIDTH 21 0
BBX 20 23 1 0
BITMAP
03F800
0FFE00
1FFF00
3FFF80
3F0F80
7E0FC0
7C0700
7C0000
7C0000
FC0000
FC7FC0
F87FC0
FC7FC0
FC7FC0
7C03C0
7C7FF0
7C7FF0
7E7FF0
3F0FC0
3FFFC0
1FFF80
07FE00
03F800
ENDCHAR
STARTCHAR 01E5
ENCODING 485
SWIDTH 600 0
DWIDTH 21 0
BBX 19 25 1 -7
BITMAP
07E7C0
0FF7C0
1FFFC0
3FBFC0
3E0FC0
7E07C0
7C07C0
7C07C0
7C07C0
7C07C0
7C07C0
7E07C0
3E0FC0
3FBFC0
1FFFC0
1FF7C0
07C7C0
0007C0
FFFFE0
FFFFE0
3E0F80
3F1F80
1FFF00
0FFE00
03F800
ENDCHAR
STARTCHAR 01E6
ENCODING 486
SWIDTH 600 0
DWIDTH 21 0
BBX 18 29 1 0
BITMAP
1E0F00
0F1E00
07FC00
03F800
01F000
000000
03F800
0FFE00
1FFF00
3FFF80
3F0F80
7E0FC0
7C0700
7C0000
7C0000
FC0000
FC7FC0
F87FC0
FC7FC0
FC7FC0
7C03C0
7C03C0
7C03C0
7E03C0
3F0FC0
3FFFC0
1FFF80
07FE00
03F800
ENDCHAR
STARTCHAR 01E7
ENCODING 487
SWIDTH 600 0
DWIDTH 21 0
BBX 17 32 2 -7
BITMAP
3C1E00
1E3C00
0FF800
07F000
03E000
000000
000000
0F8F80
1FEF80
3FFF80
7F7F80
7C1F80
FC0F80
F80F80
F80F80
F80F80
F80F80
F80F80
F80F80
FC0F80
7C1F80
7F7F80
3FFF80
1FEF80
0F8F80
000F80
000F80
7C1F00
7E3F00
3FFE00
1FFC00
07F000
ENDCHAR
STARTCHAR 01E8
ENCODING 488
SWIDTH 600 0
DWIDTH 21 0
BBX 19 29 2 0
BITMAP
3C1E00
1E3C00
0FF800
07F000
03E000
000000
F80FC0
F80FC0
F81F80
F83F00
F83E00
F87C00
F8FC00
F9F800
F9F000
FBE000
FFE000
FFF000
FFF000
FFF800
FEFC00
FC7C00
F87E00
F83F00
F83F00
F81F80
F80F80
F80FC0
F807E0
ENDCHAR
STARTCHAR 01E9
ENCODING 489
SWIDTH 600 0
DWIDTH 21 0
BBX 17 29 3 0
BITMAP
381C00
1E7800
1FF000
0FE000
07C000
000000
F80000
F80000
F80000
F80000
F80000
F81F00
F83E00
F87C00
F8F800
F9F000
FBE000
FBE000
FFC000
FFE000
FFF000
FDF000
F8F800
F8FC00
F87C00
F83E00
F83E00
F81F00
F81F80
ENDCHAR
STARTCHAR 01EA
ENCODING 490
SWIDTH 600 0
DWIDTH 21 0
BBX 19 30 1 -7
BITMAP
03F800
0FFE00
1FFF00
3FFF80
3F1F80
7E0FC0
7C07C0
7C07C0
FC07E0
F803E0
F803E0
F803E0
F803E0
F803E0
FC07E0
7C07C0
7C07C0
7E0FC0
3F1F80
3FFF80
1FFF00
0FFE00
03F800
003000
007000
00E000
00E000
00F600
00FE00
007C00
ENDCHAR
STARTCHAR 01EB
ENCODING 491
SWIDTH 600 0
DWIDTH 21 0
BBX 17 25 2 -7
BITMAP
07F000
1FFC00
3FFE00
7F3F00
FC1F80
F80F80
F80F80
F80F80
F80F80
F80F80
F80F80
F80F80
F80F80
FC1F80
7E3F00
3FFE00
1FFC00
07F000
006000
00E000
01C000
01C000
01EC00
01FC00
00F800
ENDCHAR
STARTCHAR 01EC
ENCODING 492
SWIDTH 600 0
DWIDTH 21 0
BBX 19 36 1 -7
BITMAP
0FFE00
0FFE00
0FFE00
000000
000000
000000
03F800
0FFE00
1FFF00
3FFF80
3F1F80
7E0FC0
7C07C0
7C07C0
FC07E0
F803E0
F803E0
F803E0
F803E0
F803E0
FC07E0
7C07C0
7C07C0
7E0FC0
3F1F80
3FFF80
1FFF00
0FFE00
03F800
003000
007000
00E000
00E000
00F600
00FE00
007C00
ENDCHAR
STARTCHAR 01ED
ENCODING 493
SWIDTH 600 0
DWIDTH 21 0
BBX 17 31 2 -7
BITMAP
1FFC00
1FFC00
1FFC00
000000
000000
000000
07F000
1FFC00
3FFE00
7F3F00
FC1F80
F80F80
F80F80
F80F80
F80F80
F80F80
F80F80
F80F80
F80F80
FC1F80
7E3F00
3FFE00
1FFC00
07F000
006000
00E000
01C000
01C000
01EC00
01FC00
00F800
ENDCHAR
STARTCHAR 01EE
ENCODING 494
SWIDTH 600 0
DWIDTH 21 0
BBX 19 36 1 -7
BITMAP
1E0F00
0F1E00
07FC00
03F800
01F000
000000
FFFFC0
FFFFC0
FFFFC0
FFFFC0
000F80
001F00
003E00
007C00
00F800
01F000
03E000
07FC00
07FF00
07FF80
07FFC0
000FC0
0007E0
0003E0
0003E0
0003E0
0003E0
0003E0
1003E0
F803E0
F807C0
FE0FC0
7FFF80
3FFF00
1FFE00
07F800
ENDCHAR
STARTCHAR 01EF
ENCODING 495
SWIDTH 600 0
DWIDTH 21 0
BBX 17 32 2 -7
BITMAP
3C1E00
1E3C00
0FF800
07F000
03E000
000000
000000
7FFF00
7FFF00
7FFF00
003F00
007E00
00FC00
01F800
03E000
07C000
07F000
07FC00
07FE00
003F00
001F80
000F80
000F80
000F80
000F80
F00F80
F80F80
F81F00
7E3F00
7FFE00
1FFC00
07F000
ENDCHAR
STARTCHAR 01F0
ENCODING 496
SWIDTH 600 0
DWIDTH 21 0
BBX 16 32 3 -7
BITMAP
1C0F
0F1E
07FC
03F8
01F0
0000
0000
3FF8
3FF8
3FF8
00F8
00F8
00F8
00F8
00F8
00F8
00F8
00F8
00F8
00F8
00F8
00F8
00F8
00F8
00F8
00F8
00F8
01F0
FFF0
FFE0
FFC0
7F00
ENDCHAR
STARTCHAR 01F1
ENCODING 497
SWIDTH 600 0
DWIDTH 21 0
BBX 20 23 1 0
BITMAP
FC3FF0
FE3FF0
FF3FF0
FF3FF0
E781E0
E781E0
E383C0
E383C0
E3C7C0
E3C780
E3C780
E3CF80
E3CF00
E3CF00
E3DF00
E39E00
E39E00
E7BC00
E7BC00
FF7FF0
FF7FF0
FE7FF0
FC7FF0
ENDCHAR
STARTCHAR 01F2
ENCODING 498
SWIDTH 600 0
DWIDTH 21 0
BBX 19 23 1 0
BITMAP
FC0000
FE0000
FF0000
FF8000
E78000
E7BFE0
E3BFE0
E3BFE0
E3C1E0
E3C3E0
E3C3C0
E3C7C0
E3C780
E3C780
E3CF00
E38F00
E39F00
E79E00
E7BE00
FF3FE0
FF3FE0
FE3FE0
FC3FE0
ENDCHAR
STARTCHAR 01F3
ENCODING 499
SWIDTH 600 0
DWIDTH 21 0
BBX 21 25 0 0
BITMAP
01C000
01C000
01C000
01C000
01C000
01C000
01C000
1DCFF0
3FCFF0
7FCFF0
7BC0F0
73C0F0
71C1E0
F1C1E0
F1C3C0
F1C3C0
F1C380
F1C780
F1C700
73CF00
73CE00
7BDFF8
7FDFF8
3FDFF8
1DDFF8
ENDCHAR
STARTCHAR 01F4
ENCODING 500
SWIDTH 600 0
DWIDTH 21 0
BBX 18 29 1 0
BITMAP
001F00
003E00
007C00
00F800
00E000
000000
03F800
0FFE00
1FFF00
3FFF80
3F0F80
7E0FC0
7C0700
7C0000
7C0000
FC0000
FC7FC0
F87FC0
FC7FC0
FC7FC0
7C03C0
7C03C0
7C03C0
7E03C0
3F0FC0
3FFFC0
1FFF80
07FE00
03F800
ENDCHAR
STARTCHAR 01F5
ENCODING 501
SWIDTH 600 0
DWIDTH 21 0
BBX 17 32 2 -7
BITMAP
003E00
007C00
00F800
01E000
03C000
000000
000000
0F8F80
1FEF80
3FFF80
7F7F80
7C1F80
FC0F80
F80F80
F80F80
F80F80
F80F80
F80F80
F80F80
FC0F80
7C1F80
7F7F80
3FFF80
1FEF80
0F8F80
000F80
000F80
7C1F00
7E3F00
3FFE00
1FFC00
07F000
ENDCHAR
STARTCHAR 01F6
ENCODING 502
SWIDTH 600 0
DWIDTH 21 0
BBX 18 23 2 0
BITMAP
F1E000
F1E000
F1E000
F1E000
F1E000
F1E3C0
F1E3C0
F1E3C0
F1E3C0
FFE3C0
FFE3C0
FFE3C0
FFE3C0
F1E3C0
F1E3C0
F1E3C0
F1E3C0
F1E3C0
F1E7C0
F1FF80
F0FF80
F0FF00
F07E00
ENDCHAR
STARTCHAR 01F7
ENCODING 503
SWIDTH 600 0
DWIDTH 21 0
BBX 18 30 2 -7
BITMAP
F8F800
FBFE00
FFFF00
FFFF00
FE1F80
FC0F80
FC0F80
F80FC0
F807C0
F807C0
F807C0
F80FC0
F80F80
F80F80
F80F80
F81F80
F81F00
F83F00
F87E00
F8FC00
F9FC00
FFF000
FFE000
FFC000
FF0000
FC0000
F80000
F80000
F80000
F80000
ENDCHAR
STARTCHAR 01F8
ENCODING 504
SWIDTH 600 0
DWIDTH 21 0
BBX 17 29 2 0
BITMAP
1E0000
1F0000
078000
03C000
00E000
000000
FC0F80
FE0F80
FE0F80
FE0F80
FF0F80
FF0F80
FF8F80
F78F80
F78F80
FBCF80
FBCF80
FBCF80
F9EF80
F9EF80
F8FF80
F8F780
F8F780
F87F80
F87F80
F87F80
F83F80
F83F80
F81F80
ENDCHAR
STARTCHAR 01F9
ENCODING 505
SWIDTH 600 0
DWIDTH 21 0
BBX 17 25 2 0
BITMAP
3E0000
1F0000
078000
03C000
00E000
000000
000000
F87C00
F9FE00
FBFF00
FFFF00
FE1F80
FC0F80
FC0F80
F80F80
F80F80
F80F80
F80F80
F80F80
F80F80
F80F80
F80F80
F80F80
F80F80
F80F80
ENDCHAR
STARTCHAR 01FA
ENCODING 506
SWIDTH 600 0
DWIDTH 21 0
BBX 21 29 0 0
BITMAP
000F80
001F00
003C00
007000
000000
00F800
01FC00
018C00
038E00
038E00
01FC00
01FC00
01FC00
03DE00
03DE00
07DF00
078F00
078F00
0F8F80
0F0780
1F07C0
1FFFC0
1FFFC0
3FFFE0
3FFFE0
7C01F0
7C01F0
7C01F0
F800F8
ENDCHAR
STARTCHAR 01FB
ENCODING 507
SWIDTH 600 0
DWIDTH 21 0
BBX 18 28 2 0
BITMAP
003E00
007C00
00F800
01F000
03C000
01C000
07F000
0F7000
0E3000
0E3000
07F000
1FFC00
3FFE00
7E3E00
7C3E00
001F00
001F00
0FFF00
3FFF00
7FFF00
FC1F00
F81F00
F83F00
F83F00
FCFF00
FFEFC0
7FCFC0
1F07C0
ENDCHAR
STARTCHAR 01FC
ENCODING 508
SWIDTH 600 0
DWIDTH 21 0
BBX 21 29 0 0
BITMAP
0003E0
0007C0
000F80
001E00
003C00
000000
03FFF0
03FFF0
03FFF0
07DE00
079E00
079E00
079E00
0F9E00
0F1E00
0F1FF0
1F1FF0
1E1FF0
1E1E00
1FFE00
3FFE00
3FFE00
3C1E00
3C1E00
7C1E00
781E00
781FF8
F81FF8
F81FF8
ENDCHAR
STARTCHAR 01FD
ENCODING 509
SWIDTH 600 0
DWIDTH 21 0
BBX 21 25 0 0
BITMAP
000F80
001F00
003E00
007800
00F000
000000
000000
0F8780
3FDFE0
3FFFE0
7CF8F0
78F870
00F070
00F070
1FFFF8
3FFFF8
7FFFF8
78F000
F0F000
F0F000
F0F860
71FCF0
7F9FE0
7F1FE0
1E0F80
ENDCHAR
STARTCHAR 01FE
ENCODING 510
SWIDTH 600 0
DWIDTH 21 0
BBX 19 29 1 0
BITMAP
001F00
003E00
007800
00F000
01E000
000000
03F840
0FFEE0
1FFFC0
3FFF80
3F1F80
7E0FC0
7C0FC0
7C1FC0
FC3FE0
F833E0
F873E0
F8E3E0
F9C3E0
FB83E0
FF87E0
7F07C0
7E07C0
7E0FC0
3F1F80
3FFF80
7FFF00
EFFE00
43F800
ENDCHAR
STARTCHAR 01FF
ENCODING 511
SWIDTH 600 0
DWIDTH 21 0
BBX 17 25 2 0
BITMAP
003E00
007C00
00F000
01E000
03C000
000000
000000
07F100
1FFF80
3FFF00
7F3F00
FC1F80
F83F80
F87F80
F8EF80
F9CF80
F98F80
FB0F80
FE0F80
FC0F80
FC1F80
7E3F00
7FFE00
FFFC00
47F000
ENDCHAR
STARTCHAR 0200
ENCODING 512
SWIDTH 600 0
DWIDTH 21 0
BBX 21 29 0 0
BITMAP
7CF800
3E7800
1E3C00
070E00
038700
000000
01FC00
01FC00
01FC00
03DE00
03DE00
03DE00
07DF00
078F00
078F00
0F8F80
0F8F80
0F0780
1F07C0
1F07C0
1FFFC0
3FFFE0
3FFFE0
3FFFE0
7C01F0
7C01F0
7C01F0
FC00F8
F800F8
ENDCHAR
STARTCHAR 0201
ENCODING 513
SWIDTH 600 0
DWIDTH 21 0
BBX 19 25 1 0
BITMAP
F1E000
78F000
3C7800
1E3C00
070E00
000000
000000
03F800
0FFE00
1FFF00
3F1F00
3E1F00
000F80
000F80
07FF80
1FFF80
3FFF80
7E0F80
7C0F80
7C1F80
7C1F80
7E7F80
7FF7E0
3FE7E0
0F83E0
ENDCHAR
STARTCHAR 0202
ENCODING 514
SWIDTH 600 0
DWIDTH 21 0
BBX 21 29 0 0
BITMAP
00F800
03FE00
07FE00
070700
070700
000000
01FC00
01FC00
01FC00
03DE00
03DE00
03DE00
07DF00
078F00
078F00
0F8F80
0F8F80
0F0780
1F07C0
1F07C0
1FFFC0
3FFFE0
3FFFE0
3FFFE0
7C01F0
7C01F0
7C01F0
FC00F8
F800F8
ENDCHAR
STARTCHAR 0203
ENCODING 515
SWIDTH 600 0
DWIDTH 21 0
BBX 18 25 2 0
BITMAP
03E000
0FF000
1FF800
1C1C00
381C00
000000
000000
07F000
1FFC00
3FFE00
7E3E00
7C3E00
001F00
001F00
0FFF00
3FFF00
7FFF00
FC1F00
F81F00
F83F00
F83F00
FCFF00
FFEFC0
7FCFC0
1F07C0
ENDCHAR
STARTCHAR 0204
ENCODING 516
SWIDTH 600 0
DWIDTH 21 0
BBX 18 29 2 0
BITMAP
F1E000
78F000
3C7800
1E3C00
070E00
000000
FFFF80
FFFF80
FFFF80
FFFF80
F80000
F80000
F80000
F80000
F80000
FFFF00
FFFF00
FFFF00
FFFF00
F80000
F80000
F80000
F80000
F80000
F80000
FFFFC0
FFFFC0
FFFFC0
FFFFC0
ENDCHAR
STARTCHAR 0205
ENCODING 517
SWIDTH 600 0
DWIDTH 21 0
BBX 18 25 1 0
BITMAP
F9F000
7CF800
1E3C00
0E1C00
070E00
000000
000000
03F800
0FFE00
1FFF00
3F0F80
3E0780
7C07C0
7C03C0
7FFFC0
7FFFC0
7FFFC0
7C0000
7C0000
7C0000
3E07C0
3F1F80
1FFF80
0FFE00
03F800
ENDCHAR
STARTCHAR 0206
ENCODING 518
SWIDTH 600 0
DWIDTH 21 0
BBX 18 29 2 0
BITMAP
03E000
07F800
0FFC00
1C1C00
1C0E00
000000
FFFF80
FFFF80
FFFF80
FFFF80
F80000
F80000
F80000
F80000
F80000
FFFF00
FFFF00
FFFF00
FFFF00
F80000
F80000
F80000
F80000
F80000
F80000
FFFFC0
FFFFC0
FFFFC0
FFFFC0
ENDCHAR
STARTCHAR 0207
ENCODING 519
SWIDTH 600 0
DWIDTH 21 0
BBX 17 25 2 0
BITMAP
03E000
0FF800
0FFC00
1C1C00
1C1C00
000000
000000
07F000
1FFC00
3FFE00
7E1F00
7C0F00
F80F80
F80780
FFFF80
FFFF80
FFFF80
F80000
F80000
F80000
7C0F80
7E3F00
3FFF00
1FFC00
07F000
ENDCHAR
STARTCHAR 0208
ENCODING 520
SWIDTH 600 0
DWIDTH 21 0
BBX 17 29 1 0
BITMAP
F9F000
7CF000
3C7800
0E1C00
070E00
000000
3FFF80
3FFF80
3FFF80
3FFF80
01F000
01F000
01F000
01F000
01F000
01F000
01F000
01F000
01F000
01F000
01F000
01F000
01F000
01F000
01F000
3FFF80
3FFF80
3FFF80
3FFF80
ENDCHAR
STARTCHAR 0209
ENCODING 521
SWIDTH 600 0
DWIDTH 21 0
BBX 19 25 1 0
BITMAP
F9F000
7CF000
3C7800
0E1C00
070E00
000000
000000
1FF800
1FF800
1FF800
00F800
00F800
00F800
00F800
00F800
00F800
00F800
00F800
00F800
00F800
00F800
00F800
7FFFE0
7FFFE0
7FFFE0
ENDCHAR
STARTCHAR 020A
ENCODING 522
SWIDTH 600 0
DWIDTH 21 0
BBX 15 29 3 0
BITMAP
07C0
1FF0
3FF0
3838
3838
0000
FFFE
FFFE
FFFE
FFFE
07C0
07C0
07C0
07C0
07C0
07C0
07C0
07C0
07C0
07C0
07C0
07C0
07C0
07C0
07C0
FFFE
FFFE
FFFE
FFFE
ENDCHAR
STARTCHAR 020B
ENCODING 523
SWIDTH 600 0
DWIDTH 21 0
BBX 18 25 2 0
BITMAP
03E000
07F800
0FFC00
1C1C00
1C0E00
000000
000000
3FF000
3FF000
3FF000
01F000
01F000
01F000
01F000
01F000
01F000
01F000
01F000
01F000
01F000
01F000
01F000
FFFFC0
FFFFC0
FFFFC0
ENDCHAR
STARTCHAR 020C
ENCODING 524
SWIDTH 600 0
DWIDTH 21 0
BBX 19 29 1 0
BITMAP
F9F000
7CF800
1E7800
0E1C00
070E00
000000
03F800
0FFE00
1FFF00
3FFF80
3F1F80
7E0FC0
7C07C0
7C07C0
FC07E0
F803E0
F803E0
F803E0
F803E0
F803E0
FC07E0
7C07C0
7C07C0
7E0FC0
3F1F80
3FFF80
1FFF00
0FFE00
03F800
ENDCHAR
STARTCHAR 020D
ENCODING 525
SWIDTH 600 0
DWIDTH 21 0
BBX 18 25 1 0
BITMAP
F1E000
78F000
3C7800
1E3C00
070E00
000000
000000
03F800
0FFE00
1FFF00
3F9F80
7E0FC0
7C07C0
7C07C0
7C07C0
7C07C0
7C07C0
7C07C0
7C07C0
7C07C0
7E0FC0
3F1F80
1FFF00
0FFE00
03F800
ENDCHAR
STARTCHAR 020E
ENCODING 526
SWIDTH 600 0
DWIDTH 21 0
BBX 19 29 1 0
BITMAP
01F000
07FC00
0FFC00
0E0E00
0E0E00
000000
03F800
0FFE00
1FFF00
3FFF80
3F1F80
7E0FC0
7C07C0
7C07C0
FC07E0
F803E0
F803E0
F803E0
F803E0
F803E0
FC07E0
7C07C0
7C07C0
7E0FC0
3F1F80
3FFF80
1FFF00
0FFE00
03F800
ENDCHAR
STARTCHAR 020F
ENCODING 527
SWIDTH 600 0
DWIDTH 21 0
BBX 17 25 2 0
BITMAP
03E000
0FF800
1FF800
1C1C00
1C1C00
000000
000000
07F000
1FFC00
3FFE00
7F3F00
FC1F80
F80F80
F80F80
F80F80
F80F80
F80F80
F80F80
F80F80
F80F80
FC1F80
7E3F00
3FFE00
1FFC00
07F000
ENDCHAR
STARTCHAR 0210
ENCODING 528
SWIDTH 600 0
DWIDTH 21 0
BBX 20 29 1 0
BITMAP
F9F000
7CF800
1E7800
0E1C00
070E00
000000
7FFC00
7FFF00
7FFF80
7FFFC0
7C0FC0
7C07E0
7C03E0
7C03E0
7C07E0
7C0FC0
7FFFC0
7FFF80
7FFE00
7FFC00
7C3E00
7C3F00
7C1F00
7C1F80
7C0F80
7C0FC0
7C07E0
7C07E0
7C03F0
ENDCHAR
STARTCHAR 0211
ENCODING 529
SWIDTH 600 0
DWIDTH 21 0
BBX 17 25 1 0
BITMAP
F1E000
78F000
3C7800
1E3C00
070E00
000000
000000
3E1F80
1E7F80
1F7F80
1FFF80
1FE000
1FC000
1F8000
1F8000
1F0000
1F0000
1F0000
1F0000
1F0000
1F0000
1F0000
1F0000
1F0000
1F0000
ENDCHAR
STARTCHAR 0212
ENCODING 530
SWIDTH 600 0
DWIDTH 21 0
BBX 19 29 2 0
BITMAP
03E000
0FF800
1FF800
1C1C00
1C1C00
000000
FFF800
FFFE00
FFFF00
FFFF80
F81F80
F80FC0
F807C0
F807C0
F80FC0
F81F80
FFFF80
FFFF00
FFFC00
FFF800
F87C00
F87E00
F83E00
F83F00
F81F00
F81F80
F80FC0
F80FC0
F807E0
ENDCHAR
STARTCHAR 0213
ENCODING 531
SWIDTH 600 0
DWIDTH 21 0
BBX 15 25 3 0
BITMAP
07E0
0FF0
1FF8
1C3C
381C
0000
0000
F87E
79FE
7DFE
7FFE
7F80
7F00
7E00
7E00
7C00
7C00
7C00
7C00
7C00
7C00
7C00
7C00
7C00
7C00
ENDCHAR
STARTCHAR 0214
ENCODING 532
SWIDTH 600 0
DWIDTH 21 0
BBX 17 29 2 0
BITMAP
F1E000
78F000
3C7800
1E3C00
0E1C00
000000
F80F80
F80F80
F80F80
F80F80
F80F80
F80F80
F80F80
F80F80
F80F80
F80F80
F80F80
F80F80
F80F80
F80F80
F80F80
F80F80
F81F80
7C1F00
7E3F00
7FFF00
3FFE00
1FFC00
07F000
ENDCHAR
STARTCHAR 0215
ENCODING 533
SWIDTH 600 0
DWIDTH 21 0
BBX 17 25 1 0
BITMAP
F9E000
78F000
3C7800
0E3C00
070E00
000000
000000
7C0780
7C0780
7C0780
7C0780
7C0780
7C0780
7C0780
7C0780
7C0780
7C0780
7C0780
7C0F80
7E0F80
7E1F80
3FF780
3FF780
1FE780
0F8780
ENDCHAR
STARTCHAR 0216
ENCODING 534
SWIDTH 600 0
DWIDTH 21 0
BBX 17 29 2 0
BITMAP
03E000
0FF800
1FF800
1C1C00
1C1C00
000000
F80F80
F80F80
F80F80
F80F80
F80F80
F80F80
F80F80
F80F80
F80F80
F80F80
F80F80
F80F80
F80F80
F80F80
F80F80
F80F80
F81F80
7C1F00
7E3F00
7FFF00
3FFE00
1FFC00
07F000
ENDCHAR
STARTCHAR 0217
ENCODING 535
SWIDTH 600 0
DWIDTH 21 0
BBX 16 25 2 0
BITMAP
03E0
0FF0
1FF8
1C1C
181C
0000
0000
F80F
F80F
F80F
F80F
F80F
F80F
F80F
F80F
F80F
F80F
F80F
F81F
FC1F
FC3F
7FEF
7FEF
3FCF
1F0F
ENDCHAR
STARTCHAR 0218
ENCODING 536
SWIDTH 600 0
DWIDTH 21 0
BBX 19 30 1 -7
BITMAP
03F800
1FFE00
3FFF00
7FFF80
7C0FC0
7C07C0
7C07C0
7C0000
7F0000
3FF000
1FFE00
0FFF00
01FFC0
003FC0
0007E0
0003E0
F803E0
F803E0
FC07E0
7FFFC0
3FFF80
1FFF00
07FC00
000000
00F000
00F000
00F000
00F000
006000
00E000
ENDCHAR
STARTCHAR 0219
ENCODING 537
SWIDTH 600 0
DWIDTH 21 0
BBX 17 25 2 -7
BITMAP
07F000
1FFC00
3FFE00
7E3F00
780F00
780000
7E0000
7FF000
3FFC00
0FFF00
01FF00
001F80
700F80
F80F80
7C1F00
7FFF00
3FFE00
07F800
000000
01E000
01E000
01E000
01E000
00C000
01C000
ENDCHAR
STARTCHAR 021A
ENCODING 538
SWIDTH 600 0
DWIDTH 21 0
BBX 19 30 1 -7
BITMAP
FFFFE0
FFFFE0
FFFFE0
FFFFE0
01F000
01F000
01F000
01F000
01F000
01F000
01F000
01F000
01F000
01F000
01F000
01F000
01F000
01F000
01F000
01F000
01F000
01F000
01F000
000000
01F000
01F000
01F000
01E000
006000
00C000
ENDCHAR
STARTCHAR 021B
ENCODING 539
SWIDTH 600 0
DWIDTH 21 0
BBX 15 30 3 -7
BITMAP
0E00
0E00
0E00
1E00
1E00
FFFC
FFFC
FFFC
1E00
1E00
1E00
1E00
1E00
1E00
1E00
1E00
1E00
1E00
1F00
1F86
1FFE
0FFE
03FC
0000
03C0
03C0
03C0
03C0
0180
0180
ENDCHAR
STARTCHAR 021C
ENCODING 540
SWIDTH 600 0
DWIDTH 21 0
BBX 17 30 2 -7
BITMAP
07F000
3FFC00
7FFF00
FFFF80
F81F80
700F80
200F80
000F80
000F80
000F80
001F00
007E00
03FF00
1FFF00
FFEF80
FF8F80
FC0F80
C00F80
000F80
000F80
000F80
001F80
003F00
00FE00
03FC00
3FF800
FFE000
FF8000
FC0000
E00000
ENDCHAR
STARTCHAR 021D
ENCODING 541
SWIDTH 600 0
DWIDTH 21 0
BBX 16 25 3 -7
BITMAP
0FE0
3FF8
7FFC
FC7E
F01E
701F
001F
001F
003E
00FE
07FC
FFFC
FFFE
FE3E
E01F
001F
001F
003E
007E
00FC
07FC
FFF0
FFE0
FF00
F000
ENDCHAR
STARTCHAR 021E
ENCODING 542
SWIDTH 600 0
DWIDTH 21 0
BBX 17 29 2 0
BITMAP
3C1E00
1E3C00
0FF800
07F000
03E000
000000
F80F80
F80F80
F80F80
F80F80
F80F80
F80F80
F80F80
F80F80
F80F80
FFFF80
FFFF80
FFFF80
FFFF80
F80F80
F80F80
F80F80
F80F80
F80F80
F80F80
F80F80
F80F80
F80F80
F80F80
ENDCHAR
STARTCHAR 021F
ENCODING 543
SWIDTH 600 0
DWIDTH 21 0
BBX 17 29 2 0
BITMAP
1C0E00
0F3C00
07F800
03F000
01E000
000000
F80000
F80000
F80000
F80000
F80000
F87C00
F9FE00
FBFF00
FFFF00
FE1F80
FC0F80
FC0F80
F80F80
F80F80
F80F80
F80F80
F80F80
F80F80
F80F80
F80F80
F80F80
F80F80
F80F80
ENDCHAR
STARTCHAR 0220
ENCODING 544
SWIDTH 600 0
DWIDTH 21 0
BBX 17 30 2 -7
BITMAP
F8F800
FBFC00
FFFE00
FFFF00
FE3F00
FC1F00
F81F80
F81F80
F80F80
F80F80
F80F80
F80F80
F80F80
F80F80
F80F80
F80F80
F80F80
F80F80
F80F80
F80F80
F80F80
F80F80
F80F80
000F80
000F80
000F80
000F80
000F80
000F80
000F80
ENDCHAR
STARTCHAR 0221
ENCODING 545
SWIDTH 600 0
DWIDTH 21 0
BBX 20 32 1 -7
BITMAP
00F000
00F000
00F000
00F000
00F000
00F000
00F000
1EF000
3FF000
7FF000
F9F000
F0F000
F0F000
F0F000
F0F000
F0F000
F0F000
F0F000
F0F000
F0F000
F0F000
F9F000
7FFFC0
3FFFE0
1E7FE0
007CF0
00F8F0
00F8F0
01FDE0
01DFE0
018FC0
008780
ENDCHAR
STARTCHAR 0222
ENCODING 546
SWIDTH 600 0
DWIDTH 21 0
BBX 19 24 1 0
BITMAP
003C00
073F00
1F3F80
3F1FC0
7F07C0
7C07C0
7C07C0
7C07C0
7C07C0
7E0F80
3FFF00
0FFE00
1FFF00
7F1FC0
7C07C0
F803E0
F803E0
F803E0
F803E0
FC07E0
7F9FC0
3FFF80
1FFF00
07FC00
ENDCHAR
STARTCHAR 0223
ENCODING 547
SWIDTH 600 0
DWIDTH 21 0
BBX 19 23 1 0
BITMAP
0C0600
1E0F00
3E0F80
7C07C0
7C07C0
7803C0
7C07C0
7C07C0
3E0F80
1FFF00
0FFE00
3FFF80
7E0FC0
7C07C0
F803E0
F803E0
F803E0
F803E0
FC07E0
7E0FC0
3FFF80
1FFF00
07FC00
ENDCHAR
STARTCHAR 0224
ENCODING 548
SWIDTH 600 0
DWIDTH 21 0
BBX 19 28 1 -5
BITMAP
3FFFC0
3FFFC0
3FFFC0
3FFFC0
000F80
001F00
003F00
007E00
007C00
00F800
01F800
03F000
03E000
07C000
0FC000
1F8000
1F0000
3E0000
7E0000
FFFF00
FFFFC0
FFFFE0
FFFFE0
0001E0
0001E0
0001E0
0001E0
0001E0
ENDCHAR
STARTCHAR 0225
ENCODING 549
SWIDTH 600 0
DWIDTH 21 0
BBX 18 23 2 -5
BITMAP
7FFF00
7FFF00
7FFF00
003F00
007E00
00FC00
01F800
01F000
03E000
07C000
0F8000
1F8000
3F0000
7E0000
FFF000
FFFF00
FFFF80
FFFF80
0007C0
0003C0
0003C0
000380
000380
ENDCHAR
STARTCHAR 0226
ENCODING 550
SWIDTH 600 0
DWIDTH 21 0
BBX 21 28 0 0
BITMAP
00F800
00F800
00F800
00F800
000000
01FC00
01FC00
01FC00
03DE00
03DE00
03DE00
07DF00
078F00
078F00
0F8F80
0F8F80
0F0780
1F07C0
1F07C0
1FFFC0
3FFFE0
3FFFE0
3FFFE0
7C01F0
7C01F0
7C01F0
FC00F8
F800F8
ENDCHAR
STARTCHAR 0227
ENCODING 551
SWIDTH 600 0
DWIDTH 21 0
BBX 18 25 2 0
BITMAP
03E000
03E000
03E000
03E000
000000
000000
000000
07F000
1FFC00
3FFE00
7E3E00
7C3E00
001F00
001F00
0FFF00
3FFF00
7FFF00
FC1F00
F81F00
F83F00
F83F00
FCFF00
FFEFC0
7FCFC0
1F07C0
ENDCHAR
STARTCHAR 0228
ENCODING 552
SWIDTH 600 0
DWIDTH 21 0
BBX 18 31 2 -8
BITMAP
FFFF80
FFFF80
FFFF80
FFFF80
F80000
F80000
F80000
F80000
F80000
FFFF00
FFFF00
FFFF00
FFFF00
F80000
F80000
F80000
F80000
F80000
F80000
FFFFC0
FFFFC0
FFFFC0
FFFFC0
006000
00E000
00F800
007C00
001C00
003C00
01F800
01F000
ENDCHAR
STARTCHAR 0229
ENCODING 553
SWIDTH 600 0
DWIDTH 21 0
BBX 17 26 2 -8
BITMAP
07F000
1FFC00
3FFE00
7E1F00
7C0F00
F80F80
F80780
FFFF80
FFFF80
FFFF80
F80000
F80000
F80000
7C0F80
7E3F00
3FFF00
1FFC00
07F000
018000
018000
03E000
01F000
007000
007000
07E000
07C000
ENDCHAR
STARTCHAR 022A
ENCODING 554
SWIDTH 600 0
DWIDTH 21 0
BBX 19 31 1 0
BITMAP
0FFE00
0FFE00
000000
071C00
071C00
071C00
000000
000000
03F800
0FFE00
1FFF00
3FFF80
3F1F80
7E0FC0
7C07C0
7C07C0
FC07E0
F803E0
F803E0
F803E0
F803E0
F803E0
FC07E0
7C07C0
7C07C0
7E0FC0
3F1F80
3FFF80
1FFF00
0FFE00
03F800
ENDCHAR
STARTCHAR 022B
ENCODING 555
SWIDTH 600 0
DWIDTH 21 0
BBX 17 29 2 0
BITMAP
1FFC00
1FFC00
1FFC00
000000
1E3C00
1E3C00
1E3C00
1E3C00
000000
000000
000000
07F000
1FFC00
3FFE00
7F3F00
FC1F80
F80F80
F80F80
F80F80
F80F80
F80F80
F80F80
F80F80
F80F80
FC1F80
7E3F00
3FFE00
1FFC00
07F000
ENDCHAR
STARTCHAR 022C
ENCODING 556
SWIDTH 600 0
DWIDTH 21 0
BBX 19 31 1 0
BITMAP
0FFE00
0FFE00
000000
07C600
0FFE00
0C7C00
000000
000000
03F800
0FFE00
1FFF00
3FFF80
3F1F80
7E0FC0
7C07C0
7C07C0
FC07E0
F803E0
F803E0
F803E0
F803E0
F803E0
FC07E0
7C07C0
7C07C0
7E0FC0
3F1F80
3FFF80
1FFF00
0FFE00
03F800
ENDCHAR
STARTCHAR 022D
ENCODING 557
SWIDTH 600 0
DWIDTH 21 0
BBX 17 29 2 0
BITMAP
1FFC00
1FFC00
1FFC00
000000
0F0C00
1F8C00
1FFC00
18FC00
387800
000000
000000
07F000
1FFC00
3FFE00
7F3F00
FC1F80
F80F80
F80F80
F80F80
F80F80
F80F80
F80F80
F80F80
F80F80
FC1F80
7E3F00
3FFE00
1FFC00
07F000
ENDCHAR
STARTCHAR 022E
ENCODING 558
SWIDTH 600 0
DWIDTH 21 0
BBX 19 29 1 0
BITMAP
01F000
01F000
01F000
01F000
000000
000000
03F800
0FFE00
1FFF00
3FFF80
3F1F80
7E0FC0
7C07C0
7C07C0
FC07E0
F803E0
F803E0
F803E0
F803E0
F803E0
FC07E0
7C07C0
7C07C0
7E0FC0
3F1F80
3FFF80
1FFF00
0FFE00
03F800
ENDCHAR
STARTCHAR 022F
ENCODING 559
SWIDTH 600 0
DWIDTH 21 0
BBX 17 25 2 0
BITMAP
03E000
03E000
03E000
03E000
000000
000000
000000
07F000
1FFC00
3FFE00
7F3F00
FC1F80
F80F80
F80F80
F80F80
F80F80
F80F80
F80F80
F80F80
F80F80
FC1F80
7E3F00
3FFE00
1FFC00
07F000
ENDCHAR
STARTCHAR 0230
ENCODING 560
SWIDTH 600 0
DWIDTH 21 0
BBX 19 31 1 0
BITMAP
0FFE00
0FFE00
000000
00E000
00E000
00E000
000000
000000
03F800
0FFE00
1FFF00
3FFF80
3F1F80
7E0FC0
7C07C0
7C07C0
FC07E0
F803E0
F803E0
F803E0
F803E0
F803E0
FC07E0
7C07C0
7C07C0
7E0FC0
3F1F80
3FFF80
1FFF00
0FFE00
03F800
ENDCHAR
STARTCHAR 0231
ENCODING 561
SWIDTH 600 0
DWIDTH 21 0
BBX 17 29 2 0
BITMAP
1FFC00
1FFC00
1FFC00
000000
000000
03E000
03E000
03E000
03E000
000000
000000
07F000
1FFC00
3FFE00
7F3F00
FC1F80
F80F80
F80F80
F80F80
F80F80
F80F80
F80F80
F80F80
F80F80
FC1F80
7E3F00
3FFE00
1FFC00
07F000
ENDCHAR
STARTCHAR 0232
ENCODING 562
SWIDTH 600 0
DWIDTH 21 0
BBX 21 29 0 0
BITMAP
07FF00
07FF00
07FF00
000000
000000
000000
FC01F8
7C01F0
7E03F0
3E03E0
1F07C0
1F07C0
0F8F80
0F8F80
07DF00
07DF00
03FE00
01FC00
01FC00
00F800
00F800
00F800
00F800
00F800
00F800
00F800
00F800
00F800
00F800
ENDCHAR
STARTCHAR 0233
ENCODING 563
SWIDTH 600 0
DWIDTH 21 0
BBX 19 31 1 -7
BITMAP
0FFE00
0FFE00
0FFE00
000000
000000
000000
F803E0
F803E0
7C07C0
7C07C0
3E0780
3E0F80
1E0F80
1F0F00
1F1F00
0F1E00
0F9E00
07BE00
07BC00
07FC00
03F800
03F800
01F800
01F000
01F000
01E000
03E000
07E000
7FC000
7F8000
7F0000
ENDCHAR
STARTCHAR 0234
ENCODING 564
SWIDTH 600 0
DWIDTH 21 0
BBX 17 32 2 -7
BITMAP
3E0000
3E0000
3E0000
3E0000
3E0000
3E0000
3E0000
3E0000
3E0000
3E0000
3E0000
3E0000
3E0000
3E0000
3E0000
3E0000
3E0000
3E0000
3E0000
3E0000
3E0000
3E0000
3EFE00
3FFF00
3FFF80
3F8780
3F0780
7F0780
FFCF80
FFFF80
73FF00
20FC00
ENDCHAR
STARTCHAR 0235
ENCODING 565
SWIDTH 600 0
DWIDTH 21 0
BBX 19 25 2 -7
BITMAP
E38000
E7E000
EFE000
FFE000
F9F000
F0F000
F0F000
F0F000
F0F000
F0F000
F0F000
F0F000
F0F000
F0F000
F0F000
F0FF80
F0FFC0
F0FFC0
00F9E0
00F1E0
01F1E0
01FFE0
03FFC0
01FFC0
008F00
ENDCHAR
STARTCHAR 0236
ENCODING 566
SWIDTH 600 0
DWIDTH 21 0
BBX 17 23 3 0
BITMAP
0E0000
1E0000
1E0000
1E0000
1E0000
FFFC00
FFFC00
FFFC00
3E0000
3E0000
3E0000
3E0000
3E0000
3EFC00
3FFF00
3FFF00
3FFF80
3F0780
7F0780
FFCF80
FFFF00
73FF00
20FC00
ENDCHAR
STARTCHAR 0238
ENCODING 568
SWIDTH 600 0
DWIDTH 21 0
BBX 21 25 0 0
BITMAP
007000
007000
007000
007000
007000
007000
007000
1E73C0
3F77E0
3FFFE0
7DFDF0
78F8F0
70F070
707070
F07078
F07078
F07078
F07078
707070
70F070
78F8F0
7DFDF0
7FFFE0
3F77E0
1E73C0
ENDCHAR
STARTCHAR 0239
ENCODING 569
SWIDTH 600 0
DWIDTH 21 0
BBX 21 25 0 -7
BITMAP
1E73C0
3F77E0
7FFFE0
7DFDF0
78F8F0
70F070
707070
F07078
F07078
F07078
F07078
707070
70F070
78F8F0
7DFDF0
3FFFE0
3F77E0
1E73C0
007000
007000
007000
007000
007000
007000
007000
ENDCHAR
STARTCHAR 023A
ENCODING 570
SWIDTH 600 0
DWIDTH 21 0
BBX 21 27 0 -2
BITMAP
0000E0
0000E0
01FDC0
01FD80
01FF80
03DF00
03DF00
03DE00
07DF00
079F00
079F00
0FBF80
0FBF80
0F7780
1F77C0
1FE7C0
1FFFC0
3FFFE0
3FFFE0
3FFFE0
7F01F0
7F01F0
7E01F0
FE00F8
FC00F8
180000
380000
ENDCHAR
STARTCHAR 023B
ENCODING 571
SWIDTH 600 0
DWIDTH 21 0
BBX 19 27 1 -2
BITMAP
0001C0
0001C0
03FB80
0FFF80
1FFF00
3FFF80
3F0FC0
7E0FC0
7C1FC0
7C3B00
7C3800
FC7000
FC7000
FCE000
FCC000
FDC000
7D8000
7F8380
7F03E0
7F07C0
3F0FC0
3FFF80
1FFF80
1FFE00
39F800
300000
700000
ENDCHAR
STARTCHAR 023C
ENCODING 572
SWIDTH 600 0
DWIDTH 21 0
BBX 18 32 1 -7
BITMAP
0001C0
0001C0
000380
000380
000300
000700
000600
03FE00
0FFF00
1FFF00
3F9F80
3E3F80
7E37C0
7C7000
7C6000
7CE000
7CC000
7DC000
7D8000
7F87C0
3F07C0
3F1F80
1FFF00
0FFE00
1FF800
1C0000
380000
380000
700000
700000
E00000
E00000
ENDCHAR
STARTCHAR 023D
ENCODING 573
SWIDTH 600 0
DWIDTH 21 0
BBX 18 23 1 0
BITMAP
1F0000
1F0000
1F0000
1F0000
1F0000
1F0000
1F0000
1F0000
1F0000
FFFC00
FFFC00
FFFC00
1F0000
1F0000
1F0000
1F0000
1F0000
1F0000
1F0000
1FFFC0
1FFFC0
1FFFC0
1FFFC0
ENDCHAR
STARTCHAR 023E
ENCODING 574
SWIDTH 600 0
DWIDTH 21 0
BBX 21 27 0 -2
BITMAP
000038
000070
7FFFF0
7FFFF0
7FFFF0
7FFFF0
00FB00
00FF00
00FE00
00FC00
00FC00
00F800
00F800
00F800
00F800
00F800
01F800
03F800
03F800
07F800
0EF800
0EF800
1CF800
38F800
38F800
700000
E00000
ENDCHAR
STARTCHAR 023F
ENCODING 575
SWIDTH 600 0
DWIDTH 21 0
BBX 17 25 2 -7
BITMAP
07F000
1FFC00
3FFE00
7E3F00
780F00
780000
7E0000
7FF000
3FFC00
0FFF00
01FF00
001F80
000F80
300F80
7C1F80
FFFF00
7FFE00
3FF800
1F0000
0F8000
07C000
03FC00
03FC00
00FC00
007C00
ENDCHAR
STARTCHAR 0240
ENCODING 576
SWIDTH 600 0
DWIDTH 21 0
BBX 17 25 2 -7
BITMAP
7FFF00
7FFF00
7FFF00
003E00
007E00
00FC00
01F800
01F000
03E000
07C000
0F8000
1F0000
3F0000
7E0000
7C0000
FF0000
FF8000
FFC000
07E000
03F000
01F800
00FF80
007F80
003F80
000F80
ENDCHAR
STARTCHAR 0241
ENCODING 577
SWIDTH 600 0
DWIDTH 21 0
BBX 21 24 0 0
BITMAP
01FC00
0FFF80
1FFFC0
3FFFE0
7E07E0
7C03F0
F801F0
1801F0
0001F8
0001F8
0001F0
0001F0
0001F0
0003F0
000FE0
00FFC0
00FF80
00FF00
00FC00
00F800
00F800
00F800
00F800
00F800
ENDCHAR
STARTCHAR 0242
ENCODING 578
SWIDTH 600 0
DWIDTH 21 0
BBX 15 18 3 0
BITMAP
0FE0
3FF0
7FF8
FCFC
F87C
F03E
003E
003E
003E
007C
00FC
07F8
07E0
07C0
07C0
07C0
07C0
07C0
ENDCHAR
STARTCHAR 0243
ENCODING 579
SWIDTH 600 0
DWIDTH 21 0
BBX 20 23 0 0
BITMAP
3FFE00
3FFF80
3FFFC0
3FFFC0
3E07E0
3E03E0
3E03E0
3E03E0
3E07C0
3FFF80
3FFE00
3FFF80
3FFFE0
3E03F0
FFC1F0
FFC1F0
FFC1F0
3E01F0
3E03F0
3FFFF0
3FFFE0
3FFFC0
3FFF00
ENDCHAR
STARTCHAR 0244
ENCODING 580
SWIDTH 600 0
DWIDTH 21 0
BBX 21 23 0 0
BITMAP
3E03E0
3E03E0
3E03E0
3E03E0
3E03E0
3E03E0
3E03E0
3E03E0
3E03E0
FFFFF8
FFFFF8
FFFFF8
3E03E0
3E03E0
3E03E0
3E03E0
3E07E0
1F07C0
1F8FC0
1FFFC0
0FFF80
07FF00
01FC00
ENDCHAR
STARTCHAR 0245
ENCODING 581
SWIDTH 600 0
DWIDTH 21 0
BBX 20 23 1 0
BITMAP
01F000
03F800
03F800
03F800
07FC00
07BC00
07BC00
0FBE00
0FBE00
0F1E00
1F1F00
1F1F00
1F1F00
3E0F80
3E0F80
3E0F80
7C07C0
7C07C0
7C07C0
FC07E0
F803E0
F803E0
F803F0
ENDCHAR
STARTCHAR 0246
ENCODING 582
SWIDTH 600 0
DWIDTH 21 0
BBX 18 27 2 -2
BITMAP
000380
000380
FFFF80
FFFF80
FFFF80
FFFF80
F81C00
F81C00
F83800
F83800
F87000
FFFF00
FFFF00
FFFF00
FFFF00
F9C000
FB8000
FB8000
FF0000
FF0000
FE0000
FFFFC0
FFFFC0
FFFFC0
FFFFC0
380000
300000
ENDCHAR
STARTCHAR 0247
ENCODING 583
SWIDTH 600 0
DWIDTH 21 0
BBX 19 32 0 -7
BITMAP
0000E0
0001C0
0001C0
000380
000380
000300
000700
01FE00
07FF00
0FFF80
1F9FC0
1F1BC0
3E3BE0
3E71E0
3FFFE0
3FFFE0
3FFFE0
3EC000
3FC000
3F8000
3F83E0
1F8FC0
0FFFC0
0FFF00
0FFC00
1C0000
1C0000
380000
380000
700000
700000
E00000
ENDCHAR
STARTCHAR 0248
ENCODING 584
SWIDTH 600 0
DWIDTH 21 0
BBX 17 23 2 0
BITMAP
07FE00
07FE00
07FE00
07FE00
003E00
003E00
003E00
003E00
03FF80
03FF80
03FF80
003E00
003E00
003E00
003E00
783E00
F83E00
F83E00
FC7E00
7FFC00
3FFC00
1FF800
0FE000
ENDCHAR
STARTCHAR 0249
ENCODING 585
SWIDTH 600 0
DWIDTH 21 0
BBX 15 32 2 -7
BITMAP
00F8
00F8
00F8
00F8
0000
0000
0000
3FF8
3FF8
3FF8
00F8
00F8
00F8
00F8
03FE
03FE
03FE
00F8
00F8
00F8
00F8
00F8
00F8
00F8
00F8
00F8
00F8
01F0
FFF0
FFE0
FFC0
7F00
ENDCHAR
STARTCHAR 024A
ENCODING 586
SWIDTH 600 0
DWIDTH 21 0
BBX 21 30 1 -7
BITMAP
03F8C0
0FFFC0
1FFFC0
3FFFC0
3F1FC0
7E07C0
7C07C0
7C07C0
FC07C0
F807C0
F807C0
F807C0
F807C0
F807C0
FC07C0
7C07C0
7C07C0
7C07C0
3E0FC0
3FFFC0
1FFFC0
0FFFC0
03F7C0
0007C0
0007C0
0007C0
0007F8
0003F8
0003F8
0001F8
ENDCHAR
STARTCHAR 024B
ENCODING 587
SWIDTH 600 0
DWIDTH 21 0
BBX 20 25 2 -7
BITMAP
0F8F80
3FCF80
7FEF80
7E7F00
FC3F00
F81F00
F81F00
F80F00
F80F00
F80F00
F80F00
F81F00
F81F00
FC1F00
7E7F00
7FEF00
3FCF00
0F8F00
000F00
000F80
000F80
000FF0
000FF0
0007F0
0003F0
ENDCHAR
STARTCHAR 024C
ENCODING 588
SWIDTH 600 0
DWIDTH 21 0
BBX 21 23 0 0
BITMAP
3FFE00
3FFF80
3FFFC0
3FFFE0
3E07E0
3E03F0
3E01F0
3E01F0
3E03F0
3E07E0
FFFFE0
FFFFC0
FFFF00
FFFE00
3E1F00
3E1F80
3E0F80
3E0FC0
3E07C0
3E07E0
3E03F0
3E03F0
3E01F8
ENDCHAR
STARTCHAR 024D
ENCODING 589
SWIDTH 600 0
DWIDTH 21 0
BBX 16 18 2 0
BITMAP
7C3F
3CFF
3FFF
3FFF
3FE0
3F80
3F00
3F00
3E00
FFC0
FFC0
FFC0
3E00
3E00
3E00
3E00
3E00
3E00
ENDCHAR
STARTCHAR 024E
ENCODING 590
SWIDTH 600 0
DWIDTH 21 0
BBX 21 23 0 0
BITMAP
FC01F8
7C01F0
FFFFF8
FFFFF8
FFFFF8
1F0F80
0F8F80
078F00
07DF00
03DE00
03FE00
01FC00
01FC00
00F800
00F800
00F800
00F800
00F800
00F800
00F800
00F800
00F800
00F800
ENDCHAR
STARTCHAR 024F
ENCODING 591
SWIDTH 600 0
DWIDTH 21 0
BBX 19 25 1 -7
BITMAP
F803E0
F803E0
7C07C0
7C07C0
3C07C0
FFFFE0
FFFFE0
FFFFE0
1F1F00
0F1F00
0F9E00
07BE00
07BC00
07BC00
03F800
03F800
01F800
01F000
01F000
01E000
03E000
7FC000
7FC000
7F8000
7E0000
ENDCHAR
STARTCHAR 0250
ENCODING 592
SWIDTH 600 0
DWIDTH 21 0
BBX 18 18 1 0
BITMAP
F83E00
FCFF80
FFFFC0
3FCFC0
3F07C0
3F07C0
3E07C0
3E0FC0
3FFF80
3FFF00
3FF000
3E0000
3E0800
1F0F80
1F1F80
1FFF00
0FFE00
03F800
ENDCHAR
STARTCHAR 0251
ENCODING 593
SWIDTH 600 0
DWIDTH 21 0
BBX 17 18 2 0
BITMAP
0F8F80
3FEF80
7FEF00
7E7F00
FC1F00
F81F00
F80F00
F80F00
F80F00
F80F00
F80F00
F81F00
F81F00
FC1F00
7E7F00
7FEF00
3FEF80
1F8F80
ENDCHAR
STARTCHAR 0252
ENCODING 594
SWIDTH 600 0
DWIDTH 21 0
BBX 17 18 2 0
BITMAP
F8F800
FBFE00
FBFF00
7F3F00
7C1F80
7C0F80
7C0F80
780F80
780F80
780F80
780F80
7C0F80
7C0F80
7C1F80
7F3F00
FBFF00
FBFE00
F8FC00
ENDCHAR
STARTCHAR 0253
ENCODING 595
SWIDTH 600 0
DWIDTH 21 0
BBX 17 25 2 0
BITMAP
1FC000
3FC000
7FC000
7FC000
7C0000
780000
780000
78F800
7BFE00
7BFF00
7F3F00
7C1F80
7C0F80
7C0F80
780F80
780F80
780F80
780F80
7C0F80
7C0F80
7C1F80
7F3F00
FBFF00
F9FE00
F8F800
ENDCHAR
STARTCHAR 0254
ENCODING 596
SWIDTH 600 0
DWIDTH 21 0
BBX 17 18 2 0
BITMAP
07F000
1FFC00
3FFE00
7E7F00
7C1F00
F80F80
000F80
000F80
000F80
000F80
000F80
000F80
F80F80
F81F00
7E7F00
3FFE00
1FFC00
07F000
ENDCHAR
STARTCHAR 0255
ENCODING 597
SWIDTH 600 0
DWIDTH 21 0
BBX 18 19 1 -1
BITMAP
03F800
0FFE00
1FFF00
3F9F80
3E0F80
7C07C0
7C0000
7C0000
7C7E00
7DFF80
7FFFC0
7FFFC0
7F03C0
3E03C0
7F8FC0
FFFF80
F7FF00
71FC00
200000
ENDCHAR
STARTCHAR 0256
ENCODING 598
SWIDTH 600 0
DWIDTH 21 0
BBX 20 32 2 -7
BITMAP
000F00
000F00
000F00
000F00
000F00
000F00
000F00
0F8F00
3FEF00
7FEF00
7E7F00
FC1F00
F81F00
F81F00
F80F00
F80F00
F80F00
F80F00
F81F00
F81F00
FC3F00
7E7F00
7FEF00
3FCF00
0F8F00
000F00
000F00
000F80
000FF0
000FF0
0007F0
0003F0
ENDCHAR
STARTCHAR 0257
ENCODING 599
SWIDTH 600 0
DWIDTH 21 0
BBX 20 25 2 0
BITMAP
0003F0
0007F0
000FF0
000FF0
000F80
000F00
000F00
0F8F00
3FEF00
7FEF00
7E7F00
FC1F00
F81F00
F81F00
F80F00
F80F00
F80F00
F80F00
F81F00
F81F00
FC3F00
7E7F00
7FEF00
3FCF80
0F8F80
ENDCHAR
STARTCHAR 0258
ENCODING 600
SWIDTH 600 0
DWIDTH 21 0
BBX 17 18 2 0
BITMAP
07F000
1FFC00
3FFE00
7C3F00
781F00
F80F80
F00F80
FFFF80
FFFF80
FFFF80
000F80
000F80
000F80
F81F00
7E3F00
7FFE00
1FFC00
07F000
ENDCHAR
STARTCHAR 0259
ENCODING 601
SWIDTH 600 0
DWIDTH 21 0
BBX 17 18 2 0
BITMAP
07F000
1FFC00
7FFE00
7E3F00
F81F00
000F80
000F80
000F80
FFFF80
FFFF80
FFFF80
F00F80
F80F80
781F00
7C3F00
3FFE00
1FFC00
07F000
ENDCHAR
STARTCHAR 025A
ENCODING 602
SWIDTH 600 0
DWIDTH 21 0
BBX 20 18 1 0
BITMAP
1F8000
3FC000
7FE000
F9F000
F0F000
00F000
00FF00
03FF00
FFFF00
FFFFE0
FFFFF0
F0FBF0
F0F000
F0F000
79F000
7FE000
3FC000
0F8000
ENDCHAR
STARTCHAR 025B
ENCODING 603
SWIDTH 600 0
DWIDTH 21 0
BBX 17 18 2 0
BITMAP
07F800
1FFE00
3FFF80
7E0F00
780200
7C0000
7E0000
1FF000
07F000
1FF000
7F0000
FC0000
F80200
F80700
7E1F80
7FFF00
3FFE00
07F000
ENDCHAR
STARTCHAR 025C
ENCODING 604
SWIDTH 600 0
DWIDTH 21 0
BBX 17 18 2 0
BITMAP
0FF000
3FFC00
FFFE00
783F00
200F00
001F00
003F00
07FC00
07F000
07FC00
007F00
001F00
200F80
700F80
FC3F00
7FFF00
3FFE00
07F000
ENDCHAR
STARTCHAR 025D
ENCODING 605
SWIDTH 600 0
DWIDTH 21 0
BBX 20 18 1 0
BITMAP
0F8000
3FE000
7FFE00
F8FE00
F0FE00
00FF00
01FFE0
0FEFF0
0F87F0
0FE000
01F000
00F800
30F800
F0F800
F9F800
7FF000
3FE000
1F8000
ENDCHAR
STARTCHAR 025E
ENCODING 606
SWIDTH 600 0
DWIDTH 21 0
BBX 17 18 2 0
BITMAP
07F000
1FFE00
3FFF00
7E1F00
7C0F00
F80F00
F81F00
F8FE00
F0F800
F0FE00
F81F00
F80F80
F80F80
7C0F80
7F3F00
3FFF00
1FFE00
07F000
ENDCHAR
STARTCHAR 025F
ENCODING 607
SWIDTH 600 0
DWIDTH 21 0
BBX 17 25 2 -7
BITMAP
00F800
00F800
00F800
00F800
00F800
00F800
00F800
00F800
00F800
00F800
00F800
00F800
00F800
00F800
00F800
FFFF80
FFFF80
FFFF80
00F800
00F800
01F800
83F000
FFF000
FFE000
FF8000
ENDCHAR
STARTCHAR 0260
ENCODING 608
SWIDTH 600 0
DWIDTH 21 0
BBX 20 32 2 -7
BITMAP
0001F0
0007F0
0007F0
000FF0
000F80
000F80
000F80
0F8F80
1FEF80
3FFF80
7F7F80
7C1F80
FC0F80
F80F80
F80F80
F80F80
F80F80
F80F80
F80F80
FC0F80
7C1F80
7F7F80
3FFF80
1FEF80
0F8F80
000F80
000F80
7C1F00
7E3F00
3FFE00
1FFC00
07F000
ENDCHAR
STARTCHAR 0261
ENCODING 609
SWIDTH 600 0
DWIDTH 21 0
BBX 17 25 2 -7
BITMAP
0F8F80
1FEF80
3FFF80
7F7F80
7C1F80
FC0F80
F80F80
F80F80
F80F80
F80F80
F80F80
F80F80
FC0F80
7C1F80
7F7F80
3FFF80
1FEF80
0F8F80
000F80
000F80
7C1F00
7E3F00
3FFE00
1FFC00
07F000
ENDCHAR
STARTCHAR 0262
ENCODING 610
SWIDTH 600 0
DWIDTH 21 0
BBX 17 18 2 0
BITMAP
07F000
1FFC00
3FFE00
7FFF00
FC1F00
F80F80
F80000
F80000
F80000
F87F80
F87F80
F87F80
F87F80
FC0F80
7FFF80
3FFF80
1FFF00
07F800
ENDCHAR
STARTCHAR 0263
ENCODING 611
SWIDTH 600 0
DWIDTH 21 0
BBX 19 25 1 -7
BITMAP
F803E0
7C07C0
7C07C0
3E0F80
3E0F80
1E0F00
1F1F00
1F1E00
0FBE00
0FBC00
07FC00
07F800
03F800
03F800
03F800
07FC00
07BC00
0FBE00
0F1E00
0F1E00
0F1E00
0FBE00
0FFE00
07FC00
01F000
ENDCHAR
STARTCHAR 0264
ENCODING 612
SWIDTH 600 0
DWIDTH 21 0
BBX 21 18 0 0
BITMAP
3E03E0
7F87F8
FF8FF8
7FDFF0
63DF10
03FE00
01FC00
01FC00
00FC00
01FC00
03DE00
03DE00
038F00
078F00
07DF00
07FF00
03FE00
01FC00
ENDCHAR
STARTCHAR 0265
ENCODING 613
SWIDTH 600 0
DWIDTH 21 0
BBX 17 25 2 -7
BITMAP
F80F80
F80F80
F80F80
F80F80
F80F80
F80F80
F80F80
F80F80
F80F80
F80F80
F80F80
F81F80
F81F80
FC3F80
7FFF80
7FEF80
3FCF80
1F8F80
000F80
000F80
000F80
000F80
000F80
000F80
000F80
ENDCHAR
STARTCHAR 0266
ENCODING 614
SWIDTH 600 0
DWIDTH 21 0
BBX 17 25 2 0
BITMAP
1F8000
3F8000
7F8000
7F8000
FC0000
F80000
F80000
F8FC00
F9FE00
FBFF00
FFFF00
FE1F80
FC0F80
FC0F80
F80F80
F80F80
F80F80
F80F80
F80F80
F80F80
F80F80
F80F80
F80F80
F80F80
F80F80
ENDCHAR
STARTCHAR 0267
ENCODING 615
SWIDTH 600 0
DWIDTH 21 0
BBX 17 32 2 -7
BITMAP
1F8000
3F8000
7F8000
7F8000
FC0000
F80000
F80000
F8FC00
F9FE00
FBFF00
FFFF00
FE1F80
FC0F80
FC0F80
F80F80
F80F80
F80F80
F80F80
F80F80
F80F80
F80F80
F80F80
F80F80
F80F80
F80F80
000F80
000F80
000F80
00FF80
00FF00
00FF00
00FC00
ENDCHAR
STARTCHAR 0268
ENCODING 616
SWIDTH 600 0
DWIDTH 21 0
BBX 18 25 2 0
BITMAP
01F000
01F000
01F000
01F000
000000
000000
000000
3FF000
3FF000
3FF000
01F000
01F000
01F000
01F000
1FFE00
1FFE00
1FFE00
01F000
01F000
01F000
01F000
01F000
FFFFC0
FFFFC0
FFFFC0
ENDCHAR
STARTCHAR 0269
ENCODING 617
SWIDTH 600 0
DWIDTH 21 0
BBX 15 18 2 0
BITMAP
FFC0
FFC0
FFC0
07C0
07C0
07C0
07C0
07C0
07C0
07C0
07C0
07C0
07C0
07C0
07FE
03FE
03FE
00FC
ENDCHAR
STARTCHAR 026A
ENCODING 618
SWIDTH 600 0
DWIDTH 21 0
BBX 15 18 3 0
BITMAP
FFFE
FFFE
FFFE
FFFE
07C0
07C0
07C0
07C0
07C0
07C0
07C0
07C0
07C0
07C0
FFFE
FFFE
FFFE
FFFE
ENDCHAR
STARTCHAR 026B
ENCODING 619
SWIDTH 600 0
DWIDTH 21 0
BBX 18 25 2 0
BITMAP
3FF000
3FF000
3FF000
01F000
01F000
01F000
01F000
01F000
01F000
01F000
07F600
0FF600
0FFE00
1DFC00
1DF800
01F000
01F000
01F000
01F000
01F000
01F000
01F000
FFFFC0
FFFFC0
FFFFC0
ENDCHAR
STARTCHAR 026C
ENCODING 620
SWIDTH 600 0
DWIDTH 21 0
BBX 18 25 2 0
BITMAP
3FF000
3FF000
3FF000
01F000
01F000
01F000
01F000
01F000
0FF000
1FF000
3FF000
39F000
39F000
39F000
3FFC00
1FFC00
0FFC00
01F000
01F000
01F000
01F000
01F000
FFFFC0
FFFFC0
FFFFC0
ENDCHAR
STARTCHAR 026D
ENCODING 621
SWIDTH 600 0
DWIDTH 21 0
BBX 14 32 4 -7
BITMAP
FFC0
FFC0
FFC0
07C0
07C0
07C0
07C0
07C0
07C0
07C0
07C0
07C0
07C0
07C0
07C0
07C0
07C0
07C0
07C0
07C0
07C0
07C0
07C0
07C0
07C0
07C0
07C0
07C0
07FC
07FC
03FC
01FC
ENDCHAR
STARTCHAR 026E
ENCODING 622
SWIDTH 600 0
DWIDTH 21 0
BBX 18 32 2 -7
BITMAP
F80000
F80000
F80000
F80000
F80000
F80000
F80000
FFFF80
FFFF80
FFFF80
F80F80
F81F00
F83E00
F87C00
F8F800
F9F800
F9FC00
F9FF00
F9FF80
F81F80
F80FC0
F807C0
F807C0
F807C0
F807C0
0007C0
0007C0
7C0F80
7E1F80
3FFF00
1FFE00
07F000
ENDCHAR
STARTCHAR 026F
ENCODING 623
SWIDTH 600 0
DWIDTH 21 0
BBX 19 18 1 0
BITMAP
F0E1E0
F0E1E0
F0E1E0
F0E1E0
F0E1E0
F0E1E0
F0E1E0
F0E1E0
F0E1E0
F0E1E0
F0E1E0
F1E1E0
F1E1E0
F1F3E0
F9F3E0
7FFFE0
7E7DE0
3C79E0
ENDCHAR
STARTCHAR 0270
ENCODING 624
SWIDTH 600 0
DWIDTH 21 0
BBX 19 25 1 -7
BITMAP
F0E1E0
F0E1E0
F0E1E0
F0E1E0
F0E1E0
F0E1E0
F0E1E0
F0E1E0
F0E1E0
F0E1E0
F0E1E0
F1E1E0
F1E1E0
F1F3E0
F9F3E0
7FFFE0
7E7DE0
3C79E0
0001E0
0001E0
0001E0
0001E0
0001E0
0001E0
0001E0
ENDCHAR
STARTCHAR 0271
ENCODING 625
SWIDTH 600 0
DWIDTH 21 0
BBX 19 25 1 -7
BITMAP
F3C780
F7CFC0
FFFFC0
F9F3E0
F9F1E0
F1F1E0
F0F1E0
F0E1E0
F0E1E0
F0E1E0
F0E1E0
F0E1E0
F0E1E0
F0E1E0
F0E1E0
F0E1E0
F0E1E0
F0E1E0
0001E0
0001E0
0001E0
0003E0
001FC0
001FC0
001F00
ENDCHAR
STARTCHAR 0272
ENCODING 626
SWIDTH 600 0
DWIDTH 21 0
BBX 21 25 -2 -7
BITMAP
0F8FC0
0F9FE0
0FBFF0
0FFFF0
0FE1F8
0FC0F8
0FC0F8
0F80F8
0F80F8
0F80F8
0F80F8
0F80F8
0F80F8
0F80F8
0F80F8
0F80F8
0F80F8
0F80F8
0F8000
0F8000
0F8000
FF8000
FF8000
FF0000
FE0000
ENDCHAR
STARTCHAR 0273
ENCODING 627
SWIDTH 600 0
DWIDTH 21 0
BBX 21 25 2 -7
BITMAP
F8FC00
F9FE00
FBFF00
FFFF00
FE1F80
FC0F80
FC0F80
F80F80
F80F80
F80F80
F80F80
F80F80
F80F80
F80F80
F80F80
F80F80
F80F80
F80F80
000F80
000F80
000F80
000FF8
0007F8
0007F8
0001F8
ENDCHAR
STARTCHAR 0274
ENCODING 628
SWIDTH 600 0
DWIDTH 21 0
BBX 17 18 2 0
BITMAP
FC0F80
FC0F80
FE0F80
FE0F80
FF0F80
F78F80
FF8F80
FBCF80
FBCF80
F9EF80
F8EF80
F8F780
F87F80
F87F80
F83F80
F81F80
F81F80
F80F80
ENDCHAR
STARTCHAR 0275
ENCODING 629
SWIDTH 600 0
DWIDTH 21 0
BBX 17 18 2 0
BITMAP
07F000
1FFC00
3FFE00
7E3F00
FC1F80
F80F80
F80F80
F80F80
FFFF80
FFFF80
FFFF80
F80F80
F80F80
F80F80
7E3F00
3FFE00
1FFC00
07F000
ENDCHAR
STARTCHAR 0276
ENCODING 630
SWIDTH 600 0
DWIDTH 21 0
BBX 19 18 1 0
BITMAP
0FFFE0
3FFFE0
7FFFE0
7DF800
F87800
F07800
F07800
F07FE0
F07FE0
F07FE0
F07800
F07800
F07800
F87800
7DFFE0
7FFFE0
3FFFE0
0FFFE0
ENDCHAR
STARTCHAR 0277
ENCODING 631
SWIDTH 600 0
DWIDTH 21 0
BBX 19 18 1 0
BITMAP
03F800
0FFE00
3FFF00
3FBF80
7C07C0
7C07C0
F803E0
F803E0
F8E3E0
F8E3E0
F8E3E0
F9E3E0
F9F3E0
79F3C0
7FBFC0
7FBFC0
3FBF80
1F1F00
ENDCHAR
STARTCHAR 0278
ENCODING 632
SWIDTH 600 0
DWIDTH 21 0
BBX 17 32 2 -7
BITMAP
01C000
01C000
01C000
01C000
01C000
01C000
01C000
07F800
1FFC00
3FFF00
7DDF00
F9CF80
F9CF80
F1C780
F1C780
F1C780
F1C780
F1C780
F1C780
F9CF80
F9CF80
7DDF00
3FFE00
1FFC00
07F000
01C000
01C000
01C000
01C000
01C000
01C000
01C000
ENDCHAR
STARTCHAR 0279
ENCODING 633
SWIDTH 600 0
DWIDTH 21 0
BBX 14 18 3 0
BITMAP
007C
007C
007C
007C
007C
007C
007C
007C
007C
007C
00FC
00FC
01FC
03FC
FFFC
FFFC
FF3C
FC3C
ENDCHAR
STARTCHAR 027A
ENCODING 634
SWIDTH 600 0
DWIDTH 21 0
BBX 14 25 3 0
BITMAP
007C
007C
007C
007C
007C
007C
007C
007C
007C
007C
007C
007C
007C
007C
007C
007C
007C
00FC
00FC
01FC
03FC
FFFC
FF7C
FF3C
FC3C
ENDCHAR
STARTCHAR 027B
ENCODING 635
SWIDTH 600 0
DWIDTH 21 0
BBX 18 25 3 -7
BITMAP
007C00
007C00
007C00
007C00
007C00
007C00
007C00
007C00
007C00
007C00
00FC00
00FC00
01FC00
03FC00
FFFC00
FF7C00
FF7C00
FC7C00
007C00
007C00
007C00
007FC0
003FC0
003FC0
000FC0
ENDCHAR
STARTCHAR 027C
ENCODING 636
SWIDTH 600 0
DWIDTH 21 0
BBX 15 25 3 -7
BITMAP
F87E
79FE
7FFE
7FFE
7F80
7F00
7E00
7E00
7C00
7C00
7C00
7C00
7C00
7C00
7C00
7C00
7C00
7C00
7C00
7C00
7C00
7C00
7C00
7C00
7C00
ENDCHAR
STARTCHAR 027D
ENCODING 637
SWIDTH 600 0
DWIDTH 21 0
BBX 15 25 3 -7
BITMAP
F87E
79FE
7FFE
7FFE
7F80
7F00
7E00
7E00
7C00
7C00
7C00
7C00
7C00
7C00
7C00
7C00
7C00
7C00
7C00
7C00
7C00
7FC0
3FC0
1FC0
0FC0
ENDCHAR
STARTCHAR 027E
ENCODING 638
SWIDTH 600 0
DWIDTH 21 0
BBX 14 18 4 0
BITMAP
03FC
0FFC
3FFC
3FFC
7F00
7C00
FC00
F800
F800
F800
F800
F800
F800
F800
F800
F800
F800
F800
ENDCHAR
STARTCHAR 027F
ENCODING 639
SWIDTH 600 0
DWIDTH 21 0
BBX 14 25 3 -7
BITMAP
FF00
FFC0
FFF0
FFF0
03F8
00F8
00FC
007C
007C
007C
007C
007C
007C
007C
007C
007C
007C
007C
007C
007C
007C
007C
007C
007C
007C
ENDCHAR
STARTCHAR 0280
ENCODING 640
SWIDTH 600 0
DWIDTH 21 0
BBX 18 18 2 0
BITMAP
FFF800
FFFE00
FFFF00
F81F80
F80F80
F80F80
F80F80
F81F00
FFFF00
FFFE00
FFF800
F87C00
F87C00
F83E00
F81F00
F81F80
F80F80
F807C0
ENDCHAR
STARTCHAR 0281
ENCODING 641
SWIDTH 600 0
DWIDTH 21 0
BBX 18 18 1 0
BITMAP
F807C0
7C07C0
7E07C0
3E07C0
1F07C0
0F87C0
0F87C0
07FFC0
1FFFC0
3FFFC0
3E07C0
7C07C0
7C07C0
7C07C0
7E07C0
3FFFC0
1FFFC0
07FFC0
ENDCHAR
STARTCHAR 0282
ENCODING 642
SWIDTH 600 0
DWIDTH 21 0
BBX 17 25 2 -7
BITMAP
07F000
1FFC00
3FFE00
7E3F00
780F00
780000
7E0000
7FF000
3FFC00
0FFF00
01FF00
001F80
700F80
F80F80
FC1F80
FFFF00
FFFE00
F7F800
F00000
F00000
F80000
FF0000
7F0000
7F0000
1F0000
ENDCHAR
STARTCHAR 0283
ENCODING 643
SWIDTH 600 0
DWIDTH 21 0
BBX 13 32 4 -7
BITMAP
01F8
03F8
07F8
0FF8
0F80
0F80
0F80
0F80
0F80
0F80
0F80
0F80
0F80
0F80
0F80
0F80
0F80
0F80
0F80
0F80
0F80
0F80
0F80
0F80
0F80
0F80
0F80
0F80
FF80
FF00
FE00
FC00
ENDCHAR
STARTCHAR 0284
ENCODING 644
SWIDTH 600 0
DWIDTH 21 0
BBX 13 32 4 -7
BITMAP
01F8
03F8
07F8
0FF8
0F80
0F80
0F80
0F80
0F80
0F80
0F80
0F80
0F80
0F80
0F80
0F80
0F80
0F80
0F80
0F80
0F80
0F80
FFF0
FFF0
FFF0
0F80
0F80
0F80
FF80
FF00
FE00
FC00
ENDCHAR
STARTCHAR 0285
ENCODING 645
SWIDTH 600 0
DWIDTH 21 0
BBX 13 25 4 -7
BITMAP
FC00
FE00
FF00
FF80
0F80
0F80
0F80
0F80
0F80
0F80
0F80
0F80
0F80
0F80
0F80
0F80
0F80
0F80
0F80
0F80
0F80
07F8
07F8
03F8
01F8
ENDCHAR
STARTCHAR 0286
ENCODING 646
SWIDTH 600 0
DWIDTH 21 0
BBX 19 32 1 -7
BITMAP
0007E0
000FE0
001FE0
001FE0
003E00
003E00
003E00
003E00
003E00
003E00
003E00
003E00
003E00
003E00
003E00
003E00
003E00
003E00
003E00
003E00
003E00
003E00
1FBE00
7FFE00
FFFE00
FFFE00
F07E00
F07F00
F9FF80
FFFF80
7FE700
1F8200
ENDCHAR
STARTCHAR 0287
ENCODING 647
SWIDTH 600 0
DWIDTH 21 0
BBX 15 23 3 0
BITMAP
7F80
FFE0
FFF0
C3F0
01F0
00F0
00F0
00F0
00F0
00F0
00F0
00F0
00F0
00F0
00F0
7FFE
7FFE
7FFE
00F0
00F0
00E0
00E0
00E0
ENDCHAR
STARTCHAR 0288
ENCODING 648
SWIDTH 600 0
DWIDTH 21 0
BBX 15 30 3 -7
BITMAP
0E00
0E00
0E00
1E00
1E00
FFFC
FFFC
FFFC
1E00
1E00
1E00
1E00
1E00
1E00
1E00
1E00
1E00
1E00
1E00
1E00
1E00
1E00
1E00
1E00
1E00
1F00
1F8E
1FFE
0FFE
03FC
ENDCHAR
STARTCHAR 0289
ENCODING 649
SWIDTH 600 0
DWIDTH 21 0
BBX 20 18 0 0
BITMAP
3E03C0
3E03C0
3E03C0
3E03C0
3E03C0
3E03C0
3E03C0
FFFFF0
FFFFF0
FFFFF0
3E03C0
3E07C0
3E07C0
3F0FC0
1FFFC0
1FFBC0
0FF3C0
07E3C0
ENDCHAR
STARTCHAR 028A
ENCODING 650
SWIDTH 600 0
DWIDTH 21 0
BBX 19 18 1 0
BITMAP
FC07E0
FE0FE0
FE0FE0
3E0F80
1E0F00
3E0F80
3C0780
7C07C0
7C07C0
7803C0
7803C0
7803C0
7C07C0
7E07C0
3F1F80
3FFF80
0FFE00
03F800
ENDCHAR
STARTCHAR 028B
ENCODING 651
SWIDTH 600 0
DWIDTH 21 0
BBX 17 18 2 0
BITMAP
F8FC00
F8FE00
F8FF00
F83F00
F80F80
F80F80
F80F80
F80F80
F80F80
F80F80
F80F80
F80F00
F81F00
7C1F00
7FFE00
3FFC00
3FF800
0FE000
ENDCHAR
STARTCHAR 028C
ENCODING 652
SWIDTH 600 0
DWIDTH 21 0
BBX 19 18 1 0
BITMAP
03F000
03F800
07F800
07FC00
07BC00
0FBC00
0FBE00
0F1E00
1F1F00
1F1F00
3E0F00
3E0F80
3E0F80
7C07C0
7C07C0
F807C0
F803E0
F803E0
ENDCHAR
STARTCHAR 028D
ENCODING 653
SWIDTH 600 0
DWIDTH 21 0
BBX 21 18 0 0
BITMAP
1F07C0
1F07C0
1F07C0
1F8FC0
1F8FC0
3F8FE0
3FDDE0
3DDDE0
39DDE0
39DCE0
78F8E0
78F8F0
78F8F0
7870F0
7800F0
700070
F00078
F00078
ENDCHAR
STARTCHAR 028E
ENCODING 654
SWIDTH 600 0
DWIDTH 21 0
BBX 19 25 1 0
BITMAP
000FC0
003FC0
007FC0
007FC0
00F800
00F000
01F000
01F000
03F000
03F800
03F800
07BC00
07BC00
0FBC00
0F3E00
0F1E00
1F1F00
1E1F00
3E0F80
3E0F80
7C0780
7C07C0
7C07C0
F803E0
F803E0
ENDCHAR
STARTCHAR 028F
ENCODING 655
SWIDTH 600 0
DWIDTH 21 0
BBX 19 18 1 0
BITMAP
F803E0
7C07C0
3E0F80
3E0F80
1F1F00
0F1E00
0FBE00
07FC00
03F800
03F800
01F000
01F000
01F000
01F000
01F000
01F000
01F000
01F000
ENDCHAR
STARTCHAR 0290
ENCODING 656
SWIDTH 600 0
DWIDTH 21 0
BBX 20 25 2 -7
BITMAP
7FFF00
7FFF00
7FFF00
003F00
007E00
00FC00
01F800
01F000
03E000
07C000
0F8000
1F8000
3F0000
7E0000
FFFF00
FFFF00
FFFF00
FFFF00
000F00
000F00
000F80
000FF0
0007F0
0007F0
0001F0
ENDCHAR
STARTCHAR 0291
ENCODING 657
SWIDTH 600 0
DWIDTH 21 0
BBX 20 21 1 -3
BITMAP
7FF800
7FF800
7FF800
00F800
00F800
01F000
03E000
07C000
07C000
0F87C0
1F1FE0
3E3FE0
3E7FF0
7C78F0
FFFFF0
FFFFE0
FFFFC0
FFFF80
07C000
078000
010000
ENDCHAR
STARTCHAR 0292
ENCODING 658
SWIDTH 600 0
DWIDTH 21 0
BBX 17 25 2 -7
BITMAP
7FFF00
7FFF00
7FFF00
003F00
007E00
00FC00
01F800
03E000
07C000
07F000
07FC00
07FE00
003F00
001F80
000F80
000F80
000F80
000F80
F00F80
F80F80
F81F00
7E3F00
7FFE00
1FFC00
07F000
ENDCHAR
STARTCHAR 0293
ENCODING 659
SWIDTH 600 0
DWIDTH 21 0
BBX 18 25 2 -7
BITMAP
7FFF00
7FFF00
7FFF00
003F00
007E00
00FC00
01F800
03E000
07C000
07F000
07FC00
07FE00
003F00
001F80
000F80
1FCF80
7FF780
7FFF80
FFFF80
F03F00
F01F80
FC7F80
7FFFC0
3FFB00
0FE200
ENDCHAR
STARTCHAR 0294
ENCODING 660
SWIDTH 600 0
DWIDTH 21 0
BBX 17 23 2 0
BITMAP
07F000
1FFC00
3FFE00
7FFF00
FC1F80
F80F80
780F80
000F80
000F80
000F80
000F80
000F80
001F80
003F00
03FF00
03FE00
03FC00
03E000
03E000
03E000
03E000
03E000
03E000
ENDCHAR
STARTCHAR 0295
ENCODING 661
SWIDTH 600 0
DWIDTH 21 0
BBX 17 23 2 0
BITMAP
03F000
1FFC00
3FFF00
7FFF00
7E1F80
FC0F80
F80700
F80000
F80000
F80000
F80000
F80000
FC0000
7E0000
3FE000
3FE000
0FE000
03E000
01E000
01E000
01E000
01E000
01E000
ENDCHAR
STARTCHAR 0296
ENCODING 662
SWIDTH 600 0
DWIDTH 21 0
BBX 17 23 2 0
BITMAP
03C000
03C000
03C000
03C000
03C000
03C000
03F000
03FC00
03FE00
03FF00
001F00
000F80
000F80
000F80
000F80
000F80
700F80
F80F80
FC3F00
7FFF00
7FFE00
1FFC00
07F000
ENDCHAR
STARTCHAR 0297
ENCODING 663
SWIDTH 600 0
DWIDTH 21 0
BBX 17 25 2 -7
BITMAP
07F000
1FFC00
3FFE00
7F3F00
7C1F00
F80F80
F80000
F80000
F80000
F80000
F80000
F80000
F80000
F80000
F80000
F80000
F80000
F80000
F80000
F80F80
7C1F80
7F3F00
3FFE00
1FFC00
07F000
ENDCHAR
STARTCHAR 0298
ENCODING 664
SWIDTH 600 0
DWIDTH 21 0
BBX 19 23 1 0
BITMAP
03F800
0FFE00
1FFF00
3FFF80
3F1F80
7E0FC0
7C07C0
7C07C0
FC07E0
F9F3E0
F9F3E0
F9F3E0
F9F3E0
F9F3E0
FC07E0
7C07C0
7C07C0
7E0FC0
3F1F80
3FFF80
1FFF00
0FFE00
03F800
ENDCHAR
STARTCHAR 0299
ENCODING 665
SWIDTH 600 0
DWIDTH 21 0
BBX 18 18 2 0
BITMAP
FFFC00
FFFF00
FFFF80
F81F80
F80F80
F80F80
F80F00
FFFF00
FFFC00
FFFF00
F81F80
F80F80
F807C0
F80FC0
F81F80
FFFF80
FFFF00
FFFC00
ENDCHAR
STARTCHAR 029A
ENCODING 666
SWIDTH 600 0
DWIDTH 21 0
BBX 17 18 2 0
BITMAP
07F000
3FFC00
7FFE00
7C3F00
781F00
780F80
7C0F80
3F8F80
0F8780
3F8F80
7C0F80
F80F80
F80F80
F81F00
7E7F00
7FFE00
3FFC00
0FF000
ENDCHAR
STARTCHAR 029B
ENCODING 667
SWIDTH 600 0
DWIDTH 21 0
BBX 21 23 1 0
BITMAP
0000F8
0001F8
0003F8
0003F8
0003C0
03FBC0
0FFFC0
1FFFC0
3FFFC0
7E0FC0
7C07C0
7C0000
FC0000
F80000
F83FC0
FC3FC0
7C3FC0
7C3FC0
7E03C0
3FFFC0
1FFFC0
0FFF80
03FC00
ENDCHAR
STARTCHAR 029C
ENCODING 668
SWIDTH 600 0
DWIDTH 21 0
BBX 17 18 2 0
BITMAP
F80F80
F80F80
F80F80
F80F80
F80F80
F80F80
F80F80
FFFF80
FFFF80
FFFF80
F80F80
F80F80
F80F80
F80F80
F80F80
F80F80
F80F80
F80F80
ENDCHAR
STARTCHAR 029D
ENCODING 669
SWIDTH 600 0
DWIDTH 21 0
BBX 15 32 2 -7
BITMAP
00F8
00F8
00F8
00F8
0000
0000
0000
3FF8
3FF8
3FF8
00F8
00F8
00F8
00F8
00F8
00F8
00F8
00F8
00F8
00F8
00F8
03FE
3FFE
7FFE
FFFE
F0F8
F0F8
F0F8
FBF0
7FF0
7FE0
1F80
ENDCHAR
STARTCHAR 029E
ENCODING 670
SWIDTH 600 0
DWIDTH 21 0
BBX 17 25 1 -7
BITMAP
FC0F80
7C0F80
3E0F80
3E0F80
1F0F80
1F8F80
0F8F80
07DF80
07FF80
03FF80
01FF80
03EF80
03EF80
07CF80
0F8F80
1F0F80
3E0F80
7C0F80
000F80
000F80
000F80
000F80
000F80
000F80
000F80
ENDCHAR
STARTCHAR 029F
ENCODING 671
SWIDTH 600 0
DWIDTH 21 0
BBX 14 18 4 0
BITMAP
F800
F800
F800
F800
F800
F800
F800
F800
F800
F800
F800
F800
F800
F800
FFFC
FFFC
FFFC
FFFC
ENDCHAR
STARTCHAR 02A0
ENCODING 672
SWIDTH 600 0
DWIDTH 21 0
BBX 20 32 2 -7
BITMAP
0003F0
0007F0
000FF0
000FF0
000F80
000F00
000F00
0F8F00
3FCF00
7FEF00
7E7F00
FC3F00
F81F00
F81F00
F80F00
F80F00
F80F00
F80F00
F81F00
F81F00
FC1F00
7E7F00
7FEF00
3FCF00
0F8F00
000F00
000F00
000F00
000F00
000F00
000F00
000F00
ENDCHAR
STARTCHAR 02A1
ENCODING 673
SWIDTH 600 0
DWIDTH 21 0
BBX 17 23 2 0
BITMAP
07F000
1FFC00
3FFE00
7FFF00
FC1F80
F80F80
780F80
000F80
000F80
000F80
000F80
000F80
001F80
003F00
03FF00
03FE00
03FC00
03E000
FFFF00
FFFF00
FFFF00
03E000
03E000
ENDCHAR
STARTCHAR 02A2
ENCODING 674
SWIDTH 600 0
DWIDTH 21 0
BBX 17 23 2 0
BITMAP
03F000
1FFC00
3FFF00
7FFF00
7E1F80
FC0F80
F80700
F80000
F80000
F80000
F80000
F80000
FC0000
7E0000
3FE000
3FE000
0FE000
03E000
7FFF80
7FFF80
7FFF80
01E000
01E000
ENDCHAR
STARTCHAR 02A3
ENCODING 675
SWIDTH 600 0
DWIDTH 21 0
BBX 19 25 1 0
BITMAP
01C000
01C000
01C000
01C000
01C000
01C000
01C000
3DFFE0
7FFFE0
7FFFE0
7BC1E0
F3C1C0
F1C3C0
E1C380
E1C780
E1C700
E1CF00
E1CE00
E1DE00
F1DC00
F3FC00
FFFFE0
7FFFE0
7FFFE0
3DFFE0
ENDCHAR
STARTCHAR 02A4
ENCODING 676
SWIDTH 600 0
DWIDTH 21 0
BBX 19 32 1 -7
BITMAP
01E000
01E000
01E000
01E000
01E000
01E000
01E000
1DFFC0
7FFFC0
7FFFC0
FBE1C0
F1E3C0
F1E380
F1E780
E1E700
E1EF00
E1EF00
E1EF80
F1EFC0
F1E7C0
F1E1E0
FBE1E0
7FE1E0
7FE1E0
3CE1E0
0001E0
0021E0
00F1E0
00F3C0
007FC0
007F80
001E00
ENDCHAR
STARTCHAR 02A5
ENCODING 677
SWIDTH 600 0
DWIDTH 21 0
BBX 19 28 1 -3
BITMAP
038000
038000
038000
038000
038000
038000
038000
3BFF00
7FFF00
7FFF00
F78700
E78F00
E38E00
E38E00
E39C00
E39C00
E3B9C0
E3BBE0
E3BBE0
E3F760
E7F760
F7FFE0
7FFFE0
7FFFE0
3BFF80
001C00
001C00
001800
ENDCHAR
STARTCHAR 02A6
ENCODING 678
SWIDTH 600 0
DWIDTH 21 0
BBX 19 22 1 0
BITMAP
180000
380000
380000
380000
FFFF00
FFFF80
FFFFC0
39F3E0
39E1E0
39E000
39F800
38FF00
38FFC0
383FC0
380FE0
3801E0
3800E0
3800E0
3FFFE0
3FFFE0
3FFFC0
1FFF00
ENDCHAR
STARTCHAR 02A7
ENCODING 679
SWIDTH 600 0
DWIDTH 21 0
BBX 20 32 1 -7
BITMAP
0003F0
000FF0
000FF0
0F1FF0
0F1F00
0F1F00
1F1F00
FFFF00
FFFF00
FFFF00
1F1F00
1F1F00
1F1F00
1F1F00
1F1F00
1F1F00
1F1F00
1F1F00
1F1F00
1F1F00
1F1F00
1FFF00
1FFF00
0FFF00
07FF00
001F00
001F00
003E00
03FE00
03FE00
03FC00
03F000
ENDCHAR
STARTCHAR 02A8
ENCODING 680
SWIDTH 600 0
DWIDTH 21 0
BBX 19 22 1 0
BITMAP
380000
380000
380000
380000
FF1F00
FF7F80
FFFFC0
78FBE0
79F1E0
79E1E0
79E000
79E000
79EF80
79FFC0
79FFE0
79FFE0
79F0E0
79F0E0
7FFBE0
3FFFC0
3FBFC0
1E1F00
ENDCHAR
STARTCHAR 02A9
ENCODING 681
SWIDTH 600 0
DWIDTH 21 0
BBX 19 32 1 -7
BITMAP
0F0000
1F0000
3F0000
3C0000
3C0000
3C0000
3C0000
FFEF00
FFFF80
FFFFC0
3DF3C0
3DF3E0
3DE1E0
3DE1E0
3DE1E0
3DE1E0
3DE1E0
3DE1E0
3DE1E0
3DE1E0
3DE1E0
3DE1E0
3DE1E0
3DE1E0
3DE1E0
0001E0
0001E0
0001E0
000FE0
000FC0
000FC0
000F80
ENDCHAR
STARTCHAR 02AA
ENCODING 682
SWIDTH 600 0
DWIDTH 21 0
BBX 19 25 1 0
BITMAP
F80000
F80000
F80000
F80000
F80000
F80000
F80000
F87E00
F8FF80
F9FFC0
FBE3E0
FBC1E0
FBC000
FBE000
FBFE00
F9FF80
F8FFC0
F81FE0
F803E0
F801E0
FC01E0
FF83E0
FFFFC0
FFFF80
F9FE00
ENDCHAR
STARTCHAR 02AB
ENCODING 683
SWIDTH 600 0
DWIDTH 21 0
BBX 17 25 2 0
BITMAP
F00000
F00000
F00000
F00000
F00000
F00000
F00000
FFFF80
FFFF80
FFFF80
F00F80
F00F00
F01E00
F03C00
F07C00
F07800
F0F000
F1E000
F1E000
F3C000
F78000
FFFF80
FFFF80
FFFF80
FFFF80
ENDCHAR
STARTCHAR 02AC
ENCODING 684
SWIDTH 600 0
DWIDTH 21 0
BBX 17 25 2 0
BITMAP
E1C380
E3E380
E3E380
E36380
777700
777700
767700
763600
3E3E00
3E3E00
3C1E00
000000
000000
E1C380
E3E380
E3E380
E36380
677700
777700
777700
763700
3E3E00
3E3E00
3C1E00
3C1E00
ENDCHAR
STARTCHAR 02AD
ENCODING 685
SWIDTH 600 0
DWIDTH 21 0
BBX 15 25 3 0
BITMAP
FFFE
FFFE
FFFE
FFFE
F01E
F01E
F01E
F01E
0000
0000
0000
0000
0000
0000
0000
0000
0000
FFFE
FFFE
FFFE
FFFE
F01E
F01E
F01E
F01E
ENDCHAR
STARTCHAR 02AE
ENCODING 686
SWIDTH 600 0
DWIDTH 21 0
BBX 19 25 1 -7
BITMAP
FC03E0
FE03E0
FF03E0
FF03E0
0F83E0
0F83E0
0783E0
0783E0
0783E0
0783E0
0783E0
0783E0
0783E0
07C7E0
07FFE0
07FDE0
03FFE0
01F3E0
0003E0
0003E0
0003E0
0003E0
0003E0
0003E0
0003E0
ENDCHAR
STARTCHAR 02AF
ENCODING 687
SWIDTH 600 0
DWIDTH 21 0
BBX 21 25 0 -7
BITMAP
F80780
FE0780
FE0780
FF0780
0F0780
0F0780
0F0780
0F0780
0F0780
0F0780
0F0780
0F0F80
0F0F80
0F8F80
0FFF80
07FF80
07F780
01E780
000780
000780
000780
0007F8
0003F8
0003F8
0000F8
ENDCHAR
STARTCHAR 02B0
ENCODING 688
SWIDTH 600 0
DWIDTH 21 0
BBX 11 18 5 8
BITMAP
E000
E000
E000
E000
E000
E780
EFC0
FFE0
F1E0
E0E0
E0E0
E0E0
E0E0
E0E0
E0E0
E0E0
E0E0
E0E0
ENDCHAR
STARTCHAR 02B1
ENCODING 689
SWIDTH 600 0
DWIDTH 21 0
BBX 11 18 5 8
BITMAP
7C00
FC00
FC00
E000
E000
E780
EFC0
FFE0
F1E0
E0E0
E0E0
E0E0
E0E0
E0E0
E0E0
E0E0
E0E0
E0E0
ENDCHAR
STARTCHAR 02B2
ENCODING 690
SWIDTH 600 0
DWIDTH 21 0
BBX 5 23 8 3
BITMAP
38
38
38
00
00
38
38
38
38
38
38
38
38
38
38
38
38
38
38
38
78
F8
F0
ENDCHAR
STARTCHAR 02B3
ENCODING 691
SWIDTH 600 0
DWIDTH 21 0
BBX 7 13 7 8
BITMAP
E6
EE
FE
F0
F0
E0
E0
E0
E0
E0
E0
E0
E0
ENDCHAR
STARTCHAR 02B4
ENCODING 692
SWIDTH 600 0
DWIDTH 21 0
BBX 7 13 7 8
BITMAP
0E
0E
0E
0E
0E
0E
0E
0E
1E
1E
FE
EE
EE
ENDCHAR
STARTCHAR 02B5
ENCODING 693
SWIDTH 600 0
DWIDTH 21 0
BBX 9 18 6 3
BITMAP
1E00
1E00
1E00
1E00
1E00
1E00
1E00
1E00
1E00
1E00
EE00
EE00
CE00
0E00
0E00
0F80
0F80
0780
ENDCHAR
STARTCHAR 02B6
ENCODING 694
SWIDTH 600 0
DWIDTH 21 0
BBX 12 13 4 8
BITMAP
F070
F0F0
F1E0
F1C0
F3C0
FF80
FFE0
F1E0
F0F0
F0F0
F1E0
FFE0
FF80
ENDCHAR
STARTCHAR 02B7
ENCODING 695
SWIDTH 600 0
DWIDTH 21 0
BBX 19 13 1 8
BITMAP
E0E0E0
71F1C0
71F1C0
71B1C0
71B1C0
33B980
3BBB80
3B1B80
3B1B80
1F1F00
1F1F00
1E0F00
1E0F00
ENDCHAR
STARTCHAR 02B8
ENCODING 696
SWIDTH 600 0
DWIDTH 21 0
BBX 13 18 4 3
BITMAP
F078
7070
7070
78F0
38E0
38E0
1CE0
1DC0
1DC0
0D80
0F80
0F80
0700
0700
0F00
7E00
7C00
7800
ENDCHAR
STARTCHAR 02B9
ENCODING 697
SWIDTH 600 0
DWIDTH 21 0
BBX 5 11 8 14
BITMAP
F8
F8
F8
F8
F8
F8
70
70
70
70
70
ENDCHAR
STARTCHAR 02BA
ENCODING 698
SWIDTH 600 0
DWIDTH 21 0
BBX 13 11 4 14
BITMAP
F8F8
F8F8
F8F8
F8F8
78F8
78F0
78F0
78F0
7070
7070
7070
ENDCHAR
STARTCHAR 02BB
ENCODING 699
SWIDTH 600 0
DWIDTH 21 0
BBX 5 10 8 15
BITMAP
38
70
60
E0
E0
F8
F8
F8
F8
F8
ENDCHAR
STARTCHAR 02BC
ENCODING 700
SWIDTH 600 0
DWIDTH 21 0
BBX 5 10 8 15
BITMAP
F8
F8
F8
F8
F8
38
38
30
70
E0
ENDCHAR
STARTCHAR 02BD
ENCODING 701
SWIDTH 600 0
DWIDTH 21 0
BBX 5 10 8 15
BITMAP
F8
F8
F8
F8
F8
E0
E0
60
70
38
ENDCHAR
STARTCHAR 02BE
ENCODING 702
SWIDTH 600 0
DWIDTH 21 0
BBX 3 7 9 20
BITMAP
C0
E0
60
60
60
E0
C0
ENDCHAR
STARTCHAR 02BF
ENCODING 703
SWIDTH 600 0
DWIDTH 21 0
BBX 3 7 9 20
BITMAP
60
E0
C0
C0
C0
E0
60
ENDCHAR
STARTCHAR 02C0
ENCODING 704
SWIDTH 600 0
DWIDTH 21 0
BBX 11 17 5 8
BITMAP
1F00
7F80
FFC0
F1E0
60E0
00E0
00E0
00E0
01E0
01C0
0FC0
0F80
0E00
0E00
0E00
0E00
0E00
ENDCHAR
STARTCHAR 02C1
ENCODING 705
SWIDTH 600 0
DWIDTH 21 0
BBX 11 17 5 8
BITMAP
1F00
3FC0
7FC0
F1E0
E0C0
E000
E000
E000
F000
F000
7E00
3E00
0E00
0E00
0E00
0E00
0E00
ENDCHAR
STARTCHAR 02C2
ENCODING 706
SWIDTH 600 0
DWIDTH 21 0
BBX 17 19 2 2
BITMAP
000080
000780
001F80
00FF80
03FF00
1FF800
FFE000
FF0000
FC0000
E00000
FC0000
FF0000
FFE000
1FF800
03FF00
00FF80
001F80
000780
000080
ENDCHAR
STARTCHAR 02C3
ENCODING 707
SWIDTH 600 0
DWIDTH 21 0
BBX 17 19 2 2
BITMAP
800000
F00000
FC0000
FF8000
7FF000
0FFC00
03FF80
007F80
001F80
000380
001F80
007F80
03FF80
0FFC00
7FE000
FF8000
FC0000
F00000
800000
ENDCHAR
STARTCHAR 02C4
ENCODING 708
SWIDTH 600 0
DWIDTH 21 0
BBX 19 18 1 4
BITMAP
01F000
03F800
03F800
07BC00
07BC00
07BC00
0F1E00
0F1E00
0F1E00
1E0F00
1E0F00
3C0780
3C0780
3C0780
7803C0
7803C0
7803C0
F001E0
ENDCHAR
STARTCHAR 02C5
ENCODING 709
SWIDTH 600 0
DWIDTH 21 0
BBX 19 18 1 4
BITMAP
F001E0
7803C0
7803C0
7803C0
3C0780
3C0780
3C0780
1E0F00
1E0F00
0F1E00
0F1E00
0F1E00
07BC00
07BC00
07BC00
03F800
03F800
01F000
ENDCHAR
STARTCHAR 02C6
ENCODING 710
SWIDTH 600 0
DWIDTH 21 0
BBX 13 5 4 20
BITMAP
0F80
1FC0
3FE0
78F0
F078
ENDCHAR
STARTCHAR 02C7
ENCODING 711
SWIDTH 600 0
DWIDTH 21 0
BBX 13 5 4 20
BITMAP
F078
78F0
3FE0
1FC0
0F80
ENDCHAR
STARTCHAR 02C8
ENCODING 712
SWIDTH 600 0
DWIDTH 21 0
BBX 3 6 9 19
BITMAP
E0
E0
E0
E0
E0
E0
ENDCHAR
STARTCHAR 02C9
ENCODING 713
SWIDTH 600 0
DWIDTH 21 0
BBX 11 3 5 21
BITMAP
FFE0
FFE0
FFE0
ENDCHAR
STARTCHAR 02CA
ENCODING 714
SWIDTH 600 0
DWIDTH 21 0
BBX 7 5 7 20
BITMAP
3E
3C
78
F0
E0
ENDCHAR
STARTCHAR 02CB
ENCODING 715
SWIDTH 600 0
DWIDTH 21 0
BBX 7 5 7 20
BITMAP
F8
78
3C
1E
0E
ENDCHAR
STARTCHAR 02CC
ENCODING 716
SWIDTH 600 0
DWIDTH 21 0
BBX 3 6 9 -7
BITMAP
E0
E0
E0
E0
E0
E0
ENDCHAR
STARTCHAR 02CD
ENCODING 717
SWIDTH 600 0
DWIDTH 21 0
BBX 11 3 5 -6
BITMAP
FFE0
FFE0
FFE0
ENDCHAR
STARTCHAR 02CE
ENCODING 718
SWIDTH 600 0
DWIDTH 21 0
BBX 7 5 7 -7
BITMAP
F8
78
3C
1E
0E
ENDCHAR
STARTCHAR 02CF
ENCODING 719
SWIDTH 600 0
DWIDTH 21 0
BBX 7 5 7 -7
BITMAP
3E
3C
78
F0
E0
ENDCHAR
STARTCHAR 02D0
ENCODING 720
SWIDTH 600 0
DWIDTH 21 0
BBX 5 18 8 0
BITMAP
F8
F8
70
70
70
00
00
00
00
00
00
00
00
70
70
70
F8
F8
ENDCHAR
STARTCHAR 02D1
ENCODING 721
SWIDTH 600 0
DWIDTH 21 0
BBX 5 5 8 13
BITMAP
F8
F8
70
70
70
ENDCHAR
STARTCHAR 02D2
ENCODING 722
SWIDTH 600 0
DWIDTH 21 0
BBX 3 7 9 2
BITMAP
C0
E0
60
60
60
E0
C0
ENDCHAR
STARTCHAR 02D3
ENCODING 723
SWIDTH 600 0
DWIDTH 21 0
BBX 3 7 9 2
BITMAP
60
E0
C0
C0
C0
E0
60
ENDCHAR
STARTCHAR 02D4
ENCODING 724
SWIDTH 600 0
DWIDTH 21 0
BBX 7 6 7 3
BITMAP
38
38
38
38
FE
FE
ENDCHAR
STARTCHAR 02D5
ENCODING 725
SWIDTH 600 0
DWIDTH 21 0
BBX 7 6 7 3
BITMAP
FE
FE
38
38
38
38
ENDCHAR
STARTCHAR 02D6
ENCODING 726
SWIDTH 600 0
DWIDTH 21 0
BBX 7 6 7 3
BITMAP
38
38
FE
FE
38
38
ENDCHAR
STARTCHAR 02D7
ENCODING 727
SWIDTH 600 0
DWIDTH 21 0
BBX 11 4 5 4
BITMAP
FFE0
FFE0
FFE0
FFE0
ENDCHAR
STARTCHAR 02D8
ENCODING 728
SWIDTH 600 0
DWIDTH 21 0
BBX 12 5 4 20
BITMAP
E030
7070
7FF0
3FE0
0F80
ENDCHAR
STARTCHAR 02D9
ENCODING 729
SWIDTH 600 0
DWIDTH 21 0
BBX 5 4 8 21
BITMAP
F8
F8
F8
F8
ENDCHAR
STARTCHAR 02DA
ENCODING 730
SWIDTH 600 0
DWIDTH 21 0
BBX 9 7 6 20
BITMAP
3E00
7F00
E300
E380
E300
7F00
3E00
ENDCHAR
STARTCHAR 02DB
ENCODING 731
SWIDTH 600 0
DWIDTH 21 0
BBX 7 7 7 -7
BITMAP
38
70
E0
E0
FE
7E
3E
ENDCHAR
STARTCHAR 02DC
ENCODING 732
SWIDTH 600 0
DWIDTH 21 0
BBX 13 5 4 20
BITMAP
3C18
7F38
FFF8
E7F0
C1E0
ENDCHAR
STARTCHAR 02DD
ENCODING 733
SWIDTH 600 0
DWIDTH 21 0
BBX 15 5 0 20
BITMAP
1F3E
1E7C
3C78
70E0
E1C0
ENDCHAR
STARTCHAR 02DE
ENCODING 734
SWIDTH 600 0
DWIDTH 21 0
BBX 11 8 5 6
BITMAP
3800
F800
F800
F800
3C40
3FE0
1FE0
0FC0
ENDCHAR
STARTCHAR 02DF
ENCODING 735
SWIDTH 600 0
DWIDTH 21 0
BBX 11 12 5 14
BITMAP
4040
E0E0
71C0
3B80
1F00
0E00
1F00
3B80
71C0
E0E0
4040
4000
ENDCHAR
STARTCHAR 02E0
ENCODING 736
SWIDTH 600 0
DWIDTH 21 0
BBX 13 18 4 3
BITMAP
F078
7070
70F0
38E0
38E0
3DC0
1DC0
1FC0
0F80
0F80
0F80
0DC0
1DC0
1DC0
1DC0
1DC0
1FC0
0F80
ENDCHAR
STARTCHAR 02E1
ENCODING 737
SWIDTH 600 0
DWIDTH 21 0
BBX 3 18 9 8
BITMAP
E0
E0
E0
E0
E0
E0
E0
E0
E0
E0
E0
E0
E0
E0
E0
E0
E0
E0
ENDCHAR
STARTCHAR 02E2
ENCODING 738
SWIDTH 600 0
DWIDTH 21 0
BBX 11 13 5 8
BITMAP
1F00
7FC0
F1E0
E0E0
F000
7F00
3FC0
0FE0
00E0
E0E0
F1E0
7FC0
3F80
ENDCHAR
STARTCHAR 02E3
ENCODING 739
SWIDTH 600 0
DWIDTH 21 0
BBX 13 13 4 8
BITMAP
7070
78F0
38E0
1DC0
1FC0
0F80
0780
0F80
1DC0
3DE0
38E0
78F0
F078
ENDCHAR
STARTCHAR 02E4
ENCODING 740
SWIDTH 600 0
DWIDTH 21 0
BBX 11 17 5 8
BITMAP
1F00
3FC0
7FC0
F1E0
E0C0
E000
E000
E000
F000
F000
7E00
3E00
0E00
0E00
0E00
0E00
0E00
ENDCHAR
STARTCHAR 02E5
ENCODING 741
SWIDTH 600 0
DWIDTH 21 0
BBX 9 25 6 0
BITMAP
FF80
FF80
FF80
0380
0380
0380
0380
0380
0380
0380
0380
0380
0380
0380
0380
0380
0380
0380
0380
0380
0380
0380
0380
0380
0380
ENDCHAR
STARTCHAR 02E6
ENCODING 742
SWIDTH 600 0
DWIDTH 21 0
BBX 9 25 6 0
BITMAP
0380
0380
0380
0380
0380
0380
FF80
FF80
FF80
0380
0380
0380
0380
0380
0380
0380
0380
0380
0380
0380
0380
0380
0380
0380
0380
ENDCHAR
STARTCHAR 02E7
ENCODING 743
SWIDTH 600 0
DWIDTH 21 0
BBX 9 25 6 0
BITMAP
0380
0380
0380
0380
0380
0380
0380
0380
0380
0380
0380
FF80
FF80
FF80
0380
0380
0380
0380
0380
0380
0380
0380
0380
0380
0380
ENDCHAR
STARTCHAR 02E8
ENCODING 744
SWIDTH 600 0
DWIDTH 21 0
BBX 9 25 6 0
BITMAP
0380
0380
0380
0380
0380
0380
0380
0380
0380
0380
0380
0380
0380
0380
0380
0380
0380
FF80
FF80
FF80
0380
0380
0380
0380
0380
ENDCHAR
STARTCHAR 02E9
ENCODING 745
SWIDTH 600 0
DWIDTH 21 0
BBX 9 25 6 0
BITMAP
0380
0380
0380
0380
0380
0380
0380
0380
0380
0380
0380
0380
0380
0380
0380
0380
0380
0380
0380
0380
0380
0380
FF80
FF80
FF80
ENDCHAR
STARTCHAR 02EA
ENCODING 746
SWIDTH 600 0
DWIDTH 21 0
BBX 9 15 6 0
BITMAP
C000
C000
C000
C000
C000
C000
C000
C000
C000
C000
C000
C000
C000
FF80
FF80
ENDCHAR
STARTCHAR 02EB
ENCODING 747
SWIDTH 600 0
DWIDTH 21 0
BBX 9 15 6 0
BITMAP
C000
C000
C000
C000
C000
C000
C000
FF80
FF80
C000
C000
C000
C000
C000
C000
ENDCHAR
STARTCHAR 02EC
ENCODING 748
SWIDTH 600 0
DWIDTH 21 0
BBX 13 5 4 -9
BITMAP
F078
78F0
3FE0
1FC0
0F80
ENDCHAR
STARTCHAR 02ED
ENCODING 749
SWIDTH 600 0
DWIDTH 21 0
BBX 11 6 5 20
BITMAP
FFE0
FFE0
0000
0000
FFE0
FFE0
ENDCHAR
STARTCHAR 02EE
ENCODING 750
SWIDTH 600 0
DWIDTH 21 0
BBX 13 10 4 14
BITMAP
F8F8
F8F8
F8F8
F8F8
3838
3838
3838
7070
7070
E0E0
ENDCHAR
STARTCHAR 02EF
ENCODING 751
SWIDTH 600 0
DWIDTH 21 0
BBX 6 5 3 -6
BITMAP
CC
D8
78
70
30
ENDCHAR
STARTCHAR 02F0
ENCODING 752
SWIDTH 600 0
DWIDTH 21 0
BBX 6 5 3 -6
BITMAP
30
70
78
D8
CC
ENDCHAR
STARTCHAR 02F1
ENCODING 753
SWIDTH 600 0
DWIDTH 21 0
BBX 5 7 3 -7
BITMAP
08
18
78
E0
78
18
08
ENDCHAR
STARTCHAR 02F2
ENCODING 754
SWIDTH 600 0
DWIDTH 21 0
BBX 5 7 3 -7
BITMAP
80
E0
78
18
70
E0
80
ENDCHAR
STARTCHAR 02F3
ENCODING 755
SWIDTH 600 0
DWIDTH 21 0
BBX 6 7 3 -8
BITMAP
78
FC
8C
8C
8C
FC
78
ENDCHAR
STARTCHAR 02F4
ENCODING 756
SWIDTH 600 0
DWIDTH 21 0
BBX 7 5 1 3
BITMAP
F8
78
3C
1E
0E
ENDCHAR
STARTCHAR 02F5
ENCODING 757
SWIDTH 600 0
DWIDTH 21 0
BBX 14 5 -1 3
BITMAP
FBE0
79F0
3CF0
1E78
0E3C
ENDCHAR
STARTCHAR 02F6
ENCODING 758
SWIDTH 600 0
DWIDTH 21 0
BBX 14 5 -1 3
BITMAP
3E7C
3CF8
78F0
71C0
E380
ENDCHAR
STARTCHAR 02F7
ENCODING 759
SWIDTH 600 0
DWIDTH 21 0
BBX 12 5 0 -7
BITMAP
7830
7C70
FFE0
C7E0
C1C0
ENDCHAR
STARTCHAR 02F8
ENCODING 760
SWIDTH 600 0
DWIDTH 21 0
BBX 5 18 3 8
BITMAP
F8
F8
F8
F8
F8
00
00
00
00
00
00
00
00
F8
F8
F8
F8
F8
ENDCHAR
STARTCHAR 02F9
ENCODING 761
SWIDTH 600 0
DWIDTH 21 0
BBX 6 6 3 20
BITMAP
FC
FC
C0
C0
C0
C0
ENDCHAR
STARTCHAR 02FA
ENCODING 762
SWIDTH 600 0
DWIDTH 21 0
BBX 6 6 3 20
BITMAP
FC
FC
0C
0C
0C
0C
ENDCHAR
STARTCHAR 02FB
ENCODING 763
SWIDTH 600 0
DWIDTH 21 0
BBX 6 6 3 -7
BITMAP
C0
C0
C0
C0
FC
FC
ENDCHAR
STARTCHAR 02FC
ENCODING 764
SWIDTH 600 0
DWIDTH 21 0
BBX 6 6 3 -7
BITMAP
0C
0C
0C
0C
FC
FC
ENDCHAR
STARTCHAR 02FD
ENCODING 765
SWIDTH 600 0
DWIDTH 21 0
BBX 12 7 1 -8
BITMAP
C030
C030
C030
C030
FFF0
FFF0
FFF0
ENDCHAR
STARTCHAR 02FE
ENCODING 766
SWIDTH 600 0
DWIDTH 21 0
BBX 12 7 1 -8
BITMAP
C000
C000
C000
C000
FFF0
FFF0
FFF0
ENDCHAR
STARTCHAR 02FF
ENCODING 767
SWIDTH 600 0
DWIDTH 21 0
BBX 10 10 1 -7
BITMAP
1800
3000
3000
6000
FFC0
FFC0
6000
3000
3000
1800
ENDCHAR
STARTCHAR 0300
ENCODING 768
SWIDTH 0 0
DWIDTH 0 0
BBX 7 5 -9 27
BITMAP
F0
F8
3C
1C
0E
ENDCHAR
STARTCHAR 0301
ENCODING 769
SWIDTH 0 0
DWIDTH 0 0
BBX 7 5 -7 27
BITMAP
1E
3C
78
70
E0
ENDCHAR
STARTCHAR 0302
ENCODING 770
SWIDTH 0 0
DWIDTH 0 0
BBX 13 5 -2 20
BITMAP
0F80
1FC0
3FE0
78F0
E078
ENDCHAR
STARTCHAR 0303
ENCODING 771
SWIDTH 0 0
DWIDTH 0 0
BBX 12 5 -16 27
BITMAP
3830
7E30
FFF0
E3E0
C1C0
ENDCHAR
STARTCHAR 0304
ENCODING 772
SWIDTH 0 0
DWIDTH 0 0
BBX 10 3 -5 22
BITMAP
FFC0
FFC0
FFC0
ENDCHAR
STARTCHAR 0305
ENCODING 773
SWIDTH 0 0
DWIDTH 0 0
BBX 20 1 -10 27
BITMAP
FFFFF0
ENDCHAR
STARTCHAR 0306
ENCODING 774
SWIDTH 0 0
DWIDTH 0 0
BBX 12 6 -6 20
BITMAP
E070
E070
70E0
7FE0
3FC0
1F80
ENDCHAR
STARTCHAR 0307
ENCODING 775
SWIDTH 0 0
DWIDTH 0 0
BBX 4 4 -2 22
BITMAP
F0
F0
F0
F0
ENDCHAR
STARTCHAR 0308
ENCODING 776
SWIDTH 0 0
DWIDTH 0 0
BBX 12 4 -6 22
BITMAP
F0F0
F0F0
F0F0
F0F0
ENDCHAR
STARTCHAR 0309
ENCODING 777
SWIDTH 0 0
DWIDTH 0 0
BBX 7 6 -8 25
BITMAP
FC
FE
0E
0E
3C
30
ENDCHAR
STARTCHAR 030A
ENCODING 778
SWIDTH 0 0
DWIDTH 0 0
BBX 6 7 -3 20
BITMAP
78
FC
CC
84
CC
FC
78
ENDCHAR
STARTCHAR 030B
ENCODING 779
SWIDTH 0 0
DWIDTH 0 0
BBX 15 5 -8 20
BITMAP
1F3E
1E7C
3C78
70E0
E1C0
ENDCHAR
STARTCHAR 030C
ENCODING 780
SWIDTH 0 0
DWIDTH 0 0
BBX 13 5 -2 20
BITMAP
E078
78F0
3FE0
1FC0
0F80
ENDCHAR
STARTCHAR 030D
ENCODING 781
SWIDTH 0 0
DWIDTH 0 0
BBX 2 6 -1 19
BITMAP
C0
C0
C0
C0
C0
C0
ENDCHAR
STARTCHAR 030E
ENCODING 782
SWIDTH 0 0
DWIDTH 0 0
BBX 6 6 -3 19
BITMAP
CC
CC
CC
CC
CC
CC
ENDCHAR
STARTCHAR 030F
ENCODING 783
SWIDTH 0 0
DWIDTH 0 0
BBX 15 5 -8 20
BITMAP
F1E0
78F0
3C78
0E3C
070E
ENDCHAR
STARTCHAR 0310
ENCODING 784
SWIDTH 0 0
DWIDTH 0 0
BBX 12 9 -6 20
BITMAP
0F00
0F00
0F00
0F00
E070
F0F0
7FE0
3FC0
1F80
ENDCHAR
STARTCHAR 0311
ENCODING 785
SWIDTH 0 0
DWIDTH 0 0
BBX 12 5 -6 20
BITMAP
1F80
3FC0
7FE0
70E0
E070
ENDCHAR
STARTCHAR 0312
ENCODING 786
SWIDTH 0 0
DWIDTH 0 0
BBX 5 10 -3 14
BITMAP
38
70
70
70
60
78
F8
F8
F8
F8
ENDCHAR
STARTCHAR 0313
ENCODING 787
SWIDTH 0 0
DWIDTH 0 0
BBX 4 10 -2 14
BITMAP
F0
F0
F0
F0
F0
30
70
70
70
E0
ENDCHAR
STARTCHAR 0314
ENCODING 788
SWIDTH 0 0
DWIDTH 0 0
BBX 5 10 -3 14
BITMAP
F8
F8
F8
F8
78
60
60
70
70
38
ENDCHAR
STARTCHAR 0315
ENCODING 789
SWIDTH 0 0
DWIDTH 0 0
BBX 5 10 0 14
BITMAP
F8
F8
F8
F8
F8
18
38
38
70
70
ENDCHAR
STARTCHAR 0316
ENCODING 790
SWIDTH 0 0
DWIDTH 0 0
BBX 8 5 -4 -7
BITMAP
F8
7C
3C
1E
07
ENDCHAR
STARTCHAR 0317
ENCODING 791
SWIDTH 0 0
DWIDTH 0 0
BBX 8 5 -4 -7
BITMAP
1F
3E
3C
78
E0
ENDCHAR
STARTCHAR 0318
ENCODING 792
SWIDTH 0 0
DWIDTH 0 0
BBX 6 6 -3 -7
BITMAP
0C
0C
FC
FC
0C
0C
ENDCHAR
STARTCHAR 0319
ENCODING 793
SWIDTH 0 0
DWIDTH 0 0
BBX 6 6 -3 -7
BITMAP
C0
C0
FC
FC
C0
C0
ENDCHAR
STARTCHAR 031A
ENCODING 794
SWIDTH 0 0
DWIDTH 0 0
BBX 12 8 -6 21
BITMAP
FFF0
FFF0
FFF0
0030
0030
0030
0030
0030
ENDCHAR
STARTCHAR 031B
ENCODING 795
SWIDTH 0 0
DWIDTH 0 0
BBX 6 11 0 13
BITMAP
7C
7C
7C
7C
1C
1C
18
38
F0
E0
C0
ENDCHAR
STARTCHAR 031C
ENCODING 796
SWIDTH 0 0
DWIDTH 0 0
BBX 4 7 -2 -8
BITMAP
30
70
E0
C0
E0
70
30
ENDCHAR
STARTCHAR 031D
ENCODING 797
SWIDTH 0 0
DWIDTH 0 0
BBX 6 6 -3 -7
BITMAP
30
30
30
30
FC
FC
ENDCHAR
STARTCHAR 031E
ENCODING 798
SWIDTH 0 0
DWIDTH 0 0
BBX 6 6 -3 -7
BITMAP
FC
FC
30
30
30
30
ENDCHAR
STARTCHAR 031F
ENCODING 799
SWIDTH 0 0
DWIDTH 0 0
BBX 6 6 -3 -7
BITMAP
30
30
FC
FC
30
30
ENDCHAR
STARTCHAR 0320
ENCODING 800
SWIDTH 0 0
DWIDTH 0 0
BBX 14 3 -7 -5
BITMAP
FFFC
FFFC
FFFC
ENDCHAR
STARTCHAR 0321
ENCODING 801
SWIDTH 0 0
DWIDTH 0 0
BBX 9 9 -4 -7
BITMAP
0F80
0F80
0F80
0F80
0F80
FF00
FF00
FE00
FC00
ENDCHAR
STARTCHAR 0322
ENCODING 802
SWIDTH 0 0
DWIDTH 0 0
BBX 9 9 0 -7
BITMAP
F800
F800
F800
F800
F800
FF80
7F80
7F80
1F80
ENDCHAR
STARTCHAR 0323
ENCODING 803
SWIDTH 0 0
DWIDTH 0 0
BBX 4 4 -2 -7
BITMAP
F0
F0
F0
F0
ENDCHAR
STARTCHAR 0324
ENCODING 804
SWIDTH 0 0
DWIDTH 0 0
BBX 12 4 -6 -7
BITMAP
F0F0
F0F0
F0F0
F0F0
ENDCHAR
STARTCHAR 0325
ENCODING 805
SWIDTH 0 0
DWIDTH 0 0
BBX 6 7 -3 -8
BITMAP
78
FC
CC
84
CC
FC
78
ENDCHAR
STARTCHAR 0326
ENCODING 806
SWIDTH 0 0
DWIDTH 0 0
BBX 4 6 -2 -7
BITMAP
F0
F0
F0
F0
70
60
ENDCHAR
STARTCHAR 0327
ENCODING 807
SWIDTH 0 0
DWIDTH 0 0
BBX 9 7 -4 -7
BITMAP
7E00
7F00
0780
0780
0F00
FF00
FC00
ENDCHAR
STARTCHAR 0328
ENCODING 808
SWIDTH 0 0
DWIDTH 0 0
BBX 6 7 -3 -7
BITMAP
70
60
E0
E0
F4
FC
7C
ENDCHAR
STARTCHAR 0329
ENCODING 809
SWIDTH 0 0
DWIDTH 0 0
BBX 2 6 -1 -7
BITMAP
C0
C0
C0
C0
C0
C0
ENDCHAR
STARTCHAR 032A
ENCODING 810
SWIDTH 0 0
DWIDTH 0 0
BBX 12 7 -6 -8
BITMAP
FFF0
FFF0
FFF0
C030
C030
C030
C030
ENDCHAR
STARTCHAR 032B
ENCODING 811
SWIDTH 0 0
DWIDTH 0 0
BBX 12 4 -6 -6
BITMAP
C630
E670
7FE0
39C0
ENDCHAR
STARTCHAR 032C
ENCODING 812
SWIDTH 0 0
DWIDTH 0 0
BBX 12 5 -6 -9
BITMAP
E070
78E0
3FC0
1F80
0F80
ENDCHAR
STARTCHAR 032D
ENCODING 813
SWIDTH 0 0
DWIDTH 0 0
BBX 12 5 -6 -9
BITMAP
0F80
1F80
3FC0
79E0
E070
ENDCHAR
STARTCHAR 032E
ENCODING 814
SWIDTH 0 0
DWIDTH 0 0
BBX 12 5 -6 -8
BITMAP
E070
E0F0
7FE0
7FC0
1F80
ENDCHAR
STARTCHAR 032F
ENCODING 815
SWIDTH 0 0
DWIDTH 0 0
BBX 12 5 -6 -7
BITMAP
1F80
3FC0
7FE0
F0E0
E070
ENDCHAR
STARTCHAR 0330
ENCODING 816
SWIDTH 0 0
DWIDTH 0 0
BBX 14 5 -3 -6
BITMAP
3C1C
7F1C
7FF8
63F8
E0F0
ENDCHAR
STARTCHAR 0331
ENCODING 817
SWIDTH 0 0
DWIDTH 0 0
BBX 10 3 -5 -6
BITMAP
FFC0
FFC0
FFC0
ENDCHAR
STARTCHAR 0332
ENCODING 818
SWIDTH 0 0
DWIDTH 0 0
BBX 21 2 -10 -4
BITMAP
FFFFF8
FFFFF8
ENDCHAR
STARTCHAR 0333
ENCODING 819
SWIDTH 0 0
DWIDTH 0 0
BBX 10 10 -5 -13
BITMAP
FFC0
FFC0
FFC0
0000
0000
0000
0000
FFC0
FFC0
FFC0
ENDCHAR
STARTCHAR 0334
ENCODING 820
SWIDTH 0 0
DWIDTH 0 0
BBX 14 5 -3 3
BITMAP
3C1C
7F1C
7FF8
63F8
E0F0
ENDCHAR
STARTCHAR 0335
ENCODING 821
SWIDTH 0 0
DWIDTH 0 0
BBX 12 4 -6 4
BITMAP
FFF0
FFF0
FFF0
FFF0
ENDCHAR
STARTCHAR 0336
ENCODING 822
SWIDTH 0 0
DWIDTH 0 0
BBX 20 4 -10 4
BITMAP
FFFFF0
FFFFF0
FFFFF0
FFFFF0
ENDCHAR
STARTCHAR 0337
ENCODING 823
SWIDTH 0 0
DWIDTH 0 0
BBX 16 16 -8 0
BITMAP
0004
000E
001F
003E
007C
00F8
01F0
03E0
07C0
0F80
1F00
3E00
7C00
F800
7000
2000
ENDCHAR
STARTCHAR 0338
ENCODING 824
SWIDTH 0 0
DWIDTH 0 0
BBX 8 26 -4 -1
BITMAP
07
0F
0F
0F
0E
0E
1E
1E
1E
1C
1C
3C
3C
3C
3C
38
38
78
78
78
70
70
F0
F0
F0
E0
ENDCHAR
STARTCHAR 0339
ENCODING 825
SWIDTH 0 0
DWIDTH 0 0
BBX 4 7 -2 -8
BITMAP
C0
E0
70
30
70
E0
C0
ENDCHAR
STARTCHAR 033A
ENCODING 826
SWIDTH 0 0
DWIDTH 0 0
BBX 12 7 -6 -8
BITMAP
C030
C030
C030
C030
FFF0
FFF0
FFF0
ENDCHAR
STARTCHAR 033B
ENCODING 827
SWIDTH 0 0
DWIDTH 0 0
BBX 6 6 -3 -7
BITMAP
FC
FC
84
84
FC
FC
ENDCHAR
STARTCHAR 033C
ENCODING 828
SWIDTH 0 0
DWIDTH 0 0
BBX 12 4 -6 -6
BITMAP
39C0
7FE0
C630
0600
ENDCHAR
STARTCHAR 033D
ENCODING 829
SWIDTH 0 0
DWIDTH 0 0
BBX 8 7 -4 20
BITMAP
66
FF
7E
3C
7E
FF
66
ENDCHAR
STARTCHAR 033E
ENCODING 830
SWIDTH 0 0
DWIDTH 0 0
BBX 4 9 -2 19
BITMAP
70
F0
C0
E0
60
70
30
E0
E0
ENDCHAR
STARTCHAR 033F
ENCODING 831
SWIDTH 0 0
DWIDTH 0 0
BBX 20 4 -10 27
BITMAP
FFFFF0
000000
000000
FFFFF0
ENDCHAR
STARTCHAR 0340
ENCODING 832
SWIDTH 0 0
DWIDTH 0 0
BBX 7 5 -7 21
BITMAP
F0
78
3C
1C
0E
ENDCHAR
STARTCHAR 0341
ENCODING 833
SWIDTH 0 0
DWIDTH 0 0
BBX 7 5 0 21
BITMAP
1E
3C
78
70
E0
ENDCHAR
STARTCHAR 0342
ENCODING 834
SWIDTH 0 0
DWIDTH 0 0
BBX 12 5 -6 20
BITMAP
3830
7E30
FFF0
C7E0
C1C0
ENDCHAR
STARTCHAR 0343
ENCODING 835
SWIDTH 0 0
DWIDTH 0 0
BBX 4 10 -2 15
BITMAP
F0
F0
F0
F0
30
30
70
70
F0
E0
ENDCHAR
STARTCHAR 0344
ENCODING 836
SWIDTH 0 0
DWIDTH 0 0
BBX 16 6 -8 20
BITMAP
01E0
03E0
F3CF
F38F
F30F
F30F
ENDCHAR
STARTCHAR 0345
ENCODING 837
SWIDTH 0 0
DWIDTH 0 0
BBX 5 5 -2 -7
BITMAP
E0
E0
E0
78
78
ENDCHAR
STARTCHAR 0346
ENCODING 838
SWIDTH 0 0
DWIDTH 0 0
BBX 12 7 -6 20
BITMAP
FFF0
FFF0
FFF0
C030
C030
C030
C030
ENDCHAR
STARTCHAR 0347
ENCODING 839
SWIDTH 0 0
DWIDTH 0 0
BBX 17 5 -9 -7
BITMAP
FFFF80
FFFF80
000000
FFFF80
FFFF80
ENDCHAR
STARTCHAR 0348
ENCODING 840
SWIDTH 0 0
DWIDTH 0 0
BBX 6 6 -3 -7
BITMAP
CC
CC
CC
CC
CC
CC
ENDCHAR
STARTCHAR 0349
ENCODING 841
SWIDTH 0 0
DWIDTH 0 0
BBX 6 6 -3 -7
BITMAP
FC
FC
0C
0C
0C
0C
ENDCHAR
STARTCHAR 034A
ENCODING 842
SWIDTH 0 0
DWIDTH 0 0
BBX 12 7 -6 20
BITMAP
0100
3B30
7F30
FFF0
EFE0
CDC0
0C00
ENDCHAR
STARTCHAR 034B
ENCODING 843
SWIDTH 0 0
DWIDTH 0 0
BBX 10 10 -5 22
BITMAP
0C00
0C00
0C00
70C0
7CC0
CF80
C380
0C00
0C00
0C00
ENDCHAR
STARTCHAR 034C
ENCODING 844
SWIDTH 0 0
DWIDTH 0 0
BBX 12 11 -6 20
BITMAP
3830
7E30
FFF0
C7E0
C1C0
0000
3830
7E30
FFF0
C7E0
C1C0
ENDCHAR
STARTCHAR 034D
ENCODING 845
SWIDTH 0 0
DWIDTH 0 0
BBX 8 4 -4 -6
BITMAP
42
FF
FF
42
ENDCHAR
STARTCHAR 034E
ENCODING 846
SWIDTH 0 0
DWIDTH 0 0
BBX 4 6 -2 -7
BITMAP
60
F0
60
60
60
60
ENDCHAR
STARTCHAR 034F
ENCODING 847
SWIDTH 0 0
DWIDTH 0 0
BBX 26 25 -13 0
BITMAP
FC3F0FC0
FC3F0FC0
C00000C0
C00000C0
C00C00C0
C06D80C0
0161A000
01002000
00000000
06001800
C60018C0
C00000C0
CC000CC0
CC000CC0
C00000C0
06001800
06001800
01002000
01002000
C06D80C0
C06D80C0
C00000C0
C00000C0
FC3F0FC0
FC3F0FC0
ENDCHAR
STARTCHAR 0350
ENCODING 848
SWIDTH 0 0
DWIDTH 0 0
BBX 4 7 -2 19
BITMAP
80
C0
F0
30
F0
C0
80
ENDCHAR
STARTCHAR 0351
ENCODING 849
SWIDTH 0 0
DWIDTH 0 0
BBX 4 7 -2 20
BITMAP
30
70
E0
C0
E0
70
30
ENDCHAR
STARTCHAR 0352
ENCODING 850
SWIDTH 0 0
DWIDTH 0 0
BBX 10 9 -5 21
BITMAP
3F00
7F80
FBC0
E1C0
C0C0
1E00
1E00
1E00
1E00
ENDCHAR
STARTCHAR 0353
ENCODING 851
SWIDTH 0 0
DWIDTH 0 0
BBX 8 7 -4 -7
BITMAP
26
7F
7E
3C
7E
E7
62
ENDCHAR
STARTCHAR 0354
ENCODING 852
SWIDTH 0 0
DWIDTH 0 0
BBX 4 7 -2 -7
BITMAP
10
30
F0
C0
F0
30
10
ENDCHAR
STARTCHAR 0355
ENCODING 853
SWIDTH 0 0
DWIDTH 0 0
BBX 4 7 -2 -7
BITMAP
80
C0
F0
30
F0
C0
80
ENDCHAR
STARTCHAR 0356
ENCODING 854
SWIDTH 0 0
DWIDTH 0 0
BBX 12 7 -5 -7
BITMAP
8000
E080
71C0
1B60
7360
E630
8000
ENDCHAR
STARTCHAR 0357
ENCODING 855
SWIDTH 0 0
DWIDTH 0 0
BBX 4 7 -2 20
BITMAP
C0
E0
70
30
70
E0
C0
ENDCHAR
STARTCHAR 0358
ENCODING 856
SWIDTH 0 0
DWIDTH 0 0
BBX 3 3 4 20
BITMAP
60
E0
60
ENDCHAR
STARTCHAR 0359
ENCODING 857
SWIDTH 0 0
DWIDTH 0 0
BBX 6 6 -3 -7
BITMAP
30
B4
FC
30
78
48
ENDCHAR
STARTCHAR 035A
ENCODING 858
SWIDTH 0 0
DWIDTH 0 0
BBX 12 7 -6 -8
BITMAP
39C0
7FE0
C630
C630
C630
7FE0
39C0
ENDCHAR
STARTCHAR 035B
ENCODING 859
SWIDTH 0 0
DWIDTH 0 0
BBX 6 8 -3 20
BITMAP
60
60
C0
FC
FC
0C
18
18
ENDCHAR
STARTCHAR 035C
ENCODING 860
SWIDTH 0 0
DWIDTH 0 0
BBX 27 7 -3 -8
BITMAP
F00000E0
700001C0
3C0003C0
1E000F80
0FFFFE00
03FFFC00
007FC000
ENDCHAR
STARTCHAR 035D
ENCODING 861
SWIDTH 0 0
DWIDTH 0 0
BBX 27 7 -3 21
BITMAP
F00000E0
700001C0
3C0003C0
1E000F80
0FFFFE00
03FFFC00
007FC000
ENDCHAR
STARTCHAR 035E
ENCODING 862
SWIDTH 0 0
DWIDTH 0 0
BBX 21 3 -3 21
BITMAP
FFFFF8
FFFFF8
FFFFF8
ENDCHAR
STARTCHAR 035F
ENCODING 863
SWIDTH 0 0
DWIDTH 0 0
BBX 21 3 -3 -6
BITMAP
FFFFF8
FFFFF8
FFFFF8
ENDCHAR
STARTCHAR 0360
ENCODING 864
SWIDTH 0 0
DWIDTH 0 0
BBX 27 5 -3 21
BITMAP
0FE000E0
3FFF01E0
7FFFFFC0
F00FFF80
E0003E00
ENDCHAR
STARTCHAR 0361
ENCODING 865
SWIDTH 0 0
DWIDTH 0 0
BBX 27 7 -3 21
BITMAP
007FC000
03FFF800
0FFFFE00
1E000F80
3C0003C0
700001C0
F00000E0
ENDCHAR
STARTCHAR 0362
ENCODING 866
SWIDTH 0 0
DWIDTH 0 0
BBX 19 6 -3 -7
BITMAP
000040
000040
FFFFE0
FFFFE0
000060
000040
ENDCHAR
STARTCHAR 0363
ENCODING 867
SWIDTH 0 0
DWIDTH 0 0
BBX 12 13 -6 8
BITMAP
1F00
7FC0
7BC0
F1E0
01E0
3FE0
7FE0
F1E0
E1E0
E1E0
F7E0
FEF0
7C70
ENDCHAR
STARTCHAR 0364
ENCODING 868
SWIDTH 0 0
DWIDTH 0 0
BBX 12 13 -6 8
BITMAP
1F80
3FC0
79E0
70E0
F070
FFF0
FFF0
F000
F000
70F0
79E0
3FC0
1F80
ENDCHAR
STARTCHAR 0365
ENCODING 869
SWIDTH 0 0
DWIDTH 0 0
BBX 4 18 -2 8
BITMAP
F0
F0
F0
00
00
F0
F0
F0
F0
F0
F0
F0
F0
F0
F0
F0
F0
F0
ENDCHAR
STARTCHAR 0366
ENCODING 870
SWIDTH 0 0
DWIDTH 0 0
BBX 12 13 -6 8
BITMAP
1F80
3FE0
79E0
F0F0
E070
E070
E070
E070
E070
F0F0
79E0
3FC0
1F80
ENDCHAR
STARTCHAR 0367
ENCODING 871
SWIDTH 0 0
DWIDTH 0 0
BBX 12 13 -6 8
BITMAP
F0F0
F0F0
F0F0
F0F0
F0F0
F0F0
F0F0
F0F0
F0F0
F0F0
7F70
7F70
3C70
ENDCHAR
STARTCHAR 0368
ENCODING 872
SWIDTH 0 0
DWIDTH 0 0
BBX 12 13 -6 8
BITMAP
0F80
3FC0
7DE0
70F0
F000
F000
F000
F000
F0F0
70F0
79E0
3FC0
1F80
ENDCHAR
STARTCHAR 0369
ENCODING 873
SWIDTH 0 0
DWIDTH 0 0
BBX 12 18 -6 8
BITMAP
0070
0070
0070
0070
0070
1E70
7F70
79F0
F0F0
F0F0
E070
E070
E070
F0F0
F0F0
79F0
7F70
1E70
ENDCHAR
STARTCHAR 036A
ENCODING 874
SWIDTH 0 0
DWIDTH 0 0
BBX 12 18 -6 8
BITMAP
F000
F000
F000
F000
F000
F7C0
FFE0
FFE0
F0F0
F0F0
F0F0
F0F0
F0F0
F0F0
F0F0
F0F0
F0F0
F0F0
ENDCHAR
STARTCHAR 036B
ENCODING 875
SWIDTH 0 0
DWIDTH 0 0
BBX 18 13 -9 8
BITMAP
E78F00
EFDF80
FFDFC0
F1E3C0
F1E1C0
E1E1C0
E1E1C0
E1E1C0
E1E1C0
E1E1C0
E1E1C0
E1E1C0
E1E1C0
ENDCHAR
STARTCHAR 036C
ENCODING 876
SWIDTH 0 0
DWIDTH 0 0
BBX 8 13 -4 8
BITMAP
F7
FF
FF
F8
F0
F0
F0
F0
F0
F0
F0
F0
F0
ENDCHAR
STARTCHAR 036D
ENCODING 877
SWIDTH 0 0
DWIDTH 0 0
BBX 8 16 -4 8
BITMAP
18
18
38
FF
FF
38
38
38
38
38
38
38
38
3C
3F
1F
ENDCHAR
STARTCHAR 036E
ENCODING 878
SWIDTH 0 0
DWIDTH 0 0
BBX 12 13 -6 8
BITMAP
E070
E070
F0F0
70E0
70E0
79E0
39C0
39C0
3BC0
1F80
1F80
1F00
0F00
ENDCHAR
STARTCHAR 036F
ENCODING 879
SWIDTH 0 0
DWIDTH 0 0
BBX 12 13 -6 8
BITMAP
F0F0
70E0
39C0
3FC0
1F80
0F00
0F00
1F80
1F80
39C0
79E0
70E0
E070
ENDCHAR
STARTCHAR 0374
ENCODING 884
SWIDTH 0 0
DWIDTH 0 0
BBX 6 5 4 20
BITMAP
3C
78
78
F0
E0
ENDCHAR
STARTCHAR 0375
ENCODING 885
SWIDTH 0 0
DWIDTH 0 0
BBX 6 5 2 -7
BITMAP
1C
3C
78
F8
F0
ENDCHAR
STARTCHAR 037A
ENCODING 890
SWIDTH 0 0
DWIDTH 0 0
BBX 4 5 4 -7
BITMAP
C0
C0
E0
F0
F0
ENDCHAR
STARTCHAR 037B
ENCODING 891
SWIDTH 600 0
DWIDTH 21 0
BBX 17 18 2 0
BITMAP
07F000
1FFC00
3FFE00
7E7F00
7C1F00
F80F80
000F80
000F80
000F80
000F80
000F80
000F80
F80F80
F81F00
7E7F00
3FFE00
1FFC00
07F000
ENDCHAR
STARTCHAR 037C
ENCODING 892
SWIDTH 600 0
DWIDTH 21 0
BBX 17 18 2 0
BITMAP
07F000
1FFC00
3FFE00
7F3F00
7C1F00
F80F80
F9E000
F9E000
F9E000
F9E000
F9E000
F80000
F80F80
7C0F80
7F3F00
3FFE00
1FFC00
07F000
ENDCHAR
STARTCHAR 037D
ENCODING 893
SWIDTH 600 0
DWIDTH 21 0
BBX 17 18 2 0
BITMAP
07F000
1FFC00
3FFE00
7E7F00
7C1F00
F80F80
03CF80
03CF80
03CF80
03CF80
03CF80
000F80
F80F80
F81F00
7E7F00
3FFE00
1FFC00
07F000
ENDCHAR
STARTCHAR 037E
ENCODING 894
SWIDTH 600 0
DWIDTH 21 0
BBX 8 24 6 -6
BITMAP
3E
3E
3E
3E
3E
00
00
00
00
00
00
00
00
3F
3E
3E
3C
7C
78
78
F0
F0
E0
E0
ENDCHAR
STARTCHAR 0384
ENCODING 900
SWIDTH 600 0
DWIDTH 21 0
BBX 5 6 8 21
BITMAP
78
78
70
F0
E0
C0
ENDCHAR
STARTCHAR 0385
ENCODING 901
SWIDTH 600 0
DWIDTH 21 0
BBX 13 7 4 21
BITMAP
03C0
0380
0780
F778
F778
F778
F678
ENDCHAR
STARTCHAR 0386
ENCODING 902
SWIDTH 600 0
DWIDTH 21 0
BBX 21 23 0 0
BITMAP
79FC00
79FC00
71FC00
F3DE00
E3DE00
C3DE00
07DF00
078F00
078F00
0F8F80
0F8F80
0F0780
1F07C0
1F07C0
1FFFC0
3FFFE0
3FFFE0
3FFFE0
7C01F0
7C01F0
7C01F0
FC00F8
F800F8
ENDCHAR
STARTCHAR 0387
ENCODING 903
SWIDTH 600 0
DWIDTH 21 0
BBX 5 5 8 7
BITMAP
F8
F8
F8
F8
F8
ENDCHAR
STARTCHAR 0388
ENCODING 904
SWIDTH 600 0
DWIDTH 21 0
BBX 21 23 -1 0
BITMAP
79FFF0
79FFF0
71FFF0
F1FFF0
E1F000
C1F000
01F000
01F000
01F000
01FFE0
01FFE0
01FFE0
01FFE0
01F000
01F000
01F000
01F000
01F000
01F000
01FFF8
01FFF8
01FFF8
01FFF8
ENDCHAR
STARTCHAR 0389
ENCODING 905
SWIDTH 600 0
DWIDTH 21 0
BBX 21 23 -1 0
BITMAP
79E0F8
79E0F8
71E0F8
F1E0F8
E1E0F8
C1E0F8
01E0F8
01E0F8
01E0F8
01FFF8
01FFF8
01FFF8
01FFF8
01E0F8
01E0F8
01E0F8
01E0F8
01E0F8
01E0F8
01E0F8
01E0F8
01E0F8
01E0F8
ENDCHAR
STARTCHAR 038A
ENCODING 906
SWIDTH 600 0
DWIDTH 21 0
BBX 21 23 -1 0
BITMAP
7BFFF8
7BFFF8
73FFF8
F3FFF8
E01F00
C01F00
001F00
001F00
001F00
001F00
001F00
001F00
001F00
001F00
001F00
001F00
001F00
001F00
001F00
03FFF8
03FFF8
03FFF8
03FFF8
ENDCHAR
STARTCHAR 038C
ENCODING 908
SWIDTH 600 0
DWIDTH 21 0
BBX 22 23 -1 0
BITMAP
783F00
78FFC0
71FFE0
F3FFF0
E3E1F0
C7E1F8
07C0F8
07C0F8
0FC0F8
0FC0F8
0F80FC
0F80FC
0F80FC
0FC0F8
07C0F8
07C0F8
07C0F8
07E1F8
03E3F0
03FFF0
01FFE0
00FFC0
003F00
ENDCHAR
STARTCHAR 038E
ENCODING 910
SWIDTH 600 0
DWIDTH 21 0
BBX 22 23 -1 0
BITMAP
7BE07C
7BE078
71E0F8
F1F0F8
E1F0F0
C0F1F0
00F9F0
0079E0
007BE0
007FC0
003FC0
003FC0
003F80
001F80
001F80
001F00
001F00
001F00
001F00
001F00
001F00
001F00
001F00
ENDCHAR
STARTCHAR 038F
ENCODING 911
SWIDTH 600 0
DWIDTH 21 0
BBX 22 23 -1 0
BITMAP
783F00
78FFC0
71FFE0
F3FFF0
E7E1F8
C7C0F8
07C0F8
0F807C
0F807C
0F807C
0F807C
0F807C
078078
078078
07C0F8
03C0F0
03E1F0
01F1E0
00F3C0
0FF3FC
0FF3FC
0FF3FC
0FF3FC
ENDCHAR
STARTCHAR 0390
ENCODING 912
SWIDTH 600 0
DWIDTH 21 0
BBX 17 28 2 0
BITMAP
00F000
01E000
01E000
39DE00
39DE00
399E00
399E00
000000
000000
000000
FFC000
FFC000
FFC000
07C000
07C000
07C000
07C000
07C000
07C000
07C000
07C000
07C000
07C000
07C100
07FF80
03FF80
01FF00
00FE00
ENDCHAR
STARTCHAR 0391
ENCODING 913
SWIDTH 600 0
DWIDTH 21 0
BBX 21 23 0 0
BITMAP
01FC00
01FC00
01FC00
03DE00
03DE00
03DE00
07DF00
078F00
078F00
0F8F80
0F8F80
0F0780
1F07C0
1F07C0
1FFFC0
3FFFE0
3FFFE0
3FFFE0
7C01F0
7C01F0
7C01F0
FC00F8
F800F8
ENDCHAR
STARTCHAR 0392
ENCODING 914
SWIDTH 600 0
DWIDTH 21 0
BBX 18 23 2 0
BITMAP
FFF800
FFFE00
FFFF00
FFFF00
F81F80
F80F80
F80F80
F80F80
F81F00
FFFE00
FFF800
FFFE00
FFFF80
F80FC0
F807C0
F807C0
F807C0
F807C0
F80FC0
FFFFC0
FFFF80
FFFF00
FFFC00
ENDCHAR
STARTCHAR 0393
ENCODING 915
SWIDTH 600 0
DWIDTH 21 0
BBX 17 23 3 0
BITMAP
FFFF80
FFFF80
FFFF80
FFFF80
F80000
F80000
F80000
F80000
F80000
F80000
F80000
F80000
F80000
F80000
F80000
F80000
F80000
F80000
F80000
F80000
F80000
F80000
F80000
ENDCHAR
STARTCHAR 0394
ENCODING 916
SWIDTH 600 0
DWIDTH 21 0
BBX 21 23 0 0
BITMAP
01FC00
01FC00
01FC00
03DE00
03DE00
03DF00
07DF00
078F00
0F8F80
0F8F80
0F0780
1F07C0
1F07C0
3E03E0
3E03E0
3E03E0
7C01F0
7C01F0
7C00F0
FFFFF8
FFFFF8
FFFFF8
FFFFF8
ENDCHAR
STARTCHAR 0395
ENCODING 917
SWIDTH 600 0
DWIDTH 21 0
BBX 18 23 2 0
BITMAP
FFFF80
FFFF80
FFFF80
FFFF80
F80000
F80000
F80000
F80000
F80000
FFFF00
FFFF00
FFFF00
FFFF00
F80000
F80000
F80000
F80000
F80000
F80000
FFFFC0
FFFFC0
FFFFC0
FFFFC0
ENDCHAR
STARTCHAR 0396
ENCODING 918
SWIDTH 600 0
DWIDTH 21 0
BBX 18 23 1 0
BITMAP
3FFFC0
3FFFC0
3FFFC0
3FFFC0
000F80
001F00
003F00
007E00
007C00
00F800
01F800
03F000
03E000
07C000
0FC000
1F8000
1F0000
3E0000
7E0000
FFFFC0
FFFFC0
FFFFC0
FFFFC0
ENDCHAR
STARTCHAR 0397
ENCODING 919
SWIDTH 600 0
DWIDTH 21 0
BBX 17 23 2 0
BITMAP
F80F80
F80F80
F80F80
F80F80
F80F80
F80F80
F80F80
F80F80
F80F80
FFFF80
FFFF80
FFFF80
FFFF80
F80F80
F80F80
F80F80
F80F80
F80F80
F80F80
F80F80
F80F80
F80F80
F80F80
ENDCHAR
STARTCHAR 0398
ENCODING 920
SWIDTH 600 0
DWIDTH 21 0
BBX 19 23 1 0
BITMAP
03F800
0FFE00
1FFF00
3FFF80
7F1FC0
7C07C0
7C07C0
F807E0
F803E0
F803E0
FBFBE0
FBFBE0
FBFBE0
FBFBE0
F803E0
FC07E0
7C07C0
7C0FC0
7F1FC0
3FFF80
1FFF00
0FFE00
03F800
ENDCHAR
STARTCHAR 0399
ENCODING 921
SWIDTH 600 0
DWIDTH 21 0
BBX 15 23 3 0
BITMAP
FFFE
FFFE
FFFE
FFFE
07C0
07C0
07C0
07C0
07C0
07C0
07C0
07C0
07C0
07C0
07C0
07C0
07C0
07C0
07C0
FFFE
FFFE
FFFE
FFFE
ENDCHAR
STARTCHAR 039A
ENCODING 922
SWIDTH 600 0
DWIDTH 21 0
BBX 19 23 2 0
BITMAP
F80FC0
F80FC0
F81F80
F83F00
F83E00
F87C00
F8FC00
F9F800
F9F000
FBE000
FFE000
FFF000
FFF000
FFF800
FEFC00
FC7C00
F87E00
F83F00
F83F00
F81F80
F80F80
F80FC0
F807E0
ENDCHAR
STARTCHAR 039B
ENCODING 923
SWIDTH 600 0
DWIDTH 21 0
BBX 20 23 1 0
BITMAP
01F000
03F800
03F800
03F800
07FC00
07BC00
07BC00
0FBE00
0FBE00
0F1E00
1F1F00
1F1F00
1F1F00
3E0F80
3E0F80
3E0F80
7C07C0
7C07C0
7C07C0
FC07E0
F803E0
F803E0
F803F0
ENDCHAR
STARTCHAR 039C
ENCODING 924
SWIDTH 600 0
DWIDTH 21 0
BBX 17 23 2 0
BITMAP
FC1F80
FC1F80
FC1F80
FE1F80
FE3B80
EE3B80
EE3B80
EF3B80
EF7B80
E77380
E77380
E77380
E7F380
E3E380
E3E380
E3E380
E1E380
E00380
E00380
E00380
E00380
E00380
E00380
ENDCHAR
STARTCHAR 039D
ENCODING 925
SWIDTH 600 0
DWIDTH 21 0
BBX 17 23 2 0
BITMAP
FC0F80
FE0F80
FE0F80
FE0F80
FF0F80
FF0F80
FF8F80
F78F80
F78F80
FBCF80
FBCF80
FBCF80
F9EF80
F9EF80
F8FF80
F8F780
F8F780
F87F80
F87F80
F87F80
F83F80
F83F80
F81F80
ENDCHAR
STARTCHAR 039E
ENCODING 926
SWIDTH 600 0
DWIDTH 21 0
BBX 17 23 2 0
BITMAP
FFFF80
FFFF80
FFFF80
FFFF80
000000
000000
000000
000000
000000
3FFE00
3FFE00
3FFE00
3FFE00
000000
000000
000000
000000
000000
000000
FFFF80
FFFF80
FFFF80
FFFF80
ENDCHAR
STARTCHAR 039F
ENCODING 927
SWIDTH 600 0
DWIDTH 21 0
BBX 19 23 1 0
BITMAP
03F800
0FFE00
1FFF00
3FFF80
3F1F80
7E0FC0
7C07C0
7C07C0
FC07E0
F803E0
F803E0
F803E0
F803E0
F803E0
FC07E0
7C07C0
7C07C0
7E0FC0
3F1F80
3FFF80
1FFF00
0FFE00
03F800
ENDCHAR
STARTCHAR 03A0
ENCODING 928
SWIDTH 600 0
DWIDTH 21 0
BBX 17 23 2 0
BITMAP
FFFF80
FFFF80
FFFF80
FFFF80
F80F80
F80F80
F80F80
F80F80
F80F80
F80F80
F80F80
F80F80
F80F80
F80F80
F80F80
F80F80
F80F80
F80F80
F80F80
F80F80
F80F80
F80F80
F80F80
ENDCHAR
STARTCHAR 03A1
ENCODING 929
SWIDTH 600 0
DWIDTH 21 0
BBX 18 23 2 0
BITMAP
FFF800
FFFE00
FFFF00
FFFF80
F81F80
F80F80
F80F80
F80FC0
F80F80
F80F80
F81F80
FFFF00
FFFF00
FFFC00
FFF000
F80000
F80000
F80000
F80000
F80000
F80000
F80000
F80000
ENDCHAR
STARTCHAR 03A3
ENCODING 931
SWIDTH 600 0
DWIDTH 21 0
BBX 18 23 2 0
BITMAP
FFFF80
FFFF80
FFFF80
FFFF80
7C0000
3E0000
1F0000
0F8000
07E000
03F000
01F000
01F000
03E000
07C000
0F8000
1F0000
3F0000
7E0000
FC0000
FFFFC0
FFFFC0
FFFFC0
FFFFC0
ENDCHAR
STARTCHAR 03A4
ENCODING 932
SWIDTH 600 0
DWIDTH 21 0
BBX 19 23 1 0
BITMAP
FFFFE0
FFFFE0
FFFFE0
FFFFE0
01F000
01F000
01F000
01F000
01F000
01F000
01F000
01F000
01F000
01F000
01F000
01F000
01F000
01F000
01F000
01F000
01F000
01F000
01F000
ENDCHAR
STARTCHAR 03A5
ENCODING 933
SWIDTH 600 0
DWIDTH 21 0
BBX 21 23 0 0
BITMAP
FC01F8
7C01F0
7E03F0
3E03E0
1F07C0
1F07C0
0F8F80
0F8F80
07DF00
07DF00
03FE00
01FC00
01FC00
00F800
00F800
00F800
00F800
00F800
00F800
00F800
00F800
00F800
00F800
ENDCHAR
STARTCHAR 03A6
ENCODING 934
SWIDTH 600 0
DWIDTH 21 0
BBX 21 23 0 0
BITMAP
00F800
00F800
00F800
0FFF80
1FFFC0
3FFFE0
7CF9F0
78F8F0
F8F8F8
F8F8F8
F8F8F8
F8F8F8
F8F8F8
F8F8F8
78F8F0
7CF9F0
3FFFE0
1FFFC0
0FFF80
00F800
00F800
00F800
00F800
ENDCHAR
STARTCHAR 03A7
ENCODING 935
SWIDTH 600 0
DWIDTH 21 0
BBX 21 23 0 0
BITMAP
7C01F0
3E03E0
3F07E0
1F07C0
0F8F80
0F8F80
07DF00
03FE00
03FE00
01FC00
00F800
01F800
01FC00
03FE00
07FE00
07DF00
0F8F80
0F8F80
1F07C0
3F03E0
3E03E0
7C01F0
FC01F8
ENDCHAR
STARTCHAR 03A8
ENCODING 936
SWIDTH 600 0
DWIDTH 21 0
BBX 19 23 1 0
BITMAP
F1F1E0
F1F1E0
F1F1E0
F1F1E0
F1F1E0
F1F1E0
F1F1E0
F1F1E0
F1F1E0
F1F1E0
F1F1E0
F9F3E0
7FFFC0
3FFF80
1FFF00
07FC00
01F000
01F000
01F000
01F000
01F000
01F000
01F000
ENDCHAR
STARTCHAR 03A9
ENCODING 937
SWIDTH 600 0
DWIDTH 21 0
BBX 19 23 1 0
BITMAP
03F800
0FFE00
1FFF00
3FFF80
7E0FC0
7C07C0
7C07C0
F803E0
F803E0
F803E0
F803E0
F803E0
F803E0
7803C0
7C07C0
3C0780
3E0F80
1F1F00
0F1E00
FF1FE0
FF1FE0
FF1FE0
FF1FE0
ENDCHAR
STARTCHAR 03AA
ENCODING 938
SWIDTH 600 0
DWIDTH 21 0
BBX 15 30 3 0
BITMAP
3C78
3C78
3C78
3C78
0000
0000
0000
FFFE
FFFE
FFFE
FFFE
07C0
07C0
07C0
07C0
07C0
07C0
07C0
07C0
07C0
07C0
07C0
07C0
07C0
07C0
07C0
FFFE
FFFE
FFFE
FFFE
ENDCHAR
STARTCHAR 03AB
ENCODING 939
SWIDTH 600 0
DWIDTH 21 0
BBX 21 30 0 0
BITMAP
078F00
078F00
078F00
078F00
000000
000000
000000
FC01F8
7C01F0
7E03F0
3E03E0
1F07C0
1F07C0
0F8F80
0F8F80
07DF00
07DF00
03FE00
01FC00
01FC00
00F800
00F800
00F800
00F800
00F800
00F800
00F800
00F800
00F800
00F800
ENDCHAR
STARTCHAR 03AC
ENCODING 940
SWIDTH 600 0
DWIDTH 21 0
BBX 20 27 1 0
BITMAP
007800
007800
007000
00F000
00E000
00C000
000000
000000
000000
07C1F0
1FF1E0
3FF9E0
7F7FC0
7C1FC0
7C1FC0
F80FC0
F80F80
F80F80
F80F80
F80F80
F80F80
7C1FC0
7C1FC0
7E7BC0
3FF3C0
1FF3E0
0FC1E0
ENDCHAR
STARTCHAR 03AD
ENCODING 941
SWIDTH 600 0
DWIDTH 21 0
BBX 17 27 2 0
BITMAP
00F800
00F000
00F000
00E000
00C000
01C000
000000
000000
000000
07F800
1FFE00
3FFF80
7E0F00
780600
7C0000
7E0000
1FF000
07F000
1FF000
7F0000
FC0000
F80200
F80700
7E1F80
7FFF00
3FFE00
07F000
ENDCHAR
STARTCHAR 03AE
ENCODING 942
SWIDTH 600 0
DWIDTH 21 0
BBX 17 34 2 -7
BITMAP
00F800
00F000
00F000
00E000
00C000
01C000
000000
000000
000000
F8FC00
F9FF00
FBFF00
FE1F80
7C0F80
7C0F80
780F80
780F80
780F80
780F80
780F80
780F80
780F80
780F80
780F80
780F80
780F80
780F80
000F80
000F80
000F80
000F80
000F80
000F80
000F80
ENDCHAR
STARTCHAR 03AF
ENCODING 943
SWIDTH 600 0
DWIDTH 21 0
BBX 17 27 2 0
BITMAP
01F000
01E000
01E000
01C000
018000
018000
000000
000000
000000
FFC000
FFC000
FFC000
07C000
07C000
07C000
07C000
07C000
07C000
07C000
07C000
07C000
07C000
07C100
07FF80
03FF80
01FF00
00FE00
ENDCHAR
STARTCHAR 03B0
ENCODING 944
SWIDTH 600 0
DWIDTH 21 0
BBX 17 28 2 0
BITMAP
01F000
01E000
01E000
39DE00
39DE00
399E00
399E00
000000
000000
000000
F81E00
F81F00
F81F00
F80F00
F80F80
F80F80
F80F80
F80F80
F80F80
F80F80
F80F80
F80F80
7C0F80
7C1F00
7FFF00
3FFE00
1FFC00
07F000
ENDCHAR
STARTCHAR 03B1
ENCODING 945
SWIDTH 600 0
DWIDTH 21 0
BBX 20 18 1 0
BITMAP
07C1F0
1FF1E0
3FF9E0
7F7FC0
7C1FC0
7C1FC0
F80FC0
F80F80
F80F80
F80F80
F80F80
F80F80
7C1FC0
7C1FC0
7E7BC0
3FF3C0
1FF3E0
0FC1E0
ENDCHAR
STARTCHAR 03B2
ENCODING 946
SWIDTH 600 0
DWIDTH 21 0
BBX 18 32 2 -7
BITMAP
07F000
1FFC00
3FFE00
7FFF00
7C1F00
7C0F00
F80F00
F80F00
F81F00
F83E00
F8FC00
F8F800
F8FE00
F87F80
F80F80
F807C0
F807C0
F807C0
F807C0
F807C0
FC0FC0
FF1F80
FFFF80
FFFF00
F9FC00
F80000
F80000
F80000
F80000
F80000
F80000
F80000
ENDCHAR
STARTCHAR 03B3
ENCODING 947
SWIDTH 600 0
DWIDTH 21 0
BBX 19 25 1 -7
BITMAP
F803E0
F803E0
7C07C0
7C07C0
7C0780
3E0F80
3E0F80
1E0F00
1F1F00
0F1E00
0F9E00
0FBE00
07BC00
07BC00
03B800
03F800
03F800
01F000
01F000
03E000
03E000
03E000
03E000
07C000
07C000
ENDCHAR
STARTCHAR 03B4
ENCODING 948
SWIDTH 600 0
DWIDTH 21 0
BBX 19 25 1 0
BITMAP
1FFF80
1FFF80
1FFF80
0F8000
07C000
03F000
01F800
00FC00
03FE00
0FFF00
1F1F80
3E0F80
7C07C0
7C07C0
7C07C0
F803E0
F803E0
F803E0
F807C0
7C07C0
7C0FC0
3F3F80
3FFF00
0FFE00
03F800
ENDCHAR
STARTCHAR 03B5
ENCODING 949
SWIDTH 600 0
DWIDTH 21 0
BBX 17 18 2 0
BITMAP
07F800
1FFE00
3FFF80
7E0F00
780600
7C0000
7E0000
1FF000
07F000
1FF000
7F0000
FC0000
F80200
F80700
7E1F80
7FFF00
3FFE00
07F000
ENDCHAR
STARTCHAR 03B6
ENCODING 950
SWIDTH 600 0
DWIDTH 21 0
BBX 16 32 3 -7
BITMAP
3FFF
3FFF
3FFF
001E
003C
0078
01F0
03E0
07C0
0780
0F80
1F00
3E00
3E00
7C00
7C00
F800
F800
F800
F800
FC00
FE00
7FE0
3FFC
1FFE
03FF
003F
000F
0007
000F
000F
0006
ENDCHAR
STARTCHAR 03B7
ENCODING 951
SWIDTH 600 0
DWIDTH 21 0
BBX 17 25 2 -7
BITMAP
F8FC00
F9FF00
FBFF00
FE1F80
7C0F80
7C0F80
780F80
780F80
780F80
780F80
780F80
780F80
780F80
780F80
780F80
780F80
780F80
780F80
000F80
000F80
000F80
000F80
000F80
000F80
000F80
ENDCHAR
STARTCHAR 03B8
ENCODING 952
SWIDTH 600 0
DWIDTH 21 0
BBX 17 25 2 0
BITMAP
03E000
0FF800
1FFC00
3E3E00
3C1E00
7C1F00
780F00
780F00
F80F00
F80F80
F80F80
FFFF80
FFFF80
FFFF80
F80F80
F80F80
F80F00
780F00
780F00
7C1F00
3C1E00
3E3E00
1FFC00
0FF800
03E000
ENDCHAR
STARTCHAR 03B9
ENCODING 953
SWIDTH 600 0
DWIDTH 21 0
BBX 17 18 2 0
BITMAP
FFC000
FFC000
FFC000
07C000
07C000
07C000
07C000
07C000
07C000
07C000
07C000
07C000
07C000
07C100
07FF80
03FF80
01FF00
00FE00
ENDCHAR
STARTCHAR 03BA
ENCODING 954
SWIDTH 600 0
DWIDTH 21 0
BBX 17 18 3 0
BITMAP
F81F00
F83E00
F87C00
F8F800
F8F800
F9F000
FBE000
FFC000
FFE000
FFE000
FDF000
F8F800
F8F800
F87C00
F83E00
F83E00
F81F00
F81F80
ENDCHAR
STARTCHAR 03BB
ENCODING 955
SWIDTH 600 0
DWIDTH 21 0
BBX 19 25 1 0
BITMAP
3F0000
1FC000
1FE000
1FE000
01F000
01F000
00F000
00F800
00F800
01F800
01FC00
03FC00
03FC00
03DE00
07DE00
079F00
0F9F00
0F0F00
1F0F80
1F0F80
3E0780
3E07C0
7C07C0
7C07C0
F803E0
ENDCHAR
STARTCHAR 03BC
ENCODING 956
SWIDTH 600 0
DWIDTH 21 0
BBX 17 25 2 -7
BITMAP
F80F80
F80F80
F80F80
F80F80
F80F80
F80F80
F80F80
F80F80
F80F80
F80F80
F80F80
F80F80
FC1F80
FC3F80
FFFF80
FFFF80
FFEF80
FBCF80
F80000
F80000
F80000
F80000
F80000
F80000
F80000
ENDCHAR
STARTCHAR 03BD
ENCODING 957
SWIDTH 600 0
DWIDTH 21 0
BBX 18 18 1 0
BITMAP
F80F80
F807C0
7C07C0
7C07C0
7C07C0
3E07C0
3E0780
1E0780
1F0F80
1F0F80
0F0F00
0F9F00
0FBE00
07BC00
07FC00
03F800
03F000
03F000
ENDCHAR
STARTCHAR 03BE
ENCODING 958
SWIDTH 600 0
DWIDTH 21 0
BBX 16 32 3 -7
BITMAP
7FFC
7FFC
7FFC
03F0
0F00
1E00
3E00
3E00
3E00
3FC0
0FFC
03FC
07FC
1FF0
3F00
7C00
F800
F800
F800
F800
FE00
FFE0
7FFC
3FFE
07FF
007F
000F
000F
000F
000F
000E
0002
ENDCHAR
STARTCHAR 03BF
ENCODING 959
SWIDTH 600 0
DWIDTH 21 0
BBX 17 18 2 0
BITMAP
07F000
1FFC00
3FFE00
7F3F00
FC1F80
F80F80
F80F80
F80F80
F80F80
F80F80
F80F80
F80F80
F80F80
FC1F80
7E3F00
3FFE00
1FFC00
07F000
ENDCHAR
STARTCHAR 03C0
ENCODING 960
SWIDTH 600 0
DWIDTH 21 0
BBX 20 18 0 0
BITMAP
FFFFF0
FFFFF0
FFFFF0
CF0780
0F0780
0F0780
0F0780
0F0780
0F0780
0F0780
0F0780
1F0780
1F0780
1F0780
1F07C0
1F07F0
1E07F0
3E03F0
ENDCHAR
STARTCHAR 03C1
ENCODING 961
SWIDTH 600 0
DWIDTH 21 0
BBX 17 25 2 -7
BITMAP
07F000
1FFC00
3FFE00
7F3F00
7C1F00
7C0F80
F80F80
F80F80
F80F80
F80F80
F80F80
F80F80
F80F80
FC1F80
FF3F00
FFFE00
FBFC00
F8F800
F80000
F80000
F80000
F80000
F80000
F80000
F80000
ENDCHAR
STARTCHAR 03C2
ENCODING 962
SWIDTH 600 0
DWIDTH 21 0
BBX 16 25 3 -7
BITMAP
03F0
0FFC
1FFE
3F3E
7C0C
7804
F800
F800
F000
F000
F000
F000
F800
FE00
7FC0
7FF8
3FFE
0FFE
007F
001F
000F
000F
000E
001E
0004
ENDCHAR
STARTCHAR 03C3
ENCODING 963
SWIDTH 600 0
DWIDTH 21 0
BBX 20 18 1 0
BITMAP
01FFF0
0FFFF0
1FFFF0
3F8F00
7E0F00
7C0780
7C07C0
FC07C0
F807C0
F807C0
F807C0
7C07C0
7C07C0
7E0FC0
3F3F80
1FFF00
0FFE00
03F800
ENDCHAR
STARTCHAR 03C4
ENCODING 964
SWIDTH 600 0
DWIDTH 21 0
BBX 16 18 2 0
BITMAP
FFFF
FFFF
FFFF
C3C0
03C0
03C0
03C0
03C0
03C0
03C0
03C0
03C0
03C0
03E0
03F0
03FC
03FC
00FC
ENDCHAR
STARTCHAR 03C5
ENCODING 965
SWIDTH 600 0
DWIDTH 21 0
BBX 17 18 2 0
BITMAP
F81E00
F81F00
F81F00
F80F00
F80F80
F80F80
F80F80
F80F80
F80F80
F80F80
F80F80
F80F80
7C0F80
7C1F00
7FFF00
3FFE00
1FFC00
07F000
ENDCHAR
STARTCHAR 03C6
ENCODING 966
SWIDTH 600 0
DWIDTH 21 0
BBX 19 25 1 -7
BITMAP
061F00
1E7F80
3EFFC0
7CF3C0
78E1E0
F0E1E0
F0E1E0
F0E1E0
F0E1E0
F0E1E0
F0E1E0
F0E1E0
F0E1E0
F8E3C0
7CEFC0
3FFF80
1FFF00
07FC00
00E000
00E000
00E000
00E000
00E000
00E000
00E000
ENDCHAR
STARTCHAR 03C7
ENCODING 967
SWIDTH 600 0
DWIDTH 21 0
BBX 19 25 1 -7
BITMAP
FC07E0
FE07C0
FF0F80
FF0F80
0F8F00
0F9F00
07DE00
07FE00
03FC00
03FC00
01F800
01F000
01F800
03F800
03FC00
07BE00
0FBE00
0F9F00
1F1F00
1F0F80
3E0F80
3E07C0
7C07C0
7C03E0
F803E0
ENDCHAR
STARTCHAR 03C8
ENCODING 968
SWIDTH 600 0
DWIDTH 21 0
BBX 19 30 1 -7
BITMAP
00E000
00E000
00E000
00E000
00E000
F0E1E0
F0E1E0
F0E1E0
F0E1E0
F0E1E0
F0E1E0
F0E1E0
F0E1E0
F0E1E0
F0E1E0
F0E1E0
F0E1E0
F8E3E0
78E3C0
7EE7C0
3FFF80
1FFF80
0FFE00
00E000
00E000
00E000
00E000
00E000
00E000
00E000
ENDCHAR
STARTCHAR 03C9
ENCODING 969
SWIDTH 600 0
DWIDTH 21 0
BBX 19 18 1 0
BITMAP
0C0600
1C0700
3C0780
7803C0
7803C0
F001E0
F0E1E0
F0E1E0
F0E1E0
F0E1E0
F0E1E0
F1F1E0
F1F1E0
F1F1E0
7BBBC0
7FBFC0
3F1F80
1E0F00
ENDCHAR
STARTCHAR 03CA
ENCODING 970
SWIDTH 600 0
DWIDTH 21 0
BBX 17 25 2 0
BITMAP
3C3C00
3C3C00
3C3C00
3C3C00
000000
000000
000000
FFC000
FFC000
FFC000
07C000
07C000
07C000
07C000
07C000
07C000
07C000
07C000
07C000
07C000
07C100
07FF80
03FF80
01FF00
00FE00
ENDCHAR
STARTCHAR 03CB
ENCODING 971
SWIDTH 600 0
DWIDTH 21 0
BBX 17 25 2 0
BITMAP
3C3C00
3C3C00
3C3C00
3C3C00
000000
000000
000000
F81E00
F81F00
F81F00
F80F00
F80F80
F80F80
F80F80
F80F80
F80F80
F80F80
F80F80
F80F80
7C0F80
7C1F00
7FFF00
3FFE00
1FFC00
07F000
ENDCHAR
STARTCHAR 03CC
ENCODING 972
SWIDTH 600 0
DWIDTH 21 0
BBX 17 27 2 0
BITMAP
00F000
00F000
00E000
01E000
01C000
018000
000000
000000
000000
07F000
1FFC00
3FFE00
7F3F00
FC1F80
F80F80
F80F80
F80F80
F80F80
F80F80
F80F80
F80F80
F80F80
FC1F80
7E3F00
3FFE00
1FFC00
07F000
ENDCHAR
STARTCHAR 03CD
ENCODING 973
SWIDTH 600 0
DWIDTH 21 0
BBX 17 27 2 0
BITMAP
01F000
01E000
01E000
01C000
018000
018000
000000
000000
000000
F81E00
F81F00
F81F00
F80F00
F80F80
F80F80
F80F80
F80F80
F80F80
F80F80
F80F80
F80F80
7C0F80
7C1F00
7FFF00
3FFE00
1FFC00
07F000
ENDCHAR
STARTCHAR 03CE
ENCODING 974
SWIDTH 600 0
DWIDTH 21 0
BBX 19 27 1 0
BITMAP
007800
007800
007000
00F000
00E000
00C000
000000
000000
000000
0C0600
1C0700
3C0780
7803C0
7803C0
F001E0
F0E1E0
F0E1E0
F0E1E0
F0E1E0
F0E1E0
F1F1E0
F1F1E0
F1F1E0
7BBBC0
7FBFC0
3F1F80
1E0F00
ENDCHAR
STARTCHAR 03D0
ENCODING 976
SWIDTH 600 0
DWIDTH 21 0
BBX 18 25 2 0
BITMAP
01FC00
07FE00
0FFF00
1F0F00
3F0F00
7FFF00
7FFE00
F9F800
F80000
F00000
F00000
F1F800
F7FE00
FFFF00
FFFF80
FC0F80
FC07C0
F807C0
7807C0
7C07C0
7C0F80
3FFF80
1FFF00
0FFE00
03F800
ENDCHAR
STARTCHAR 03D1
ENCODING 977
SWIDTH 600 0
DWIDTH 21 0
BBX 20 25 0 0
BITMAP
00FC00
01FF00
03FF80
07FF80
0787C0
0783C0
0783C0
0783C0
07E3C0
03FFF0
01FFF0
00FFF0
0007F0
7C03C0
FE03C0
FE03C0
FE03C0
1E07C0
1E0780
1E0F80
1E0F00
1FFF00
1FFE00
0FFC00
03F000
ENDCHAR
STARTCHAR 03D2
ENCODING 978
SWIDTH 600 0
DWIDTH 21 0
BBX 21 23 0 0
BITMAP
F801E0
7C03F0
3C07F8
3E07F0
1E0FB0
1F0F00
0F1F00
0F9E00
07BE00
07FC00
03FC00
03F800
01F800
01F000
01F000
01F000
01F000
01F000
01F000
01F000
01F000
01F000
01F000
ENDCHAR
STARTCHAR 03D3
ENCODING 979
SWIDTH 600 0
DWIDTH 21 0
BBX 27 25 -6 0
BITMAP
7C000000
78000000
F3E00780
E1F00FC0
E0F01FE0
00F81FC0
00783EC0
007C3C00
003C7C00
003E7800
001EF800
001FF000
000FF000
000FE000
0007E000
0007C000
0007C000
0007C000
0007C000
0007C000
0007C000
0007C000
0007C000
0007C000
0007C000
ENDCHAR
STARTCHAR 03D4
ENCODING 980
SWIDTH 600 0
DWIDTH 21 0
BBX 21 29 0 0
BITMAP
078F00
078F00
078F00
078F00
000000
000000
F801E0
7C03F0
3C07F8
3E07F0
1E0FB0
1F0F00
0F1F00
0F9E00
07BE00
07FC00
03FC00
03F800
01F800
01F000
01F000
01F000
01F000
01F000
01F000
01F000
01F000
01F000
01F000
ENDCHAR
STARTCHAR 03D5
ENCODING 981
SWIDTH 600 0
DWIDTH 21 0
BBX 17 32 2 -7
BITMAP
01C000
01C000
01C000
01C000
01C000
01C000
01C000
07F800
1FFC00
3FFF00
7DDF00
F9CF80
F9CF80
F1C780
F1C780
F1C780
F1C780
F1C780
F1C780
F9CF80
F9CF80
7DDF00
3FFE00
1FFC00
07F000
01C000
01C000
01C000
01C000
01C000
01C000
01C000
ENDCHAR
STARTCHAR 03D6
ENCODING 982
SWIDTH 600 0
DWIDTH 21 0
BBX 19 18 1 0
BITMAP
FFFFE0
FFFFE0
FFFFE0
3C0780
7803C0
F803E0
F001E0
F0E1E0
F0E1E0
F0E1E0
F0E1E0
F1F1E0
F1F1E0
F1F1E0
7BBBC0
7FBFC0
3F1F80
1E0F00
ENDCHAR
STARTCHAR 03D7
ENCODING 983
SWIDTH 600 0
DWIDTH 21 0
BBX 19 25 1 -7
BITMAP
F807E0
FC07C0
FC0FC0
FE1F80
1E3F80
1E3F00
1E7B00
1EFF00
1EF700
1DEF00
1FEF00
1BCF00
1F8F00
3F0F00
3F0FE0
3E07E0
7C07E0
FC03E0
0001E0
0001E0
0001E0
001FE0
001FE0
001FC0
001F80
ENDCHAR
STARTCHAR 03D8
ENCODING 984
SWIDTH 600 0
DWIDTH 21 0
BBX 19 30 1 -7
BITMAP
03F800
0FFE00
1FFF00
3FFF80
3F1F80
7E0FC0
7C07C0
7C07C0
FC07E0
F803E0
F803E0
F803E0
F803E0
F803E0
FC07E0
7C07C0
7C07C0
7C07C0
7E0F80
3FFF80
1FFF00
0FFE00
07F800
01F000
01F000
01F000
01F000
01F000
01F000
01F000
ENDCHAR
STARTCHAR 03D9
ENCODING 985
SWIDTH 600 0
DWIDTH 21 0
BBX 17 25 2 -7
BITMAP
07F000
1FFC00
3FFE00
7F3F00
FC1F80
F80F80
F80F80
F80F80
F80F80
F80F80
F80F80
F80F80
F80F80
FC1F80
7E3F00
3FFE00
1FFC00
0FF800
03E000
03E000
03E000
03E000
03E000
03E000
03E000
ENDCHAR
STARTCHAR 03DA
ENCODING 986
SWIDTH 600 0
DWIDTH 21 0
BBX 19 23 1 0
BITMAP
03F800
0FFE00
1FFF80
3FFF80
7F0FC0
7E07E0
7C03E0
7C0300
FC0000
F80000
FC0000
7C0000
7C0000
7E0000
7F0000
3FF800
1FF800
0FF800
03F800
00F800
00F800
00F800
00F800
ENDCHAR
STARTCHAR 03DB
ENCODING 987
SWIDTH 600 0
DWIDTH 21 0
BBX 17 25 2 -7
BITMAP
07F000
1FFC00
3FFE00
7F3F00
7C1F00
F80F80
F80000
F80000
F80000
F80000
F80000
FC0000
FE0000
7F8000
3FF000
1FFC00
07FF00
00FF00
001F80
000F80
400F80
7FFF00
7FFE00
7FFC00
1FF000
ENDCHAR
STARTCHAR 03DC
ENCODING 988
SWIDTH 600 0
DWIDTH 21 0
BBX 16 23 3 0
BITMAP
FFFF
FFFF
FFFF
FFFF
F800
F800
F800
F800
F800
F800
FFFF
FFFF
FFFF
FFFF
F83F
F83F
F83F
F83F
F800
F800
F800
F800
F800
ENDCHAR
STARTCHAR 03DD
ENCODING 989
SWIDTH 600 0
DWIDTH 21 0
BBX 17 25 2 -7
BITMAP
FFFF80
FFFF80
FFFF80
F80000
F80000
F80000
F80000
F80000
F80000
F80000
FFFF00
FFFF00
FFFF00
F80F00
F80F00
F80F00
F80000
F80000
F80000
F80000
F80000
F80000
F80000
F80000
F80000
ENDCHAR
STARTCHAR 03DE
ENCODING 990
SWIDTH 600 0
DWIDTH 21 0
BBX 21 23 0 0
BITMAP
FC0000
FE0000
FF0020
FF0060
1F00E0
1F03E0
1F07E0
1F0FE0
1E3FC0
1E7FC0
1EFFC0
1FFBC0
1FF3C0
1FC3C0
3F87C0
3F07C0
3E0780
380780
3007C0
2007F8
0007F8
0003F8
0001F8
ENDCHAR
STARTCHAR 03DF
ENCODING 991
SWIDTH 600 0
DWIDTH 21 0
BBX 19 25 1 0
BITMAP
078000
0F0000
0F0000
0F0000
1E0000
1E0000
1E0000
3C0000
3C0000
3C0000
780000
7FFFE0
FFFFE0
FFFFC0
FFFFC0
0003C0
000780
000780
000780
000F00
000F00
001E00
001E00
001E00
003C00
ENDCHAR
STARTCHAR 03E0
ENCODING 992
SWIDTH 600 0
DWIDTH 21 0
BBX 19 30 1 -7
BITMAP
07E000
1FF800
7FFC00
FFFE00
FCFF00
F03F00
401F80
007F80
00FFC0
03FFC0
0FE7C0
0F87C0
0E03E0
0407E0
001FE0
007FE0
01FFE0
01F3E0
01E3E0
0083E0
0003C0
0007C0
0007C0
000F80
000F80
003F00
03FE00
03FC00
03F800
03C000
ENDCHAR
STARTCHAR 03E1
ENCODING 993
SWIDTH 600 0
DWIDTH 21 0
BBX 19 32 1 -7
BITMAP
300000
7C0000
FF0000
FFC000
1FE000
07F000
03F800
00FC00
007E00
01FF00
07FF00
1FFF80
1F8F80
0E07C0
0807C0
001FC0
007FC0
01FFE0
03FBE0
01E3E0
0183E0
0003E0
0003E0
0003E0
0003E0
0003E0
0003E0
0003C0
0003C0
0003C0
0007C0
000600
ENDCHAR
STARTCHAR 03E2
ENCODING 994
SWIDTH 600 0
DWIDTH 21 0
BBX 19 30 1 -7
BITMAP
F1E1E0
F1E1E0
F1E1E0
F1E1E0
F1E1E0
F1E1E0
F1E1E0
F1E1E0
F1E1E0
F1E1E0
F1E1E0
F1E1E0
F1E1E0
F1E1E0
F1E1E0
F1E1E0
F1E1E0
F1F3E0
F1F3E0
7BF3E0
7F7FE0
7F7EE0
3C3CE0
0000E0
0001E0
0001E0
FFFFC0
FFFFC0
FFFFC0
FFFF80
ENDCHAR
STARTCHAR 03E3
ENCODING 995
SWIDTH 600 0
DWIDTH 21 0
BBX 19 25 1 -7
BITMAP
F0E1E0
F0E1E0
F0E1E0
F0E1E0
F0E1E0
F0E1E0
F0E1E0
F0E1E0
F0E1E0
F0E1E0
F0E1E0
F1F1E0
F1F3E0
F9F3E0
7FFFE0
7FFEE0
7E7EE0
3C3CE0
0000E0
0001E0
0001E0
FFFFC0
FFFFC0
FFFFC0
FFFF80
ENDCHAR
STARTCHAR 03E4
ENCODING 996
SWIDTH 600 0
DWIDTH 21 0
BBX 18 23 1 0
BITMAP
07C7C0
1FC7C0
3FC7C0
7F87C0
7C07C0
7C07C0
FC07C0
FC07C0
FC07C0
7C07C0
7E0FC0
7FFFC0
3FFFC0
1FFFC0
07E7C0
0007C0
0007C0
0007C0
0007C0
0007C0
0007C0
0007C0
0007C0
ENDCHAR
STARTCHAR 03E5
ENCODING 997
SWIDTH 600 0
DWIDTH 21 0
BBX 16 25 2 0
BITMAP
1F8F
3F8F
7F8F
7F8F
FC0F
F80F
F80F
F80F
F80F
F80F
F80F
F81F
F81F
FC1F
7C3F
7FEF
7FEF
3FCF
1F0F
000F
000F
000F
000F
000F
000F
ENDCHAR
STARTCHAR 03E6
ENCODING 998
SWIDTH 600 0
DWIDTH 21 0
BBX 18 30 2 -7
BITMAP
FC0000
FC0000
FC0000
FC0000
FC0000
FC0000
FC0000
FDF800
FFFE00
FFFF00
FFFF00
FC1F80
FC0F80
FC0F80
FC0FC0
FC07C0
FC07C0
FC07C0
FC07C0
FC07C0
FC0FC0
FC0F80
FC0F80
000F80
001F80
003F00
FFFE00
FFFC00
FFF800
FFE000
ENDCHAR
STARTCHAR 03E7
ENCODING 999
SWIDTH 600 0
DWIDTH 21 0
BBX 20 19 1 0
BITMAP
000080
03F0C0
1FFFF0
3FFFE0
3E3FC0
7C0FC0
7C1FC0
7FFFC0
3FFFC0
1FFFC0
0FE7C0
0007C0
0007C0
0007C0
3E0FC0
7FFF80
FFFF80
FFFF00
E1FC00
ENDCHAR
STARTCHAR 03E8
ENCODING 1000
SWIDTH 600 0
DWIDTH 21 0
BBX 19 23 1 0
BITMAP
03F800
1FFF00
3FFF80
3FFFC0
7E07C0
7C07C0
0007C0
0007C0
001FC0
01FF80
0FFF00
3FFE00
7FF000
7F81C0
FC03E0
F803E0
F803E0
F803E0
FC07E0
7FFFC0
3FFFC0
1FFF00
07FC00
ENDCHAR
STARTCHAR 03E9
ENCODING 1001
SWIDTH 600 0
DWIDTH 21 0
BBX 18 23 2 0
BITMAP
07F800
1FFE00
3FFF00
7FFF80
7C0F80
F807C0
0007C0
000FC0
003F80
01FF80
0FFF00
3FFC00
7FF000
FF0000
FC0000
F80000
F80000
F80000
FC0180
7FFF80
7FFF80
1FFF80
07FC00
ENDCHAR
STARTCHAR 03EA
ENCODING 1002
SWIDTH 600 0
DWIDTH 21 0
BBX 21 23 0 0
BITMAP
3E03E0
FF8FF8
FF8FF8
7FDFF0
43DE10
01FC00
01FC00
00F800
00F800
00F800
01FC00
01FC00
03DE00
03DE00
078F00
0F8F80
0F0780
1F07C0
1E03C0
3FFFE0
3FFFE0
3FFFE0
3FFFE0
ENDCHAR
STARTCHAR 03EB
ENCODING 1003
SWIDTH 600 0
DWIDTH 21 0
BBX 21 18 0 0
BITMAP
3E03E0
FF07F8
FF8FF8
7FDFF0
43FE10
01FC00
00F800
00F800
01FC00
03FE00
03FF00
07DF00
0F8F80
1F07C0
1F03E0
3FFFE0
3FFFE0
3FFFE0
ENDCHAR
STARTCHAR 03EC
ENCODING 1004
SWIDTH 600 0
DWIDTH 21 0
BBX 19 25 1 0
BITMAP
007F80
03FF80
0FFF80
1FFF80
3F8000
3E0000
7C0000
79FC00
7FFF00
7FFF80
FFFF80
FE0FC0
FC07C0
F803E0
F803E0
F803E0
F803E0
7803E0
7803C0
7C07C0
3E0FC0
3FFF80
1FFF00
0FFE00
03F800
ENDCHAR
STARTCHAR 03ED
ENCODING 1005
SWIDTH 600 0
DWIDTH 21 0
BBX 17 18 2 0
BITMAP
00FF80
07FF80
1FFF80
3FFF80
7E0000
FC0000
F9FC00
F9FE00
F1FF00
F1BF80
F00F80
F00F80
F80F80
F80F80
7E3F00
3FFF00
1FFE00
07F000
ENDCHAR
STARTCHAR 03EE
ENCODING 1006
SWIDTH 600 0
DWIDTH 21 0
BBX 17 23 2 0
BITMAP
03E000
03E000
03E000
03E000
03E000
1FFC00
7FFF00
FFFF80
FFFF80
E3E380
E3E380
E3E380
83E080
03E000
03E000
03E000
03E000
03E000
03E000
03E000
03E000
03E000
03E000
ENDCHAR
STARTCHAR 03EF
ENCODING 1007
SWIDTH 600 0
DWIDTH 21 0
BBX 15 25 3 0
BITMAP
07C0
07C0
07C0
07C0
07C0
07C0
07C0
FFFE
FFFE
FFFE
FFFE
07C0
07C0
07C0
07C0
07C0
07C0
07C0
07C0
07C0
07C0
07C0
0780
0380
0380
ENDCHAR
STARTCHAR 03F0
ENCODING 1008
SWIDTH 600 0
DWIDTH 21 0
BBX 19 18 1 0
BITMAP
F807E0
FC07C0
FC0FC0
FE1F80
1E3F80
1E3F00
1E7B00
1EFF00
1EF700
1DEF00
1FEF00
1BCF00
1F8F00
3F0F00
3F0FE0
3E07E0
7C07E0
FC03E0
ENDCHAR
STARTCHAR 03F1
ENCODING 1009
SWIDTH 600 0
DWIDTH 21 0
BBX 18 25 2 -7
BITMAP
07F000
1FFC00
3FFE00
7E3F00
7C0F80
F80F80
F80F80
F007C0
F007C0
F007C0
F007C0
F80F80
F80F80
FC1F80
FE3F00
FFFE00
FFFC00
F3F000
F80000
7C0000
7FF000
3FFF00
1FFF80
07FF80
000780
ENDCHAR
STARTCHAR 03F2
ENCODING 1010
SWIDTH 600 0
DWIDTH 21 0
BBX 17 18 2 0
BITMAP
07F000
1FFC00
3FFE00
7F3F00
7C1F00
F80F80
F80000
F80000
F80000
F80000
F80000
F80F80
F80F80
7C1F00
7F3F00
3FFE00
1FFC00
07F000
ENDCHAR
STARTCHAR 03F3
ENCODING 1011
SWIDTH 600 0
DWIDTH 21 0
BBX 13 32 2 -7
BITMAP
00F8
00F8
00F8
00F8
0000
0000
0000
3FF8
3FF8
3FF8
00F8
00F8
00F8
00F8
00F8
00F8
00F8
00F8
00F8
00F8
00F8
00F8
00F8
00F8
00F8
00F8
00F8
01F0
FFF0
FFE0
FFC0
7F00
ENDCHAR
STARTCHAR 03F4
ENCODING 1012
SWIDTH 600 0
DWIDTH 21 0
BBX 19 23 1 0
BITMAP
03F800
0FFE00
1FFF00
3FFF80
3F1F80
7E0FC0
7C07C0
7C07C0
FC07E0
FFFFE0
FFFFE0
FFFFE0
FFFFE0
F803E0
FC07E0
7C07C0
7C07C0
7E0FC0
3F1F80
3FFF80
1FFF00
0FFE00
03F800
ENDCHAR
STARTCHAR 03F5
ENCODING 1013
SWIDTH 600 0
DWIDTH 21 0
BBX 17 18 2 0
BITMAP
07FF80
1FFF80
3FFF80
7F8000
FC0000
F80000
F80000
FFFC00
FFFC00
FFFC00
F80000
F80000
F80000
FC0000
7F8000
3FFF80
1FFF80
07FF80
ENDCHAR
STARTCHAR 03F6
ENCODING 1014
SWIDTH 600 0
DWIDTH 21 0
BBX 17 18 2 0
BITMAP
FFF000
FFFC00
FFFE00
00FF00
001F80
000F80
000F80
1FFF80
1FFF80
1FFF80
000F80
000F80
000F80
001F80
00FF00
FFFE00
FFFC00
FFF000
ENDCHAR
STARTCHAR 03F7
ENCODING 1015
SWIDTH 600 0
DWIDTH 21 0
BBX 18 23 2 0
BITMAP
F80000
F80000
F80000
F80000
FFF800
FFFE00
FFFF00
FFFF80
F81F80
F80FC0
F807C0
F807C0
F807C0
F80FC0
F81F80
FFFF80
FFFF00
FFFE00
FFF800
F80000
F80000
F80000
F80000
ENDCHAR
STARTCHAR 03F8
ENCODING 1016
SWIDTH 600 0
DWIDTH 21 0
BBX 17 32 2 -7
BITMAP
F80000
F80000
F80000
F80000
F80000
F80000
F80000
F8F800
F9FE00
FBFF00
FF3F00
FC1F80
FC0F80
F80F80
F80F80
F80F80
F80F80
F80F80
F80F80
FC0F80
FC1F80
FF3F00
FBFF00
F9FE00
F8F800
F80000
F80000
F80000
F80000
F80000
F80000
F80000
ENDCHAR
STARTCHAR 03F9
ENCODING 1017
SWIDTH 600 0
DWIDTH 21 0
BBX 19 23 1 0
BITMAP
03F800
0FFE00
1FFF00
3FFF80
3F0FC0
7E07C0
7C07C0
7C0300
7C0000
FC0000
FC0000
FC0000
FC0000
FC0000
7C0000
7C0380
7C03E0
7E07C0
3F0FC0
3FFF80
1FFF80
07FE00
01F800
ENDCHAR
STARTCHAR 03FA
ENCODING 1018
SWIDTH 600 0
DWIDTH 21 0
BBX 17 23 2 0
BITMAP
FC1F80
FC1F80
FC1F80
FE1F80
FE3B80
EE3B80
EE3B80
EF3B80
EF7B80
E77380
E77380
E77380
E7F380
E3E380
E3E380
E3E380
E1E380
E00380
E00380
E00380
E00380
E00380
E00380
ENDCHAR
STARTCHAR 03FB
ENCODING 1019
SWIDTH 600 0
DWIDTH 21 0
BBX 19 25 1 -7
BITMAP
FC07E0
FE0FE0
FE0FE0
FE0FE0
FE0FE0
FF1FE0
F71DE0
F71DE0
F79DE0
F7BDE0
F3B9E0
F3B9E0
F3B9E0
F1F9E0
F1F1E0
F1F1E0
F1F1E0
F0F1E0
F00000
F00000
F00000
F00000
F00000
F00000
F00000
ENDCHAR
STARTCHAR 03FC
ENCODING 1020
SWIDTH 600 0
DWIDTH 21 0
BBX 20 25 0 -7
BITMAP
01FC00
07FF00
0FFFC0
1FCFC0
1F03E0
3F03F0
3E01F0
3E01F0
3E01F0
3E01F0
3E01F0
3E01F0
3E01F0
3F03F0
3FCFE0
3FFFC0
3EFF80
3E3E00
3E0000
3E0000
FFC000
FFC000
FFC000
3E0000
3E0000
ENDCHAR
STARTCHAR 03FD
ENCODING 1021
SWIDTH 600 0
DWIDTH 21 0
BBX 18 23 2 0
BITMAP
07F000
1FFC00
3FFE00
7FFF00
7E3F80
FC1F80
F80F80
380FC0
0007C0
0007C0
0007C0
0007C0
0007C0
0007C0
0007C0
700FC0
F80F80
F81F80
FC3F80
7FFF00
3FFE00
1FFC00
07F000
ENDCHAR
STARTCHAR 03FE
ENCODING 1022
SWIDTH 600 0
DWIDTH 21 0
BBX 19 23 1 0
BITMAP
03F800
0FFE00
1FFF00
3FFF80
3F0FC0
7E07C0
7C07C0
7C0300
7C0000
FCF800
FCF800
FCF800
FCF800
FCF800
7C0000
7C0380
7C03E0
7E07C0
3F0FC0
3FFF80
1FFF80
07FE00
01F800
ENDCHAR
STARTCHAR 03FF
ENCODING 1023
SWIDTH 600 0
DWIDTH 21 0
BBX 18 23 2 0
BITMAP
07F000
1FFC00
3FFE00
7FFF00
7E3F80
FC1F80
F80F80
380FC0
0007C0
03E7C0
03E7C0
03E7C0
03E7C0
03E7C0
0007C0
700FC0
F80F80
F81F80
FC3F80
7FFF00
3FFE00
1FFC00
07F000
ENDCHAR
STARTCHAR 0400
ENCODING 1024
SWIDTH 600 0
DWIDTH 21 0
BBX 18 29 2 0
BITMAP
1F0000
0F8000
07C000
03E000
00E000
000000
FFFF80
FFFF80
FFFF80
FFFF80
F80000
F80000
F80000
F80000
F80000
FFFF00
FFFF00
FFFF00
FFFF00
F80000
F80000
F80000
F80000
F80000
F80000
FFFFC0
FFFFC0
FFFFC0
FFFFC0
ENDCHAR
STARTCHAR 0401
ENCODING 1025
SWIDTH 600 0
DWIDTH 21 0
BBX 18 29 2 0
BITMAP
1E3C00
1E3C00
1E3C00
1E3C00
000000
000000
FFFF80
FFFF80
FFFF80
FFFF80
F80000
F80000
F80000
F80000
F80000
FFFF00
FFFF00
FFFF00
FFFF00
F80000
F80000
F80000
F80000
F80000
F80000
FFFFC0
FFFFC0
FFFFC0
FFFFC0
ENDCHAR
STARTCHAR 0402
ENCODING 1026
SWIDTH 600 0
DWIDTH 21 0
BBX 20 23 0 0
BITMAP
FFFC00
FFFC00
FFFC00
FFFC00
078000
078000
078000
078FC0
07BFE0
07FFE0
07FFF0
07C1F0
0780F0
0780F0
0780F0
0780F0
0780F0
078CF0
07BCF0
07BFF0
079FE0
079FE0
078780
ENDCHAR
STARTCHAR 0403
ENCODING 1027
SWIDTH 600 0
DWIDTH 21 0
BBX 17 29 3 0
BITMAP
007C00
00F800
00F000
01E000
038000
000000
FFFF80
FFFF80
FFFF80
FFFF80
F80000
F80000
F80000
F80000
F80000
F80000
F80000
F80000
F80000
F80000
F80000
F80000
F80000
F80000
F80000
F80000
F80000
F80000
F80000
ENDCHAR
STARTCHAR 0404
ENCODING 1028
SWIDTH 600 0
DWIDTH 21 0
BBX 19 23 1 0
BITMAP
03F800
0FFE00
1FFF00
3FFF80
3F0FC0
7E07C0
7C07C0
7C0300
7C0000
FFF000
FFF000
FFF000
FFF000
FC0000
7C0000
7C0380
7C03E0
7E07C0
3F0FC0
3FFF80
1FFF80
07FE00
01F800
ENDCHAR
STARTCHAR 0405
ENCODING 1029
SWIDTH 600 0
DWIDTH 21 0
BBX 19 23 1 0
BITMAP
03F800
1FFE00
3FFF00
7FFF80
7C0FC0
7C07C0
7C07C0
7C0000
7F0000
3FF000
1FFE00
0FFF00
01FFC0
003FC0
0007E0
0003E0
F803E0
F803E0
FC07E0
7FFFC0
3FFF80
1FFF00
07FC00
ENDCHAR
STARTCHAR 0406
ENCODING 1030
SWIDTH 600 0
DWIDTH 21 0
BBX 15 23 3 0
BITMAP
FFFE
FFFE
FFFE
FFFE
07C0
07C0
07C0
07C0
07C0
07C0
07C0
07C0
07C0
07C0
07C0
07C0
07C0
07C0
07C0
FFFE
FFFE
FFFE
FFFE
ENDCHAR
STARTCHAR 0407
ENCODING 1031
SWIDTH 600 0
DWIDTH 21 0
BBX 15 29 3 0
BITMAP
3C78
3C78
3C78
3C78
0000
0000
FFFE
FFFE
FFFE
FFFE
07C0
07C0
07C0
07C0
07C0
07C0
07C0
07C0
07C0
07C0
07C0
07C0
07C0
07C0
07C0
FFFE
FFFE
FFFE
FFFE
ENDCHAR
STARTCHAR 0408
ENCODING 1032
SWIDTH 600 0
DWIDTH 21 0
BBX 15 23 2 0
BITMAP
07FE
07FE
07FE
07FE
003E
003E
003E
003E
003E
003E
003E
003E
003E
003E
003E
783E
F83E
F83E
FC7E
7FFC
3FFC
1FF8
07E0
ENDCHAR
STARTCHAR 0409
ENCODING 1033
SWIDTH 600 0
DWIDTH 21 0
BBX 21 23 0 0
BITMAP
0FFC00
0FFC00
0FFC00
0FFC00
0E3C00
0E3C00
1E3C00
1E3C00
1E3C00
1E3F80
1E3FC0
1E3FE0
1E3DF0
1E3CF0
1E3C78
1E3C78
1E3C78
3E3C78
3C3CF0
FC3DF0
FC3FE0
F83FC0
F03F80
ENDCHAR
STARTCHAR 040A
ENCODING 1034
SWIDTH 600 0
DWIDTH 21 0
BBX 20 23 1 0
BITMAP
F0F000
F0F000
F0F000
F0F000
F0F000
F0F000
F0F000
F0F000
F0F000
FFFE00
FFFF80
FFFFC0
F0F7E0
F0F1E0
F0F0F0
F0F0F0
F0F0F0
F0F0E0
F0F1E0
F0FFE0
F0FFC0
F0FF80
F0FE00
ENDCHAR
STARTCHAR 040B
ENCODING 1035
SWIDTH 600 0
DWIDTH 21 0
BBX 20 23 0 0
BITMAP
FFFC00
FFFC00
FFFC00
FFFC00
078000
078000
078000
078F80
07BFE0
07FFE0
07FFF0
07C1F0
0780F0
0780F0
0780F0
0780F0
0780F0
0780F0
0780F0
0780F0
0780F0
0780F0
0780F0
ENDCHAR
STARTCHAR 040C
ENCODING 1036
SWIDTH 600 0
DWIDTH 21 0
BBX 19 29 2 0
BITMAP
003E00
007C00
00F800
01E000
03C000
000000
F807C0
F80F80
F80F80
F81F00
F83E00
F83E00
F87C00
F8F800
F9F800
FFF000
FFF000
FFF000
FFF800
F8F800
F87C00
F87C00
F83E00
F83F00
F81F00
F81F80
F80F80
F80FC0
F807E0
ENDCHAR
STARTCHAR 040D
ENCODING 1037
SWIDTH 600 0
DWIDTH 21 0
BBX 17 29 2 0
BITMAP
1F0000
0F8000
07C000
03E000
00E000
000000
F81F80
F83F80
F83F80
F83F80
F87F80
F87F80
F8FF80
F8F780
F8FF80
F9EF80
F9EF80
F9EF80
FBCF80
FBCF80
FF8F80
F78F80
F78F80
FF0F80
FF0F80
FF0F80
FE0F80
FE0F80
FC0F80
ENDCHAR
STARTCHAR 040E
ENCODING 1038
SWIDTH 600 0
DWIDTH 21 0
BBX 21 29 0 0
BITMAP
0F03C0
0F0780
0FDF80
07FF00
01FE00
000000
FC01F8
7C01F0
3E01F0
3E03E0
1F03E0
1F07C0
0F87C0
078780
07CF80
03EF00
03FF00
01FE00
01FE00
00FE00
007C00
007C00
00F800
01F800
3FF000
3FF000
3FE000
7FC000
3F0000
ENDCHAR
STARTCHAR 040F
ENCODING 1039
SWIDTH 600 0
DWIDTH 21 0
BBX 17 30 2 -7
BITMAP
F80F80
F80F80
F80F80
F80F80
F80F80
F80F80
F80F80
F80F80
F80F80
F80F80
F80F80
F80F80
F80F80
F80F80
F80F80
F80F80
F80F80
F80F80
F80F80
FFFF80
FFFF80
FFFF80
FFFF80
03E000
03E000
03E000
03E000
03E000
03E000
03E000
ENDCHAR
STARTCHAR 0410
ENCODING 1040
SWIDTH 600 0
DWIDTH 21 0
BBX 21 23 0 0
BITMAP
01FC00
01FC00
01FC00
03DE00
03DE00
03DE00
07DF00
078F00
078F00
0F8F80
0F8F80
0F0780
1F07C0
1F07C0
1FFFC0
3FFFE0
3FFFE0
3FFFE0
7C01F0
7C01F0
7C01F0
FC00F8
F800F8
ENDCHAR
STARTCHAR 0411
ENCODING 1041
SWIDTH 600 0
DWIDTH 21 0
BBX 18 23 2 0
BITMAP
FFFF80
FFFF80
FFFF80
FFFF80
F80000
F80000
F80000
F80000
F80000
FFFC00
FFFF00
FFFF80
FFFF80
F80FC0
F807C0
F807C0
F807C0
F807C0
F80FC0
FFFF80
FFFF00
FFFE00
FFF800
ENDCHAR
STARTCHAR 0412
ENCODING 1042
SWIDTH 600 0
DWIDTH 21 0
BBX 18 23 2 0
BITMAP
FFF800
FFFE00
FFFF00
FFFF00
F81F80
F80F80
F80F80
F80F80
F81F00
FFFE00
FFF800
FFFE00
FFFF80
F80FC0
F807C0
F807C0
F807C0
F807C0
F80FC0
FFFFC0
FFFF80
FFFF00
FFFC00
ENDCHAR
STARTCHAR 0413
ENCODING 1043
SWIDTH 600 0
DWIDTH 21 0
BBX 17 23 3 0
BITMAP
FFFF80
FFFF80
FFFF80
FFFF80
F80000
F80000
F80000
F80000
F80000
F80000
F80000
F80000
F80000
F80000
F80000
F80000
F80000
F80000
F80000
F80000
F80000
F80000
F80000
ENDCHAR
STARTCHAR 0414
ENCODING 1044
SWIDTH 600 0
DWIDTH 21 0
BBX 21 30 0 -7
BITMAP
03FFC0
03FFC0
03FFC0
03FFC0
03C7C0
03C7C0
03C7C0
03C7C0
03C7C0
07C7C0
0787C0
0787C0
0787C0
0787C0
0787C0
0F87C0
0F07C0
1F07C0
1E07C0
FFFFF8
FFFFF8
FFFFF8
FFFFF8
F000F8
F000F8
F000F8
F000F8
F000F8
F000F8
F000F8
ENDCHAR
STARTCHAR 0415
ENCODING 1045
SWIDTH 600 0
DWIDTH 21 0
BBX 18 23 2 0
BITMAP
FFFF80
FFFF80
FFFF80
FFFF80
F80000
F80000
F80000
F80000
F80000
FFFF00
FFFF00
FFFF00
FFFF00
F80000
F80000
F80000
F80000
F80000
F80000
FFFFC0
FFFFC0
FFFFC0
FFFFC0
ENDCHAR
STARTCHAR 0416
ENCODING 1046
SWIDTH 600 0
DWIDTH 21 0
BBX 21 23 0 0
BITMAP
F07078
7870F0
7870F0
7870F0
3C71F0
3C71E0
3C71E0
3C71E0
1E73C0
1F77C0
0FFF80
0FFF80
0FFF80
0E7380
1E73C0
1E73C0
3C71E0
3C71E0
3C71E0
7C71F0
7870F0
7870F0
F870F8
ENDCHAR
STARTCHAR 0417
ENCODING 1047
SWIDTH 600 0
DWIDTH 21 0
BBX 19 23 1 0
BITMAP
03F800
1FFE00
3FFF80
7FFF80
7C0FC0
F807C0
3807C0
0007C0
001F80
01FF00
01FC00
01FF00
01FF80
000FC0
0007C0
1003E0
F803E0
F807C0
FE0FC0
7FFFC0
3FFF80
1FFE00
07F800
ENDCHAR
STARTCHAR 0418
ENCODING 1048
SWIDTH 600 0
DWIDTH 21 0
BBX 17 23 2 0
BITMAP
F81F80
F83F80
F83F80
F83F80
F87F80
F87F80
F8FF80
F8F780
F8FF80
F9EF80
F9EF80
F9EF80
FBCF80
FBCF80
FF8F80
F78F80
F78F80
FF0F80
FF0F80
FF0F80
FE0F80
FE0F80
FC0F80
ENDCHAR
STARTCHAR 0419
ENCODING 1049
SWIDTH 600 0
DWIDTH 21 0
BBX 17 29 2 0
BITMAP
380E00
3C1E00
3F7E00
1FFC00
07F000
000000
F81F80
F83F80
F83F80
F83F80
F87F80
F87F80
F8FF80
F8F780
F8FF80
F9EF80
F9EF80
F9EF80
FBCF80
FBCF80
FF8F80
F78F80
F78F80
FF0F80
FF0F80
FF0F80
FE0F80
FE0F80
FC0F80
ENDCHAR
STARTCHAR 041A
ENCODING 1050
SWIDTH 600 0
DWIDTH 21 0
BBX 19 23 2 0
BITMAP
F807C0
F80F80
F80F80
F81F00
F83E00
F83E00
F87C00
F8F800
F9F800
FFF000
FFF000
FFF000
FFF800
F8F800
F87C00
F87C00
F83E00
F83F00
F81F00
F81F80
F80F80
F80FC0
F807E0
ENDCHAR
STARTCHAR 041B
ENCODING 1051
SWIDTH 600 0
DWIDTH 21 0
BBX 19 23 0 0
BITMAP
03FFE0
03FFE0
03FFE0
07FFE0
07C3E0
07C3E0
07C3E0
07C3E0
07C3E0
07C3E0
0F83E0
0F83E0
0F83E0
0F83E0
0F83E0
1F83E0
1F03E0
1F03E0
7F03E0
FE03E0
FE03E0
FC03E0
F803E0
ENDCHAR
STARTCHAR 041C
ENCODING 1052
SWIDTH 600 0
DWIDTH 21 0
BBX 17 23 2 0
BITMAP
FC1F80
FC1F80
FC1F80
FE1F80
FE3B80
EE3B80
EE3B80
EF3B80
EF7B80
E77380
E77380
E77380
E7F380
E3E380
E3E380
E3E380
E1E380
E00380
E00380
E00380
E00380
E00380
E00380
ENDCHAR
STARTCHAR 041D
ENCODING 1053
SWIDTH 600 0
DWIDTH 21 0
BBX 17 23 2 0
BITMAP
F80F80
F80F80
F80F80
F80F80
F80F80
F80F80
F80F80
F80F80
F80F80
FFFF80
FFFF80
FFFF80
FFFF80
F80F80
F80F80
F80F80
F80F80
F80F80
F80F80
F80F80
F80F80
F80F80
F80F80
ENDCHAR
STARTCHAR 041E
ENCODING 1054
SWIDTH 600 0
DWIDTH 21 0
BBX 19 23 1 0
BITMAP
03F800
0FFE00
1FFF00
3FFF80
3F1F80
7E0FC0
7C07C0
7C07C0
FC07E0
F803E0
F803E0
F803E0
F803E0
F803E0
FC07E0
7C07C0
7C07C0
7E0FC0
3F1F80
3FFF80
1FFF00
0FFE00
03F800
ENDCHAR
STARTCHAR 041F
ENCODING 1055
SWIDTH 600 0
DWIDTH 21 0
BBX 17 23 2 0
BITMAP
FFFF80
FFFF80
FFFF80
FFFF80
F80F80
F80F80
F80F80
F80F80
F80F80
F80F80
F80F80
F80F80
F80F80
F80F80
F80F80
F80F80
F80F80
F80F80
F80F80
F80F80
F80F80
F80F80
F80F80
ENDCHAR
STARTCHAR 0420
ENCODING 1056
SWIDTH 600 0
DWIDTH 21 0
BBX 18 23 2 0
BITMAP
FFF800
FFFE00
FFFF00
FFFF80
F81F80
F80F80
F80F80
F80FC0
F80F80
F80F80
F81F80
FFFF00
FFFF00
FFFC00
FFF000
F80000
F80000
F80000
F80000
F80000
F80000
F80000
F80000
ENDCHAR
STARTCHAR 0421
ENCODING 1057
SWIDTH 600 0
DWIDTH 21 0
BBX 19 23 1 0
BITMAP
03F800
0FFE00
1FFF00
3FFF80
3F0FC0
7E07C0
7C07C0
7C0300
7C0000
FC0000
FC0000
FC0000
FC0000
FC0000
7C0000
7C0380
7C03E0
7E07C0
3F0FC0
3FFF80
1FFF80
07FE00
01F800
ENDCHAR
STARTCHAR 0422
ENCODING 1058
SWIDTH 600 0
DWIDTH 21 0
BBX 19 23 1 0
BITMAP
FFFFE0
FFFFE0
FFFFE0
FFFFE0
01F000
01F000
01F000
01F000
01F000
01F000
01F000
01F000
01F000
01F000
01F000
01F000
01F000
01F000
01F000
01F000
01F000
01F000
01F000
ENDCHAR
STARTCHAR 0423
ENCODING 1059
SWIDTH 600 0
DWIDTH 21 0
BBX 21 23 0 0
BITMAP
FC01F8
7C01F0
3E01F0
3E03E0
1F03E0
1F07C0
0F87C0
078780
07CF80
03EF00
03FF00
01FE00
01FE00
00FE00
007C00
007C00
00F800
01F800
3FF000
3FF000
3FE000
7FC000
3F0000
ENDCHAR
STARTCHAR 0424
ENCODING 1060
SWIDTH 600 0
DWIDTH 21 0
BBX 21 23 0 0
BITMAP
00F800
00F800
00F800
0FFF80
1FFFC0
3FFFE0
7CF9F0
78F8F0
F8F8F8
F8F8F8
F8F8F8
F8F8F8
F8F8F8
F8F8F8
78F8F0
7CF9F0
3FFFE0
1FFFC0
0FFF80
00F800
00F800
00F800
00F800
ENDCHAR
STARTCHAR 0425
ENCODING 1061
SWIDTH 600 0
DWIDTH 21 0
BBX 21 23 0 0
BITMAP
7C01F0
3E03E0
3F07E0
1F07C0
0F8F80
0F8F80
07DF00
03FE00
03FE00
01FC00
00F800
01F800
01FC00
03FE00
07FE00
07DF00
0F8F80
0F8F80
1F07C0
3F03E0
3E03E0
7C01F0
FC01F8
ENDCHAR
STARTCHAR 0426
ENCODING 1062
SWIDTH 600 0
DWIDTH 21 0
BBX 19 30 2 -7
BITMAP
F81F00
F81F00
F81F00
F81F00
F81F00
F81F00
F81F00
F81F00
F81F00
F81F00
F81F00
F81F00
F81F00
F81F00
F81F00
F81F00
F81F00
F81F00
F81F00
FFFFE0
FFFFE0
FFFFE0
FFFFE0
0001E0
0001E0
0001E0
0001E0
0001E0
0001E0
0001E0
ENDCHAR
STARTCHAR 0427
ENCODING 1063
SWIDTH 600 0
DWIDTH 21 0
BBX 18 23 1 0
BITMAP
F807C0
F807C0
F807C0
F807C0
F807C0
F807C0
F807C0
F807C0
F807C0
F807C0
FC07C0
7C0FC0
7FFFC0
3FFFC0
3FFFC0
0F87C0
0007C0
0007C0
0007C0
0007C0
0007C0
0007C0
0007C0
ENDCHAR
STARTCHAR 0428
ENCODING 1064
SWIDTH 600 0
DWIDTH 21 0
BBX 17 23 2 0
BITMAP
F3E780
F3E780
F3E780
F3E780
F3E780
F3E780
F3E780
F3E780
F3E780
F3E780
F3E780
F3E780
F3E780
F3E780
F3E780
F3E780
F3E780
F3E780
F3E780
FFFF80
FFFF80
FFFF80
FFFF80
ENDCHAR
STARTCHAR 0429
ENCODING 1065
SWIDTH 600 0
DWIDTH 21 0
BBX 19 30 2 -7
BITMAP
F3E780
F3E780
F3E780
F3E780
F3E780
F3E780
F3E780
F3E780
F3E780
F3E780
F3E780
F3E780
F3E780
F3E780
F3E780
F3E780
F3E780
F3E780
F3E780
FFFF80
FFFFE0
FFFFE0
FFFFE0
0001E0
0001E0
0001E0
0001E0
0001E0
0001E0
0001E0
ENDCHAR
STARTCHAR 042A
ENCODING 1066
SWIDTH 600 0
DWIDTH 21 0
BBX 20 23 0 0
BITMAP
FF8000
FF8000
FF8000
FF8000
0F8000
0F8000
0F8000
0F8000
0F8000
0FFE00
0FFF80
0FFFE0
0FFFE0
0F83F0
0F81F0
0F81F0
0F81F0
0F81F0
0F83F0
0FFFE0
0FFFC0
0FFF80
0FFE00
ENDCHAR
STARTCHAR 042B
ENCODING 1067
SWIDTH 600 0
DWIDTH 21 0
BBX 19 23 1 0
BITMAP
F803E0
F803E0
F803E0
F803E0
F803E0
F803E0
F803E0
F803E0
F803E0
FF83E0
FFE3E0
FFF3E0
FBF3E0
F8FBE0
F87BE0
F87BE0
F87BE0
F87BE0
F8F3E0
FFF3E0
FFE3E0
FFC3E0
FF03E0
ENDCHAR
STARTCHAR 042C
ENCODING 1068
SWIDTH 600 0
DWIDTH 21 0
BBX 18 23 2 0
BITMAP
F80000
F80000
F80000
F80000
F80000
F80000
F80000
F80000
F80000
FFF800
FFFE00
FFFF80
FFFF80
F80FC0
F807C0
F807C0
F807C0
F807C0
F81FC0
FFFF80
FFFF00
FFFE00
FFF800
ENDCHAR
STARTCHAR 042D
ENCODING 1069
SWIDTH 600 0
DWIDTH 21 0
BBX 19 23 1 0
BITMAP
03F800
0FFE00
1FFF00
3FFF80
7E1F80
7C0FC0
7C07C0
1807C0
0007C0
01FFE0
01FFE0
01FFE0
01FFE0
0007E0
0007C0
3807C0
F807C0
7C0FC0
7E1F80
3FFF80
3FFF00
0FFE00
03F000
ENDCHAR
STARTCHAR 042E
ENCODING 1070
SWIDTH 600 0
DWIDTH 21 0
BBX 19 23 1 0
BITMAP
F03E00
F07F00
F0FF80
F1F7C0
F1E3C0
F1E3C0
F3C1E0
F3C1E0
F3C1E0
F3C1E0
FFC1E0
FFC1E0
FFC1E0
F3C1E0
F3C1E0
F3C1E0
F3C1E0
F1E3C0
F1E3C0
F1F7C0
F0FF80
F07F00
F03E00
ENDCHAR
STARTCHAR 042F
ENCODING 1071
SWIDTH 600 0
DWIDTH 21 0
BBX 19 23 0 0
BITMAP
03FFE0
0FFFE0
1FFFE0
3FFFE0
7F03E0
7E03E0
7C03E0
7C03E0
7E03E0
3F03E0
3FFFE0
1FFFE0
07FFE0
03FFE0
07C3E0
0FC3E0
0F83E0
1F83E0
1F03E0
3F03E0
7E03E0
7E03E0
FC03E0
ENDCHAR
STARTCHAR 0430
ENCODING 1072
SWIDTH 600 0
DWIDTH 21 0
BBX 18 18 2 0
BITMAP
07F000
1FFC00
3FFE00
7E3E00
7C3E00
001F00
001F00
0FFF00
3FFF00
7FFF00
FC1F00
F81F00
F83F00
F83F00
FCFF00
FFEFC0
7FCFC0
1F07C0
ENDCHAR
STARTCHAR 0431
ENCODING 1073
SWIDTH 600 0
DWIDTH 21 0
BBX 18 25 2 0
BITMAP
000780
00FF80
07FF80
1FFF80
3FF800
3F0000
780000
700000
E1F800
E7FE00
EFFF00
FF3F80
FC0F80
F80F80
F80FC0
F807C0
F807C0
F807C0
F80FC0
F80F80
7C0F80
7F3F00
3FFF00
1FFE00
07F000
ENDCHAR
STARTCHAR 0432
ENCODING 1074
SWIDTH 600 0
DWIDTH 21 0
BBX 17 18 2 0
BITMAP
FFF800
FFFE00
FFFF00
F81F80
F80F80
F80F80
F81F00
FFFE00
FFF800
FFFF00
F81F80
F80F80
F80F80
F80F80
F81F80
FFFF80
FFFF00
FFF800
ENDCHAR
STARTCHAR 0433
ENCODING 1075
SWIDTH 600 0
DWIDTH 21 0
BBX 14 18 4 0
BITMAP
FFFC
FFFC
FFFC
F800
F800
F800
F800
F800
F800
F800
F800
F800
F800
F800
F800
F800
F800
F800
ENDCHAR
STARTCHAR 0434
ENCODING 1076
SWIDTH 600 0
DWIDTH 21 0
BBX 20 25 0 -7
BITMAP
03FFC0
03FFC0
03FFC0
03C7C0
07C7C0
07C7C0
07C7C0
0787C0
0787C0
0F87C0
0F87C0
0F07C0
1F07C0
1F07C0
1E07C0
FFFFF0
FFFFF0
FFFFF0
F000F0
F000F0
F000F0
F000F0
F000F0
F000F0
F000F0
ENDCHAR
STARTCHAR 0435
ENCODING 1077
SWIDTH 600 0
DWIDTH 21 0
BBX 17 18 2 0
BITMAP
07F000
1FFC00
3FFE00
7E1F00
7C0F00
F80F80
F80780
FFFF80
FFFF80
FFFF80
F80000
F80000
F80000
7C0F80
7E3F00
3FFF00
1FFC00
07F000
ENDCHAR
STARTCHAR 0436
ENCODING 1078
SWIDTH 600 0
DWIDTH 21 0
BBX 21 18 0 0
BITMAP
F870F8
7870F0
7870F0
3C71E0
3C71E0
1E73C0
1F77C0
0FFF80
0FFF80
0FFF80
1E73C0
1E73C0
3C71E0
3C71E0
3C71E0
7870F0
7870F0
F07078
ENDCHAR
STARTCHAR 0437
ENCODING 1079
SWIDTH 600 0
DWIDTH 21 0
BBX 17 18 2 0
BITMAP
0FF000
3FFC00
7FFF00
FC3F00
F01F00
001F00
003E00
03FC00
03F000
03FE00
003F00
001F80
700F80
F81F80
FC3F00
7FFF00
3FFE00
0FF000
ENDCHAR
STARTCHAR 0438
ENCODING 1080
SWIDTH 600 0
DWIDTH 21 0
BBX 17 18 2 0
BITMAP
F81F80
F81F80
F83F80
F83F80
F87F80
F87F80
F8FF80
F9EF80
F9EF80
FBCF80
FBCF80
FF8F80
FF8F80
FF0F80
FE0F80
FE0F80
FC0F80
FC0F80
ENDCHAR
STARTCHAR 0439
ENCODING 1081
SWIDTH 600 0
DWIDTH 21 0
BBX 17 25 2 0
BITMAP
380E00
3C1E00
3F7E00
1FFC00
07F000
000000
000000
F81F80
F81F80
F83F80
F83F80
F87F80
F87F80
F8FF80
F9EF80
F9EF80
FBCF80
FBCF80
FF8F80
FF8F80
FF0F80
FE0F80
FE0F80
FC0F80
FC0F80
ENDCHAR
STARTCHAR 043A
ENCODING 1082
SWIDTH 600 0
DWIDTH 21 0
BBX 18 18 2 0
BITMAP
F80F80
F80F80
F81F00
F83E00
F83E00
F87C00
F8F800
FFF000
FFF000
FFF000
F8F800
F87C00
F87C00
F83E00
F81F00
F81F00
F80F80
F80FC0
ENDCHAR
STARTCHAR 043B
ENCODING 1083
SWIDTH 600 0
DWIDTH 21 0
BBX 19 18 0 0
BITMAP
03FFE0
07FFE0
07FFE0
07C3E0
0783E0
0783E0
0783E0
0F83E0
0F83E0
0F83E0
0F03E0
0F03E0
1F03E0
1F03E0
3F03E0
FE03E0
FC03E0
F803E0
ENDCHAR
STARTCHAR 043C
ENCODING 1084
SWIDTH 600 0
DWIDTH 21 0
BBX 17 18 2 0
BITMAP
F80F80
FC1F80
FC1F80
FC1F80
FC1F80
EE3B80
EE3B80
EE3B80
EF3B80
E77380
E77380
E77380
E77380
E36380
E3E380
E3E380
E1E380
E1C380
ENDCHAR
STARTCHAR 043D
ENCODING 1085
SWIDTH 600 0
DWIDTH 21 0
BBX 17 18 2 0
BITMAP
F80F80
F80F80
F80F80
F80F80
F80F80
F80F80
F80F80
FFFF80
FFFF80
FFFF80
F80F80
F80F80
F80F80
F80F80
F80F80
F80F80
F80F80
F80F80
ENDCHAR
STARTCHAR 043E
ENCODING 1086
SWIDTH 600 0
DWIDTH 21 0
BBX 17 18 2 0
BITMAP
07F000
1FFC00
3FFE00
7F3F00
FC1F80
F80F80
F80F80
F80F80
F80F80
F80F80
F80F80
F80F80
F80F80
FC1F80
7E3F00
3FFE00
1FFC00
07F000
ENDCHAR
STARTCHAR 043F
ENCODING 1087
SWIDTH 600 0
DWIDTH 21 0
BBX 17 18 2 0
BITMAP
FFFF80
FFFF80
FFFF80
F80F80
F80F80
F80F80
F80F80
F80F80
F80F80
F80F80
F80F80
F80F80
F80F80
F80F80
F80F80
F80F80
F80F80
F80F80
ENDCHAR
STARTCHAR 0440
ENCODING 1088
SWIDTH 600 0
DWIDTH 21 0
BBX 17 25 2 -7
BITMAP
F8F800
F9FE00
FBFF00
7F3F00
7C1F80
7C0F80
7C0F80
780F80
780F80
780F80
780F80
7C0F80
7C0F80
7C1F80
7F3F00
7BFF00
79FE00
78F800
780000
780000
780000
780000
780000
780000
780000
ENDCHAR
STARTCHAR 0441
ENCODING 1089
SWIDTH 600 0
DWIDTH 21 0
BBX 17 18 2 0
BITMAP
07F000
1FFC00
3FFE00
7F3F00
7C1F00
F80F80
F80000
F80000
F80000
F80000
F80000
F80F80
F80F80
7C1F00
7F3F00
3FFE00
1FFC00
07F000
ENDCHAR
STARTCHAR 0442
ENCODING 1090
SWIDTH 600 0
DWIDTH 21 0
BBX 17 18 2 0
BITMAP
FFFF80
FFFF80
FFFF80
03E000
03E000
03E000
03E000
03E000
03E000
03E000
03E000
03E000
03E000
03E000
03E000
03E000
03E000
03E000
ENDCHAR
STARTCHAR 0443
ENCODING 1091
SWIDTH 600 0
DWIDTH 21 0
BBX 19 25 1 -7
BITMAP
F803E0
F803E0
7C07C0
7C07C0
3E0780
3E0F80
1E0F80
1F0F00
1F1F00
0F1E00
0F9E00
07BE00
07BC00
07FC00
03F800
03F800
01F800
01F000
01F000
01E000
03E000
07E000
7FC000
7F8000
7F0000
ENDCHAR
STARTCHAR 0444
ENCODING 1092
SWIDTH 600 0
DWIDTH 21 0
BBX 19 32 1 -7
BITMAP
00E000
00E000
00E000
00E000
00E000
00E000
00E000
07FC00
1FFF00
3FFF80
7EEFC0
78E3C0
F8E3E0
F0E1E0
F0E1E0
F0E1E0
F0E1E0
F0E1E0
F0E1E0
F8E3E0
78E3C0
7EEFC0
3FFF80
1FFF00
07FC00
00E000
00E000
00E000
00E000
00E000
00E000
00E000
ENDCHAR
STARTCHAR 0445
ENCODING 1093
SWIDTH 600 0
DWIDTH 21 0
BBX 19 18 1 0
BITMAP
7C07C0
7C0FC0
3E0F80
1F1F00
0F3E00
0FBE00
07FC00
03F800
01F000
03F800
07FC00
07FC00
0FBE00
1F1F00
3E0F80
3E0F80
7C07C0
F803E0
ENDCHAR
STARTCHAR 0446
ENCODING 1094
SWIDTH 600 0
DWIDTH 21 0
BBX 19 25 2 -7
BITMAP
F81F00
F81F00
F81F00
F81F00
F81F00
F81F00
F81F00
F81F00
F81F00
F81F00
F81F00
F81F00
F81F00
F81F00
F81F00
FFFFE0
FFFFE0
FFFFE0
0003E0
0003E0
0003E0
0003E0
0003E0
0003E0
0003E0
ENDCHAR
STARTCHAR 0447
ENCODING 1095
SWIDTH 600 0
DWIDTH 21 0
BBX 17 18 2 0
BITMAP
F80F80
F80F80
F80F80
F80F80
F80F80
F80F80
F80F80
F80F80
F80F80
FFFF80
FFFF80
7FFF80
3F8F80
000F80
000F80
000F80
000F80
000F80
ENDCHAR
STARTCHAR 0448
ENCODING 1096
SWIDTH 600 0
DWIDTH 21 0
BBX 19 18 1 0
BITMAP
F0E1E0
F0E1E0
F0E1E0
F0E1E0
F0E1E0
F0E1E0
F0E1E0
F0E1E0
F0E1E0
F0E1E0
F0E1E0
F0E1E0
F0E1E0
F0E1E0
F0E1E0
FFFFE0
FFFFE0
FFFFE0
ENDCHAR
STARTCHAR 0449
ENCODING 1097
SWIDTH 600 0
DWIDTH 21 0
BBX 20 25 1 -7
BITMAP
F0E1E0
F0E1E0
F0E1E0
F0E1E0
F0E1E0
F0E1E0
F0E1E0
F0E1E0
F0E1E0
F0E1E0
F0E1E0
F0E1E0
F0E1E0
F0E1E0
F0E1E0
FFFFF0
FFFFF0
FFFFF0
0000F0
0000F0
0000F0
0000F0
0000F0
0000F0
0000F0
ENDCHAR
STARTCHAR 044A
ENCODING 1098
SWIDTH 600 0
DWIDTH 21 0
BBX 20 18 0 0
BITMAP
FFC000
FFC000
FFC000
07C000
07C000
07C000
07C000
07FF00
07FFC0
07FFE0
07C3F0
07C1F0
07C1F0
07C1F0
07C3F0
07FFE0
07FFC0
07FF00
ENDCHAR
STARTCHAR 044B
ENCODING 1099
SWIDTH 600 0
DWIDTH 21 0
BBX 17 18 2 0
BITMAP
F00780
F00780
F00780
F00780
F00780
F00780
F00780
FF0780
FFC780
FFE780
F1E780
F1F780
F1F780
F1F780
F1E780
FFE780
FFC780
FF0780
ENDCHAR
STARTCHAR 044C
ENCODING 1100
SWIDTH 600 0
DWIDTH 21 0
BBX 18 18 2 0
BITMAP
F80000
F80000
F80000
F80000
F80000
F80000
F80000
FFFC00
FFFF00
FFFF80
F80F80
F80F80
F807C0
F80F80
F81F80
FFFF80
FFFE00
FFF800
ENDCHAR
STARTCHAR 044D
ENCODING 1101
SWIDTH 600 0
DWIDTH 21 0
BBX 17 18 2 0
BITMAP
07E000
1FF800
7FFE00
7E7E00
F81F00
F81F00
000F80
03FF80
03FF80
03FF80
000F80
000F80
F81F00
F81F00
7E7E00
7FFE00
1FF800
07E000
ENDCHAR
STARTCHAR 044E
ENCODING 1102
SWIDTH 600 0
DWIDTH 21 0
BBX 19 18 1 0
BITMAP
F03E00
F07F80
F0FFC0
F1F3C0
F1E1E0
F1E1E0
F1E1E0
FFE1E0
FFE1E0
FFE1E0
F1E1E0
F1E1E0
F1E1E0
F1E1E0
F1F3C0
F0FFC0
F07F80
F03E00
ENDCHAR
STARTCHAR 044F
ENCODING 1103
SWIDTH 600 0
DWIDTH 21 0
BBX 18 18 1 0
BITMAP
07FFC0
1FFFC0
3FFFC0
7E07C0
7C07C0
7C07C0
7C07C0
7E07C0
3FFFC0
1FFFC0
07FFC0
0F87C0
1F07C0
1F07C0
3E07C0
7C07C0
7C07C0
F807C0
ENDCHAR
STARTCHAR 0450
ENCODING 1104
SWIDTH 600 0
DWIDTH 21 0
BBX 17 25 2 0
BITMAP
1E0000
0F0000
078000
03C000
00E000
000000
000000
07F000
1FFC00
3FFE00
7E1F00
7C0F00
F80F80
F80780
FFFF80
FFFF80
FFFF80
F80000
F80000
F80000
7C0F80
7E3F00
3FFF00
1FFC00
07F000
ENDCHAR
STARTCHAR 0451
ENCODING 1105
SWIDTH 600 0
DWIDTH 21 0
BBX 17 25 2 0
BITMAP
1E3C00
1E3C00
1E3C00
1E3C00
000000
000000
000000
07F000
1FFC00
3FFE00
7E1F00
7C0F00
F80F80
F80780
FFFF80
FFFF80
FFFF80
F80000
F80000
F80000
7C0F80
7E3F00
3FFF00
1FFC00
07F000
ENDCHAR
STARTCHAR 0452
ENCODING 1106
SWIDTH 600 0
DWIDTH 21 0
BBX 19 32 0 -7
BITMAP
3E0000
3E0000
FFF000
FFF000
FFF000
3E0000
3E0000
3E1F00
3E7F80
3EFFC0
3FFFC0
3F87E0
3F03E0
3F03E0
3E03E0
3E03E0
3E03E0
3E03E0
3E03E0
3E03E0
3E03E0
3E03E0
3E03E0
3E03E0
3E03E0
0003E0
0003E0
0003E0
001FE0
001FC0
001FC0
001F00
ENDCHAR
STARTCHAR 0453
ENCODING 1107
SWIDTH 600 0
DWIDTH 21 0
BBX 14 25 4 0
BITMAP
007C
00F8
01E0
03C0
0700
0000
0000
FFFC
FFFC
FFFC
F800
F800
F800
F800
F800
F800
F800
F800
F800
F800
F800
F800
F800
F800
F800
ENDCHAR
STARTCHAR 0454
ENCODING 1108
SWIDTH 600 0
DWIDTH 21 0
BBX 17 18 2 0
BITMAP
03F000
0FFC00
3FFE00
3E3F00
7C0F80
7C0F80
F80000
FFE000
FFE000
FFE000
F80000
F80000
7C0F80
7C0F80
3F3F00
3FFF00
1FFC00
03F000
ENDCHAR
STARTCHAR 0455
ENCODING 1109
SWIDTH 600 0
DWIDTH 21 0
BBX 17 18 2 0
BITMAP
07F000
1FFC00
3FFE00
7E3F00
780F00
780000
7E0000
7FF000
3FFC00
0FFF00
01FF00
001F80
700F80
F80F80
7C1F00
7FFF00
3FFE00
07F800
ENDCHAR
STARTCHAR 0456
ENCODING 1110
SWIDTH 600 0
DWIDTH 21 0
BBX 18 25 2 0
BITMAP
01F000
01F000
01F000
01F000
000000
000000
000000
3FF000
3FF000
3FF000
01F000
01F000
01F000
01F000
01F000
01F000
01F000
01F000
01F000
01F000
01F000
01F000
FFFFC0
FFFFC0
FFFFC0
ENDCHAR
STARTCHAR 0457
ENCODING 1111
SWIDTH 600 0
DWIDTH 21 0
BBX 18 25 2 0
BITMAP
0E1E00
0E1E00
0E1E00
0E1E00
000000
000000
000000
3FF000
3FF000
3FF000
01F000
01F000
01F000
01F000
01F000
01F000
01F000
01F000
01F000
01F000
01F000
01F000
FFFFC0
FFFFC0
FFFFC0
ENDCHAR
STARTCHAR 0458
ENCODING 1112
SWIDTH 600 0
DWIDTH 21 0
BBX 13 32 2 -7
BITMAP
00F8
00F8
00F8
00F8
0000
0000
0000
3FF8
3FF8
3FF8
00F8
00F8
00F8
00F8
00F8
00F8
00F8
00F8
00F8
00F8
00F8
00F8
00F8
00F8
00F8
00F8
00F8
01F0
FFF0
FFE0
FFC0
7F00
ENDCHAR
STARTCHAR 0459
ENCODING 1113
SWIDTH 600 0
DWIDTH 21 0
BBX 21 18 0 0
BITMAP
0FF800
0FF800
0FF800
0E7800
1E7800
1E7800
1E7800
1E7FC0
1E7FF0
1E7FF0
1E78F8
1C7878
1C7878
3C7878
3C78F8
FC7FF0
F87FE0
F07F80
ENDCHAR
STARTCHAR 045A
ENCODING 1114
SWIDTH 600 0
DWIDTH 21 0
BBX 19 18 2 0
BITMAP
F1E000
F1E000
F1E000
F1E000
F1E000
F1E000
F1E000
FFFF00
FFFFC0
FFFFC0
F1E3E0
F1E1E0
F1E1E0
F1E1E0
F1E3E0
F1FFC0
F1FF80
F1FE00
ENDCHAR
STARTCHAR 045B
ENCODING 1115
SWIDTH 600 0
DWIDTH 21 0
BBX 19 25 0 0
BITMAP
3E0000
3E0000
FFF000
FFF000
FFF000
3E0000
3E0000
3E1F00
3E7F80
3EFFC0
3FFFC0
3F87E0
3F03E0
3F03E0
3E03E0
3E03E0
3E03E0
3E03E0
3E03E0
3E03E0
3E03E0
3E03E0
3E03E0
3E03E0
3E03E0
ENDCHAR
STARTCHAR 045C
ENCODING 1116
SWIDTH 600 0
DWIDTH 21 0
BBX 18 25 2 0
BITMAP
003E00
007C00
00F000
01E000
03C000
000000
000000
F80F80
F80F80
F81F00
F83E00
F83E00
F87C00
F8F800
FFF000
FFF000
FFF000
F8F800
F87C00
F87C00
F83E00
F81F00
F81F00
F80F80
F80FC0
ENDCHAR
STARTCHAR 045D
ENCODING 1117
SWIDTH 600 0
DWIDTH 21 0
BBX 17 25 2 0
BITMAP
3E0000
1F0000
078000
03C000
01E000
000000
000000
F81F80
F81F80
F83F80
F83F80
F87F80
F87F80
F8FF80
F9EF80
F9EF80
FBCF80
FBCF80
FF8F80
FF8F80
FF0F80
FE0F80
FE0F80
FC0F80
FC0F80
ENDCHAR
STARTCHAR 045E
ENCODING 1118
SWIDTH 600 0
DWIDTH 21 0
BBX 19 32 1 -7
BITMAP
1E0780
1E0F00
1FBF00
0FFE00
03FC00
000000
000000
F803E0
F803E0
7C07C0
7C07C0
3E0780
3E0F80
1E0F80
1F0F00
1F1F00
0F1E00
0F9E00
07BE00
07BC00
07FC00
03F800
03F800
01F800
01F000
01F000
01E000
03E000
07E000
7FC000
7F8000
7F0000
ENDCHAR
STARTCHAR 045F
ENCODING 1119
SWIDTH 600 0
DWIDTH 21 0
BBX 17 25 2 -7
BITMAP
F80F80
F80F80
F80F80
F80F80
F80F80
F80F80
F80F80
F80F80
F80F80
F80F80
F80F80
F80F80
F80F80
F80F80
F80F80
FFFF80
FFFF80
FFFF80
03E000
03E000
03E000
03E000
03E000
03E000
03E000
ENDCHAR
STARTCHAR 0460
ENCODING 1120
SWIDTH 600 0
DWIDTH 21 0
BBX 19 23 1 0
BITMAP
1E0F00
3F1F80
7FBFC0
7F1FC0
7803C0
F803C0
F803E0
F803E0
F803E0
F003E0
F001E0
F001E0
F0E3E0
F8E3E0
F8E3E0
F8E3E0
F8E3E0
79F3C0
79F3C0
7FFFC0
3FFF80
3FBF80
0F1E00
ENDCHAR
STARTCHAR 0461
ENCODING 1121
SWIDTH 600 0
DWIDTH 21 0
BBX 20 18 0 0
BITMAP
F0E1E0
F0F0E0
78F0F0
78F0F0
78F0F0
7870F0
3878F0
3C78E0
3CF8E0
3CF9E0
1CFDE0
1CFDC0
1FFDC0
1FDFC0
0FDF80
0F9F80
0F9F00
0F0F00
ENDCHAR
STARTCHAR 0462
ENCODING 1122
SWIDTH 600 0
DWIDTH 21 0
BBX 20 23 0 0
BITMAP
0F8000
0F8000
0F8000
FFF800
FFF800
FFF800
0F8000
0F8000
0F8000
0FFF00
0FFFC0
0FFFE0
0FFFF0
0F83F0
0F81F0
0F81F0
0F81F0
0F81F0
0F83F0
0FFFE0
0FFFE0
0FFF80
0FFE00
ENDCHAR
STARTCHAR 0463
ENCODING 1123
SWIDTH 600 0
DWIDTH 21 0
BBX 19 25 1 0
BITMAP
0F8000
0F8000
0F8000
0F8000
0F8000
0F8000
0F8000
FFFC00
FFFC00
FFFC00
0F8000
0F8000
0F8000
0F8000
0FFE00
0FFF80
0FFFC0
0F87C0
0F83E0
0F83E0
0F83E0
0F87C0
0FFFC0
0FFF80
0FFE00
ENDCHAR
STARTCHAR 0464
ENCODING 1124
SWIDTH 600 0
DWIDTH 21 0
BBX 18 23 2 0
BITMAP
F03E00
F0FF00
F1FF80
F1FF80
F3E3C0
F3C3C0
F3C100
F3C000
F38000
FF8000
FF8000
FF8000
FF8000
F38000
F3C000
F3C180
F3C1C0
F3C3C0
F3E3C0
F1FF80
F0FF80
F0FF00
F03E00
ENDCHAR
STARTCHAR 0465
ENCODING 1125
SWIDTH 600 0
DWIDTH 21 0
BBX 19 18 1 0
BITMAP
F03E00
F0FF80
F1FFC0
F1F3C0
F3E1E0
F3C1E0
F3C000
FFFC00
FFFC00
FFFC00
F3C000
F3C000
F3C1E0
F1E1E0
F1F3C0
F0FFC0
F07F80
F03E00
ENDCHAR
STARTCHAR 0466
ENCODING 1126
SWIDTH 600 0
DWIDTH 21 0
BBX 21 23 0 0
BITMAP
01FC00
01FC00
01FC00
03DE00
03DE00
03DE00
07DF00
078F00
078F00
0F8F80
0F8F80
0FFF80
1FFFC0
1FFFC0
1FFFC0
3E7BE0
3E7BE0
3E7BE0
7C79F0
7C79F0
7C79F0
F878F8
F878F8
ENDCHAR
STARTCHAR 0467
ENCODING 1127
SWIDTH 600 0
DWIDTH 21 0
BBX 19 18 1 0
BITMAP
01F800
03F800
03F800
07FC00
07BC00
07BC00
0FBE00
0F1E00
1F1F00
1FFF00
1FFF00
3FFF80
3CE780
3CE780
7CE7C0
78E3C0
F8E3E0
F8E3E0
ENDCHAR
STARTCHAR 0468
ENCODING 1128
SWIDTH 600 0
DWIDTH 21 0
BBX 20 23 1 0
BITMAP
F03E00
F03E00
F03E00
F07E00
F07700
F07700
F07700
F07700
F0E780
F0E380
F0E380
FFFF80
FFFFC0
FFFFC0
FFFFC0
F1DDC0
F3DDC0
F3DDE0
F39DE0
F39CE0
F79CE0
F79CF0
F79CF0
ENDCHAR
STARTCHAR 0469
ENCODING 1129
SWIDTH 600 0
DWIDTH 21 0
BBX 19 18 1 0
BITMAP
F03E00
F03E00
F07E00
F07E00
F07F00
F0F700
F0E700
F0E700
F0E780
FFFF80
FFFF80
FFFFC0
F3DBC0
F3D9C0
F399C0
F399E0
F799E0
F798E0
ENDCHAR
STARTCHAR 046A
ENCODING 1130
SWIDTH 600 0
DWIDTH 21 0
BBX 17 23 2 0
BITMAP
FFFF80
7FFF00
7FFF00
3FFE00
3C1E00
1E3C00
1E3C00
0F7800
0F7800
07F000
1FFC00
3FFE00
7FFF00
FFFF80
FBEF80
F3E780
F3E780
F3E780
F3E780
F3E780
F3E780
F3E780
F3E780
ENDCHAR
STARTCHAR 046B
ENCODING 1131
SWIDTH 600 0
DWIDTH 21 0
BBX 19 18 1 0
BITMAP
3FFF80
3FFF80
1FFF00
1E0F00
0E0E00
071C00
073C00
03B800
0FFE00
3FFF80
7FFF80
7CE7C0
78E3C0
F0E1E0
F0E1E0
F0E1E0
F0E1E0
F0E1E0
ENDCHAR
STARTCHAR 046C
ENCODING 1132
SWIDTH 600 0
DWIDTH 21 0
BBX 20 23 1 0
BITMAP
F3FFE0
F3FFE0
F1FFC0
F1FFC0
F0E380
F0E380
F0F780
F07700
F07F00
FFFE00
FFFF80
FFFFC0
FFFFE0
F3DDE0
F39CE0
F79CF0
F79CF0
F79CF0
F79CF0
F79CF0
F79CF0
F79CF0
F79CF0
ENDCHAR
STARTCHAR 046D
ENCODING 1133
SWIDTH 600 0
DWIDTH 21 0
BBX 20 18 1 0
BITMAP
E3FFE0
E1FFC0
E1FFC0
E1C380
E0E380
E0E700
E07700
E07E00
FFFF80
FFFFC0
FFFFE0
E3DDE0
E79CE0
E71CE0
E71CF0
E71CF0
E71CF0
E71CF0
ENDCHAR
STARTCHAR 046E
ENCODING 1134
SWIDTH 600 0
DWIDTH 21 0
BBX 19 36 1 -7
BITMAP
0E0700
070F80
071D00
039C00
03B800
01B800
07FC00
0FFF00
3FFF80
3F1FC0
7C07C0
7C07C0
3807C0
0007C0
0007C0
000F80
00FF00
00FC00
00FF00
00FF80
0007C0
0003C0
0003E0
0003E0
0007C0
003FC0
1FFF80
3FFF00
7FF800
7C0000
F80F00
F87FC0
7FFFC0
7FFFE0
3FE3E0
1F03E0
ENDCHAR
STARTCHAR 046F
ENCODING 1135
SWIDTH 600 0
DWIDTH 21 0
BBX 16 30 3 -7
BITMAP
383C
3C7E
1C7C
0EF0
0EE0
1FE0
3FF8
7FFC
F87C
F03C
007C
00F8
07F0
07E0
07F8
007C
003E
003E
007E
00FC
1FFC
7FF8
FFC0
F800
F000
F07C
FFFE
FFFE
7FFF
3F0F
ENDCHAR
STARTCHAR 0470
ENCODING 1136
SWIDTH 600 0
DWIDTH 21 0
BBX 20 23 0 0
BITMAP
F0F8F0
F0F8F0
F8F8F0
78F8F0
78F8F0
78F8F0
78F8F0
3CF8F0
3CF8F0
3CF8F0
3CF8F0
1EF9F0
1FFFE0
0FFFC0
0FFF80
03FE00
00F800
00F800
00F800
00F800
00F800
00F800
00F800
ENDCHAR
STARTCHAR 0471
ENCODING 1137
SWIDTH 600 0
DWIDTH 21 0
BBX 20 25 0 -7
BITMAP
F078F0
F078F0
F878F0
7878F0
7878F0
7878F0
7878F0
7878F0
7878F0
7878F0
7C78F0
3C78F0
3C79F0
3E79E0
3F7FE0
1FFFE0
0FFFC0
03FF00
007800
007800
007800
007800
007800
007800
007800
ENDCHAR
STARTCHAR 0472
ENCODING 1138
SWIDTH 600 0
DWIDTH 21 0
BBX 19 23 1 0
BITMAP
03F800
0FFE00
1FFF00
3FFF80
3F1F80
7E0FC0
7C07C0
7C07C0
FC07E0
FBC3E0
FFFFE0
FFFFE0
FFFFE0
FC7FE0
FC07E0
7C07C0
7C07C0
7E0FC0
3F1F80
3FFF80
1FFF00
0FFE00
03F800
ENDCHAR
STARTCHAR 0473
ENCODING 1139
SWIDTH 600 0
DWIDTH 21 0
BBX 17 18 2 0
BITMAP
07F000
1FFC00
3FFE00
7E3F00
FC1F80
F80F80
F80F80
FF8F80
FFFF80
FFFF80
F8FF80
F80F80
F80F80
FC1F80
7E3F00
3FFE00
1FFC00
07F000
ENDCHAR
STARTCHAR 0474
ENCODING 1140
SWIDTH 600 0
DWIDTH 21 0
BBX 23 23 0 0
BITMAP
F801F0
FC03FC
7C07FE
7C07FC
7E0FD8
3E0F80
3E0F80
3E0F80
1F1F00
1F1F00
1F1F00
1F1E00
0FBE00
0FBE00
0FBE00
07BC00
07BC00
07FC00
03F800
03F800
03F800
03F800
01F000
ENDCHAR
STARTCHAR 0475
ENCODING 1141
SWIDTH 600 0
DWIDTH 21 0
BBX 22 18 0 0
BITMAP
F801FC
7C03FC
7C03FC
7C07F8
3E07C0
3E0F80
1E0F80
1F0F00
1F1F00
0F1F00
0F9E00
0FBE00
07BE00
07BC00
07FC00
03F800
03F800
01F800
ENDCHAR
STARTCHAR 0476
ENCODING 1142
SWIDTH 600 0
DWIDTH 21 0
BBX 23 29 0 0
BITMAP
7CF800
3E7C00
0E3C00
070E00
038700
000000
F801F0
FC03FC
7C07FE
7C07FC
7E0FD8
3E0F80
3E0F80
3E0F80
1F1F00
1F1F00
1F1F00
1F1E00
0FBE00
0FBE00
0FBE00
07BC00
07BC00
07FC00
03F800
03F800
03F800
03F800
01F000
ENDCHAR
STARTCHAR 0477
ENCODING 1143
SWIDTH 600 0
DWIDTH 21 0
BBX 22 25 0 0
BITMAP
7CF800
3E7800
1E3C00
070E00
038700
000000
000000
F801FC
7C03FC
7C03FC
7C07F8
3E07C0
3E0F80
1E0F80
1F0F00
1F1F00
0F1F00
0F9E00
0FBE00
07BE00
07BC00
07FC00
03F800
03F800
01F800
ENDCHAR
STARTCHAR 0478
ENCODING 1144
SWIDTH 600 0
DWIDTH 21 0
BBX 21 30 0 -7
BITMAP
1E0000
3F0000
3F8000
7F8000
73C000
71DE78
71DE70
F1CE70
F1CE70
F1CE70
F1CE70
F1CE70
F1CE60
F1C660
F1C7E0
F1C7E0
71C7E0
71C7E0
7BC3C0
7F83C0
3F83C0
3F03C0
1E03C0
000380
000380
000380
001F80
001F00
001F00
001E00
ENDCHAR
STARTCHAR 0479
ENCODING 1145
SWIDTH 600 0
DWIDTH 21 0
BBX 21 25 0 -7
BITMAP
1E7878
3F3870
7FB870
7FB870
73B870
739CF0
E3DCE0
E1DCE0
E1DCE0
E1CCE0
E1CEC0
E3CFC0
738FC0
738FC0
7F8780
7F0780
3F0780
1E0780
000700
000700
000700
003F00
003E00
003C00
003800
ENDCHAR
STARTCHAR 047A
ENCODING 1146
SWIDTH 600 0
DWIDTH 21 0
BBX 19 27 1 -2
BITMAP
00E000
03F800
07FC00
0FFE00
1FFF00
3FFF80
7EEFC0
7C07C0
7C07C0
7C07C0
F807E0
F803E0
F803E0
F803E0
F803E0
F803E0
F807E0
7C07C0
7C07C0
7C07C0
7EEFC0
3FFF80
1FFF00
0FFE00
07FC00
03F800
00E000
ENDCHAR
STARTCHAR 047B
ENCODING 1147
SWIDTH 600 0
DWIDTH 21 0
BBX 17 22 2 -2
BITMAP
01C000
07F000
1FFC00
3FFE00
7FFF00
7DDF00
F80F80
F80F80
F80F80
F80F80
F80F80
F80F80
F80F80
F80F80
F80F80
FDDF80
7FFF00
3FFE00
1FFC00
0FF800
03E000
01C000
ENDCHAR
STARTCHAR 047C
ENCODING 1148
SWIDTH 600 0
DWIDTH 21 0
BBX 19 34 1 0
BITMAP
07C000
1FF800
3FFE00
381FC0
7807C0
73C3C0
03C000
03C000
00C000
00C000
000000
1E0F00
3F1F80
7FBFC0
7F1FC0
7A0BC0
F803C0
F803E0
F803E0
F803E0
F003E0
F001E0
F001E0
F003E0
F003E0
F803E0
F803E0
F843E0
7843C0
7CE7C0
7FFFC0
3FFF80
3FBF80
0F1E00
ENDCHAR
STARTCHAR 047D
ENCODING 1149
SWIDTH 600 0
DWIDTH 21 0
BBX 19 30 1 0
BITMAP
07C000
1FF000
1FFC00
3C3F00
380FC0
7BC7C0
73C1C0
03C000
00C000
00C000
00C000
000000
060C00
1E0F00
3E0F80
7E0FC0
7803C0
7803C0
F001E0
F001E0
F001E0
F001E0
F001E0
F001E0
7803C0
7843C0
7FFFC0
3FFF80
1FFF00
0FBE00
ENDCHAR
STARTCHAR 047E
ENCODING 1150
SWIDTH 600 0
DWIDTH 21 0
BBX 19 29 1 0
BITMAP
3FFF80
3FFF80
104100
104100
000000
000000
1E0F00
3F1F80
7FBFC0
7F1FC0
7803C0
F803C0
F803E0
F803E0
F803E0
F003E0
F001E0
F001E0
F0E3E0
F8E3E0
F8E3E0
F8E3E0
F8E3E0
79F3C0
79F3C0
7FFFC0
3FFF80
3FBF80
0F1E00
ENDCHAR
STARTCHAR 047F
ENCODING 1151
SWIDTH 600 0
DWIDTH 21 0
BBX 20 24 0 0
BITMAP
3FFFC0
1FFF80
186180
082080
000000
000000
F0E1E0
F0F0E0
78F0F0
78F0F0
78F0F0
7870F0
3878F0
3C78E0
3CF8E0
3CF9E0
1CFDE0
1CFDC0
1FFDC0
1FDFC0
0FDF80
0F9F80
0F9F00
0F0F00
ENDCHAR
STARTCHAR 0480
ENCODING 1152
SWIDTH 600 0
DWIDTH 21 0
BBX 18 30 2 -7
BITMAP
03F800
0FFE00
1FFF00
3FFF80
3F0F80
7E07C0
7C07C0
7C0300
FC0000
F80000
F80000
F80000
F80000
F80000
FC0000
7C0000
7C0000
7E0000
3E0000
3FF000
1FF000
0FF000
03F000
01F000
01F000
01F000
01F000
01F000
01F000
01F000
ENDCHAR
STARTCHAR 0481
ENCODING 1153
SWIDTH 600 0
DWIDTH 21 0
BBX 17 25 2 -7
BITMAP
03F800
0FFE00
1FFF00
3F1F80
7E0F80
7C0F80
7C0000
7C0000
FC0000
FC0000
7C0000
7C0000
7C0000
7E0000
3F9000
3FF000
1FF000
07F000
01F000
01F000
01F000
01F000
01F000
01F000
01F000
ENDCHAR
STARTCHAR 0482
ENCODING 1154
SWIDTH 600 0
DWIDTH 21 0
BBX 19 25 1 0
BITMAP
001E00
003E00
003C00
003C00
007C00
007C00
3C7800
3FF800
7FFC00
1FFFE0
01FFE0
00FFE0
01F1E0
F1F000
FFE000
FFF000
FFFF00
0FFFC0
03FF80
03CF80
07C080
07C000
078000
078000
0F8000
ENDCHAR
STARTCHAR 0483
ENCODING 1155
SWIDTH 0 0
DWIDTH 0 0
BBX 12 6 -6 19
BITMAP
00E0
00F0
FFF0
FFE0
F000
7000
ENDCHAR
STARTCHAR 0484
ENCODING 1156
SWIDTH 0 0
DWIDTH 0 0
BBX 12 5 -6 21
BITMAP
03C0
0FE0
FFF0
FC30
F030
ENDCHAR
STARTCHAR 0485
ENCODING 1157
SWIDTH 0 0
DWIDTH 0 0
BBX 4 6 -2 19
BITMAP
F0
F0
F0
F0
E0
60
ENDCHAR
STARTCHAR 0486
ENCODING 1158
SWIDTH 0 0
DWIDTH 0 0
BBX 4 6 -2 19
BITMAP
F0
F0
F0
F0
70
60
ENDCHAR
STARTCHAR 0487
ENCODING 1159
SWIDTH 0 0
DWIDTH 0 0
BBX 20 7 -10 24
BITMAP
07C000
1FF800
3FFE00
783FC0
700FF0
F003F0
E000F0
ENDCHAR
STARTCHAR 0488
ENCODING 1160
SWIDTH 0 0
DWIDTH 0 0
BBX 34 31 -17 -6
BITMAP
0001E00000
0003F00000
0006300000
0006180000
0F00003C00
1F80007E00
3980006600
308000C300
30C000C300
0000000000
0000000000
0000000000
0000000000
3C00000F00
7E00001F80
C6000018C0
C3000030C0
0000000000
0000000000
0000000000
0000000000
0000000000
0F00003C00
1F80007E00
3980006600
308000C300
30C000C300
0001E00000
0003F00000
0006300000
0006180000
ENDCHAR
STARTCHAR 0489
ENCODING 1161
SWIDTH 0 0
DWIDTH 0 0
BBX 32 33 -16 -7
BITMAP
00018000
00010000
00030000
00038000
00038010
00038078
080000E0
0C0000E0
070000E0
03000040
00000000
00000000
00000000
00000000
00000000
0000003E
9C00003F
FC000038
3C000000
00000000
00000000
00000000
00000040
020000E0
070000F0
07000070
06000010
1C038010
00038000
00038000
00008000
00018000
00018000
ENDCHAR
STARTCHAR 048A
ENCODING 1162
SWIDTH 600 0
DWIDTH 21 0
BBX 19 36 2 -7
BITMAP
380E00
3C1E00
3F7E00
1FFC00
07F000
000000
F81F80
F83F80
F83F80
F83F80
F87F80
F87F80
F8FF80
F8F780
F8FF80
F9EF80
F9EF80
F9EF80
FBCF80
FBCF80
FF8F80
F78F80
F78F80
FF0F80
FF0F80
FF0FE0
FE0FC0
FE0FC0
FC0FC0
000780
000780
000F00
000F00
000F00
001E00
001E00
ENDCHAR
STARTCHAR 048B
ENCODING 1163
SWIDTH 600 0
DWIDTH 21 0
BBX 19 32 2 -7
BITMAP
380E00
3C1E00
3C1E00
1FFC00
07F000
000000
000000
F81F80
F81F80
F83F80
F83F80
F87F80
F87F80
F8FF80
F9EF80
F9EF80
FBCF80
FBCF80
FF8F80
FF8F80
FF0F80
FE0F80
FE0FE0
FC0FC0
FC0FC0
000380
000780
000780
000F00
000F00
000F00
001E00
ENDCHAR
STARTCHAR 048C
ENCODING 1164
SWIDTH 600 0
DWIDTH 21 0
BBX 20 23 0 0
BITMAP
3E0000
3E0000
3E0000
FFC000
FFC000
FFC000
3E0000
3E0000
3E0000
3FFF00
3FFFC0
3FFFE0
3FFFF0
3E03F0
3E01F0
3E01F0
3E01F0
3E01F0
3E03F0
3FFFF0
3FFFE0
3FFFC0
3FFE00
ENDCHAR
STARTCHAR 048D
ENCODING 1165
SWIDTH 600 0
DWIDTH 21 0
BBX 20 25 0 0
BITMAP
3E0000
3E0000
FFC000
FFC000
FFC000
3E0000
3E0000
3E0000
3E0000
3E0000
3E0000
3E0000
3E0000
3E0000
3FFF00
3FFFC0
3FFFE0
3E03F0
3E01F0
3E01F0
3E01F0
3E03F0
3FFFE0
3FFFC0
3FFF00
ENDCHAR
STARTCHAR 048E
ENCODING 1166
SWIDTH 600 0
DWIDTH 21 0
BBX 18 23 2 0
BITMAP
FFF800
FFFE00
FFFF00
FFFF80
F81F80
F80F80
F86F80
F8FFC0
F9FF80
F8FF80
F87F80
FFFF00
FFFF80
FFFFC0
FFF780
F80300
F80000
F80000
F80000
F80000
F80000
F80000
F80000
ENDCHAR
STARTCHAR 048F
ENCODING 1167
SWIDTH 600 0
DWIDTH 21 0
BBX 18 25 2 -7
BITMAP
F8F800
F9FE00
FBFF00
7F3F00
7C1F80
7C0F80
7C0F80
780F80
780F80
780F80
782F80
7C7F80
7CFF80
7C3F80
7F3F00
7BFF00
79FF80
78FBC0
780180
780000
780000
780000
780000
780000
780000
ENDCHAR
STARTCHAR 0490
ENCODING 1168
SWIDTH 600 0
DWIDTH 21 0
BBX 17 28 3 0
BITMAP
000F80
000F80
000F80
000F80
000F80
FFFF80
FFFF80
FFFF80
FFFF80
F80000
F80000
F80000
F80000
F80000
F80000
F80000
F80000
F80000
F80000
F80000
F80000
F80000
F80000
F80000
F80000
F80000
F80000
F80000
ENDCHAR
STARTCHAR 0491
ENCODING 1169
SWIDTH 600 0
DWIDTH 21 0
BBX 14 25 4 0
BITMAP
003C
003C
003C
003C
003C
003C
003C
FFFC
FFFC
FFFC
F800
F800
F800
F800
F800
F800
F800
F800
F800
F800
F800
F800
F800
F800
F800
ENDCHAR
STARTCHAR 0492
ENCODING 1170
SWIDTH 600 0
DWIDTH 21 0
BBX 19 23 1 0
BITMAP
3FFFE0
3FFFE0
3FFFE0
3FFFE0
3E0000
3E0000
3E0000
3E0000
3E0000
3E0000
FFF000
FFF000
FFF000
3E0000
3E0000
3E0000
3E0000
3E0000
3E0000
3E0000
3E0000
3E0000
3E0000
ENDCHAR
STARTCHAR 0493
ENCODING 1171
SWIDTH 600 0
DWIDTH 21 0
BBX 16 18 2 0
BITMAP
3FFF
3FFF
3FFF
3E00
3E00
3E00
3E00
3E00
FFC0
FFC0
FFC0
3E00
3E00
3E00
3E00
3E00
3E00
3E00
ENDCHAR
STARTCHAR 0494
ENCODING 1172
SWIDTH 600 0
DWIDTH 21 0
BBX 18 30 2 -7
BITMAP
FFFF00
FFFF00
FFFF00
FFFF00
F80000
F80000
F80000
F80000
F9F800
FFFE00
FFFE00
FFFF00
FC1F80
F80F80
F80F80
F80FC0
F807C0
F807C0
F807C0
F807C0
F807C0
F80FC0
F80F80
000F80
001F80
0C1F00
1FFF00
3FFE00
0FFC00
03F000
ENDCHAR
STARTCHAR 0495
ENCODING 1173
SWIDTH 600 0
DWIDTH 21 0
BBX 17 25 2 -7
BITMAP
FFFC00
FFFC00
FFFC00
FFFC00
F80000
F80000
F80000
F80000
FBF000
FFFC00
FFFF00
FFFF00
F81F80
F80F80
F80F80
F80F80
F80F80
F80F80
000F80
000F80
081F80
3FFF00
3FFE00
1FFC00
07F000
ENDCHAR
STARTCHAR 0496
ENCODING 1174
SWIDTH 600 0
DWIDTH 21 0
BBX 21 30 0 -7
BITMAP
F07078
7870F0
7870F0
7870F0
3C71E0
3C71E0
3C71E0
3C71E0
1E73C0
1F77C0
0FFF80
0FFF80
0FFF80
1E73C0
1E73C0
1E73C0
3C71E0
3C71E0
3C71E0
7C71F8
7870F8
7870F8
F870F8
000038
000038
000038
000038
000038
000038
000038
ENDCHAR
STARTCHAR 0497
ENCODING 1175
SWIDTH 600 0
DWIDTH 21 0
BBX 21 25 0 -7
BITMAP
F870F8
7870F0
7870F0
3C71E0
3C71E0
1E73C0
1F77C0
0FFF80
0FFF80
0FFF80
1E73C0
1E73C0
3C71E0
3C71E0
3C71E0
7870F8
7870F8
F07078
000038
000038
000038
000038
000038
000038
000038
ENDCHAR
STARTCHAR 0498
ENCODING 1176
SWIDTH 600 0
DWIDTH 21 0
BBX 20 30 0 -7
BITMAP
01FC00
0FFF00
1FFFC0
3FFFC0
3E07E0
7C03E0
1C03E0
0003E0
000FC0
00FF80
00FE00
00FF80
00FFC0
0007E0
0003E0
0001F0
1801F0
FC03E0
7E07E0
3FFFE0
1FFFC0
0FFF80
03FC00
003000
003800
003800
003800
07F800
07F000
07E000
ENDCHAR
STARTCHAR 0499
ENCODING 1177
SWIDTH 600 0
DWIDTH 21 0
BBX 17 25 2 -7
BITMAP
0FF000
3FFC00
7FFF00
FC3F00
F01F00
001F00
003E00
03FC00
03F000
03FE00
003F00
001F00
700F80
F80F80
FC3F00
7FFF00
3FFE00
0FF800
00C000
00C000
00E000
01E000
1FC000
1FC000
1F8000
ENDCHAR
STARTCHAR 049A
ENCODING 1178
SWIDTH 600 0
DWIDTH 21 0
BBX 19 30 2 -7
BITMAP
F807C0
F80F80
F80F80
F81F00
F83F00
F83E00
F87C00
F8FC00
F9F800
FFF000
FFE000
FFF000
FFF800
F8F800
F87C00
F87C00
F83E00
F83F00
F81F00
F81F80
F80FE0
F80FE0
F807E0
0001E0
0001E0
0001E0
0001E0
0001E0
0001E0
0001E0
ENDCHAR
STARTCHAR 049B
ENCODING 1179
SWIDTH 600 0
DWIDTH 21 0
BBX 19 25 2 -7
BITMAP
F80F80
F80F80
F81F00
F83E00
F83E00
F87C00
F8F800
FFF800
FFE000
FFF000
F8F800
F87800
F87C00
F83E00
F81F00
F81FE0
F80FE0
F80FE0
0001E0
0001E0
0001E0
0001E0
0001E0
0001E0
0001E0
ENDCHAR
STARTCHAR 049C
ENCODING 1180
SWIDTH 600 0
DWIDTH 21 0
BBX 19 23 2 0
BITMAP
F807C0
F80F80
F98F80
F99F00
F9BF00
F9BE00
F9FC00
F9FC00
F9F800
FFF000
FFE000
FFF000
FFF800
F9F800
F9FC00
F9FC00
F9BE00
F9BF00
F99F00
F81F80
F80F80
F80FC0
F807E0
ENDCHAR
STARTCHAR 049D
ENCODING 1181
SWIDTH 600 0
DWIDTH 21 0
BBX 18 18 2 0
BITMAP
F80F80
F80F80
FB1F00
FB3E00
FB3E00
FB7C00
FBF800
FFF800
FFF000
FFF000
FBF800
FB7800
FB7C00
FB3E00
FB1E00
FB1F00
F80F80
F80FC0
ENDCHAR
STARTCHAR 049E
ENCODING 1182
SWIDTH 600 0
DWIDTH 21 0
BBX 21 23 0 0
BITMAP
3E01F0
3E03E0
FFC3E0
FFC7C0
FFCF80
3E0F80
3E1F00
3E3E00
3E3E00
3EFC00
3FF800
3FFC00
3FFC00
3E3E00
3E1F00
3E1F00
3E0F80
3E0FC0
3E07C0
3E07E0
3E03E0
3E01F0
3E01F8
ENDCHAR
STARTCHAR 049F
ENCODING 1183
SWIDTH 600 0
DWIDTH 21 0
BBX 16 25 2 0
BITMAP
3C00
3C00
FF80
FF80
FF80
3C00
3C00
3C0F
3C1F
3C1E
3C3E
3C3C
3C7C
3CF8
3DF0
3FE0
3FF0
3EF0
3CF8
3C7C
3C7C
3C3E
3C1E
3C1F
3C0F
ENDCHAR
STARTCHAR 04A0
ENCODING 1184
SWIDTH 600 0
DWIDTH 21 0
BBX 21 23 0 0
BITMAP
FF81F0
FF81F0
FF83E0
FF83E0
0F87C0
0F8780
0F8F80
0F9F00
0F9E00
0FFE00
0FFC00
0FFE00
0FFE00
0F9F00
0F8F00
0F8F80
0F8780
0F87C0
0F83E0
0F83E0
0F81F0
0F81F0
0F80F8
ENDCHAR
STARTCHAR 04A1
ENCODING 1185
SWIDTH 600 0
DWIDTH 21 0
BBX 21 18 0 0
BITMAP
FFE0F8
FFE1F0
FFE1E0
FFE3E0
03E3C0
03E7C0
03E780
03FF80
03FF00
03FF00
03EF80
03E780
03E7C0
03E3C0
03E3E0
03E1F0
03E1F0
03E0F8
ENDCHAR
STARTCHAR 04A2
ENCODING 1186
SWIDTH 600 0
DWIDTH 21 0
BBX 19 30 2 -7
BITMAP
F80F80
F80F80
F80F80
F80F80
F80F80
F80F80
F80F80
F80F80
F80F80
FFFF80
FFFF80
FFFF80
FFFF80
F80F80
F80F80
F80F80
F80F80
F80F80
F80F80
F80F80
F80FE0
F80FE0
F80FE0
0003E0
0003E0
0003E0
0003E0
0003E0
0003E0
0003E0
ENDCHAR
STARTCHAR 04A3
ENCODING 1187
SWIDTH 600 0
DWIDTH 21 0
BBX 19 25 2 -7
BITMAP
F80F80
F80F80
F80F80
F80F80
F80F80
F80F80
F80F80
FFFF80
FFFF80
FFFF80
F80F80
F80F80
F80F80
F80F80
F80F80
F80FE0
F80FE0
F80FE0
0001E0
0001E0
0001E0
0001E0
0001E0
0001E0
0001E0
ENDCHAR
STARTCHAR 04A4
ENCODING 1188
SWIDTH 600 0
DWIDTH 21 0
BBX 19 23 2 0
BITMAP
F83FE0
F83FE0
F83FE0
F83FE0
F83E00
F83E00
F83E00
F83E00
F83E00
FFFE00
FFFE00
FFFE00
FFFE00
F83E00
F83E00
F83E00
F83E00
F83E00
F83E00
F83E00
F83E00
F83E00
F83E00
ENDCHAR
STARTCHAR 04A5
ENCODING 1189
SWIDTH 600 0
DWIDTH 21 0
BBX 19 18 2 0
BITMAP
F83FE0
F83FE0
F83FE0
F83FE0
F83C00
F83C00
F83C00
FFFC00
FFFC00
FFFC00
F83C00
F83C00
F83C00
F83C00
F83C00
F83C00
F83C00
F83C00
ENDCHAR
STARTCHAR 04A6
ENCODING 1190
SWIDTH 600 0
DWIDTH 21 0
BBX 19 30 1 -7
BITMAP
FFE000
FFE000
FFE000
F1E000
F1E000
F1E000
F1E000
F1EF00
F1FF80
F1FFC0
F1F3C0
F1E1E0
F1E1E0
F1E1E0
F1E1E0
F1E1E0
F1E1E0
F1E1E0
F1E1E0
F1E1E0
F1E1E0
F1E1E0
F1E1E0
0001E0
0001E0
0023C0
00F7C0
00FF80
007F80
003E00
ENDCHAR
STARTCHAR 04A7
ENCODING 1191
SWIDTH 600 0
DWIDTH 21 0
BBX 19 25 1 -7
BITMAP
FFE000
FFE000
FFE000
F1E000
F1E000
F1E000
F1E000
F1E000
F1FF00
F1FF80
F1FFC0
F1F3E0
F1E1E0
F1E1E0
F1E1E0
F1E1E0
F1E1E0
F1E1E0
0001E0
0001E0
0001E0
0077C0
00FFC0
007F80
003E00
ENDCHAR
STARTCHAR 04A8
ENCODING 1192
SWIDTH 600 0
DWIDTH 21 0
BBX 21 25 1 0
BITMAP
03F000
0FF000
1FF000
1FE000
3E0000
7C0F00
7C3F80
783FC0
787FC0
F879E0
F879E0
F871E0
F871E0
F8F1E0
F871E0
F871E0
7871E0
7879C0
7C79C0
3E3BC0
3F3F88
1FFFF8
0FFFF8
07FFF8
01F9F8
ENDCHAR
STARTCHAR 04A9
ENCODING 1193
SWIDTH 600 0
DWIDTH 21 0
BBX 18 18 2 0
BITMAP
07C000
1FC000
3FC000
7F8000
7C3C00
F87F00
F8FF00
F8E700
F8E780
F8E780
F8E780
F8E780
F8F700
7C7F00
7E7E40
3FFFC0
1FFFC0
07FFC0
ENDCHAR
STARTCHAR 04AA
ENCODING 1194
SWIDTH 600 0
DWIDTH 21 0
BBX 19 30 1 -7
BITMAP
03F800
0FFE00
1FFF00
3FFF80
3F0FC0
7E07C0
7C07C0
7C0300
7C0000
FC0000
FC0000
FC0000
FC0000
FC0000
7C0000
7C0380
7C03E0
7E07C0
3F0FC0
3FFF80
1FFF00
0FFE00
03F800
007000
007000
007000
007000
0FF000
0FE000
07C000
ENDCHAR
STARTCHAR 04AB
ENCODING 1195
SWIDTH 600 0
DWIDTH 21 0
BBX 17 25 2 -7
BITMAP
07F000
1FFC00
3FFE00
7F3F00
7C1F00
F80F80
F80000
F80000
F80000
F80000
F80000
F80000
F80F80
7C0F80
7E3F00
3FFE00
1FFC00
07F000
00E000
00E000
00E000
00E000
0FE000
0FC000
0F8000
ENDCHAR
STARTCHAR 04AC
ENCODING 1196
SWIDTH 600 0
DWIDTH 21 0
BBX 19 30 1 -7
BITMAP
FFFFE0
FFFFE0
FFFFE0
FFFFE0
01F000
01F000
01F000
01F000
01F000
01F000
01F000
01F000
01F000
01F000
01F000
01F000
01F000
01F000
01F000
01FC00
01FC00
01FC00
01FC00
003C00
003C00
003C00
003C00
003C00
003C00
003C00
ENDCHAR
STARTCHAR 04AD
ENCODING 1197
SWIDTH 600 0
DWIDTH 21 0
BBX 17 25 2 -7
BITMAP
FFFF80
FFFF80
FFFF80
03E000
03E000
03E000
03E000
03E000
03E000
03E000
03E000
03E000
03E000
03E000
03E000
03F800
03F800
03F800
007800
007800
007800
007800
007800
007800
007800
ENDCHAR
STARTCHAR 04AE
ENCODING 1198
SWIDTH 600 0
DWIDTH 21 0
BBX 21 23 0 0
BITMAP
FC01F8
7C01F0
7E03F0
3E03E0
1F07C0
1F07C0
0F8F80
0F8F80
07DF00
07DF00
03FE00
01FC00
01FC00
00F800
00F800
00F800
00F800
00F800
00F800
00F800
00F800
00F800
00F800
ENDCHAR
STARTCHAR 04AF
ENCODING 1199
SWIDTH 600 0
DWIDTH 21 0
BBX 19 25 1 -7
BITMAP
F803E0
7803C0
7C07C0
7C07C0
3C0F80
3E0F80
3E0F00
1E1F00
1F1F00
0F1E00
0F3E00
0FBC00
07BC00
07BC00
03F800
03F800
03F000
01F000
01F000
01F000
01F000
01F000
01F000
01F000
01F000
ENDCHAR
STARTCHAR 04B0
ENCODING 1200
SWIDTH 600 0
DWIDTH 21 0
BBX 21 23 0 0
BITMAP
FC01F8
7C01F0
7E03F0
3E03E0
1F07C0
1F07C0
0F8F80
0F8F80
07DF00
03DE00
3FFFE0
3FFFE0
3FFFE0
3FFFE0
00F800
00F800
00F800
00F800
00F800
00F800
00F800
00F800
00F800
ENDCHAR
STARTCHAR 04B1
ENCODING 1201
SWIDTH 600 0
DWIDTH 21 0
BBX 19 25 1 -7
BITMAP
F803E0
F803C0
7C07C0
7C07C0
3C0F80
3E0F80
3E0F00
1E1F00
1F1F00
0F1E00
0F3E00
0FBC00
07BC00
07BC00
03F800
03F800
03F000
01F000
3FFF80
3FFF80
3FFF80
01F000
01F000
01F000
01F000
ENDCHAR
STARTCHAR 04B2
ENCODING 1202
SWIDTH 600 0
DWIDTH 21 0
BBX 21 30 0 -7
BITMAP
7C01F0
3E03E0
3F07E0
1F07C0
0F8F80
0FDF80
07DF00
03FE00
03FE00
01FC00
00F800
01F800
01FC00
03FE00
07FE00
07DF00
0FDF80
0F8F80
1F07C0
3F07F8
3E03F8
7C01F8
FC01F8
000078
000078
000078
000078
000078
000078
000078
ENDCHAR
STARTCHAR 04B3
ENCODING 1203
SWIDTH 600 0
DWIDTH 21 0
BBX 19 25 1 -7
BITMAP
7C07C0
7C0FC0
3E0F80
1F1F00
0F3E00
0FBE00
07FC00
03F800
03F000
03F800
03F800
07FC00
0FBE00
1F1F00
1F1F00
3E0FE0
7C07E0
F807E0
0001E0
0001E0
0001E0
0001E0
0001E0
0001E0
0001E0
ENDCHAR
STARTCHAR 04B4
ENCODING 1204
SWIDTH 600 0
DWIDTH 21 0
BBX 21 30 0 -7
BITMAP
FFF3C0
FFF3C0
FFF3C0
FFF3C0
0F83C0
0F83C0
0F83C0
0F83C0
0F83C0
0F83C0
0F83C0
0F83C0
0F83C0
0F83C0
0F83C0
0F83C0
0F83C0
0F83C0
0F83C0
0FFFF8
0FFFF8
0FFFF8
0FFFF8
000078
000078
000078
000078
000078
000078
000078
ENDCHAR
STARTCHAR 04B5
ENCODING 1205
SWIDTH 600 0
DWIDTH 21 0
BBX 21 25 0 -7
BITMAP
FFE7C0
FFE7C0
FFE7C0
1F07C0
1F07C0
1F07C0
1F07C0
1F07C0
1F07C0
1F07C0
1F07C0
1F07C0
1F07C0
1F07C0
1F07C0
1FFFF8
1FFFF8
1FFFF8
000078
000078
000078
000078
000078
000078
000078
ENDCHAR
STARTCHAR 04B6
ENCODING 1206
SWIDTH 600 0
DWIDTH 21 0
BBX 20 30 1 -7
BITMAP
F807C0
F807C0
F807C0
F807C0
F807C0
F807C0
F807C0
F807C0
F807C0
F807C0
FC07C0
7C0FC0
7FFFC0
3FFFC0
3FFFC0
0FC7C0
0007C0
0007C0
0007C0
0007F0
0007F0
0007F0
0007F0
0001F0
0001F0
0001F0
0001F0
0001F0
0001F0
0001F0
ENDCHAR
STARTCHAR 04B7
ENCODING 1207
SWIDTH 600 0
DWIDTH 21 0
BBX 19 25 1 -7
BITMAP
F80F80
F80F80
F80F80
F80F80
F80F80
F80F80
F80F80
F80F80
FC1F80
7FFF80
7FFF80
3FEF80
060F80
000F80
000F80
000FE0
000FE0
000FE0
0001E0
0001E0
0001E0
0001E0
0001E0
0001E0
0001E0
ENDCHAR
STARTCHAR 04B8
ENCODING 1208
SWIDTH 600 0
DWIDTH 21 0
BBX 18 23 1 0
BITMAP
F807C0
F807C0
F807C0
F807C0
F8C7C0
F8C7C0
F8C7C0
F8C7C0
F8C7C0
F8C7C0
FCC7C0
7CC7C0
7FFFC0
3FFFC0
3FFFC0
0FC7C0
00C7C0
00C7C0
00C7C0
00C7C0
0007C0
0007C0
0007C0
ENDCHAR
STARTCHAR 04B9
ENCODING 1209
SWIDTH 600 0
DWIDTH 21 0
BBX 17 18 2 0
BITMAP
F80F80
F80F80
F80F80
F98F80
F98F80
F98F80
F98F80
F98F80
FD9F80
FFFF80
7FFF80
3FCF80
0F8F80
018F80
018F80
000F80
000F80
000F80
ENDCHAR
STARTCHAR 04BA
ENCODING 1210
SWIDTH 600 0
DWIDTH 21 0
BBX 18 23 2 0
BITMAP
F80000
F80000
F80000
F80000
F80000
F80000
F80000
F9FC00
FFFF00
FFFF80
FFFF80
F80F80
F807C0
F807C0
F807C0
F807C0
F807C0
F807C0
F807C0
F807C0
F807C0
F807C0
F807C0
ENDCHAR
STARTCHAR 04BB
ENCODING 1211
SWIDTH 600 0
DWIDTH 21 0
BBX 17 25 2 0
BITMAP
F80000
F80000
F80000
F80000
F80000
F80000
F80000
F87C00
F9FE00
FBFF00
FFFF00
FE1F80
FC0F80
FC0F80
F80F80
F80F80
F80F80
F80F80
F80F80
F80F80
F80F80
F80F80
F80F80
F80F80
F80F80
ENDCHAR
STARTCHAR 04BC
ENCODING 1212
SWIDTH 600 0
DWIDTH 21 0
BBX 21 23 0 0
BITMAP
003F00
00FF80
01FFC0
03FFE0
07E3F0
F7C1F0
E7C1F0
EFC0F8
FF80F8
FFFFF8
FFFFF8
7FFFF8
3FFFF8
0F8000
0F8000
0F8000
07C1E0
07C1F0
07E3F0
03FFE0
03FFC0
01FFC0
007F00
ENDCHAR
STARTCHAR 04BD
ENCODING 1213
SWIDTH 600 0
DWIDTH 21 0
BBX 20 18 0 0
BITMAP
007E00
00FF80
01FFC0
63E3E0
F7C1E0
E7C1E0
F7C1F0
FFFFF0
7FFFF0
3FFFF0
07C000
07C000
07C000
07C1E0
03E3E0
03FFC0
01FF80
007E00
ENDCHAR
STARTCHAR 04BE
ENCODING 1214
SWIDTH 600 0
DWIDTH 21 0
BBX 21 27 0 -4
BITMAP
003F00
00FF80
01FFC0
03FFE0
07E3F0
F7C1F0
E7C1F0
EFC0F8
FF80F8
FFFFF8
FFFFF8
7FFFF8
3FFFF8
0F8000
0F8000
0F8000
07C1E0
07C1F0
07E3F0
03FFE0
03FFE0
01FFC0
007F00
001E00
001E00
001E00
001E00
ENDCHAR
STARTCHAR 04BF
ENCODING 1215
SWIDTH 600 0
DWIDTH 21 0
BBX 20 22 0 -4
BITMAP
007E00
00FF80
01FFC0
63E3E0
F7C1E0
E7C1E0
F7C1F0
FFFFF0
7FFFF0
3FFFF0
07C000
07C000
07C000
07C1F0
03E3E0
03FFC0
01FF80
007F00
001C00
001C00
001C00
001C00
ENDCHAR
STARTCHAR 04C0
ENCODING 1216
SWIDTH 600 0
DWIDTH 21 0
BBX 15 23 3 0
BITMAP
FFFE
FFFE
FFFE
FFFE
07C0
07C0
07C0
07C0
07C0
07C0
07C0
07C0
07C0
07C0
07C0
07C0
07C0
07C0
07C0
FFFE
FFFE
FFFE
FFFE
ENDCHAR
STARTCHAR 04C1
ENCODING 1217
SWIDTH 600 0
DWIDTH 21 0
BBX 21 30 0 0
BITMAP
0E0380
0F0780
0F0780
0FDF80
07FF00
01FC00
000000
F07078
7870F0
7870F0
7870F0
3C71F0
3C71E0
3C71E0
3C71E0
1E73C0
1F77C0
0FFF80
0FFF80
0FFF80
0E7380
1E73C0
1E73C0
3C71E0
3C71E0
3C71E0
7C71F0
7870F0
7870F0
F870F8
ENDCHAR
STARTCHAR 04C2
ENCODING 1218
SWIDTH 600 0
DWIDTH 21 0
BBX 21 26 0 0
BITMAP
0E0380
0F0780
0F0780
0FDF80
07FF00
01FC00
000000
000000
F870F8
7870F0
7870F0
3C71E0
3C71E0
1E73C0
1F77C0
0FFF80
0FFF80
0FFF80
1E73C0
1E73C0
3C71E0
3C71E0
3C71E0
7870F0
7870F0
F07078
ENDCHAR
STARTCHAR 04C3
ENCODING 1219
SWIDTH 600 0
DWIDTH 21 0
BBX 19 30 2 -7
BITMAP
F807C0
F80F80
F80F80
F81F00
F83F00
F83E00
F87C00
F8F800
F9F800
FFF000
FFF000
FFFE00
FFFF00
F83F80
F80FC0
F807C0
F807C0
F803E0
F803E0
F803E0
F803E0
F803E0
F807C0
0007C0
0007C0
181F80
7FFF80
7FFF00
3FFE00
07F000
ENDCHAR
STARTCHAR 04C4
ENCODING 1220
SWIDTH 600 0
DWIDTH 21 0
BBX 18 25 2 -7
BITMAP
F83E00
F83E00
F87C00
F87800
F8F800
F8F000
F9F000
F9E000
FFF800
FFFE00
FFFF00
F81F80
F80F80
F807C0
F807C0
F807C0
F807C0
F807C0
0007C0
0007C0
000F80
0F3F80
3FFF00
1FFE00
07F000
ENDCHAR
STARTCHAR 04C5
ENCODING 1221
SWIDTH 600 0
DWIDTH 21 0
BBX 21 30 0 -7
BITMAP
03FFE0
03FFE0
03FFE0
07FFE0
07C3E0
07C3E0
07C3E0
07C3E0
07C3E0
07C3E0
0F83E0
0F83E0
0F83E0
0F83E0
0F83E0
1F83E0
1F03E0
1F03E0
7F03E0
FE03F8
FE03F0
FC03F0
F803F0
0001E0
0001E0
0003E0
0003C0
0003C0
0007C0
000780
ENDCHAR
STARTCHAR 04C6
ENCODING 1222
SWIDTH 600 0
DWIDTH 21 0
BBX 21 25 0 -7
BITMAP
03FFE0
07FFE0
07FFE0
07C3E0
0783E0
0783E0
0783E0
0F83E0
0F83E0
0F83E0
0F83E0
0F03E0
1F03E0
1F03E0
3F03E0
FE03F8
FE03F0
F803F0
0000F0
0001E0
0001E0
0003C0
0003C0
0003C0
000780
ENDCHAR
STARTCHAR 04C7
ENCODING 1223
SWIDTH 600 0
DWIDTH 21 0
BBX 17 30 2 -7
BITMAP
F80F80
F80F80
F80F80
F80F80
F80F80
F80F80
F80F80
F80F80
F80F80
FFFF80
FFFF80
FFFF80
FFFF80
F80F80
F80F80
F80F80
F80F80
F80F80
F80F80
F80F80
F80F80
F81F00
F81F00
001F00
001F00
183E00
7FFE00
7FFC00
3FF800
0FE000
ENDCHAR
STARTCHAR 04C8
ENCODING 1224
SWIDTH 600 0
DWIDTH 21 0
BBX 17 25 2 -7
BITMAP
F80F80
F80F80
F80F80
F80F80
F80F80
F80F80
F80F80
FFFF80
FFFF80
FFFF80
F80F80
F80F80
F80F80
F80F80
F80F80
F80F80
F80F80
F80F80
000F00
001F00
001F00
3CFE00
7FFE00
3FF800
0FE000
ENDCHAR
STARTCHAR 04C9
ENCODING 1225
SWIDTH 600 0
DWIDTH 21 0
BBX 19 30 2 -7
BITMAP
F80F80
F80F80
F80F80
F80F80
F80F80
F80F80
F80F80
F80F80
F80F80
FFFF80
FFFF80
FFFF80
FFFF80
F80F80
F80F80
F80F80
F80F80
F80F80
F80F80
F80FE0
F80FE0
F80FC0
F80FC0
0007C0
000780
000780
000F80
000F00
000F00
001E00
ENDCHAR
STARTCHAR 04CA
ENCODING 1226
SWIDTH 600 0
DWIDTH 21 0
BBX 19 25 2 -7
BITMAP
F80F80
F80F80
F80F80
F80F80
F80F80
F80F80
F80F80
FFFF80
FFFF80
FFFF80
F80F80
F80F80
F80F80
F80F80
F80F80
F80FE0
F80FC0
F80FC0
0003C0
000780
000780
000F00
000F00
000F00
001E00
ENDCHAR
STARTCHAR 04CB
ENCODING 1227
SWIDTH 600 0
DWIDTH 21 0
BBX 18 30 1 -7
BITMAP
F807C0
F807C0
F807C0
F807C0
F807C0
F807C0
F807C0
F807C0
F807C0
F807C0
FC07C0
7C0FC0
7FFFC0
3FFFC0
3FFFC0
0FC7C0
0007C0
0007C0
0007C0
003FC0
003FC0
003FC0
003FC0
003E00
003E00
003E00
003E00
003E00
003E00
003E00
ENDCHAR
STARTCHAR 04CC
ENCODING 1228
SWIDTH 600 0
DWIDTH 21 0
BBX 17 25 1 -7
BITMAP
F80F80
F80F80
F80F80
F80F80
F80F80
F80F80
F80F80
F80F80
7C1F80
7FFF80
7FFF80
3FEF80
060F80
000F80
000F80
003F80
003F80
003F80
003C00
003C00
003C00
003C00
003C00
003C00
003C00
ENDCHAR
STARTCHAR 04CD
ENCODING 1229
SWIDTH 600 0
DWIDTH 21 0
BBX 20 30 2 -7
BITMAP
FC1F80
FC1F80
FC1F80
FE1F80
FE3F80
EE3B80
EE3B80
EF3B80
EF7B80
E77380
E77380
E77380
E7F380
E3E380
E3E380
E3E380
E1E380
E00380
E00380
E003F0
E003E0
E003E0
E003E0
0003C0
0003C0
0007C0
000780
000780
000F00
000F00
ENDCHAR
STARTCHAR 04CE
ENCODING 1230
SWIDTH 600 0
DWIDTH 21 0
BBX 19 25 2 -7
BITMAP
F80F80
FC1F80
FC1F80
FC1F80
FC1F80
EE3B80
EE3B80
EE3B80
EF3B80
E77380
E77380
E77380
E77380
E36380
E3E380
E3E3E0
E1E3E0
E1C3E0
0003C0
0003C0
0003C0
000780
000780
000F00
000F00
ENDCHAR
STARTCHAR 04CF
ENCODING 1231
SWIDTH 600 0
DWIDTH 21 0
BBX 16 25 4 0
BITMAP
FFC0
FFC0
FFC0
07C0
07C0
07C0
07C0
07C0
07C0
07C0
07C0
07C0
07C0
07C0
07C0
07C0
07C0
07C0
07C0
07C0
07C0
07E0
03FF
03FF
00FF
ENDCHAR
STARTCHAR 04D0
ENCODING 1232
SWIDTH 600 0
DWIDTH 21 0
BBX 21 29 0 0
BITMAP
0E0300
070700
07FF00
03FE00
00F800
000000
01FC00
01FC00
01FC00
03DE00
03DE00
03DE00
07DF00
078F00
078F00
0F8F80
0F8F80
0F0780
1F07C0
1F07C0
1FFFC0
3FFFE0
3FFFE0
3FFFE0
7C01F0
7C01F0
7C01F0
FC00F8
F800F8
ENDCHAR
STARTCHAR 04D1
ENCODING 1233
SWIDTH 600 0
DWIDTH 21 0
BBX 18 25 2 0
BITMAP
381C00
3C1C00
1FF800
0FF800
07E000
000000
000000
07F000
1FFC00
3FFE00
7E3E00
7C3E00
001F00
001F00
0FFF00
3FFF00
7FFF00
FC1F00
F81F00
F83F00
F83F00
FCFF00
FFEFC0
7FCFC0
1F07C0
ENDCHAR
STARTCHAR 04D2
ENCODING 1234
SWIDTH 600 0
DWIDTH 21 0
BBX 21 29 0 0
BITMAP
078F00
078F00
078F00
078F00
000000
000000
01FC00
01FC00
01FC00
03DE00
03DE00
03DE00
07DF00
078F00
078F00
0F8F80
0F8F80
0F0780
1F07C0
1F07C0
1FFFC0
3FFFE0
3FFFE0
3FFFE0
7C01F0
7C01F0
7C01F0
FC00F8
F800F8
ENDCHAR
STARTCHAR 04D3
ENCODING 1235
SWIDTH 600 0
DWIDTH 21 0
BBX 18 25 2 0
BITMAP
1C3C00
1C3C00
1C3C00
1C3C00
000000
000000
000000
07F000
1FFC00
3FFE00
7E3E00
7C3E00
001F00
001F00
0FFF00
3FFF00
7FFF00
FC1F00
F81F00
F83F00
F83F00
FCFF00
FFEFC0
7FCFC0
1F07C0
ENDCHAR
STARTCHAR 04D4
ENCODING 1236
SWIDTH 600 0
DWIDTH 21 0
BBX 21 23 0 0
BITMAP
03FFF0
03FFF0
03FFF0
07DE00
079E00
079E00
079E00
0F9E00
0F1E00
0F1FF0
1F1FF0
1E1FF0
1E1E00
1FFE00
3FFE00
3FFE00
3C1E00
3C1E00
7C1E00
781E00
781FF8
F81FF8
F81FF8
ENDCHAR
STARTCHAR 04D5
ENCODING 1237
SWIDTH 600 0
DWIDTH 21 0
BBX 21 18 0 0
BITMAP
0F8780
3FDFE0
3FFFE0
7CF8F0
78F870
00F070
00F070
1FFFF8
3FFFF8
7FFFF8
78F000
F0F000
F0F000
F0F860
71FCF0
7F9FE0
7F1FE0
1E0F80
ENDCHAR
STARTCHAR 04D6
ENCODING 1238
SWIDTH 600 0
DWIDTH 21 0
BBX 18 29 2 0
BITMAP
380C00
1C1C00
1FFC00
0FF800
03E000
000000
FFFF80
FFFF80
FFFF80
FFFF80
F80000
F80000
F80000
F80000
F80000
FFFF00
FFFF00
FFFF00
FFFF00
F80000
F80000
F80000
F80000
F80000
F80000
FFFFC0
FFFFC0
FFFFC0
FFFFC0
ENDCHAR
STARTCHAR 04D7
ENCODING 1239
SWIDTH 600 0
DWIDTH 21 0
BBX 17 25 2 0
BITMAP
180E00
1C1C00
1FFC00
0FF800
07E000
000000
000000
07F000
1FFC00
3FFE00
7E1F00
7C0F00
F80F80
F80780
FFFF80
FFFF80
FFFF80
F80000
F80000
F80000
7C0F80
7E3F00
3FFF00
1FFC00
07F000
ENDCHAR
STARTCHAR 04D8
ENCODING 1240
SWIDTH 600 0
DWIDTH 21 0
BBX 19 23 1 0
BITMAP
03F800
0FFE00
1FFF00
3FFF80
3E1F80
7C0FC0
0C07C0
0007C0
0007E0
0003E0
FFFFE0
FFFFE0
FFFFE0
FFFFE0
F803E0
7C07C0
7C07C0
7E0FC0
3F1F80
3FFF80
1FFF00
0FFE00
03F800
ENDCHAR
STARTCHAR 04D9
ENCODING 1241
SWIDTH 600 0
DWIDTH 21 0
BBX 17 18 2 0
BITMAP
07F000
1FFC00
7FFE00
7E3F00
F81F00
000F80
000F80
000F80
FFFF80
FFFF80
FFFF80
F00F80
F80F80
781F00
7C3F00
3FFE00
1FFC00
07F000
ENDCHAR
STARTCHAR 04DA
ENCODING 1242
SWIDTH 600 0
DWIDTH 21 0
BBX 19 28 1 0
BITMAP
0F1E00
0F1E00
0F1E00
0F1E00
000000
03F800
0FFE00
1FFF00
3FFF80
3E1F80
7C0FC0
0C07C0
0007C0
0007E0
0003E0
FFFFE0
FFFFE0
FFFFE0
FFFFE0
F803E0
7C07C0
7C07C0
7E0FC0
3F1F80
3FFF80
1FFF00
0FFE00
03F800
ENDCHAR
STARTCHAR 04DB
ENCODING 1243
SWIDTH 600 0
DWIDTH 21 0
BBX 17 25 2 0
BITMAP
1E3C00
1E3C00
1E3C00
1E3C00
000000
000000
000000
07F000
1FFC00
7FFE00
7E3F00
F81F00
000F80
000F80
000F80
FFFF80
FFFF80
FFFF80
F00F80
F80F80
781F00
7C3F00
3FFE00
1FFC00
07F000
ENDCHAR
STARTCHAR 04DC
ENCODING 1244
SWIDTH 600 0
DWIDTH 21 0
BBX 21 28 0 0
BITMAP
078F00
078F00
078F00
078F00
000000
F07078
7870F0
7870F0
7870F0
3C71F0
3C71E0
3C71E0
3C71E0
1E73C0
1F77C0
0FFF80
0FFF80
0FFF80
0E7380
1E73C0
1E73C0
3C71E0
3C71E0
3C71E0
7C71F0
7870F0
7870F0
F870F8
ENDCHAR
STARTCHAR 04DD
ENCODING 1245
SWIDTH 600 0
DWIDTH 21 0
BBX 21 25 0 0
BITMAP
078F00
078F00
078F00
078F00
000000
000000
000000
F870F8
7870F0
7870F0
3C71E0
3C71E0
1E73C0
1F77C0
0FFF80
0FFF80
0FFF80
1E73C0
1E73C0
3C71E0
3C71E0
3C71E0
7870F0
7870F0
F07078
ENDCHAR
STARTCHAR 04DE
ENCODING 1246
SWIDTH 600 0
DWIDTH 21 0
BBX 19 28 1 0
BITMAP
0F1E00
0F1E00
0F1E00
0F1E00
000000
03F800
1FFE00
3FFF80
7FFF80
7C0FC0
F807C0
3807C0
0007C0
001F80
01FF00
01FC00
01FF00
01FF80
000FC0
0007C0
1003E0
F803E0
F807C0
FE0FC0
7FFFC0
3FFF80
1FFE00
07F800
ENDCHAR
STARTCHAR 04DF
ENCODING 1247
SWIDTH 600 0
DWIDTH 21 0
BBX 17 25 2 0
BITMAP
1C3C00
1C3C00
1C3C00
1C3C00
000000
000000
000000
0FF000
3FFC00
7FFF00
FC3F00
F01F00
001F00
003E00
03FC00
03F000
03FE00
003F00
001F80
700F80
F81F80
FC3F00
7FFF00
3FFE00
0FF000
ENDCHAR
STARTCHAR 04E0
ENCODING 1248
SWIDTH 600 0
DWIDTH 21 0
BBX 19 23 1 0
BITMAP
7FFFE0
7FFFE0
7FFFE0
7FFFE0
000FC0
001F80
003F00
007E00
00FC00
00FF00
00FF80
00FFC0
000FE0
0003E0
0003E0
1003E0
F803E0
FC03E0
7E07E0
7FFFC0
3FFF80
1FFF00
03FC00
ENDCHAR
STARTCHAR 04E1
ENCODING 1249
SWIDTH 600 0
DWIDTH 21 0
BBX 17 25 2 -7
BITMAP
7FFF00
7FFF00
7FFF00
003F00
007E00
00FC00
01F800
03E000
07C000
07F000
07FC00
07FE00
003F00
001F80
000F80
000F80
000F80
000F80
F00F80
F80F80
F81F00
7E3F00
7FFE00
1FFC00
07F000
ENDCHAR
STARTCHAR 04E2
ENCODING 1250
SWIDTH 600 0
DWIDTH 21 0
BBX 17 30 2 0
BITMAP
1FFC00
1FFC00
1FFC00
000000
000000
000000
000000
F81F80
F83F80
F83F80
F83F80
F87F80
F87F80
F8FF80
F8F780
F8FF80
F9EF80
F9EF80
F9EF80
FBCF80
FBCF80
FF8F80
F78F80
F78F80
FF0F80
FF0F80
FF0F80
FE0F80
FE0F80
FC0F80
ENDCHAR
STARTCHAR 04E3
ENCODING 1251
SWIDTH 600 0
DWIDTH 21 0
BBX 17 24 2 0
BITMAP
0FFC00
0FFC00
0FFC00
000000
000000
000000
F81F80
F81F80
F83F80
F83F80
F87F80
F87F80
F8FF80
F9EF80
F9EF80
FBCF80
FBCF80
FF8F80
FF8F80
FF0F80
FE0F80
FE0F80
FC0F80
FC0F80
ENDCHAR
STARTCHAR 04E4
ENCODING 1252
SWIDTH 600 0
DWIDTH 21 0
BBX 17 28 2 0
BITMAP
1E3C00
1E3C00
1E3C00
1E3C00
000000
F81F80
F83F80
F83F80
F83F80
F87F80
F87F80
F8FF80
F8F780
F8FF80
F9EF80
F9EF80
F9EF80
FBCF80
FBCF80
FF8F80
F78F80
F78F80
FF0F80
FF0F80
FF0F80
FE0F80
FE0F80
FC0F80
ENDCHAR
STARTCHAR 04E5
ENCODING 1253
SWIDTH 600 0
DWIDTH 21 0
BBX 17 25 2 0
BITMAP
1E3C00
1E3C00
1E3C00
1E3C00
000000
000000
000000
F81F80
F81F80
F83F80
F83F80
F87F80
F87F80
F8FF80
F9EF80
F9EF80
FBCF80
FBCF80
FF8F80
FF8F80
FF0F80
FE0F80
FE0F80
FC0F80
FC0F80
ENDCHAR
STARTCHAR 04E6
ENCODING 1254
SWIDTH 600 0
DWIDTH 21 0
BBX 19 28 1 0
BITMAP
0F1E00
0F1E00
0F1E00
0F1E00
000000
03F800
0FFE00
1FFF00
3FFF80
3F1F80
7E0FC0
7C07C0
7C07C0
FC07E0
F803E0
F803E0
F803E0
F803E0
F803E0
FC07E0
7C07C0
7C07C0
7E0FC0
3F1F80
3FFF80
1FFF00
0FFE00
03F800
ENDCHAR
STARTCHAR 04E7
ENCODING 1255
SWIDTH 600 0
DWIDTH 21 0
BBX 17 25 2 0
BITMAP
1E3C00
1E3C00
1E3C00
1E3C00
000000
000000
000000
07F000
1FFC00
3FFE00
7F3F00
FC1F80
F80F80
F80F80
F80F80
F80F80
F80F80
F80F80
F80F80
F80F80
FC1F80
7E3F00
3FFE00
1FFC00
07F000
ENDCHAR
STARTCHAR 04E8
ENCODING 1256
SWIDTH 600 0
DWIDTH 21 0
BBX 19 23 1 0
BITMAP
03F800
0FFE00
1FFF00
3FFF80
3F1F80
7E0FC0
7C07C0
7C07C0
FC07E0
FFFFE0
FFFFE0
FFFFE0
FFFFE0
F803E0
FC07E0
7C07C0
7C07C0
7E0FC0
3F1F80
3FFF80
1FFF00
0FFE00
03F800
ENDCHAR
STARTCHAR 04E9
ENCODING 1257
SWIDTH 600 0
DWIDTH 21 0
BBX 17 18 2 0
BITMAP
07F000
1FFC00
3FFE00
7E3F00
FC1F80
F80F80
F80F80
FFFF80
FFFF80
FFFF80
F80F80
F80F80
F80F80
FC1F80
7E3F00
3FFE00
1FFC00
07F000
ENDCHAR
STARTCHAR 04EA
ENCODING 1258
SWIDTH 600 0
DWIDTH 21 0
BBX 19 28 1 0
BITMAP
0F1E00
0F1E00
0F1E00
0F1E00
000000
03F800
0FFE00
1FFF00
3FFF80
3F1F80
7E0FC0
7C07C0
7C07C0
FC07E0
FFFFE0
FFFFE0
FFFFE0
FFFFE0
F803E0
FC07E0
7C07C0
7C07C0
7E0FC0
3F1F80
3FFF80
1FFF00
0FFE00
03F800
ENDCHAR
STARTCHAR 04EB
ENCODING 1259
SWIDTH 600 0
DWIDTH 21 0
BBX 17 25 2 0
BITMAP
1E3C00
1E3C00
1E3C00
1E3C00
000000
000000
000000
07F000
1FFC00
3FFE00
7E3F00
FC1F80
F80F80
F80F80
FFFF80
FFFF80
FFFF80
F80F80
F80F80
F80F80
FC1F80
7E3F00
3FFE00
1FFC00
07F000
ENDCHAR
STARTCHAR 04EC
ENCODING 1260
SWIDTH 600 0
DWIDTH 21 0
BBX 19 28 1 0
BITMAP
0F1E00
0F1E00
0F1E00
0F1E00
000000
03F800
0FFE00
1FFF00
3FFF80
7E1F80
7C0FC0
7C07C0
1807C0
0007C0
01FFE0
01FFE0
01FFE0
01FFE0
0007E0
0007C0
3807C0
F807C0
7C0FC0
7E1F80
3FFF80
3FFF00
0FFE00
03F000
ENDCHAR
STARTCHAR 04ED
ENCODING 1261
SWIDTH 600 0
DWIDTH 21 0
BBX 17 25 2 0
BITMAP
1C3C00
1C3C00
1C3C00
1C3C00
000000
000000
000000
07E000
1FF800
7FFE00
7E7E00
F81F00
F81F00
000F80
03FF80
03FF80
03FF80
000F80
000F80
F81F00
F81F00
7E7E00
7FFE00
1FF800
07E000
ENDCHAR
STARTCHAR 04EE
ENCODING 1262
SWIDTH 600 0
DWIDTH 21 0
BBX 21 29 0 0
BITMAP
07FF00
07FF00
07FF00
000000
000000
000000
FC01F8
7C01F0
3E01F0
3E03E0
1F03E0
1F07C0
0F87C0
078780
07CF80
03EF00
03FF00
01FE00
01FE00
00FE00
007C00
007C00
00F800
01F800
3FF000
3FF000
3FE000
7FC000
3F0000
ENDCHAR
STARTCHAR 04EF
ENCODING 1263
SWIDTH 600 0
DWIDTH 21 0
BBX 19 31 1 -7
BITMAP
0FFE00
0FFE00
0FFE00
000000
000000
000000
F803E0
F803E0
7C07C0
7C07C0
3E0780
3E0F80
1E0F80
1F0F00
1F1F00
0F1E00
0F9E00
07BE00
07BC00
07FC00
03F800
03F800
01F800
01F000
01F000
01E000
03E000
07E000
7FC000
7F8000
7F0000
ENDCHAR
STARTCHAR 04F0
ENCODING 1264
SWIDTH 600 0
DWIDTH 21 0
BBX 21 28 0 0
BITMAP
078F00
078F00
078F00
078F00
000000
FC01F8
7C01F0
3E01F0
3E03E0
1F03E0
1F07C0
0F87C0
078780
07CF80
03EF00
03FF00
01FE00
01FE00
00FE00
007C00
007C00
00F800
01F800
3FF000
3FF000
3FE000
7FC000
3F0000
ENDCHAR
STARTCHAR 04F1
ENCODING 1265
SWIDTH 600 0
DWIDTH 21 0
BBX 19 32 1 -7
BITMAP
0F1E00
0F1E00
0F1E00
0F1E00
000000
000000
000000
F803E0
F803E0
7C07C0
7C07C0
3E0780
3E0F80
1E0F80
1F0F00
1F1F00
0F1E00
0F9E00
07BE00
07BC00
07FC00
03F800
03F800
01F800
01F000
01F000
01E000
03E000
07E000
7FC000
7F8000
7F0000
ENDCHAR
STARTCHAR 04F2
ENCODING 1266
SWIDTH 600 0
DWIDTH 21 0
BBX 21 29 0 0
BITMAP
00F9E0
01F3E0
03C780
078F00
070E00
000000
FC01F8
7C01F0
3E01F0
3E03E0
1F03E0
1F07C0
0F87C0
078780
07CF80
03EF00
03FF00
01FE00
01FE00
00FE00
007C00
007C00
00F800
01F800
3FF000
3FF000
3FE000
7FC000
3F0000
ENDCHAR
STARTCHAR 04F3
ENCODING 1267
SWIDTH 600 0
DWIDTH 21 0
BBX 19 32 1 -7
BITMAP
01E3C0
03C780
078F00
0F1C00
1C3800
000000
000000
F803E0
F803E0
7C07C0
7C07C0
3E0780
3E0F80
1E0F80
1F0F00
1F1F00
0F1E00
0F9E00
07BE00
07BC00
07FC00
03F800
03F800
01F800
01F000
01F000
01E000
03E000
07E000
7FC000
7F8000
7F0000
ENDCHAR
STARTCHAR 04F4
ENCODING 1268
SWIDTH 600 0
DWIDTH 21 0
BBX 18 28 1 0
BITMAP
1E1C00
1E1C00
1E1C00
1E1C00
000000
F807C0
F807C0
F807C0
F807C0
F807C0
F807C0
F807C0
F807C0
F807C0
F807C0
FC07C0
7C0FC0
7FFFC0
3FFFC0
3FFFC0
0F87C0
0007C0
0007C0
0007C0
0007C0
0007C0
0007C0
0007C0
ENDCHAR
STARTCHAR 04F5
ENCODING 1269
SWIDTH 600 0
DWIDTH 21 0
BBX 17 25 2 0
BITMAP
1E3C00
1E3C00
1E3C00
1E3C00
000000
000000
000000
F80F80
F80F80
F80F80
F80F80
F80F80
F80F80
F80F80
F80F80
F80F80
FFFF80
FFFF80
7FFF80
3F8F80
000F80
000F80
000F80
000F80
000F80
ENDCHAR
STARTCHAR 04F6
ENCODING 1270
SWIDTH 600 0
DWIDTH 21 0
BBX 17 30 3 -7
BITMAP
FFFF80
FFFF80
FFFF80
FFFF80
F80000
F80000
F80000
F80000
F80000
F80000
F80000
F80000
F80000
F80000
F80000
F80000
F80000
F80000
F80000
FF0000
FF0000
FF0000
FF0000
1F0000
1F0000
1F0000
1F0000
1F0000
1F0000
1F0000
ENDCHAR
STARTCHAR 04F7
ENCODING 1271
SWIDTH 600 0
DWIDTH 21 0
BBX 14 25 4 -7
BITMAP
FFFC
FFFC
FFFC
F800
F800
F800
F800
F800
F800
F800
F800
F800
F800
F800
F800
FE00
FE00
FE00
1E00
1E00
1E00
1E00
1E00
1E00
1E00
ENDCHAR
STARTCHAR 04F8
ENCODING 1272
SWIDTH 600 0
DWIDTH 21 0
BBX 19 28 1 0
BITMAP
0F1E00
0F1E00
0F1E00
0F1E00
000000
F803E0
F803E0
F803E0
F803E0
F803E0
F803E0
F803E0
F803E0
F803E0
FF83E0
FFE3E0
FFF3E0
FBF3E0
F8FBE0
F87BE0
F87BE0
F87BE0
F87BE0
F8F3E0
FFF3E0
FFE3E0
FFC3E0
FF03E0
ENDCHAR
STARTCHAR 04F9
ENCODING 1273
SWIDTH 600 0
DWIDTH 21 0
BBX 17 25 2 0
BITMAP
1E3C00
1E3C00
1E3C00
1E3C00
000000
000000
000000
F00780
F00780
F00780
F00780
F00780
F00780
F00780
FF0780
FFC780
FFE780
F1E780
F1F780
F1F780
F1F780
F1E780
FFE780
FFC780
FF0780
ENDCHAR
STARTCHAR 04FA
ENCODING 1274
SWIDTH 600 0
DWIDTH 21 0
BBX 19 30 1 -7
BITMAP
3FFFE0
3FFFE0
3FFFE0
3FFFE0
3E0000
3E0000
3E0000
3E0000
3E0000
3E0000
FFF000
FFF000
FFF000
3E0000
3E0000
3E0000
3E0000
3E0000
3E0000
3E0000
3E0000
3F8000
3F8000
0F8000
0F8000
0F8000
FF8000
FF0000
FF0000
FC0000
ENDCHAR
STARTCHAR 04FB
ENCODING 1275
SWIDTH 600 0
DWIDTH 21 0
BBX 16 25 2 -7
BITMAP
3FFF
3FFF
3FFF
3E00
3E00
3E00
3E00
3E00
FFC0
FFC0
FFC0
3E00
3E00
3E00
3E00
3E00
3F00
3F00
0F00
0F00
0F00
1F00
FF00
FE00
FC00
ENDCHAR
STARTCHAR 04FC
ENCODING 1276
SWIDTH 600 0
DWIDTH 21 0
BBX 21 30 0 -7
BITMAP
7C01F0
3E03E0
3F07E0
1F07C0
0F8F80
0F8F80
07DF00
03FE00
03FE00
01FC00
00F800
01F800
01FC00
03FE00
07FE00
07DF00
0F8F80
0F8F80
1F07C0
3F03E0
3E03E0
7C01F0
FC00F8
0000F8
0000F8
0000F8
000FF8
000FF8
000FF0
000FC0
ENDCHAR
STARTCHAR 04FD
ENCODING 1277
SWIDTH 600 0
DWIDTH 21 0
BBX 19 25 1 -7
BITMAP
7C07C0
7C0FC0
3E0F80
1F1F00
0F3E00
0FBE00
07FC00
03F800
01F000
03F800
07FC00
07FC00
0FBE00
1F1F00
3E0F80
3E0F80
7C07C0
F803C0
0003E0
0003E0
0003E0
001FE0
001FE0
001FC0
001F00
ENDCHAR
STARTCHAR 04FE
ENCODING 1278
SWIDTH 600 0
DWIDTH 21 0
BBX 21 23 0 0
BITMAP
7C01F0
3E03E0
3F07E0
1F07C0
0F8F80
0F8F80
07DF00
03FE00
03FE00
3FFFE0
3FFFE0
3FFFE0
01FC00
03FE00
03FE00
07DF00
0F8F80
0F8F80
1F07C0
3F03E0
3E03E0
7C01F0
FC01F8
ENDCHAR
STARTCHAR 04FF
ENCODING 1279
SWIDTH 600 0
DWIDTH 21 0
BBX 19 18 1 0
BITMAP
7C07C0
7C0FC0
3E0F80
1F1F00
0F3E00
0FBE00
07FC00
7FFFC0
7FFFC0
7FFFC0
07F800
07FC00
0FBE00
1F1F00
3E1F00
3E0F80
7C07C0
F803E0
ENDCHAR
STARTCHAR 0500
ENCODING 1280
SWIDTH 600 0
DWIDTH 21 0
BBX 18 23 1 0
BITMAP
0007C0
0007C0
0007C0
0007C0
0007C0
0007C0
0007C0
0007C0
0007C0
07FFC0
1FFFC0
7FFFC0
7FFFC0
FC07C0
F807C0
F807C0
F807C0
F807C0
FE07C0
7FFFC0
3FFFC0
1FFFC0
07FFC0
ENDCHAR
STARTCHAR 0501
ENCODING 1281
SWIDTH 600 0
DWIDTH 21 0
BBX 17 25 2 0
BITMAP
000F00
000F00
000F00
000F00
000F00
000F00
000F00
0F8F00
3FCF00
7FEF00
7E7F00
FC1F00
F81F00
F81F00
F80F00
F80F00
F80F00
F80F00
F81F00
F81F00
FC3F00
7E7F00
7FEF00
3FCF80
0F8F80
ENDCHAR
STARTCHAR 0502
ENCODING 1282
SWIDTH 600 0
DWIDTH 21 0
BBX 20 23 0 0
BITMAP
007800
007800
007800
007800
007800
007800
007800
007800
007800
0FF8F0
3FF8F0
7FF8F0
7C78F0
7878F0
F878F0
F078F0
F078F0
F078F0
F8FCF0
79FFF0
7FBFE0
3FBFE0
1E0F80
ENDCHAR
STARTCHAR 0503
ENCODING 1283
SWIDTH 600 0
DWIDTH 21 0
BBX 21 25 0 0
BITMAP
003C00
003C00
003C00
003C00
003C00
003C00
003C00
1F3C00
3FBC00
3FFC00
7CFC00
787C00
783C00
F83C00
F03C78
F03C78
F03C78
F03C78
F83C78
787C78
787C78
7CDFF0
3FDFF0
3F8FE0
1F07C0
ENDCHAR
STARTCHAR 0504
ENCODING 1284
SWIDTH 600 0
DWIDTH 21 0
BBX 21 23 0 0
BITMAP
0FC000
1FF000
3FF800
7FF800
787800
F07800
307800
007800
00F800
03F078
03C078
03F078
03F878
007878
007C78
003C78
003C78
003C78
003CF8
003FF0
001FF0
001FE0
0007C0
ENDCHAR
STARTCHAR 0505
ENCODING 1285
SWIDTH 600 0
DWIDTH 21 0
BBX 21 18 0 0
BITMAP
0FC000
3FF000
7FF800
F8F800
F07800
007800
00F800
07F078
07C078
07F078
00F878
007C78
007C78
007CF0
003FF0
003FF0
001FE0
000FC0
ENDCHAR
STARTCHAR 0506
ENCODING 1286
SWIDTH 600 0
DWIDTH 21 0
BBX 21 30 0 -7
BITMAP
03FC00
0FFF00
1FFF80
3FFFC0
7E0FC0
7C07C0
F803C0
3807C0
0007C0
000F80
01FF00
01FC00
01FF00
01FFC0
000FC0
0003E0
0003E0
0003E0
0003E0
0003F8
0003F8
0003F8
0003F8
000078
000078
000078
000078
000078
000078
000078
ENDCHAR
STARTCHAR 0507
ENCODING 1287
SWIDTH 600 0
DWIDTH 21 0
BBX 17 25 2 -7
BITMAP
0FE000
3FF800
7FFC00
F87C00
F03C00
003C00
007C00
07F800
07C000
07F800
00FC00
003E00
003E00
003E00
003E00
003F80
003F80
003F80
000780
000780
000780
000780
000780
000780
000780
ENDCHAR
STARTCHAR 0508
ENCODING 1288
SWIDTH 600 0
DWIDTH 21 0
BBX 21 23 0 0
BITMAP
07FC00
07FC00
07FC00
07FC00
0F3C00
0F3C00
0F3C00
0F3C00
0F3C00
0F3C78
0F3C78
0F3C78
1E3C78
1E3C78
1E3C78
1E3C78
1E3C78
3E3C78
7E3CF8
FC3FF0
FC1FF0
F81FE0
F007C0
ENDCHAR
STARTCHAR 0509
ENCODING 1289
SWIDTH 600 0
DWIDTH 21 0
BBX 21 18 0 0
BITMAP
07FC00
07FC00
07FC00
073C00
0F3C00
0F3C00
0F3C78
0F3C78
0F3C78
0F3C78
0E3C78
1E3C78
1E3C78
1E3CF0
3E3FF0
FC1FF0
FC1FE0
F807C0
ENDCHAR
STARTCHAR 050A
ENCODING 1290
SWIDTH 600 0
DWIDTH 21 0
BBX 19 23 1 0
BITMAP
F1E000
F1E000
F1E000
F1E000
F1E000
F1E000
F1E000
F1E000
F1E000
FFE1E0
FFE1E0
FFE1E0
FFE1E0
F1E1E0
F1E1E0
F1E1E0
F1E1E0
F0F3E0
F0F3C0
F0FFC0
F0FFC0
F07F80
F03F00
ENDCHAR
STARTCHAR 050B
ENCODING 1291
SWIDTH 600 0
DWIDTH 21 0
BBX 19 18 1 0
BITMAP
F0E000
F0E000
F0E000
F0E000
F0E000
F0E000
F0E000
FFE1E0
FFE1E0
FFE1E0
F0E1E0
F0E1E0
F0F1E0
F0F3C0
F0FFC0
F0FFC0
F07F80
F03F00
ENDCHAR
STARTCHAR 050C
ENCODING 1292
SWIDTH 600 0
DWIDTH 21 0
BBX 18 23 1 0
BITMAP
03F800
0FFE00
1FFF00
3FFF80
3F0F80
7E0FC0
7C0700
7C0000
7C0000
FC0000
FC7FC0
F87FC0
FC7FC0
FC7FC0
7C03C0
7C03C0
7C03C0
7E03C0
3F0FC0
3FFFC0
1FFF80
07FE00
03F800
ENDCHAR
STARTCHAR 050D
ENCODING 1293
SWIDTH 600 0
DWIDTH 21 0
BBX 17 18 2 0
BITMAP
07F000
1FFC00
3FFE00
7FFF00
FC1F00
F80F80
F80000
F80000
F80000
F87F80
F87F80
F87F80
F87F80
FC0F80
7FFF80
3FFF80
1FFF00
07F800
ENDCHAR
STARTCHAR 050E
ENCODING 1294
SWIDTH 600 0
DWIDTH 21 0
BBX 20 23 0 0
BITMAP
FFFF00
FFFF00
FFFF00
FFFF00
03E000
03E000
03E000
03E000
03E000
03E1F0
03E1F0
03E1F0
03E1F0
03E1F0
03E1F0
03E1F0
03E1F0
03E1F0
03E1F0
03FFE0
01FFE0
00FFC0
003F00
ENDCHAR
STARTCHAR 050F
ENCODING 1295
SWIDTH 600 0
DWIDTH 21 0
BBX 20 18 0 0
BITMAP
FFF800
FFF800
FFF800
0F8000
0F8000
0F8000
0F81F0
0F81F0
0F81F0
0F81F0
0F81F0
0F81F0
0781F0
07C3E0
07FFE0
03FFC0
01FF80
007F00
ENDCHAR
STARTCHAR 0510
ENCODING 1296
SWIDTH 600 0
DWIDTH 21 0
BBX 19 23 1 0
BITMAP
03F800
1FFE00
3FFF00
7FFF80
7C0FC0
7C07C0
7C0300
7C0000
7E0000
3FE000
0FE000
0FE000
3FE000
7C0000
780000
F80300
F803E0
FC07E0
7E0FC0
7FFFC0
3FFF80
1FFF00
07F800
ENDCHAR
STARTCHAR 0511
ENCODING 1297
SWIDTH 600 0
DWIDTH 21 0
BBX 17 18 2 0
BITMAP
07F800
1FFE00
3FFF80
7E0F00
780200
7C0000
7E0000
1FF000
07F000
1FF000
7F0000
FC0000
F80200
F80700
7E1F80
7FFF00
3FFE00
07F000
ENDCHAR
STARTCHAR 0512
ENCODING 1298
SWIDTH 600 0
DWIDTH 21 0
BBX 19 30 0 -7
BITMAP
03FFE0
03FFE0
03FFE0
07FFE0
07C3E0
07C3E0
07C3E0
07C3E0
07C3E0
07C3E0
0F83E0
0F83E0
0F83E0
0F83E0
0F83E0
1F83E0
1F03E0
1F03E0
7F03E0
FE03E0
FE03E0
FC03E0
F803E0
0003E0
0003E0
0007E0
003FC0
003FC0
003FC0
003F00
ENDCHAR
STARTCHAR 0513
ENCODING 1299
SWIDTH 600 0
DWIDTH 21 0
BBX 19 25 0 -7
BITMAP
03FFE0
07FFE0
07FFE0
07C3E0
0783E0
0783E0
0783E0
0F83E0
0F83E0
0F83E0
0F03E0
0F03E0
1F03E0
1F03E0
3F03E0
FE03E0
FE03E0
F803E0
0003E0
0003E0
0007C0
003FC0
003FC0
003F80
003F00
ENDCHAR
STARTCHAR 051A
ENCODING 1306
SWIDTH 600 0
DWIDTH 21 0
BBX 19 30 1 -7
BITMAP
03F800
0FFE00
1FFF00
3FFF80
3F1F80
7E0FC0
7C07C0
7C07C0
FC07E0
F807E0
F803E0
F803E0
F803E0
F803E0
FC07E0
7C07C0
7C07C0
7E0FC0
3E0F80
3FFF80
1FFF00
0FFE00
03F800
01F800
00F800
00FC00
007FE0
007FE0
003FE0
000FE0
ENDCHAR
STARTCHAR 051B
ENCODING 1307
SWIDTH 600 0
DWIDTH 21 0
BBX 17 25 2 -7
BITMAP
0F8F80
3FCF80
7FEF80
7E7F00
FC3F00
F81F00
F81F00
F80F00
F80F00
F80F00
F80F00
F81F00
F81F00
FC1F00
7E7F00
7FEF00
3FCF00
0F8F00
000F00
000F00
000F00
000F00
000F00
000F00
000F00
ENDCHAR
STARTCHAR 051C
ENCODING 1308
SWIDTH 600 0
DWIDTH 21 0
BBX 21 23 0 0
BITMAP
F000F8
F800F8
F800F8
7800F0
7800F0
7800F0
7870F0
78F8F0
7CF8F0
7CF9F0
3CF9E0
3DFDE0
3DDDE0
3DDDE0
3DDDE0
3FDFE0
1F8FC0
1F8FC0
1F8FC0
1F8FC0
1F07C0
1F07C0
0F0780
ENDCHAR
STARTCHAR 051D
ENCODING 1309
SWIDTH 600 0
DWIDTH 21 0
BBX 21 18 0 0
BITMAP
F00078
F00078
700070
7800F0
7870F0
78F8F0
78F8F0
78F8E0
39DCE0
39DDE0
3DDDE0
3FDDE0
3F8FE0
1F8FC0
1F8FC0
1F07C0
1F07C0
1F07C0
ENDCHAR
STARTCHAR 0591
ENCODING 1425
SWIDTH 0 0
DWIDTH 0 0
BBX 7 6 7 -7
BITMAP
10
10
7C
7C
C6
C6
ENDCHAR
STARTCHAR 0592
ENCODING 1426
SWIDTH 0 0
DWIDTH 0 0
BBX 7 6 7 23
BITMAP
EC
EE
44
10
38
30
ENDCHAR
STARTCHAR 0593
ENCODING 1427
SWIDTH 0 0
DWIDTH 0 0
BBX 5 7 8 23
BITMAP
30
E0
38
70
E0
38
60
ENDCHAR
STARTCHAR 0594
ENCODING 1428
SWIDTH 0 0
DWIDTH 0 0
BBX 3 6 9 23
BITMAP
E0
E0
40
40
E0
C0
ENDCHAR
STARTCHAR 0595
ENCODING 1429
SWIDTH 0 0
DWIDTH 0 0
BBX 7 6 7 23
BITMAP
CC
CE
CC
C4
CE
CC
ENDCHAR
STARTCHAR 0596
ENCODING 1430
SWIDTH 0 0
DWIDTH 0 0
BBX 5 5 8 -6
BITMAP
C0
C0
E0
78
18
ENDCHAR
STARTCHAR 0597
ENCODING 1431
SWIDTH 0 0
DWIDTH 0 0
BBX 5 6 8 23
BITMAP
20
70
F8
F8
70
20
ENDCHAR
STARTCHAR 0598
ENCODING 1432
SWIDTH 0 0
DWIDTH 0 0
BBX 11 5 5 23
BITMAP
7840
4C40
C460
4640
43C0
ENDCHAR
STARTCHAR 0599
ENCODING 1433
SWIDTH 0 0
DWIDTH 0 0
BBX 5 5 8 23
BITMAP
E0
F0
38
18
18
ENDCHAR
STARTCHAR 059A
ENCODING 1434
SWIDTH 0 0
DWIDTH 0 0
BBX 5 6 8 -6
BITMAP
38
70
E0
E0
70
38
ENDCHAR
STARTCHAR 059B
ENCODING 1435
SWIDTH 0 0
DWIDTH 0 0
BBX 7 6 7 -6
BITMAP
60
E6
4C
0C
78
70
ENDCHAR
STARTCHAR 059C
ENCODING 1436
SWIDTH 0 0
DWIDTH 0 0
BBX 5 5 8 23
BITMAP
18
78
E0
C0
C0
ENDCHAR
STARTCHAR 059D
ENCODING 1437
SWIDTH 0 0
DWIDTH 0 0
BBX 5 5 8 23
BITMAP
18
78
E0
C0
C0
ENDCHAR
STARTCHAR 059E
ENCODING 1438
SWIDTH 0 0
DWIDTH 0 0
BBX 11 5 5 23
BITMAP
1CE0
7DE0
E380
C300
C600
ENDCHAR
STARTCHAR 059F
ENCODING 1439
SWIDTH 0 0
DWIDTH 0 0
BBX 17 8 2 23
BITMAP
780F00
FC1F80
CE3980
C63180
CE3980
FE3F80
7F7F00
022000
ENDCHAR
STARTCHAR 05A0
ENCODING 1440
SWIDTH 0 0
DWIDTH 0 0
BBX 9 8 6 23
BITMAP
1E00
3F00
7380
6180
7380
3F00
FE00
4000
ENDCHAR
STARTCHAR 05A1
ENCODING 1441
SWIDTH 0 0
DWIDTH 0 0
BBX 5 6 8 23
BITMAP
88
88
F8
F0
80
80
ENDCHAR
STARTCHAR 05A2
ENCODING 1442
SWIDTH 0 0
DWIDTH 0 0
BBX 7 6 7 -7
BITMAP
C6
C6
7C
7C
10
10
ENDCHAR
STARTCHAR 05A3
ENCODING 1443
SWIDTH 0 0
DWIDTH 0 0
BBX 5 5 8 -6
BITMAP
18
18
18
F8
F8
ENDCHAR
STARTCHAR 05A4
ENCODING 1444
SWIDTH 0 0
DWIDTH 0 0
BBX 5 6 8 -6
BITMAP
38
70
E0
E0
70
38
ENDCHAR
STARTCHAR 05A5
ENCODING 1445
SWIDTH 0 0
DWIDTH 0 0
BBX 5 5 8 -6
BITMAP
18
18
38
F0
C0
ENDCHAR
STARTCHAR 05A6
ENCODING 1446
SWIDTH 0 0
DWIDTH 0 0
BBX 11 5 5 -6
BITMAP
0860
1860
38E0
F7C0
E700
ENDCHAR
STARTCHAR 05A7
ENCODING 1447
SWIDTH 0 0
DWIDTH 0 0
BBX 5 6 8 -6
BITMAP
38
E0
60
30
38
E0
ENDCHAR
STARTCHAR 05A8
ENCODING 1448
SWIDTH 0 0
DWIDTH 0 0
BBX 5 5 8 23
BITMAP
E0
F0
38
18
18
ENDCHAR
STARTCHAR 05A9
ENCODING 1449
SWIDTH 0 0
DWIDTH 0 0
BBX 9 8 6 23
BITMAP
3C00
7E00
E600
C300
E700
7E00
3F80
0100
ENDCHAR
STARTCHAR 05AA
ENCODING 1450
SWIDTH 0 0
DWIDTH 0 0
BBX 7 6 7 -7
BITMAP
C6
C6
7C
7C
10
10
ENDCHAR
STARTCHAR 05AB
ENCODING 1451
SWIDTH 0 0
DWIDTH 0 0
BBX 5 6 8 23
BITMAP
38
70
E0
E0
70
38
ENDCHAR
STARTCHAR 05AC
ENCODING 1452
SWIDTH 0 0
DWIDTH 0 0
BBX 5 5 8 23
BITMAP
18
18
18
F8
F8
ENDCHAR
STARTCHAR 05AD
ENCODING 1453
SWIDTH 0 0
DWIDTH 0 0
BBX 5 5 8 -6
BITMAP
C0
C0
E0
78
18
ENDCHAR
STARTCHAR 05AE
ENCODING 1454
SWIDTH 0 0
DWIDTH 0 0
BBX 11 5 5 23
BITMAP
7840
4C40
C460
4640
43C0
ENDCHAR
STARTCHAR 05AF
ENCODING 1455
SWIDTH 0 0
DWIDTH 0 0
BBX 7 7 7 24
BITMAP
38
FC
C6
C6
C6
FE
38
ENDCHAR
STARTCHAR 05B0
ENCODING 1456
SWIDTH 0 0
DWIDTH 0 0
BBX 3 6 9 -6
BITMAP
E0
E0
40
40
E0
E0
ENDCHAR
STARTCHAR 05B1
ENCODING 1457
SWIDTH 0 0
DWIDTH 0 0
BBX 11 6 5 -6
BITMAP
66C0
EEE0
4440
1040
38E0
18C0
ENDCHAR
STARTCHAR 05B2
ENCODING 1458
SWIDTH 0 0
DWIDTH 0 0
BBX 9 6 6 -6
BITMAP
0180
FB80
F900
0100
0380
0180
ENDCHAR
STARTCHAR 05B3
ENCODING 1459
SWIDTH 0 0
DWIDTH 0 0
BBX 9 6 6 -6
BITMAP
0180
FB80
F900
3100
3380
0180
ENDCHAR
STARTCHAR 05B4
ENCODING 1460
SWIDTH 0 0
DWIDTH 0 0
BBX 3 3 9 -6
BITMAP
E0
E0
40
ENDCHAR
STARTCHAR 05B5
ENCODING 1461
SWIDTH 0 0
DWIDTH 0 0
BBX 7 3 7 -6
BITMAP
EC
EE
44
ENDCHAR
STARTCHAR 05B6
ENCODING 1462
SWIDTH 0 0
DWIDTH 0 0
BBX 7 6 7 -6
BITMAP
EE
EE
44
10
38
38
ENDCHAR
STARTCHAR 05B7
ENCODING 1463
SWIDTH 0 0
DWIDTH 0 0
BBX 5 2 8 -4
BITMAP
F8
F8
ENDCHAR
STARTCHAR 05B8
ENCODING 1464
SWIDTH 0 0
DWIDTH 0 0
BBX 5 4 8 -6
BITMAP
F8
F8
20
20
ENDCHAR
STARTCHAR 05B9
ENCODING 1465
SWIDTH 0 0
DWIDTH 0 0
BBX 3 3 9 22
BITMAP
40
E0
E0
ENDCHAR
STARTCHAR 05BA
ENCODING 1466
SWIDTH 0 0
DWIDTH 0 0
BBX 3 3 9 25
BITMAP
40
E0
E0
ENDCHAR
STARTCHAR 05BB
ENCODING 1467
SWIDTH 0 0
DWIDTH 0 0
BBX 9 6 6 -6
BITMAP
6000
E000
5800
1F00
0B80
0300
ENDCHAR
STARTCHAR 05BC
ENCODING 1468
SWIDTH 0 0
DWIDTH 0 0
BBX 3 3 9 11
BITMAP
40
E0
E0
ENDCHAR
STARTCHAR 05BD
ENCODING 1469
SWIDTH 0 0
DWIDTH 0 0
BBX 1 4 10 -6
BITMAP
80
80
80
80
ENDCHAR
STARTCHAR 05BE
ENCODING 1470
SWIDTH 600 0
DWIDTH 21 0
BBX 9 4 6 20
BITMAP
FF80
FF80
FF80
FF80
ENDCHAR
STARTCHAR 05BF
ENCODING 1471
SWIDTH 0 0
DWIDTH 0 0
BBX 5 2 8 23
BITMAP
F8
F8
ENDCHAR
STARTCHAR 05C0
ENCODING 1472
SWIDTH 600 0
DWIDTH 21 0
BBX 3 41 9 -7
BITMAP
E0
E0
E0
E0
E0
E0
E0
E0
E0
E0
E0
E0
E0
E0
E0
E0
E0
E0
E0
E0
E0
E0
E0
E0
E0
E0
E0
E0
E0
E0
E0
E0
E0
E0
E0
E0
E0
E0
E0
E0
E0
ENDCHAR
STARTCHAR 05C1
ENCODING 1473
SWIDTH 0 0
DWIDTH 0 0
BBX 3 3 9 23
BITMAP
40
E0
E0
ENDCHAR
STARTCHAR 05C2
ENCODING 1474
SWIDTH 0 0
DWIDTH 0 0
BBX 3 3 9 25
BITMAP
40
E0
E0
ENDCHAR
STARTCHAR 05C3
ENCODING 1475
SWIDTH 600 0
DWIDTH 21 0
BBX 5 19 8 0
BITMAP
F8
F8
F8
F8
F8
00
00
00
00
00
00
00
00
00
F8
F8
F8
F8
F8
ENDCHAR
STARTCHAR 05C4
ENCODING 1476
SWIDTH 0 0
DWIDTH 0 0
BBX 3 3 9 27
BITMAP
40
E0
E0
ENDCHAR
STARTCHAR 05C5
ENCODING 1477
SWIDTH 0 0
DWIDTH 0 0
BBX 3 3 9 -7
BITMAP
E0
E0
40
ENDCHAR
STARTCHAR 05C6
ENCODING 1478
SWIDTH 600 0
DWIDTH 21 0
BBX 12 21 5 0
BITMAP
1FE0
3FE0
7FE0
7FE0
FC00
F800
F800
F800
F800
F800
F800
F800
F800
F800
F800
F800
F800
FFF0
FFF0
FFF0
FFF0
ENDCHAR
STARTCHAR 05C7
ENCODING 1479
SWIDTH 0 0
DWIDTH 0 0
BBX 7 5 7 -7
BITMAP
FE
FE
10
38
38
ENDCHAR
STARTCHAR 05D0
ENCODING 1488
SWIDTH 600 0
DWIDTH 21 0
BBX 19 21 1 0
BITMAP
7C03E0
7E03E0
3E03E0
1F03C0
1F83C0
0F83C0
07C7C0
1FE7C0
3FE780
3DFF80
7DFF00
7CFE00
787C00
787E00
783E00
F81F00
F81F80
F80F80
F007C0
F007E0
F003E0
ENDCHAR
STARTCHAR 05D1
ENCODING 1489
SWIDTH 600 0
DWIDTH 21 0
BBX 19 21 1 0
BITMAP
7FE000
7FF800
7FFE00
7FFE00
007F00
001F00
001F00
000F00
000F00
000F00
000F00
000F00
000F00
000F00
000F00
000F00
000F00
FFFFE0
FFFFE0
FFFFE0
FFFFE0
ENDCHAR
STARTCHAR 05D2
ENCODING 1490
SWIDTH 600 0
DWIDTH 21 0
BBX 15 21 3 0
BITMAP
3F00
3F80
3FC0
3FE0
03E0
03E0
01E0
01F0
01F0
00F0
03F0
0FF8
1FF8
3FF8
3E78
7C7C
7C7C
7C3C
783C
F83E
F83E
ENDCHAR
STARTCHAR 05D3
ENCODING 1491
SWIDTH 600 0
DWIDTH 21 0
BBX 18 21 1 0
BITMAP
FFFFC0
FFFFC0
FFFFC0
FFFFC0
001F00
001F00
001F00
001F00
001F00
001F00
001F00
001F00
001F00
001F00
001F00
001F00
001F00
001F00
001F00
001F00
001F00
ENDCHAR
STARTCHAR 05D4
ENCODING 1492
SWIDTH 600 0
DWIDTH 21 0
BBX 19 21 1 0
BITMAP
FFFC00
FFFF00
FFFF80
FFFFC0
000FC0
0007C0
0003C0
0003E0
7803E0
7803E0
7803E0
7803E0
7803E0
7803E0
7803E0
7803E0
7803E0
7803E0
7803E0
7803E0
7803E0
ENDCHAR
STARTCHAR 05D5
ENCODING 1493
SWIDTH 600 0
DWIDTH 21 0
BBX 5 21 8 0
BITMAP
F8
F8
F8
F8
F8
F8
F8
F8
F8
F8
F8
F8
F8
F8
F8
F8
F8
F8
F8
F8
F8
ENDCHAR
STARTCHAR 05D6
ENCODING 1494
SWIDTH 600 0
DWIDTH 21 0
BBX 11 21 5 0
BITMAP
8000
F800
FF00
FFE0
FFE0
1FE0
07E0
0FA0
1F00
1E00
1E00
1E00
1E00
1E00
1E00
1E00
1E00
1E00
1E00
1E00
1E00
ENDCHAR
STARTCHAR 05D7
ENCODING 1495
SWIDTH 600 0
DWIDTH 21 0
BBX 17 21 2 0
BITMAP
FFF000
FFFC00
FFFE00
FFFF00
F03F80
F00F80
F00F80
F00F80
F00780
F00780
F00780
F00780
F00780
F00780
F00780
F00780
F00780
F00780
F00780
F00780
F00780
ENDCHAR
STARTCHAR 05D8
ENCODING 1496
SWIDTH 600 0
DWIDTH 21 0
BBX 18 21 2 0
BITMAP
F0FC00
F1FE00
F1FF00
F1FF80
F11F80
F00F80
F00780
F007C0
F007C0
F007C0
F007C0
F007C0
F007C0
F00780
F80F80
F80F80
FC3F80
7FFF00
7FFE00
3FFC00
0FF000
ENDCHAR
STARTCHAR 05D9
ENCODING 1497
SWIDTH 600 0
DWIDTH 21 0
BBX 5 11 8 10
BITMAP
F8
F8
F8
F8
F8
F8
F8
F8
F8
F8
F8
ENDCHAR
STARTCHAR 05DA
ENCODING 1498
SWIDTH 600 0
DWIDTH 21 0
BBX 17 28 1 -7
BITMAP
FFF000
FFFC00
FFFE00
FFFF00
003F00
000F80
000F80
000F80
000F80
000F80
000F80
000F80
000F80
000F80
000F80
000F80
000F80
000F80
000F80
000F80
000F80
000F80
000F80
000F80
000F80
000F80
000F80
000F80
ENDCHAR
STARTCHAR 05DB
ENCODING 1499
SWIDTH 600 0
DWIDTH 21 0
BBX 17 21 2 0
BITMAP
FFC000
FFF800
FFFC00
FFFE00
00FE00
003F00
001F00
001F00
000F00
000F80
000F80
000F80
000F00
001F00
001F00
003F00
00FE00
FFFE00
FFFC00
FFF800
FFC000
ENDCHAR
STARTCHAR 05DC
ENCODING 1500
SWIDTH 600 0
DWIDTH 21 0
BBX 17 29 2 -1
BITMAP
F80000
F80000
F80000
F80000
F80000
F80000
F80000
FFF800
FFFE00
FFFF00
FFFF00
001F80
000F80
000F80
000F80
000F80
000F80
000F80
001F00
003F00
007E00
00FC00
03F800
0FF800
3FE000
3FC000
3F0000
3C0000
300000
ENDCHAR
STARTCHAR 05DD
ENCODING 1501
SWIDTH 600 0
DWIDTH 21 0
BBX 17 21 2 0
BITMAP
FFF000
FFFC00
FFFE00
FFFF00
F03F80
F00F80
F00F80
F00F80
F00780
F00780
F00780
F00780
F00780
F00780
F00780
F00780
F00780
FFFF80
FFFF80
FFFF80
FFFF80
ENDCHAR
STARTCHAR 05DE
ENCODING 1502
SWIDTH 600 0
DWIDTH 21 0
BBX 19 21 0 0
BITMAP
F87E00
7CFF80
7DFFC0
3FFFC0
1FE7E0
1FC3E0
0F83E0
0F81E0
0F01E0
1F01E0
1F01E0
1F01E0
3E01E0
3E01E0
3E01E0
3E01E0
7C01E0
7C7FE0
7C7FE0
7C7FE0
F87FE0
ENDCHAR
STARTCHAR 05DF
ENCODING 1503
SWIDTH 600 0
DWIDTH 21 0
BBX 5 28 8 -7
BITMAP
F8
F8
F8
F8
F8
F8
F8
F8
F8
F8
F8
F8
F8
F8
F8
F8
F8
F8
F8
F8
F8
F8
F8
F8
F8
F8
F8
F8
ENDCHAR
STARTCHAR 05E0
ENCODING 1504
SWIDTH 600 0
DWIDTH 21 0
BBX 12 21 4 0
BITMAP
7F80
7FC0
7FE0
7FE0
03F0
01F0
01F0
01F0
01F0
01F0
01F0
01F0
01F0
01F0
01F0
01F0
01F0
FFF0
FFF0
FFF0
FFF0
ENDCHAR
STARTCHAR 05E1
ENCODING 1505
SWIDTH 600 0
DWIDTH 21 0
BBX 20 21 0 0
BITMAP
FFFC00
FFFF80
FFFFC0
FFFFE0
1E0FE0
1E03E0
3E01F0
3E01F0
3E01F0
3C01F0
3C01F0
3E01F0
3E01F0
3E01F0
3E01E0
3F03E0
1F87E0
1FFFC0
0FFFC0
07FF80
01FC00
ENDCHAR
STARTCHAR 05E2
ENCODING 1506
SWIDTH 600 0
DWIDTH 21 0
BBX 19 22 1 -1
BITMAP
7C03E0
7C03E0
3E03E0
3E03E0
3E03E0
1F03E0
1F03E0
1F03E0
0F83C0
0F83C0
0787C0
07C7C0
07CF80
03CF80
03FF00
03FF00
01FE00
FFFC00
FFF800
FFE000
FF8000
F80000
ENDCHAR
STARTCHAR 05E3
ENCODING 1507
SWIDTH 600 0
DWIDTH 21 0
BBX 17 28 2 -7
BITMAP
FFF000
FFFC00
FFFE00
FFFF00
F83F00
F81F80
F80F80
F80F80
F80F80
FF8F80
FF8F80
FF8F80
FF8F80
000F80
000F80
000F80
000F80
000F80
000F80
000F80
000F80
000F80
000F80
000F80
000F80
000F80
000F80
000F80
ENDCHAR
STARTCHAR 05E4
ENCODING 1508
SWIDTH 600 0
DWIDTH 21 0
BBX 18 21 2 0
BITMAP
FFF000
FFFC00
FFFE00
FFFF00
F03F80
F00F80
F00F80
F00780
F00780
FF8780
FF87C0
FF8780
FF8780
000F80
000F80
001F80
007F00
FFFF00
FFFE00
FFFC00
FFE000
ENDCHAR
STARTCHAR 05E5
ENCODING 1509
SWIDTH 600 0
DWIDTH 21 0
BBX 18 28 1 -7
BITMAP
FC03C0
7C07C0
3E07C0
3F07C0
1F07C0
0F87C0
0F87C0
07C780
07CF80
07DF80
03FF00
03FE00
03F800
03C000
03C000
03C000
03C000
03C000
03C000
03C000
03C000
03C000
03C000
03C000
03C000
03C000
03C000
03C000
ENDCHAR
STARTCHAR 05E6
ENCODING 1510
SWIDTH 600 0
DWIDTH 21 0
BBX 19 21 0 0
BITMAP
FC01E0
7E01E0
3E01E0
1F03E0
1F83E0
0FC3E0
07C3E0
03E7C0
01FFC0
01FF80
00FF00
007C00
003E00
003F00
001F80
000F80
0007C0
7FFFE0
7FFFE0
7FFFE0
7FFFE0
ENDCHAR
STARTCHAR 05E7
ENCODING 1511
SWIDTH 600 0
DWIDTH 21 0
BBX 18 28 2 -7
BITMAP
FFF800
FFFE00
FFFF00
FFFF80
001F80
000F80
0007C0
0007C0
7C07C0
7C0780
7C0780
7C0F80
7C0F80
7C0F00
7C1F00
7C3F00
7C7E00
7CFC00
7CF800
7CF000
7CE000
7C8000
7C0000
7C0000
7C0000
7C0000
7C0000
7C0000
ENDCHAR
STARTCHAR 05E8
ENCODING 1512
SWIDTH 600 0
DWIDTH 21 0
BBX 17 21 1 0
BITMAP
FFF000
FFFC00
FFFE00
FFFF00
003F00
000F80
000F80
000F80
000F80
000F80
000F80
000F80
000F80
000F80
000F80
000F80
000F80
000F80
000F80
000F80
000F80
ENDCHAR
STARTCHAR 05E9
ENCODING 1513
SWIDTH 600 0
DWIDTH 21 0
BBX 21 21 0 0
BITMAP
F878F8
7878F8
7878F0
7878F0
7878F0
7878F0
7C78F0
3CF8F0
3CF0F0
3DF1F0
3FF1F0
3FE1E0
3FC1E0
3E01E0
1E03E0
1E07C0
1E1FC0
1FFF80
1FFF00
1FFE00
0FE000
ENDCHAR
STARTCHAR 05EA
ENCODING 1514
SWIDTH 600 0
DWIDTH 21 0
BBX 18 21 1 0
BITMAP
FFF800
FFFF00
FFFF80
FFFF80
1E1FC0
1E07C0
1E07C0
1E03C0
1E03C0
1E03C0
1E03C0
1E03C0
1E03C0
1E03C0
1E03C0
3E03C0
3E03C0
FE03C0
FC03C0
FC03C0
F003C0
ENDCHAR
STARTCHAR 05F0
ENCODING 1520
SWIDTH 600 0
DWIDTH 21 0
BBX 13 21 4 0
BITMAP
F078
F078
F078
F078
F078
F078
F078
F078
F078
F078
F078
F078
F078
F078
F078
F078
F078
F078
F078
F078
F078
ENDCHAR
STARTCHAR 05F1
ENCODING 1521
SWIDTH 600 0
DWIDTH 21 0
BBX 13 21 4 0
BITMAP
F078
F078
F078
F078
F078
F078
F078
F078
F078
F078
F078
0078
0078
0078
0078
0078
0078
0078
0078
0078
0078
ENDCHAR
STARTCHAR 05F2
ENCODING 1522
SWIDTH 600 0
DWIDTH 21 0
BBX 13 11 4 10
BITMAP
F078
F078
F078
F078
F078
F078
F078
F078
F078
F078
F078
ENDCHAR
STARTCHAR 05F3
ENCODING 1523
SWIDTH 600 0
DWIDTH 21 0
BBX 7 11 7 17
BITMAP
3E
3C
3C
3C
78
78
78
70
F0
F0
E0
ENDCHAR
STARTCHAR 05F4
ENCODING 1524
SWIDTH 600 0
DWIDTH 21 0
BBX 15 11 3 17
BITMAP
3E3E
3E3C
3C3C
3C7C
3C78
7878
7870
7070
70F0
F0E0
E0E0
ENDCHAR
STARTCHAR 1D00
ENCODING 7424
SWIDTH 600 0
DWIDTH 21 0
BBX 21 18 0 0
BITMAP
01FC00
01FC00
03FC00
03FE00
03DE00
079F00
078F00
0F8F00
0F0780
0F0780
1FFFC0
1FFFC0
3FFFE0
3FFFE0
3C01E0
7C01F0
7801F0
F800F8
ENDCHAR
STARTCHAR 1D01
ENCODING 7425
SWIDTH 600 0
DWIDTH 21 0
BBX 21 18 0 0
BITMAP
01FFF8
03FFF8
03FFF8
07FE00
07BE00
07BE00
0FBE00
0F3FF0
0F3FF0
1F3FF0
1FFE00
3FFE00
3FFE00
3FFE00
7C3FF8
7C3FF8
7C3FF8
F83FF8
ENDCHAR
STARTCHAR 1D02
ENCODING 7426
SWIDTH 600 0
DWIDTH 21 0
BBX 21 18 0 0
BITMAP
0F83C0
3FC7F0
3FCFF0
79FC70
30F878
007878
007878
0078F0
FFFFF0
FFFFE0
FFFFC0
F07800
707800
70F8F0
79F8F0
3FFFE0
3FDFE0
0F0F80
ENDCHAR
STARTCHAR 1D03
ENCODING 7427
SWIDTH 600 0
DWIDTH 21 0
BBX 19 18 1 0
BITMAP
3FFE00
3FFF00
3FFF80
3C1F80
3C0F80
3C0F80
3C0F00
FFFFE0
FFFFE0
FFFFE0
3C1F00
3C0780
3C07C0
3C07C0
3C1FC0
3FFF80
3FFF80
3FFE00
ENDCHAR
STARTCHAR 1D04
ENCODING 7428
SWIDTH 600 0
DWIDTH 21 0
BBX 17 18 2 0
BITMAP
07F000
1FFC00
3FFE00
7F3F00
7C1F00
F80F80
F80000
F80000
F80000
F80000
F80000
F80F80
F80F80
7C1F00
7F3F00
3FFE00
1FFC00
07F000
ENDCHAR
STARTCHAR 1D05
ENCODING 7429
SWIDTH 600 0
DWIDTH 21 0
BBX 16 18 3 0
BITMAP
FFE0
FFF8
FFFC
F1FE
F03E
F01F
F01F
F01F
F01F
F01F
F01F
F01F
F01F
F03E
F1FE
FFFC
FFF8
FFE0
ENDCHAR
STARTCHAR 1D06
ENCODING 7430
SWIDTH 600 0
DWIDTH 21 0
BBX 18 18 1 0
BITMAP
3FF800
3FFE00
3FFF00
3E3F80
3E0FC0
3E07C0
3E07C0
FFC7C0
FFC3C0
FFC7C0
3E07C0
3E07C0
3E07C0
3E0F80
3E7F80
3FFF00
3FFE00
3FF800
ENDCHAR
STARTCHAR 1D07
ENCODING 7431
SWIDTH 600 0
DWIDTH 21 0
BBX 14 18 4 0
BITMAP
FFF8
FFF8
FFF8
F000
F000
F000
F000
FFF8
FFF8
FFF8
F000
F000
F000
F000
FFFC
FFFC
FFFC
FFFC
ENDCHAR
STARTCHAR 1D08
ENCODING 7432
SWIDTH 600 0
DWIDTH 21 0
BBX 15 18 3 0
BITMAP
0FE0
3FF8
7FFC
F87C
F03C
003C
007C
07F8
07C0
07F8
00FC
003E
703E
F03E
FC7E
7FFC
3FF8
0FE0
ENDCHAR
STARTCHAR 1D09
ENCODING 7433
SWIDTH 600 0
DWIDTH 21 0
BBX 18 25 2 -7
BITMAP
FFFFC0
FFFFC0
FFFFC0
03E000
03E000
03E000
03E000
03E000
03E000
03E000
03E000
03E000
03E000
03E000
03E000
03FF00
03FF00
03FF00
000000
000000
000000
03E000
03E000
03E000
03E000
ENDCHAR
STARTCHAR 1D0A
ENCODING 7434
SWIDTH 600 0
DWIDTH 21 0
BBX 14 18 3 0
BITMAP
07FC
07FC
07FC
007C
007C
007C
007C
007C
007C
007C
007C
007C
F07C
F87C
FCF8
7FF8
7FF0
1FC0
ENDCHAR
STARTCHAR 1D0B
ENCODING 7435
SWIDTH 600 0
DWIDTH 21 0
BBX 17 18 3 0
BITMAP
F81F00
F83E00
F87C00
F8F800
F8F800
F9F000
FBE000
FFC000
FFE000
FFE000
FDF000
F8F800
F8F800
F87C00
F83E00
F83E00
F81F00
F81F80
ENDCHAR
STARTCHAR 1D0C
ENCODING 7436
SWIDTH 600 0
DWIDTH 21 0
BBX 14 18 3 0
BITMAP
3E00
3E00
3E00
3E20
3EE0
3FE0
3FE0
3FC0
7F00
FE00
FE00
FE00
BE00
3E00
3FFC
3FFC
3FFC
3FFC
ENDCHAR
STARTCHAR 1D0D
ENCODING 7437
SWIDTH 600 0
DWIDTH 21 0
BBX 19 18 1 0
BITMAP
FC07E0
FE0FE0
FE0FE0
FE0FE0
FE0FE0
FF1FE0
F71DE0
F71DE0
F79DE0
F7BDE0
F3B9E0
F3B9E0
F3B9E0
F1F9E0
F1F1E0
F1F1E0
F1F1E0
F0F1E0
ENDCHAR
STARTCHAR 1D0E
ENCODING 7438
SWIDTH 600 0
DWIDTH 21 0
BBX 17 18 2 0
BITMAP
F80F80
F81F80
F81F80
F83F80
F83F80
F87F80
F8F780
F8F780
F9E780
F9C780
FBC780
FF8780
FF8780
FF0780
FF0780
FE0780
FC0780
FC0780
ENDCHAR
STARTCHAR 1D0F
ENCODING 7439
SWIDTH 600 0
DWIDTH 21 0
BBX 17 18 2 0
BITMAP
07F000
1FFC00
3FFE00
7F3F00
FC1F80
F80F80
F80F80
F80F80
F80F80
F80F80
F80F80
F80F80
F80F80
FC1F80
7E3F00
3FFE00
1FFC00
07F000
ENDCHAR
STARTCHAR 1D10
ENCODING 7440
SWIDTH 600 0
DWIDTH 21 0
BBX 17 18 3 0
BITMAP
07E000
1FF800
7FFE00
7E7E00
F81F00
F81F00
000F80
000F80
000F80
000F80
000F80
001F80
F81F00
F81F00
7E7E00
7FFE00
3FF800
0FE000
ENDCHAR
STARTCHAR 1D11
ENCODING 7441
SWIDTH 600 0
DWIDTH 21 0
BBX 19 18 1 0
BITMAP
03F800
1FFE00
3FFF80
7FFF80
7FFFC0
FC07E0
F001E0
E001E0
E000E0
E000E0
F000E0
F001E0
FC07E0
7FFFC0
7FFFC0
3FFF80
0FFE00
03F800
ENDCHAR
STARTCHAR 1D12
ENCODING 7442
SWIDTH 600 0
DWIDTH 21 0
BBX 19 17 1 1
BITMAP
03F800
1FFE00
3FFF80
7FFFC0
7FFFC0
FC07E0
F001E0
E000E0
E000E0
E000E0
F001E0
F803E0
7E07C0
7E07C0
3E0780
1C0700
0C0400
ENDCHAR
STARTCHAR 1D13
ENCODING 7443
SWIDTH 600 0
DWIDTH 21 0
BBX 21 20 0 -1
BITMAP
800000
C1FC00
E7FF00
7FFFC0
3FFFE0
3FFFE0
7F03F0
7B80F0
71C0F0
70F070
707870
781C70
780EF0
7E07F0
3FFFE0
3FFFE0
1FFFF0
07FFF8
01FC18
000008
ENDCHAR
STARTCHAR 1D14
ENCODING 7444
SWIDTH 600 0
DWIDTH 21 0
BBX 21 18 0 0
BITMAP
0F0780
3F9FE0
3FDFE0
79FCF0
30F8F0
00F070
00F070
007078
FFF078
FFF078
7FF078
70F070
70F070
70F8F0
79FDF0
3FDFE0
3F9FE0
0F0780
ENDCHAR
STARTCHAR 1D15
ENCODING 7445
SWIDTH 600 0
DWIDTH 21 0
BBX 17 18 2 0
BITMAP
F80F80
780F00
780F00
3E1E00
3FFE00
0FF800
3FFE00
7C1F00
F80F80
F80F80
F00F80
F00F80
F80F80
F80F80
7E3F00
7FFF00
1FFC00
07F000
ENDCHAR
STARTCHAR 1D16
ENCODING 7446
SWIDTH 600 0
DWIDTH 21 0
BBX 19 10 1 8
BITMAP
03F800
0FFE00
1FFF00
3FBF80
7E0FC0
7C07C0
7C07C0
F803E0
F803E0
F803E0
ENDCHAR
STARTCHAR 1D17
ENCODING 7447
SWIDTH 600 0
DWIDTH 21 0
BBX 19 10 1 0
BITMAP
F803E0
F803E0
F803E0
7C07C0
7C07C0
7E0FC0
3F9F80
1FFF00
0FFE00
03F800
ENDCHAR
STARTCHAR 1D18
ENCODING 7448
SWIDTH 600 0
DWIDTH 21 0
BBX 18 18 2 0
BITMAP
FFFC00
FFFF00
FFFF80
F80F80
F807C0
F807C0
F807C0
F80F80
FFFF80
FFFF00
FFFC00
F80000
F80000
F80000
F80000
F80000
F80000
F80000
ENDCHAR
STARTCHAR 1D19
ENCODING 7449
SWIDTH 600 0
DWIDTH 21 0
BBX 17 18 1 0
BITMAP
07FF80
1FFF80
3FFF80
7E0780
7C0780
7C0780
7C0780
7E0780
3FFF80
1FFF80
07FF80
0F8780
1F0780
1F0780
3E0780
7C0780
7C0780
F80780
ENDCHAR
STARTCHAR 1D1A
ENCODING 7450
SWIDTH 600 0
DWIDTH 21 0
BBX 17 18 1 0
BITMAP
F80780
7C0780
7C0780
3E0780
1F0780
1F0780
0F8780
07FF80
1FFF80
3FFF80
7E0780
7C0780
7C0780
7C0780
7E0780
3FFF80
1FFF80
07FF80
ENDCHAR
STARTCHAR 1D1B
ENCODING 7451
SWIDTH 600 0
DWIDTH 21 0
BBX 15 18 3 0
BITMAP
FFFE
FFFE
FFFE
07C0
07C0
07C0
07C0
07C0
07C0
07C0
07C0
07C0
07C0
07C0
07C0
07C0
07C0
07C0
ENDCHAR
STARTCHAR 1D1C
ENCODING 7452
SWIDTH 600 0
DWIDTH 21 0
BBX 17 18 2 0
BITMAP
F81E00
F81F00
F81F00
F80F00
F80F80
F80F80
F80F80
F80F80
F80F80
F80F80
F80F80
F80F80
7C0F80
7C1F00
7FFF00
3FFE00
1FFC00
07F000
ENDCHAR
STARTCHAR 1D1D
ENCODING 7453
SWIDTH 600 0
DWIDTH 21 0
BBX 19 18 1 0
BITMAP
FFFFE0
FFFFE0
FFFFE0
FFFFE0
FFFFC0
000700
000380
0001C0
0001E0
0001E0
0001E0
0001E0
0003E0
FFFFE0
FFFFE0
FFFFC0
FFFF80
FFFE00
ENDCHAR
STARTCHAR 1D1E
ENCODING 7454
SWIDTH 600 0
DWIDTH 21 0
BBX 19 17 1 1
BITMAP
03FFE0
03FFE0
03FFE0
F3FFE0
F3FFC0
F00780
F001C0
0001C0
0000E0
0001E0
F001E0
F003E0
F3FFE0
F3FFE0
03FFC0
03FF80
03FE00
ENDCHAR
STARTCHAR 1D1F
ENCODING 7455
SWIDTH 600 0
DWIDTH 21 0
BBX 19 27 1 -4
BITMAP
FFFFE0
FFFFE0
FFFFE0
FFFFE0
FFFFC0
000380
0001C0
0001C0
0001E0
0001E0
0003E0
FFFFE0
FFFFE0
FFFFC0
FFFF80
FFFE00
000380
0001C0
0001E0
0001E0
0001E0
0003E0
FFFFE0
FFFFE0
FFFFC0
FFFF80
FFFE00
ENDCHAR
STARTCHAR 1D20
ENCODING 7456
SWIDTH 600 0
DWIDTH 21 0
BBX 19 18 1 0
BITMAP
F803E0
F803E0
7807C0
7C07C0
7C07C0
3E0F80
3E0F80
3E0F00
1F1F00
1F1F00
0F1E00
0FBE00
0FBC00
07BC00
07FC00
03F800
03F800
03F000
ENDCHAR
STARTCHAR 1D21
ENCODING 7457
SWIDTH 600 0
DWIDTH 21 0
BBX 21 18 0 0
BITMAP
F00078
F00078
700070
7800F0
7870F0
78F8F0
78F8F0
78F8E0
39DCE0
39DDE0
3DDDE0
3FDDE0
3F8FE0
1F8FC0
1F8FC0
1F07C0
1F07C0
1F07C0
ENDCHAR
STARTCHAR 1D22
ENCODING 7458
SWIDTH 600 0
DWIDTH 21 0
BBX 16 18 2 0
BITMAP
7FFF
7FFF
7FFF
003F
007E
00FC
01F8
01F0
03E0
07C0
0F80
1F80
3F00
7E00
FFFF
FFFF
FFFF
FFFF
ENDCHAR
STARTCHAR 1D23
ENCODING 7459
SWIDTH 600 0
DWIDTH 21 0
BBX 15 18 3 0
BITMAP
FFFC
FFFC
FFFC
FFFC
01F0
03E0
07C0
07F8
07FC
007C
003C
003E
703E
F03C
F8FC
7FF8
3FF0
1FC0
ENDCHAR
STARTCHAR 1D24
ENCODING 7460
SWIDTH 600 0
DWIDTH 21 0
BBX 15 18 3 0
BITMAP
0FE0
3FF8
7FFC
FCFC
F03C
003C
007C
07FC
07F8
1FC0
7FC0
7F00
7800
781E
7E7E
7FFC
3FF8
0FE0
ENDCHAR
STARTCHAR 1D25
ENCODING 7461
SWIDTH 600 0
DWIDTH 21 0
BBX 21 18 0 0
BITMAP
01FC00
07FF00
0FFF80
0FFF80
0FFF80
1FFFC0
0FFF80
0FFF80
07FF00
07FF00
03FE00
01FC00
01FC00
43FE10
7FDFF0
7FDFF0
FF8FF8
3E03E0
ENDCHAR
STARTCHAR 1D26
ENCODING 7462
SWIDTH 600 0
DWIDTH 21 0
BBX 14 18 4 0
BITMAP
FFFC
FFFC
FFFC
F800
F800
F800
F800
F800
F800
F800
F800
F800
F800
F800
F800
F800
F800
F800
ENDCHAR
STARTCHAR 1D27
ENCODING 7463
SWIDTH 600 0
DWIDTH 21 0
BBX 20 18 1 0
BITMAP
01F800
01FC00
03FC00
03FC00
07FE00
07DE00
079F00
0F9F00
0F8F00
0F0F80
1F0F80
1F07C0
3E07C0
3E03C0
3E03E0
7C03E0
7C01F0
FC01F0
ENDCHAR
STARTCHAR 1D28
ENCODING 7464
SWIDTH 600 0
DWIDTH 21 0
BBX 17 18 2 0
BITMAP
FFFF80
FFFF80
FFFF80
F80F80
F80F80
F80F80
F80F80
F80F80
F80F80
F80F80
F80F80
F80F80
F80F80
F80F80
F80F80
F80F80
F80F80
F80F80
ENDCHAR
STARTCHAR 1D29
ENCODING 7465
SWIDTH 600 0
DWIDTH 21 0
BBX 18 18 2 0
BITMAP
FFFC00
FFFF00
FFFF80
F80F80
F807C0
F807C0
F807C0
F80F80
FFFF80
FFFF00
FFFC00
F80000
F80000
F80000
F80000
F80000
F80000
F80000
ENDCHAR
STARTCHAR 1D2A
ENCODING 7466
SWIDTH 600 0
DWIDTH 21 0
BBX 21 18 0 0
BITMAP
F8F8F8
F8F8F8
F8F8F8
F8F8F8
F8F8F8
F8F8F8
F8F8F8
F8F8F8
7CF9F0
7FFFF0
3FFFE0
1FFFC0
00F800
00F800
00F800
00F800
00F800
00F800
ENDCHAR
STARTCHAR 1D2B
ENCODING 7467
SWIDTH 600 0
DWIDTH 21 0
BBX 19 18 0 0
BITMAP
07FFE0
07FFE0
07FFE0
0783E0
0783E0
0783E0
0F83E0
0F83E0
0F83E0
0F83E0
0F03E0
0F03E0
1F03E0
1F03E0
3E03E0
FE03E0
FC03E0
F803E0
ENDCHAR
STARTCHAR 1D2C
ENCODING 7468
SWIDTH 600 0
DWIDTH 21 0
BBX 15 17 3 8
BITMAP
07C0
07C0
07C0
0EE0
0EE0
0EE0
1C70
1C70
3C78
3838
3FF8
7FFC
7FFC
701C
F01E
E00E
E00E
ENDCHAR
STARTCHAR 1D2D
ENCODING 7469
SWIDTH 600 0
DWIDTH 21 0
BBX 23 17 -1 8
BITMAP
00FFFC
01FFFC
01FFFC
01DC00
039C00
039C00
071C00
071FFC
0F1FFC
0E1FFC
1FFC00
1FFC00
3FFC00
381C00
781FFE
701FFE
F01FFE
ENDCHAR
STARTCHAR 1D2E
ENCODING 7470
SWIDTH 600 0
DWIDTH 21 0
BBX 14 17 4 8
BITMAP
FFC0
FFF0
FFF8
E078
E038
E038
E078
FFF0
FFE0
FFF8
E03C
E01C
E01C
E03C
FFFC
FFF8
FFE0
ENDCHAR
STARTCHAR 1D2F
ENCODING 7471
SWIDTH 600 0
DWIDTH 21 0
BBX 16 17 3 8
BITMAP
7FF0
7FF8
7FFC
701C
701C
701C
703C
FFFF
FFFF
FFFF
701E
700E
700E
701E
7FFE
7FFC
7FF0
ENDCHAR
STARTCHAR 1D30
ENCODING 7472
SWIDTH 600 0
DWIDTH 21 0
BBX 14 17 4 8
BITMAP
FF80
FFE0
FFF0
E0F8
E038
E03C
E03C
E01C
E01C
E01C
E03C
E03C
E078
E0F8
FFF0
FFE0
FF80
ENDCHAR
STARTCHAR 1D31
ENCODING 7473
SWIDTH 600 0
DWIDTH 21 0
BBX 13 17 4 8
BITMAP
FFF8
FFF8
FFF8
E000
E000
E000
E000
FFF0
FFF0
FFF0
E000
E000
E000
E000
FFF8
FFF8
FFF8
ENDCHAR
STARTCHAR 1D32
ENCODING 7474
SWIDTH 600 0
DWIDTH 21 0
BBX 13 17 4 8
BITMAP
FFF8
FFF8
FFF8
0038
0038
0038
0038
7FF8
7FF8
7FF8
0038
0038
0038
0038
FFF8
FFF8
FFF8
ENDCHAR
STARTCHAR 1D33
ENCODING 7475
SWIDTH 600 0
DWIDTH 21 0
BBX 17 17 2 8
BITMAP
07F000
1FFC00
3FFE00
3C0F00
780600
700000
700000
F00000
F07F80
707F80
707F80
700780
780780
3C0F80
3FFF00
1FFE00
07F000
ENDCHAR
STARTCHAR 1D34
ENCODING 7476
SWIDTH 600 0
DWIDTH 21 0
BBX 14 17 3 8
BITMAP
F01C
F01C
F01C
F01C
F01C
F01C
F01C
FFFC
FFFC
FFFC
F01C
F01C
F01C
F01C
F01C
F01C
F01C
ENDCHAR
STARTCHAR 1D35
ENCODING 7477
SWIDTH 600 0
DWIDTH 21 0
BBX 3 17 9 8
BITMAP
E0
E0
E0
E0
E0
E0
E0
E0
E0
E0
E0
E0
E0
E0
E0
E0
E0
ENDCHAR
STARTCHAR 1D36
ENCODING 7478
SWIDTH 600 0
DWIDTH 21 0
BBX 11 17 5 8
BITMAP
0FE0
0FE0
0FE0
01E0
01E0
01E0
01E0
01E0
01E0
01E0
01E0
01E0
E1E0
F1E0
FFC0
7F80
3F00
ENDCHAR
STARTCHAR 1D37
ENCODING 7479
SWIDTH 600 0
DWIDTH 21 0
BBX 15 17 4 8
BITMAP
E03C
E078
E0F0
E1E0
E3C0
E780
EF00
FF00
FF80
FB80
F3C0
E1E0
E0F0
E078
E078
E03C
E01E
ENDCHAR
STARTCHAR 1D38
ENCODING 7480
SWIDTH 600 0
DWIDTH 21 0
BBX 12 17 5 8
BITMAP
E000
E000
E000
E000
E000
E000
E000
E000
E000
E000
E000
E000
E000
E000
FFF0
FFF0
FFF0
ENDCHAR
STARTCHAR 1D39
ENCODING 7481
SWIDTH 600 0
DWIDTH 21 0
BBX 17 17 2 8
BITMAP
F80F80
F80F80
FC1F80
FC1F80
FC1B80
EC1B80
EE3B80
EE3B80
E63380
E77380
E77380
E36380
E36380
E3E380
E1C380
E1C380
E1C380
ENDCHAR
STARTCHAR 1D3A
ENCODING 7482
SWIDTH 600 0
DWIDTH 21 0
BBX 14 17 3 8
BITMAP
F81C
F81C
FC1C
FC1C
EE1C
EE1C
F71C
F79C
F39C
F3DC
F1DC
F1FC
F0EC
F07C
F07C
F03C
F03C
ENDCHAR
STARTCHAR 1D3B
ENCODING 7483
SWIDTH 600 0
DWIDTH 21 0
BBX 14 17 3 8
BITMAP
F03C
F03C
F07C
F07C
F0EC
F0FC
F1DC
F3DC
F39C
F79C
F71C
EF1C
EE1C
FC1C
FC1C
F81C
F81C
ENDCHAR
STARTCHAR 1D3C
ENCODING 7484
SWIDTH 600 0
DWIDTH 21 0
BBX 17 17 2 8
BITMAP
07F000
1FFC00
3FFE00
7C1F00
780F00
700700
F00780
F00780
F00780
F00780
F00780
700700
780F00
7C1E00
3FFE00
1FFC00
07F000
ENDCHAR
STARTCHAR 1D3D
ENCODING 7485
SWIDTH 600 0
DWIDTH 21 0
BBX 13 17 4 8
BITMAP
01C0
1DE0
7CF0
7870
F070
7070
78F0
3FE0
3FE0
78F0
F078
E078
E078
F078
78F0
3FE0
1FC0
ENDCHAR
STARTCHAR 1D3E
ENCODING 7486
SWIDTH 600 0
DWIDTH 21 0
BBX 14 17 4 8
BITMAP
FFE0
FFF0
FFF8
F03C
F03C
F03C
F03C
F07C
FFF8
FFF0
FF80
F000
F000
F000
F000
F000
F000
ENDCHAR
STARTCHAR 1D3F
ENCODING 7487
SWIDTH 600 0
DWIDTH 21 0
BBX 15 17 3 8
BITMAP
FFF0
FFF8
FFFC
F01E
F01E
F01E
F01E
F03C
FFFC
FFF8
FFE0
F0F0
F078
F038
F03C
F01E
F01E
ENDCHAR
STARTCHAR 1D40
ENCODING 7488
SWIDTH 600 0
DWIDTH 21 0
BBX 15 17 3 8
BITMAP
FFFE
FFFE
FFFE
0380
0380
0380
0380
0380
0380
0380
0380
0380
0380
0380
0380
0380
0380
ENDCHAR
STARTCHAR 1D41
ENCODING 7489
SWIDTH 600 0
DWIDTH 21 0
BBX 15 17 3 8
BITMAP
F01E
F01E
F01E
F01E
F01E
F01E
F01E
F01E
F01E
F01E
F01E
F01E
701C
783C
7FF8
3FF0
0FE0
ENDCHAR
STARTCHAR 1D42
ENCODING 7490
SWIDTH 600 0
DWIDTH 21 0
BBX 23 17 -1 8
BITMAP
F07C1E
707C1C
707C1C
787C3C
786C3C
38EE38
38EE38
38EE38
3CE678
1DC770
1DC770
1DC770
1DC770
0F83E0
0F83E0
0F83E0
0F83E0
ENDCHAR
STARTCHAR 1D43
ENCODING 7491
SWIDTH 600 0
DWIDTH 21 0
BBX 12 13 5 8
BITMAP
1F00
7F80
F3C0
F1C0
01C0
3FC0
FFC0
E1C0
E1C0
E1C0
F7E0
FEF0
78F0
ENDCHAR
STARTCHAR 1D44
ENCODING 7492
SWIDTH 600 0
DWIDTH 21 0
BBX 12 13 4 8
BITMAP
F3E0
F7F0
7EF0
3870
3870
38F0
3FE0
3FC0
3800
38F0
3CF0
3FE0
0F80
ENDCHAR
STARTCHAR 1D45
ENCODING 7493
SWIDTH 600 0
DWIDTH 21 0
BBX 12 13 4 8
BITMAP
1F70
3FF0
7DF0
7870
7070
7070
F070
7070
7070
70F0
7DF0
3FF0
1F70
ENDCHAR
STARTCHAR 1D46
ENCODING 7494
SWIDTH 600 0
DWIDTH 21 0
BBX 19 13 1 8
BITMAP
1F0780
7FDFE0
F3DDE0
E1F0E0
00E0E0
00E1E0
FFFFC0
FFFF00
E0E000
E0E1E0
71F3C0
7FFFC0
1F1F00
ENDCHAR
STARTCHAR 1D47
ENCODING 7495
SWIDTH 600 0
DWIDTH 21 0
BBX 11 18 5 8
BITMAP
E000
E000
E000
E000
E000
E780
FFC0
FBE0
E1E0
E0E0
E0E0
E0E0
E0E0
E0E0
E1E0
FBE0
FFC0
EF80
ENDCHAR
STARTCHAR 1D48
ENCODING 7496
SWIDTH 600 0
DWIDTH 21 0
BBX 12 18 4 8
BITMAP
0070
0070
0070
0070
0070
1F70
3FF0
7DF0
7870
7070
7070
F070
7070
7070
70F0
7DF0
3FF0
1F70
ENDCHAR
STARTCHAR 1D49
ENCODING 7497
SWIDTH 600 0
DWIDTH 21 0
BBX 11 13 5 8
BITMAP
1F00
7FC0
71C0
E0E0
E0E0
FFE0
FFE0
E000
E000
F0E0
79E0
7FC0
1F00
ENDCHAR
STARTCHAR 1D4A
ENCODING 7498
SWIDTH 600 0
DWIDTH 21 0
BBX 11 13 5 8
BITMAP
1F00
7FC0
F3C0
E1E0
00E0
00E0
FFE0
FFE0
E0E0
E1E0
71C0
7FC0
1F00
ENDCHAR
STARTCHAR 1D4B
ENCODING 7499
SWIDTH 600 0
DWIDTH 21 0
BBX 11 13 5 8
BITMAP
1F00
7F80
71C0
70C0
7000
3E00
3E00
7000
F000
F0E0
F9C0
7FC0
1F00
ENDCHAR
STARTCHAR 1D4C
ENCODING 7500
SWIDTH 600 0
DWIDTH 21 0
BBX 11 13 5 8
BITMAP
1F00
3FC0
71C0
61C0
01C0
0F80
0F80
07C0
01E0
E1E0
73C0
7FC0
1F00
ENDCHAR
STARTCHAR 1D4D
ENCODING 7501
SWIDTH 600 0
DWIDTH 21 0
BBX 11 18 5 3
BITMAP
3EE0
7FE0
FBE0
E0E0
E0E0
E0E0
E0E0
E0E0
E0E0
F0E0
FBE0
7FE0
3CE0
00E0
E0E0
F9E0
7FC0
3F00
ENDCHAR
STARTCHAR 1D4E
ENCODING 7502
SWIDTH 600 0
DWIDTH 21 0
BBX 3 18 9 3
BITMAP
E0
E0
E0
E0
E0
E0
E0
E0
E0
E0
E0
E0
E0
00
00
E0
E0
E0
ENDCHAR
STARTCHAR 1D4F
ENCODING 7503
SWIDTH 600 0
DWIDTH 21 0
BBX 12 18 5 8
BITMAP
F000
F000
F000
F000
F000
F0E0
F1C0
F380
F780
FF00
FE00
FF00
FF80
F380
F3C0
F1C0
F0E0
F0F0
ENDCHAR
STARTCHAR 1D50
ENCODING 7504
SWIDTH 600 0
DWIDTH 21 0
BBX 19 13 1 8
BITMAP
F78780
FFCFC0
7FFFC0
70F1C0
70E1E0
70E1E0
70E1E0
70E1E0
70E1E0
70E1E0
70E1E0
70E1E0
70E1E0
ENDCHAR
STARTCHAR 1D51
ENCODING 7505
SWIDTH 600 0
DWIDTH 21 0
BBX 11 18 5 3
BITMAP
E780
EFC0
FFE0
F1E0
E0E0
E0E0
E0E0
E0E0
E0E0
E0E0
E0E0
E0E0
E0E0
00E0
00E0
01E0
03E0
03C0
ENDCHAR
STARTCHAR 1D52
ENCODING 7506
SWIDTH 600 0
DWIDTH 21 0
BBX 13 13 4 8
BITMAP
0F80
3FE0
7DF0
7070
F078
F078
F078
F078
F078
7070
7DF0
3FE0
0F80
ENDCHAR
STARTCHAR 1D53
ENCODING 7507
SWIDTH 600 0
DWIDTH 21 0
BBX 11 13 5 8
BITMAP
1F00
7F80
FBC0
E1E0
00E0
00E0
00E0
00E0
E0E0
E1E0
F3C0
7FC0
1F00
ENDCHAR
STARTCHAR 1D54
ENCODING 7508
SWIDTH 600 0
DWIDTH 21 0
BBX 13 7 4 14
BITMAP
0F80
3FE0
7DF0
7070
F078
F078
F078
ENDCHAR
STARTCHAR 1D55
ENCODING 7509
SWIDTH 600 0
DWIDTH 21 0
BBX 13 7 4 8
BITMAP
F078
F078
F078
7070
7DF0
3FE0
0F80
ENDCHAR
STARTCHAR 1D56
ENCODING 7510
SWIDTH 600 0
DWIDTH 21 0
BBX 11 18 5 3
BITMAP
EF80
FFC0
FBE0
E1E0
E0E0
E0E0
E0E0
E0E0
E0E0
E1E0
FBE0
FFC0
EF80
E000
E000
E000
E000
E000
ENDCHAR
STARTCHAR 1D57
ENCODING 7511
SWIDTH 600 0
DWIDTH 21 0
BBX 7 16 7 8
BITMAP
38
38
38
FE
FE
78
78
78
78
78
78
78
78
7C
3E
1E
ENDCHAR
STARTCHAR 1D58
ENCODING 7512
SWIDTH 600 0
DWIDTH 21 0
BBX 11 13 5 8
BITMAP
E0E0
E0E0
E0E0
E0E0
E0E0
E0E0
E0E0
E0E0
E0E0
E1E0
FFE0
7EE0
3CE0
ENDCHAR
STARTCHAR 1D59
ENCODING 7513
SWIDTH 600 0
DWIDTH 21 0
BBX 13 12 4 9
BITMAP
FFF8
FFF8
FFF8
00C0
0030
0030
0038
0038
0078
FFF8
FFF0
FFE0
ENDCHAR
STARTCHAR 1D5A
ENCODING 7514
SWIDTH 600 0
DWIDTH 21 0
BBX 19 13 1 8
BITMAP
F0E1C0
F0E1C0
F0E1C0
F0E1C0
F0E1C0
F0E1C0
F0E1C0
F0E1C0
F0E1C0
71E1C0
7FFFC0
7E7FC0
3C3DE0
ENDCHAR
STARTCHAR 1D5B
ENCODING 7515
SWIDTH 600 0
DWIDTH 21 0
BBX 13 13 4 8
BITMAP
F078
F070
7070
70F0
38E0
38E0
38E0
1DC0
1DC0
1DC0
0F80
0F80
0F80
ENDCHAR
STARTCHAR 1D5C
ENCODING 7516
SWIDTH 600 0
DWIDTH 21 0
BBX 13 13 4 8
BITMAP
0F80
1FC0
3FE0
3FE0
3FE0
3FE0
1FC0
0F80
0F80
0F80
FDF8
FDF8
F8F8
ENDCHAR
STARTCHAR 1D5D
ENCODING 7517
SWIDTH 600 0
DWIDTH 21 0
BBX 13 23 4 3
BITMAP
1F80
3FE0
7DE0
70E0
F0E0
F0E0
F1E0
F7C0
F7C0
F3F0
F070
F070
F078
F078
F070
FCF0
FFE0
F7C0
F000
F000
F000
F000
F000
ENDCHAR
STARTCHAR 1D5E
ENCODING 7518
SWIDTH 600 0
DWIDTH 21 0
BBX 13 18 4 3
BITMAP
F078
7070
7070
78F0
38E0
38E0
3CE0
1DC0
1DC0
0D80
0F80
0F80
0700
0700
0F00
0E00
0E00
0E00
ENDCHAR
STARTCHAR 1D5F
ENCODING 7519
SWIDTH 600 0
DWIDTH 21 0
BBX 13 18 4 8
BITMAP
3FF0
3FF0
1C00
0F00
0780
03C0
0FE0
3CE0
78F0
7070
F078
F078
F078
F078
7070
7DF0
3FE0
1F80
ENDCHAR
STARTCHAR 1D60
ENCODING 7520
SWIDTH 600 0
DWIDTH 21 0
BBX 15 18 3 3
BITMAP
18F0
39FC
739C
F38E
E38E
E38E
E38E
E38E
E38E
F39C
7BBC
3FF8
1FE0
0380
0380
0380
0380
0380
ENDCHAR
STARTCHAR 1D61
ENCODING 7521
SWIDTH 600 0
DWIDTH 21 0
BBX 13 18 4 3
BITMAP
F078
F870
F8E0
1CE0
1DC0
0FC0
0F80
0780
0780
0F80
0FC0
1DC0
1DC0
38E0
38E0
7070
7070
F078
ENDCHAR
STARTCHAR 1D62
ENCODING 7522
SWIDTH 600 0
DWIDTH 21 0
BBX 3 18 9 -3
BITMAP
E0
E0
E0
00
00
E0
E0
E0
E0
E0
E0
E0
E0
E0
E0
E0
E0
E0
ENDCHAR
STARTCHAR 1D63
ENCODING 7523
SWIDTH 600 0
DWIDTH 21 0
BBX 7 13 7 -3
BITMAP
E6
EE
FE
F0
F0
E0
E0
E0
E0
E0
E0
E0
E0
ENDCHAR
STARTCHAR 1D64
ENCODING 7524
SWIDTH 600 0
DWIDTH 21 0
BBX 11 13 5 -3
BITMAP
E0E0
E0E0
E0E0
E0E0
E0E0
E0E0
E0E0
E0E0
E0E0
E1E0
FFE0
7EE0
3CE0
ENDCHAR
STARTCHAR 1D65
ENCODING 7525
SWIDTH 600 0
DWIDTH 21 0
BBX 13 13 4 -3
BITMAP
F078
F070
7070
70F0
38E0
38E0
38E0
1DC0
1DC0
1DC0
0F80
0F80
0F80
ENDCHAR
STARTCHAR 1D66
ENCODING 7526
SWIDTH 600 0
DWIDTH 21 0
BBX 13 24 4 -8
BITMAP
1F80
3FC0
7FE0
70E0
F0E0
F0E0
F1E0
F7C0
F7C0
F7E0
F0F0
F070
F078
F078
F070
FCF0
FFE0
F7C0
F000
F000
F000
F000
F000
F000
ENDCHAR
STARTCHAR 1D67
ENCODING 7527
SWIDTH 600 0
DWIDTH 21 0
BBX 13 18 4 -8
BITMAP
F078
7070
7070
78F0
38E0
38E0
3CE0
1DC0
1DC0
0D80
0F80
0F80
0700
0700
0F00
0E00
0E00
0E00
ENDCHAR
STARTCHAR 1D68
ENCODING 7528
SWIDTH 600 0
DWIDTH 21 0
BBX 13 18 4 -7
BITMAP
0F80
3FE0
7DF0
7070
F078
F078
F078
F078
F078
F070
F8F0
FFE0
6FC0
7000
7800
3FE0
1FF0
0078
ENDCHAR
STARTCHAR 1D69
ENCODING 7529
SWIDTH 600 0
DWIDTH 21 0
BBX 15 18 3 -8
BITMAP
18F0
39FC
739C
F38E
E38E
E38E
E38E
E38E
E38E
F39C
7BBC
3FF8
1FE0
0380
0380
0380
0380
0380
ENDCHAR
STARTCHAR 1D6A
ENCODING 7530
SWIDTH 600 0
DWIDTH 21 0
BBX 13 18 4 -8
BITMAP
F078
F870
F8E0
1CE0
1DC0
0FC0
0F80
0780
0780
0F80
0FC0
1DC0
1DC0
38E0
38E0
7070
7070
F078
ENDCHAR
STARTCHAR 1D6B
ENCODING 7531
SWIDTH 600 0
DWIDTH 21 0
BBX 20 18 1 0
BITMAP
E1EF00
E1FFC0
E1FFC0
E1F9E0
E1F0E0
E1F0E0
E1F0E0
E1FFF0
E1FFF0
E1FFF0
E1F000
E1F000
E1F000
F1F0C0
FFF9E0
7FFFC0
7F9FC0
1F0F00
ENDCHAR
STARTCHAR 1D6C
ENCODING 7532
SWIDTH 600 0
DWIDTH 21 0
BBX 20 25 -1 0
BITMAP
0F0000
7F3000
7F7000
FFF000
CFE000
CFC000
0F0000
0F1F00
0F3FC0
0F7FE0
0FE7E0
0F83F0
0F81F0
0F81F0
0F01F0
0F01F0
0F01F0
0F01F0
0F81F0
0F81F0
0F83F0
0FE7E0
1F7FE0
1F3FC0
1F1F00
ENDCHAR
STARTCHAR 1D6D
ENCODING 7533
SWIDTH 600 0
DWIDTH 21 0
BBX 20 25 2 0
BITMAP
000F00
003F30
007F70
00FFF0
00EFE0
00CFE0
000F00
0F8F00
3FCF00
7FEF00
7E7F00
FC1F00
F81F00
F81F00
F80F00
F80F00
F80F00
F80F00
F81F00
F81F00
FC3F00
7E7F00
7FEF00
3FCF80
0F8F80
ENDCHAR
STARTCHAR 1D6E
ENCODING 7534
SWIDTH 600 0
DWIDTH 21 0
BBX 17 25 2 0
BITMAP
00FF80
03FF80
07FF80
07E180
0FC000
0F8000
0F8000
FFFF80
FFFF80
FFFF80
0F8000
0F8000
0F8000
0F8000
0F8000
3F9800
7F9800
7FF800
6FF000
6FE000
0F8000
0F8000
0F8000
0F8000
0F8000
ENDCHAR
STARTCHAR 1D6F
ENCODING 7535
SWIDTH 600 0
DWIDTH 21 0
BBX 23 18 -1 0
BITMAP
3CF1E0
3DF3F0
3E7CF0
3E7C78
3E7C78
3C3C78
3C3C78
7FF87E
7FFE7E
FFFFFE
FC3FFC
3C3BFC
3C3878
3C3878
3C3878
3C3878
3C3878
3C3878
ENDCHAR
STARTCHAR 1D70
ENCODING 7536
SWIDTH 600 0
DWIDTH 21 0
BBX 23 18 -1 0
BITMAP
1F1F80
1F3FC0
1F7FE0
1F7FE0
1FC3F0
1F81F0
1F81F0
3F01F0
FFE1F6
FFFDF6
DFFFFE
1F1FFE
1F03FC
1F01F0
1F01F0
1F01F0
1F01F0
1F01F0
ENDCHAR
STARTCHAR 1D71
ENCODING 7537
SWIDTH 600 0
DWIDTH 21 0
BBX 20 25 -1 -7
BITMAP
1F1F00
1F3FC0
1F7FE0
0FE7E0
0F83F0
0F81F0
0F81F0
0F01F0
0F01F0
0F01F0
0F01F0
0F81F0
0F81F0
0F83F0
0FE7E0
0F7FE0
0F3FC0
0F1F00
0F0000
7F3000
7F3000
FFF000
CFE000
CFC000
0F0000
ENDCHAR
STARTCHAR 1D72
ENCODING 7538
SWIDTH 600 0
DWIDTH 21 0
BBX 17 18 1 0
BITMAP
3E1F80
1E7F80
1FFF80
1FFF80
1FE000
1FC000
1F8000
1F8000
7F3000
FFF000
DFE000
DFC000
1F0000
1F0000
1F0000
1F0000
1F0000
1F0000
ENDCHAR
STARTCHAR 1D73
ENCODING 7539
SWIDTH 600 0
DWIDTH 21 0
BBX 17 18 1 0
BITMAP
007F80
01FF80
03FF80
07FF80
0FE000
0F8000
1F8000
1F0000
1F0000
7F3000
FFF000
FFE000
DFC000
1F0000
1F0000
1F0000
1F0000
1F0000
ENDCHAR
STARTCHAR 1D74
ENCODING 7540
SWIDTH 600 0
DWIDTH 21 0
BBX 19 18 1 0
BITMAP
03F800
0FFE00
1FFF00
3E0F80
3C0780
3C0000
3F0000
7FF860
FFFEE0
E7FFC0
C0FFC0
000FC0
0007C0
7807C0
7C0780
3FFF80
1FFF00
07FC00
ENDCHAR
STARTCHAR 1D75
ENCODING 7541
SWIDTH 600 0
DWIDTH 21 0
BBX 16 23 2 0
BITMAP
0700
0700
0700
0F00
0F00
7FFE
7FFE
7FFE
0F00
0F00
0F00
0F00
0F00
7F30
FFF0
FFF0
CFE0
0F00
0F80
0FC3
0FFF
07FF
01FE
ENDCHAR
STARTCHAR 1D76
ENCODING 7542
SWIDTH 600 0
DWIDTH 21 0
BBX 16 18 2 0
BITMAP
7FFF
7FFF
7FFF
003E
007E
00FC
01F8
3FF3
7FF3
F7FF
CFBE
1F0C
3E00
7E00
FFFF
FFFF
FFFF
FFFF
ENDCHAR
STARTCHAR 1D77
ENCODING 7543
SWIDTH 600 0
DWIDTH 21 0
BBX 17 25 2 -7
BITMAP
07F000
1FFC00
3FFE00
7E3F00
7C1F00
F80000
F80000
F8F800
FBFC00
FFFE00
FF7F00
FC1F00
F81F80
F80F80
F80F80
F80F80
F80F80
F80F80
F80F80
F81F80
FC1F00
FF7F00
FFFE00
FBFC00
F8F800
ENDCHAR
STARTCHAR 1D78
ENCODING 7544
SWIDTH 600 0
DWIDTH 21 0
BBX 11 13 5 8
BITMAP
E0E0
E0E0
E0E0
E0E0
E0E0
FFE0
FFE0
FFE0
E0E0
E0E0
E0E0
E0E0
E0E0
ENDCHAR
STARTCHAR 1D79
ENCODING 7545
SWIDTH 600 0
DWIDTH 21 0
BBX 19 25 1 -7
BITMAP
3FFF80
3FFF80
3FFF80
001F80
003E00
00FC00
01F000
01F800
03FC00
0FFF00
1FFF80
3E0F80
7C07C0
7803C0
F803E0
F803E0
F803E0
F803E0
F803E0
7C07C0
7C07C0
3F1F80
1FFF00
0FFE00
03F800
ENDCHAR
STARTCHAR 1D7A
ENCODING 7546
SWIDTH 600 0
DWIDTH 21 0
BBX 20 27 0 -1
BITMAP
000180
007300
007300
007600
187600
187C00
187C00
387800
FF7BC0
FF77E0
FF7FF0
3878F0
38F870
38F070
39F070
39F070
3B7070
3B7070
3E7070
3E7070
3C7070
3C7070
3C7070
3F7070
3F7070
7F7070
600000
ENDCHAR
STARTCHAR 1D7B
ENCODING 7547
SWIDTH 600 0
DWIDTH 21 0
BBX 9 18 6 0
BITMAP
3E00
3E00
3E00
3E00
3E00
3E00
3E00
FF80
FF80
FF80
3E00
3E00
3E00
3E00
3E00
3E00
3E00
3E00
ENDCHAR
STARTCHAR 1D7C
ENCODING 7548
SWIDTH 600 0
DWIDTH 21 0
BBX 9 18 6 0
BITMAP
3E00
3E00
3E00
3E00
3E00
3E00
3E00
FF80
FF80
FF80
3E00
3E00
3E00
3E00
3E00
3E00
3E00
3E00
ENDCHAR
STARTCHAR 1D7D
ENCODING 7549
SWIDTH 600 0
DWIDTH 21 0
BBX 21 25 0 -7
BITMAP
3E3E00
3E7F80
3EFFC0
1FCFC0
1F07E0
1F03E0
1E03E0
FFFFF8
FFFFF8
FFFFF8
1E03E0
1F03E0
1F03E0
1F07E0
1FCFC0
1EFFC0
1E7F80
1E3E00
1E0000
1E0000
1E0000
1E0000
1E0000
1E0000
1E0000
ENDCHAR
STARTCHAR 1D7E
ENCODING 7550
SWIDTH 600 0
DWIDTH 21 0
BBX 19 18 1 0
BITMAP
7C07C0
7C07C0
7C07C0
7C07C0
7C07C0
7C07C0
7C07C0
FFFFE0
FFFFE0
FFFFE0
7C07C0
7C07C0
7C07C0
3E0F80
3FFF80
1FFF00
0FFE00
03F800
ENDCHAR
STARTCHAR 1D7F
ENCODING 7551
SWIDTH 600 0
DWIDTH 21 0
BBX 21 18 0 0
BITMAP
7F8FF0
7F8FF0
7F8FF0
078F00
0F0780
1E03C0
3C03E0
FFFFF8
FFFFF8
FFFFF8
3C01E0
3E03E0
3E03E0
3F07E0
1F8FC0
1FFF80
07FF00
01FC00
ENDCHAR
STARTCHAR 1D80
ENCODING 7552
SWIDTH 600 0
DWIDTH 21 0
BBX 17 32 2 -7
BITMAP
780000
780000
780000
780000
780000
780000
780000
78F800
79FE00
7BFF00
7F3F00
7C1F80
7C0F80
7C0F80
780F80
780F80
780F80
780F80
7C0F80
7C0F80
7C1F80
7F3F00
FBFF00
F9FF00
F8FF00
000F00
000F00
001F00
00FF00
00FE00
00FE00
00F800
ENDCHAR
STARTCHAR 1D81
ENCODING 7553
SWIDTH 600 0
DWIDTH 21 0
BBX 18 32 2 -7
BITMAP
000F00
000F00
000F00
000F00
000F00
000F00
000F00
0F8F00
3FCF00
7FEF00
7E7F00
FC1F00
F81F00
F81F00
F80F00
F80F00
F80F00
F80F00
F81F00
F81F00
FC3F00
7E7F00
7FEFC0
3FCFC0
0F8FC0
0003C0
0003C0
0003C0
003FC0
003FC0
003F80
003F00
ENDCHAR
STARTCHAR 1D82
ENCODING 7554
SWIDTH 600 0
DWIDTH 21 0
BBX 17 32 2 -7
BITMAP
00FF80
03FF80
07FF80
07E180
0FC000
0F8000
0F8000
FFFF80
FFFF80
FFFF80
0F8000
0F8000
0F8000
0F8000
0F8000
0F8000
0F8000
0F8000
0F8000
0F8000
0F8000
0F8000
0FE000
0FE000
0FE000
01E000
01E000
03E000
1FE000
1FC000
1FC000
1F0000
ENDCHAR
STARTCHAR 1D83
ENCODING 7555
SWIDTH 600 0
DWIDTH 21 0
BBX 20 25 1 -7
BITMAP
1F1E00
3FDE00
7FDE00
7C7E00
F83E00
F83E00
F03E00
F03E00
F01E00
F01E00
F03E00
F03E00
F83E00
F83FF0
7C7FF0
7FDFF0
3F9FF0
1F1EF0
003EF0
003EF0
F83DF0
7C7DF0
7FF9E0
3FF1C0
0FE000
ENDCHAR
STARTCHAR 1D84
ENCODING 7556
SWIDTH 600 0
DWIDTH 21 0
BBX 17 32 3 -7
BITMAP
F80000
F80000
F80000
F80000
F80000
F80000
F80000
F81F00
F83E00
F87C00
F8F800
F9F000
FBE000
FFC000
FFC000
FFE000
FFF000
FDF000
F8F800
F8FC00
F87C00
F83E00
F83F80
F81F80
F81F80
000780
000780
000F80
007F80
007F00
007F00
007C00
ENDCHAR
STARTCHAR 1D85
ENCODING 7557
SWIDTH 600 0
DWIDTH 21 0
BBX 9 32 6 -7
BITMAP
3C00
3C00
3C00
3C00
3C00
3C00
3C00
3C00
3C00
3C00
3C00
3C00
3C00
3C00
3C00
3C00
3C00
3C00
3C00
3C00
3C00
3C00
3F80
3F80
3F80
0F80
0F80
0F00
FF00
FF00
FE00
FC00
ENDCHAR
STARTCHAR 1D86
ENCODING 7558
SWIDTH 600 0
DWIDTH 21 0
BBX 20 25 1 -7
BITMAP
F38780
F7CFC0
FFFFC0
F9F3E0
F9F1E0
F1F1E0
F0F1E0
F0E1E0
F0E1E0
F0E1E0
F0E1E0
F0E1E0
F0E1E0
F0E1E0
F0E1E0
F0E1F0
F0E1F0
F0E1F0
0000F0
0000F0
0000F0
000FF0
000FE0
000FE0
000FC0
ENDCHAR
STARTCHAR 1D87
ENCODING 7559
SWIDTH 600 0
DWIDTH 21 0
BBX 18 25 2 -7
BITMAP
F87C00
F9FE00
FBFF00
FFFF00
FE1F80
FC0F80
FC0F80
F80F80
F80F80
F80F80
F80F80
F80F80
F80F80
F80F80
F80F80
F80FC0
F80FC0
F80FC0
0003C0
0003C0
0007C0
003FC0
003F80
003F80
003E00
ENDCHAR
STARTCHAR 1D88
ENCODING 7560
SWIDTH 600 0
DWIDTH 21 0
BBX 17 25 2 -7
BITMAP
F8F800
F9FE00
FBFF00
7F3F00
7E1F80
7C0F80
7C0F80
780F80
780F80
780F80
780F80
780F80
7C0F80
7C1F80
7F3F00
7BFF00
7BFF00
78FF00
780F00
781F00
781F00
78FF00
78FE00
78FE00
78F800
ENDCHAR
STARTCHAR 1D89
ENCODING 7561
SWIDTH 600 0
DWIDTH 21 0
BBX 15 25 3 -7
BITMAP
F87E
79FE
7DFE
7FFE
7F80
7F00
7E00
7E00
7C00
7C00
7C00
7C00
7C00
7C00
7C00
7F00
7F00
7F00
0F00
0F00
1F00
FF00
FE00
FE00
F800
ENDCHAR
STARTCHAR 1D8A
ENCODING 7562
SWIDTH 600 0
DWIDTH 21 0
BBX 17 25 2 -7
BITMAP
07F000
1FFC00
3FFE00
7E3F00
780F00
780000
7E0000
7FE000
3FFC00
0FFF00
01FF00
001F80
000F80
F80F80
FC1F80
7FFF80
3FFF80
0FFF80
000780
000780
000F80
007F80
007F00
007F00
007C00
ENDCHAR
STARTCHAR 1D8B
ENCODING 7563
SWIDTH 600 0
DWIDTH 21 0
BBX 17 32 1 -7
BITMAP
00FC00
03FC00
07FC00
07FC00
07C000
078000
078000
078000
078000
078000
078000
078000
078000
078000
078000
078000
078000
078000
078000
078000
07FF80
07FF80
07FF80
07FF80
078780
078780
0F8780
0F8780
FF8F80
FF3F00
FF3F00
FC3E00
ENDCHAR
STARTCHAR 1D8C
ENCODING 7564
SWIDTH 600 0
DWIDTH 21 0
BBX 19 25 1 -7
BITMAP
F803E0
F803E0
7807C0
7C07C0
7C07C0
3E0F80
3E0F80
3E0F00
1F1F00
1F1F00
0F1E00
0FBE00
0FBC00
07BC00
07FC00
03FF00
03FF00
03FF00
000F00
000F00
000F00
00FF00
00FF00
00FE00
00F800
ENDCHAR
STARTCHAR 1D8D
ENCODING 7565
SWIDTH 600 0
DWIDTH 21 0
BBX 19 25 1 -7
BITMAP
7C07C0
7C0FC0
3E0F80
1F1F00
0F3E00
0FBE00
07FC00
03F800
01F000
03F800
07FC00
07FC00
0FBE00
1F1F00
3E0F80
3E0FE0
7C07E0
F803E0
0001E0
0001E0
0001E0
001FE0
001FE0
001FC0
001F00
ENDCHAR
STARTCHAR 1D8E
ENCODING 7566
SWIDTH 600 0
DWIDTH 21 0
BBX 16 25 2 -7
BITMAP
7FFF
7FFF
7FFF
003F
007E
00FC
01F8
01F0
03E0
07C0
0F80
1F80
3F00
7E00
FFFF
FFFF
FFFF
FFFF
000F
000F
000F
00FF
00FF
00FE
00FC
ENDCHAR
STARTCHAR 1D8F
ENCODING 7567
SWIDTH 600 0
DWIDTH 21 0
BBX 22 25 2 -7
BITMAP
07F000
1FFC00
3FFE00
7E3E00
7C3E00
001F00
001F00
0FFF00
3FFF00
7FFF00
F81F00
F81F00
F83F00
F83F00
FCFF00
FFFFC0
7FCFC0
1F07C0
0003C0
0003C0
0003C0
0003FC
0003FC
0001FC
0000FC
ENDCHAR
STARTCHAR 1D90
ENCODING 7568
SWIDTH 600 0
DWIDTH 21 0
BBX 23 25 1 -7
BITMAP
0FC7C0
1FF780
3FF780
7F3F80
7C1F80
F80F80
F80F80
F80780
F80780
F80780
F80780
F80F80
F80F80
7C1F80
7F3F80
3FF7E0
3FE7E0
0FC7E0
0001E0
0001E0
0001F0
0001FE
0000FE
0000FE
00003E
ENDCHAR
STARTCHAR 1D91
ENCODING 7569
SWIDTH 600 0
DWIDTH 21 0
BBX 21 32 1 -7
BITMAP
0000F8
0003F8
0007F8
0007F8
0007C0
000780
000780
0FC780
1FE780
3FF780
7F3F80
7C1F80
F80F80
F80F80
F80780
F80780
F80780
F80780
F80F80
F80F80
7C1F80
7F3F80
3FF780
3FE780
0FC780
000780
000780
0007C0
0007F8
0007F8
0003F8
0001F8
ENDCHAR
STARTCHAR 1D92
ENCODING 7570
SWIDTH 600 0
DWIDTH 21 0
BBX 20 25 2 -7
BITMAP
07E000
1FF800
3FFC00
7C3E00
F81F00
F80F00
F80F00
FFFF00
FFFF80
FFFF80
F80000
F80000
F80000
FC0F00
7E3F00
3FFF00
1FFF00
07FF00
000F00
000F00
000F80
0007F0
0007F0
0003F0
0001F0
ENDCHAR
STARTCHAR 1D93
ENCODING 7571
SWIDTH 600 0
DWIDTH 21 0
BBX 21 25 2 -7
BITMAP
0FF000
3FFC00
7FFE00
FC1F00
F80F00
F80000
7C0000
3FC000
0FC000
7FC000
FC0000
F80000
F80E00
F80F80
FC3F80
7FFF80
3FFF80
0FE780
000780
000780
000780
0007F8
0007F8
0003F8
0001F8
ENDCHAR
STARTCHAR 1D94
ENCODING 7572
SWIDTH 600 0
DWIDTH 21 0
BBX 17 25 2 -7
BITMAP
07F800
1FFE00
3FFF00
7C1F80
780F80
000F00
001F00
03FE00
03F800
03FE00
003F00
000F80
300F80
F80F80
FE3F80
FFFF00
FFFE00
F7F800
F00000
F00000
F80000
FF0000
7F0000
7F0000
1F0000
ENDCHAR
STARTCHAR 1D95
ENCODING 7573
SWIDTH 600 0
DWIDTH 21 0
BBX 21 25 1 -7
BITMAP
0FE000
1FF000
7FF800
7CFC00
F83E00
003E00
003E00
003E00
FFFFC0
FFFFC0
FFFFC0
F83FC0
F83FC0
783FC0
7C7FC0
3FFBC0
1FF3C0
0FC3C0
0003C0
0003C0
0003E0
0003F8
0001F8
0001F8
0000F8
ENDCHAR
STARTCHAR 1D96
ENCODING 7574
SWIDTH 600 0
DWIDTH 21 0
BBX 11 32 8 -7
BITMAP
F800
F800
F800
F800
0000
0000
0000
F800
F800
F800
F800
F800
F800
F800
F800
F800
F800
F800
F800
F800
F800
F800
FE00
FE00
FE00
1E00
1E00
1E00
1FE0
1FE0
0FE0
07E0
ENDCHAR
STARTCHAR 1D97
ENCODING 7575
SWIDTH 600 0
DWIDTH 21 0
BBX 17 25 2 -7
BITMAP
07F000
1FFC00
3FFE00
7E7F00
FC1F00
F80F80
000F80
000F80
000F80
000F80
000F80
000F80
F80F80
FC1F00
FE7F00
FFFE00
FFFC00
F7F000
F00000
F00000
F80000
FF0000
7F0000
7F0000
1F0000
ENDCHAR
STARTCHAR 1D98
ENCODING 7576
SWIDTH 600 0
DWIDTH 21 0
BBX 14 32 4 -7
BITMAP
00FC
03FC
07FC
07FC
0FC0
0F80
0F80
0F80
0F80
0F80
0F80
0F80
0F80
0F80
0F80
0F80
0F80
0F80
0F80
0F80
0F80
0F80
0F80
FF80
FF00
FE00
F800
F000
FF00
7F00
7F00
1F00
ENDCHAR
STARTCHAR 1D99
ENCODING 7577
SWIDTH 600 0
DWIDTH 21 0
BBX 21 25 1 -7
BITMAP
F81F00
F81F00
F81F00
F81F00
F81F00
F81F00
F81F00
F81F00
F81F00
F81F00
F81F00
F81F00
FC3F00
7C3F00
7FFF00
7FDFC0
3FDFC0
1F1FC0
0003C0
0003C0
0003C0
0003F8
0003F8
0001F8
0000F8
ENDCHAR
STARTCHAR 1D9A
ENCODING 7578
SWIDTH 600 0
DWIDTH 21 0
BBX 17 25 2 -7
BITMAP
7FFF00
7FFF00
7FFF00
003F00
007C00
01F800
03F000
07C000
07F800
07FE00
07FF00
001F80
000F80
000F80
F80F80
F80F80
FC1F80
FFFF00
FFFE00
EFFC00
E08000
F00000
FF0000
7F0000
3F0000
ENDCHAR
STARTCHAR 1D9B
ENCODING 7579
SWIDTH 600 0
DWIDTH 21 0
BBX 11 13 5 8
BITMAP
EF80
FFC0
FBE0
E1E0
E0E0
E0E0
E0E0
E0E0
E0E0
E1E0
FBE0
FFC0
EF80
ENDCHAR
STARTCHAR 1D9C
ENCODING 7580
SWIDTH 600 0
DWIDTH 21 0
BBX 11 13 5 8
BITMAP
1F00
7FC0
7BE0
F0E0
E000
E000
E000
E000
E0E0
F0E0
79E0
7FC0
1F00
ENDCHAR
STARTCHAR 1D9D
ENCODING 7581
SWIDTH 600 0
DWIDTH 21 0
BBX 12 14 5 7
BITMAP
1F80
3FC0
79E0
70E0
F000
F000
F7C0
FFE0
FFF0
7070
FCE0
FFE0
CF80
4000
ENDCHAR
STARTCHAR 1D9E
ENCODING 7582
SWIDTH 600 0
DWIDTH 21 0
BBX 13 18 4 8
BITMAP
1E60
0FE0
0FC0
1FC0
19E0
00E0
0FF0
3FF0
7CF0
7078
F078
F078
F078
F078
7070
78F0
3FE0
0F80
ENDCHAR
STARTCHAR 1D9F
ENCODING 7583
SWIDTH 600 0
DWIDTH 21 0
BBX 11 13 5 8
BITMAP
1F00
3FC0
71C0
61C0
01C0
0F80
0F80
07C0
01E0
E1E0
73C0
7FC0
1F00
ENDCHAR
STARTCHAR 1DA0
ENCODING 7584
SWIDTH 600 0
DWIDTH 21 0
BBX 7 18 7 8
BITMAP
1E
3E
3C
38
38
FE
FE
38
38
38
38
38
38
38
38
38
38
38
ENDCHAR
STARTCHAR 1DA1
ENCODING 7585
SWIDTH 600 0
DWIDTH 21 0
BBX 7 18 7 3
BITMAP
38
38
38
38
38
38
38
FE
FE
38
38
38
38
38
38
78
F8
F0
ENDCHAR
STARTCHAR 1DA2
ENCODING 7586
SWIDTH 600 0
DWIDTH 21 0
BBX 11 18 5 3
BITMAP
3EE0
7FE0
FBE0
E0E0
E0E0
E0E0
E0E0
E0E0
E0E0
F0E0
FBE0
7FE0
3CE0
00E0
E0E0
F9E0
7FC0
3F00
ENDCHAR
STARTCHAR 1DA3
ENCODING 7587
SWIDTH 600 0
DWIDTH 21 0
BBX 11 18 5 8
BITMAP
E0E0
E0E0
E0E0
E0E0
E0E0
E0E0
E0E0
E0E0
E0E0
E1E0
F1E0
FFE0
7EE0
00E0
00E0
00E0
00E0
00E0
ENDCHAR
STARTCHAR 1DA4
ENCODING 7588
SWIDTH 600 0
DWIDTH 21 0
BBX 7 18 7 8
BITMAP
38
38
38
00
00
38
38
38
38
38
FE
FE
38
38
38
38
38
38
ENDCHAR
STARTCHAR 1DA5
ENCODING 7589
SWIDTH 600 0
DWIDTH 21 0
BBX 3 13 9 8
BITMAP
E0
E0
E0
E0
E0
E0
E0
E0
E0
E0
E0
E0
E0
ENDCHAR
STARTCHAR 1DA6
ENCODING 7590
SWIDTH 600 0
DWIDTH 21 0
BBX 3 13 9 8
BITMAP
E0
E0
E0
E0
E0
E0
E0
E0
E0
E0
E0
E0
E0
ENDCHAR
STARTCHAR 1DA7
ENCODING 7591
SWIDTH 600 0
DWIDTH 21 0
BBX 7 13 7 8
BITMAP
38
38
38
38
38
FE
FE
38
38
38
38
38
38
ENDCHAR
STARTCHAR 1DA8
ENCODING 7592
SWIDTH 600 0
DWIDTH 21 0
BBX 11 23 5 3
BITMAP
0380
0380
0380
0000
0000
0380
0380
0380
0380
0380
0380
0380
0380
0380
0380
0380
7FE0
7FE0
E380
E380
FF80
7F00
3E00
ENDCHAR
STARTCHAR 1DA9
ENCODING 7593
SWIDTH 600 0
DWIDTH 21 0
BBX 7 23 7 3
BITMAP
F0
F0
F0
F0
F0
F0
F0
F0
F0
F0
F0
F0
F0
F0
F0
F0
F0
F0
F0
70
7E
7E
3E
ENDCHAR
STARTCHAR 1DAA
ENCODING 7594
SWIDTH 600 0
DWIDTH 21 0
BBX 5 23 8 3
BITMAP
70
70
70
70
70
70
70
70
70
70
70
70
70
70
70
70
78
78
38
38
F8
F8
F0
ENDCHAR
STARTCHAR 1DAB
ENCODING 7595
SWIDTH 600 0
DWIDTH 21 0
BBX 9 13 6 8
BITMAP
F000
F000
F000
F000
F000
F000
F000
F000
F000
F000
F000
FF80
FF80
ENDCHAR
STARTCHAR 1DAC
ENCODING 7596
SWIDTH 600 0
DWIDTH 21 0
BBX 19 18 1 3
BITMAP
F78780
FFCFC0
7FFFC0
71F1C0
70E1E0
70E1E0
70E1E0
70E1E0
70E1E0
70E1E0
70E1E0
70E1E0
70E1E0
0001E0
0001E0
0007C0
0007C0
000780
ENDCHAR
STARTCHAR 1DAD
ENCODING 7597
SWIDTH 600 0
DWIDTH 21 0
BBX 19 18 1 3
BITMAP
F0E1E0
F0E1E0
F0E1E0
F0E1E0
F0E1E0
F0E1E0
F0E1E0
F0E1E0
F0E1E0
71F1E0
7FFFE0
7E7FE0
3C3DE0
0001E0
0001E0
0001E0
0001E0
0001E0
ENDCHAR
STARTCHAR 1DAE
ENCODING 7598
SWIDTH 600 0
DWIDTH 21 0
BBX 15 18 3 3
BITMAP
1CF8
1DFC
1DFC
1E1C
1E1E
1C1E
1C1E
1C1E
1C1E
1C1E
1C1E
1C1E
1C1E
1C00
1C00
FC00
FC00
F800
ENDCHAR
STARTCHAR 1DAF
ENCODING 7599
SWIDTH 600 0
DWIDTH 21 0
BBX 15 18 3 3
BITMAP
F3C0
F7E0
FFF0
F8F0
F070
F070
F070
F070
F070
F070
F070
F070
F070
0070
0070
007E
007E
003E
ENDCHAR
STARTCHAR 1DB0
ENCODING 7600
SWIDTH 600 0
DWIDTH 21 0
BBX 11 13 5 8
BITMAP
E0E0
F0E0
F8E0
F8E0
FCE0
ECE0
EEE0
E7E0
E7E0
E3E0
E1E0
E1E0
E0E0
ENDCHAR
STARTCHAR 1DB1
ENCODING 7601
SWIDTH 600 0
DWIDTH 21 0
BBX 13 13 4 8
BITMAP
0F80
3FE0
78F0
7070
F078
FFF8
FFF8
F078
F078
7070
79F0
3FE0
0F80
ENDCHAR
STARTCHAR 1DB2
ENCODING 7602
SWIDTH 600 0
DWIDTH 21 0
BBX 17 23 2 3
BITMAP
01C000
01C000
01C000
01C000
01C000
0FF800
3FFE00
3DDE00
79CF00
71C700
71C700
F1C780
71C700
71C700
79CF00
3DDE00
1FFC00
0FF800
01C000
01C000
01C000
01C000
01C000
ENDCHAR
STARTCHAR 1DB3
ENCODING 7603
SWIDTH 600 0
DWIDTH 21 0
BBX 11 18 5 3
BITMAP
1F00
7FC0
F1E0
E0E0
F000
7F00
3FC0
0FE0
00E0
E0E0
F1E0
FFC0
FF80
E000
E000
F800
F800
7800
ENDCHAR
STARTCHAR 1DB4
ENCODING 7604
SWIDTH 600 0
DWIDTH 21 0
BBX 9 23 6 3
BITMAP
0780
0F80
1F80
1C00
1C00
1C00
1C00
1C00
1C00
1C00
1C00
1C00
1C00
1C00
1C00
1C00
1C00
1C00
1C00
1C00
FC00
F800
F000
ENDCHAR
STARTCHAR 1DB5
ENCODING 7605
SWIDTH 600 0
DWIDTH 21 0
BBX 7 21 7 3
BITMAP
38
38
38
FE
FE
78
78
78
78
78
78
78
78
7C
3E
1E
0E
0E
3E
3E
3C
ENDCHAR
STARTCHAR 1DB6
ENCODING 7606
SWIDTH 600 0
DWIDTH 21 0
BBX 15 13 3 8
BITMAP
3838
3838
3838
3838
3838
FFFE
FFFE
3838
3838
3878
3FF8
1FB8
0F38
ENDCHAR
STARTCHAR 1DB7
ENCODING 7607
SWIDTH 600 0
DWIDTH 21 0
BBX 13 13 4 8
BITMAP
F078
F8F8
78F0
38E0
7070
7070
F078
E038
F078
F078
78F0
3FE0
1F80
ENDCHAR
STARTCHAR 1DB8
ENCODING 7608
SWIDTH 600 0
DWIDTH 21 0
BBX 11 13 5 8
BITMAP
E0E0
E0E0
E0E0
E0E0
E0E0
E0E0
E0E0
E0E0
E0E0
F1E0
FBE0
7FC0
3F00
ENDCHAR
STARTCHAR 1DB9
ENCODING 7609
SWIDTH 600 0
DWIDTH 21 0
BBX 11 13 5 8
BITMAP
E780
E7C0
E7E0
E0E0
E0E0
E0E0
E0E0
E0E0
E0E0
F1C0
FFC0
7F80
3F00
ENDCHAR
STARTCHAR 1DBA
ENCODING 7610
SWIDTH 600 0
DWIDTH 21 0
BBX 13 13 4 8
BITMAP
0F80
0F80
0F80
1DC0
1DC0
1DC0
38E0
38E0
38E0
70F0
7070
F070
F078
ENDCHAR
STARTCHAR 1DBB
ENCODING 7611
SWIDTH 600 0
DWIDTH 21 0
BBX 11 13 5 8
BITMAP
7FC0
7FC0
03C0
0380
0700
0F00
1E00
1C00
3C00
7800
7000
FFE0
FFE0
ENDCHAR
STARTCHAR 1DBC
ENCODING 7612
SWIDTH 600 0
DWIDTH 21 0
BBX 13 18 4 3
BITMAP
FFC0
FFC0
03C0
0780
0700
0E00
1E00
3C00
3800
7000
F000
FFC0
FFC0
01C0
01C0
00F8
00F8
0078
ENDCHAR
STARTCHAR 1DBD
ENCODING 7613
SWIDTH 600 0
DWIDTH 21 0
BBX 15 15 3 6
BITMAP
FFC0
FFC0
03C0
0780
0700
0E00
1E3C
3C7E
38EE
71CE
F39E
FFFC
FFF8
0600
0600
ENDCHAR
STARTCHAR 1DBE
ENCODING 7614
SWIDTH 600 0
DWIDTH 21 0
BBX 11 18 5 3
BITMAP
FFE0
FFE0
01E0
03C0
0780
0F00
1E00
1F80
1FC0
01E0
00E0
00E0
00E0
E0E0
E0E0
F1E0
7FC0
1F00
ENDCHAR
STARTCHAR 1DBF
ENCODING 7615
SWIDTH 600 0
DWIDTH 21 0
BBX 11 18 5 8
BITMAP
1F00
3F80
7BC0
71C0
71C0
E0E0
E0E0
E0E0
FFE0
FFE0
E0E0
E0E0
E0E0
71C0
71C0
7BC0
3F80
1F00
ENDCHAR
STARTCHAR 1DC0
ENCODING 7616
SWIDTH 0 0
DWIDTH 0 0
BBX 12 7 -6 20
BITMAP
1E70
1E70
0E70
EF70
E700
E700
E300
ENDCHAR
STARTCHAR 1DC1
ENCODING 7617
SWIDTH 0 0
DWIDTH 0 0
BBX 12 7 -6 20
BITMAP
E780
E780
E700
EF70
0E70
0E70
0C70
ENDCHAR
STARTCHAR 1DC2
ENCODING 7618
SWIDTH 0 0
DWIDTH 0 0
BBX 4 6 -2 -8
BITMAP
E0
20
C0
60
60
70
ENDCHAR
STARTCHAR 1DC3
ENCODING 7619
SWIDTH 0 0
DWIDTH 0 0
BBX 13 5 -6 21
BITMAP
E078
F1F8
FFF8
7FC0
3E00
ENDCHAR
STARTCHAR 1DC4
ENCODING 7620
SWIDTH 0 0
DWIDTH 0 0
BBX 10 5 -5 20
BITMAP
0080
03C0
FFC0
FF00
FE00
ENDCHAR
STARTCHAR 1DC5
ENCODING 7621
SWIDTH 0 0
DWIDTH 0 0
BBX 10 5 -5 20
BITMAP
4000
F000
FFC0
3FC0
1FC0
ENDCHAR
STARTCHAR 1DC6
ENCODING 7622
SWIDTH 0 0
DWIDTH 0 0
BBX 10 5 -5 20
BITMAP
FE00
FF00
FFC0
03C0
0080
ENDCHAR
STARTCHAR 1DC7
ENCODING 7623
SWIDTH 0 0
DWIDTH 0 0
BBX 10 5 -5 20
BITMAP
1FC0
3FC0
FFC0
F000
4000
ENDCHAR
STARTCHAR 1DC8
ENCODING 7624
SWIDTH 0 0
DWIDTH 0 0
BBX 14 5 -7 21
BITMAP
40C0
F3F0
FFFC
3F3C
0C08
ENDCHAR
STARTCHAR 1DC9
ENCODING 7625
SWIDTH 0 0
DWIDTH 0 0
BBX 14 5 -7 21
BITMAP
0C08
3F3C
FFFC
F3F0
40C0
ENDCHAR
STARTCHAR 1DCA
ENCODING 7626
SWIDTH 0 0
DWIDTH 0 0
BBX 4 6 -2 -7
BITMAP
F0
F0
C0
C0
C0
C0
ENDCHAR
STARTCHAR 1DFE
ENCODING 7678
SWIDTH 0 0
DWIDTH 0 0
BBX 4 7 -2 19
BITMAP
10
30
F0
C0
F0
30
10
ENDCHAR
STARTCHAR 1DFF
ENCODING 7679
SWIDTH 0 0
DWIDTH 0 0
BBX 12 7 -5 -7
BITMAP
8000
E630
7360
1960
71C0
E080
8000
ENDCHAR
STARTCHAR 1E00
ENCODING 7680
SWIDTH 600 0
DWIDTH 21 0
BBX 21 31 0 -8
BITMAP
01FC00
01FC00
01FC00
03DE00
03DE00
03DE00
07DF00
078F00
078F00
0F8F80
0F8F80
0F0780
1F07C0
1F07C0
1FFFC0
3FFFE0
3FFFE0
3FFFE0
7C01F0
7C01F0
7C01F0
FC00F8
F800F8
000000
007000
00F800
018C00
018C00
018C00
00F800
007000
ENDCHAR
STARTCHAR 1E01
ENCODING 7681
SWIDTH 600 0
DWIDTH 21 0
BBX 18 26 2 -8
BITMAP
07F000
1FFC00
3FFE00
7E3E00
7C3E00
001F00
001F00
0FFF00
3FFF00
7FFF00
FC1F00
F81F00
F83F00
F83F00
FCFF00
FFEFC0
7FCFC0
1F07C0
000000
01E000
03E000
023000
063000
023000
03E000
01E000
ENDCHAR
STARTCHAR 1E02
ENCODING 7682
SWIDTH 600 0
DWIDTH 21 0
BBX 18 29 2 0
BITMAP
03E000
03E000
03E000
03E000
000000
000000
FFF800
FFFE00
FFFF00
FFFF00
F81F80
F80F80
F80F80
F80F80
F81F00
FFFE00
FFF800
FFFE00
FFFF80
F80FC0
F807C0
F807C0
F807C0
F807C0
F80FC0
FFFFC0
FFFF80
FFFF00
FFFC00
ENDCHAR
STARTCHAR 1E03
ENCODING 7683
SWIDTH 600 0
DWIDTH 21 0
BBX 17 25 2 0
BITMAP
787C00
787C00
787C00
787C00
780000
780000
780000
78F800
79FE00
7BFF00
7F3F00
7C1F80
7C0F80
7C0F80
780F80
780F80
780F80
780F80
7C0F80
7C0F80
7C1F80
7F3F00
FBFF00
F9FE00
F8F800
ENDCHAR
STARTCHAR 1E04
ENCODING 7684
SWIDTH 600 0
DWIDTH 21 0
BBX 18 30 2 -7
BITMAP
FFF800
FFFE00
FFFF00
FFFF00
F81F80
F80F80
F80F80
F80F80
F81F00
FFFE00
FFF800
FFFE00
FFFF80
F80FC0
F807C0
F807C0
F807C0
F807C0
F80FC0
FFFFC0
FFFF80
FFFF00
FFFC00
000000
000000
000000
03E000
03E000
03E000
03E000
ENDCHAR
STARTCHAR 1E05
ENCODING 7685
SWIDTH 600 0
DWIDTH 21 0
BBX 17 32 2 -7
BITMAP
780000
780000
780000
780000
780000
780000
780000
78F800
79FE00
7BFF00
7F3F00
7C1F80
7C0F80
7C0F80
780F80
780F80
780F80
780F80
7C0F80
7C0F80
7C1F80
7F3F00
FBFF00
F9FE00
F8F800
000000
000000
000000
03E000
03E000
03E000
03E000
ENDCHAR
STARTCHAR 1E06
ENCODING 7686
SWIDTH 600 0
DWIDTH 21 0
BBX 18 29 2 -6
BITMAP
FFF800
FFFE00
FFFF00
FFFF00
F81F80
F80F80
F80F80
F80F80
F81F00
FFFE00
FFF800
FFFE00
FFFF80
F80FC0
F807C0
F807C0
F807C0
F807C0
F80FC0
FFFFC0
FFFF80
FFFF00
FFFC00
000000
000000
000000
1FFC00
1FFC00
1FFC00
ENDCHAR
STARTCHAR 1E07
ENCODING 7687
SWIDTH 600 0
DWIDTH 21 0
BBX 17 31 2 -6
BITMAP
780000
780000
780000
780000
780000
780000
780000
78F800
79FE00
7BFF00
7F3F00
7C1F80
7C0F80
7C0F80
780F80
780F80
780F80
780F80
7C0F80
7C0F80
7C1F80
7F3F00
FBFF00
F9FE00
F8F800
000000
000000
000000
1FFC00
1FFC00
1FFC00
ENDCHAR
STARTCHAR 1E08
ENCODING 7688
SWIDTH 600 0
DWIDTH 21 0
BBX 19 37 1 -8
BITMAP
001F00
003E00
007C00
00F800
00E000
000000
03F800
0FFE00
1FFF00
3FFF80
3F0FC0
7E07C0
7C07C0
7C0300
7C0000
FC0000
FC0000
FC0000
FC0000
FC0000
7C0000
7C0380
7C03E0
7E07C0
3F0FC0
3FFF80
1FFF80
07FE00
01F800
00E000
00C000
00F000
01F800
003800
003800
01F800
01E000
ENDCHAR
STARTCHAR 1E09
ENCODING 7689
SWIDTH 600 0
DWIDTH 21 0
BBX 17 33 2 -8
BITMAP
003E00
007C00
00F000
01E000
03C000
000000
000000
07F000
1FFC00
3FFE00
7F3F00
7C1F00
F80F80
F80000
F80000
F80000
F80000
F80000
F80F80
F80F80
7C1F00
7F3F00
3FFE00
1FFC00
07F000
01C000
018000
03E000
01F000
007000
007000
07F000
07C000
ENDCHAR
STARTCHAR 1E0A
ENCODING 7690
SWIDTH 600 0
DWIDTH 21 0
BBX 18 29 2 0
BITMAP
03E000
03E000
03E000
03E000
000000
000000
FFE000
FFF800
FFFE00
FFFF00
F83F00
F81F80
F80F80
F80F80
F80F80
F80FC0
F807C0
F807C0
F80FC0
F80FC0
F80F80
F80F80
F80F80
F81F80
F83F00
FFFE00
FFFE00
FFF800
FFE000
ENDCHAR
STARTCHAR 1E0B
ENCODING 7691
SWIDTH 600 0
DWIDTH 21 0
BBX 17 25 2 0
BITMAP
0F8F00
0F8F00
0F8F00
0F8F00
000F00
000F00
000F00
0F8F00
3FCF00
7FEF00
7E7F00
FC1F00
F81F00
F81F00
F80F00
F80F00
F80F00
F80F00
F81F00
F81F00
FC3F00
7E7F00
7FEF00
3FCF80
0F8F80
ENDCHAR
STARTCHAR 1E0C
ENCODING 7692
SWIDTH 600 0
DWIDTH 21 0
BBX 18 30 2 -7
BITMAP
FFE000
FFF800
FFFE00
FFFF00
F83F00
F81F80
F80F80
F80F80
F80F80
F80FC0
F807C0
F807C0
F80FC0
F80FC0
F80F80
F80F80
F80F80
F81F80
F83F00
FFFE00
FFFE00
FFF800
FFE000
000000
000000
000000
03E000
03E000
03E000
03E000
ENDCHAR
STARTCHAR 1E0D
ENCODING 7693
SWIDTH 600 0
DWIDTH 21 0
BBX 17 32 2 -7
BITMAP
000F00
000F00
000F00
000F00
000F00
000F00
000F00
0F8F00
3FCF00
7FEF00
7E7F00
FC1F00
F81F00
F81F00
F80F00
F80F00
F80F00
F80F00
F81F00
F81F00
FC3F00
7E7F00
7FEF00
3FCF80
0F8F80
000000
000000
000000
03E000
03E000
03E000
03E000
ENDCHAR
STARTCHAR 1E0E
ENCODING 7694
SWIDTH 600 0
DWIDTH 21 0
BBX 18 29 2 -6
BITMAP
FFE000
FFF800
FFFE00
FFFF00
F83F00
F81F80
F80F80
F80F80
F80F80
F80FC0
F807C0
F807C0
F80FC0
F80FC0
F80F80
F80F80
F80F80
F81F80
F83F00
FFFE00
FFFE00
FFF800
FFE000
000000
000000
000000
1FFC00
1FFC00
1FFC00
ENDCHAR
STARTCHAR 1E0F
ENCODING 7695
SWIDTH 600 0
DWIDTH 21 0
BBX 17 31 2 -6
BITMAP
000F00
000F00
000F00
000F00
000F00
000F00
000F00
0F8F00
3FCF00
7FEF00
7E7F00
FC1F00
F81F00
F81F00
F80F00
F80F00
F80F00
F80F00
F81F00
F81F00
FC3F00
7E7F00
7FEF00
3FCF80
0F8F80
000000
000000
000000
1FFC00
1FFC00
1FFC00
ENDCHAR
STARTCHAR 1E10
ENCODING 7696
SWIDTH 600 0
DWIDTH 21 0
BBX 18 30 2 -7
BITMAP
FFE000
FFF800
FFFE00
FFFF00
F83F00
F81F80
F80F80
F80F80
F80F80
F80FC0
F807C0
F807C0
F80FC0
F80FC0
F80F80
F80F80
F80F80
F81F80
F83F00
FFFE00
FFFE00
FFF800
FFE000
000000
03E000
03E000
03E000
03C000
00C000
018000
ENDCHAR
STARTCHAR 1E11
ENCODING 7697
SWIDTH 600 0
DWIDTH 21 0
BBX 17 32 2 -7
BITMAP
000F00
000F00
000F00
000F00
000F00
000F00
000F00
0F8F00
3FCF00
7FEF00
7E7F00
FC1F00
F81F00
F81F00
F80F00
F80F00
F80F00
F80F00
F81F00
F81F00
FC3F00
7E7F00
7FEF00
3FCF80
0F8F80
000000
01E000
01E000
01E000
01E000
00C000
01C000
ENDCHAR
STARTCHAR 1E12
ENCODING 7698
SWIDTH 600 0
DWIDTH 21 0
BBX 18 32 2 -9
BITMAP
FFE000
FFF800
FFFE00
FFFF00
F83F00
F81F80
F80F80
F80F80
F80F80
F80FC0
F807C0
F807C0
F80FC0
F80FC0
F80F80
F80F80
F80F80
F81F80
F83F00
FFFE00
FFFE00
FFF800
FFE000
000000
000000
000000
000000
03E000
07F000
0FF800
1E3C00
381E00
ENDCHAR
STARTCHAR 1E13
ENCODING 7699
SWIDTH 600 0
DWIDTH 21 0
BBX 17 34 2 -9
BITMAP
000F00
000F00
000F00
000F00
000F00
000F00
000F00
0F8F00
3FCF00
7FEF00
7E7F00
FC1F00
F81F00
F81F00
F80F00
F80F00
F80F00
F80F00
F81F00
F81F00
FC3F00
7E7F00
7FEF00
3FCF80
0F8F80
000000
000000
000000
000000
03E000
07F000
0FF800
1E7800
381C00
ENDCHAR
STARTCHAR 1E14
ENCODING 7700
SWIDTH 600 0
DWIDTH 21 0
BBX 18 31 2 0
BITMAP
0F0000
038000
01C000
000000
1FFC00
1FFC00
000000
000000
FFFF80
FFFF80
FFFF80
FFFF80
F80000
F80000
F80000
F80000
F80000
FFFF00
FFFF00
FFFF00
FFFF00
F80000
F80000
F80000
F80000
F80000
F80000
FFFFC0
FFFFC0
FFFFC0
FFFFC0
ENDCHAR
STARTCHAR 1E15
ENCODING 7701
SWIDTH 600 0
DWIDTH 21 0
BBX 17 30 2 0
BITMAP
1F0000
0F0000
078000
038000
01C000
000000
1FFC00
1FFC00
1FFC00
000000
000000
000000
07F000
1FFC00
3FFE00
7E1F00
7C0F00
F80F80
F80780
FFFF80
FFFF80
FFFF80
F80000
F80000
F80000
7C0F80
7E3F00
3FFF00
1FFC00
07F000
ENDCHAR
STARTCHAR 1E16
ENCODING 7702
SWIDTH 600 0
DWIDTH 21 0
BBX 18 31 2 0
BITMAP
007800
00E000
01C000
000000
1FFC00
1FFC00
000000
000000
FFFF80
FFFF80
FFFF80
FFFF80
F80000
F80000
F80000
F80000
F80000
FFFF00
FFFF00
FFFF00
FFFF00
F80000
F80000
F80000
F80000
F80000
F80000
FFFFC0
FFFFC0
FFFFC0
FFFFC0
ENDCHAR
STARTCHAR 1E17
ENCODING 7703
SWIDTH 600 0
DWIDTH 21 0
BBX 17 30 2 0
BITMAP
007C00
00F800
00F000
01E000
038000
000000
1FFC00
1FFC00
1FFC00
000000
000000
000000
07F000
1FFC00
3FFE00
7E1F00
7C0F00
F80F80
F80780
FFFF80
FFFF80
FFFF80
F80000
F80000
F80000
7C0F80
7E3F00
3FFF00
1FFC00
07F000
ENDCHAR
STARTCHAR 1E18
ENCODING 7704
SWIDTH 600 0
DWIDTH 21 0
BBX 18 32 2 -9
BITMAP
FFFF80
FFFF80
FFFF80
FFFF80
F80000
F80000
F80000
F80000
F80000
FFFF00
FFFF00
FFFF00
FFFF00
F80000
F80000
F80000
F80000
F80000
F80000
FFFFC0
FFFFC0
FFFFC0
FFFFC0
000000
000000
000000
000000
01E000
03F000
07F800
0F3C00
1C0E00
ENDCHAR
STARTCHAR 1E19
ENCODING 7705
SWIDTH 600 0
DWIDTH 21 0
BBX 17 27 2 -9
BITMAP
07F000
1FFC00
3FFE00
7E1F00
7C0F00
F80F80
F80780
FFFF80
FFFF80
FFFF80
F80000
F80000
F80000
7C0F80
7E3F00
3FFF00
1FFC00
07F000
000000
000000
000000
000000
03E000
07F000
0FF800
1E3C00
3C1E00
ENDCHAR
STARTCHAR 1E1A
ENCODING 7706
SWIDTH 600 0
DWIDTH 21 0
BBX 18 29 2 -6
BITMAP
FFFF80
FFFF80
FFFF80
FFFF80
F80000
F80000
F80000
F80000
F80000
FFFF00
FFFF00
FFFF00
FFFF00
F80000
F80000
F80000
F80000
F80000
F80000
FFFFC0
FFFFC0
FFFFC0
FFFFC0
000000
0F0700
1FC600
1FFE00
38FE00
383C00
ENDCHAR
STARTCHAR 1E1B
ENCODING 7707
SWIDTH 600 0
DWIDTH 21 0
BBX 17 24 2 -6
BITMAP
07F000
1FFC00
3FFE00
7E1F00
7C0F00
F80F80
F80780
FFFF80
FFFF80
FFFF80
F80000
F80000
F80000
7C0F80
7E3F00
3FFF00
1FFC00
07F000
000000
0F0600
1FCE00
3FFE00
39FC00
307800
ENDCHAR
STARTCHAR 1E1C
ENCODING 7708
SWIDTH 600 0
DWIDTH 21 0
BBX 18 37 2 -8
BITMAP
380C00
1C1C00
1FFC00
0FF800
03E000
000000
FFFF80
FFFF80
FFFF80
FFFF80
F80000
F80000
F80000
F80000
F80000
FFFF00
FFFF00
FFFF00
FFFF00
F80000
F80000
F80000
F80000
F80000
F80000
FFFFC0
FFFFC0
FFFFC0
FFFFC0
006000
00E000
00F800
007C00
001C00
003C00
01F800
01F000
ENDCHAR
STARTCHAR 1E1D
ENCODING 7709
SWIDTH 600 0
DWIDTH 21 0
BBX 17 33 2 -8
BITMAP
380C00
1C1C00
1FFC00
0FF800
03E000
000000
000000
07F000
1FFC00
3FFE00
7E1F00
7C0F00
F80F80
F80780
FFFF80
FFFF80
FFFF80
F80000
F80000
F80000
7C0F80
7E3F00
3FFF00
1FFC00
07F000
00C000
01C000
01F000
00F800
003800
007800
03F000
03E000
ENDCHAR
STARTCHAR 1E1E
ENCODING 7710
SWIDTH 600 0
DWIDTH 21 0
BBX 16 29 3 0
BITMAP
03C0
03C0
03C0
03C0
0000
0000
FFFF
FFFF
FFFF
FFFF
F800
F800
F800
F800
F800
F800
FFFF
FFFF
FFFF
FFFF
F800
F800
F800
F800
F800
F800
F800
F800
F800
ENDCHAR
STARTCHAR 1E1F
ENCODING 7711
SWIDTH 600 0
DWIDTH 21 0
BBX 17 28 2 0
BITMAP
00F800
00F800
00F800
00F800
000000
00FF80
03FF80
07FF80
07E180
0FC000
0F8000
0F8000
FFFF80
FFFF80
FFFF80
0F8000
0F8000
0F8000
0F8000
0F8000
0F8000
0F8000
0F8000
0F8000
0F8000
0F8000
0F8000
0F8000
ENDCHAR
STARTCHAR 1E20
ENCODING 7712
SWIDTH 600 0
DWIDTH 21 0
BBX 18 29 1 0
BITMAP
0FFE00
0FFE00
0FFE00
000000
000000
000000
03F800
0FFE00
1FFF00
3FFF80
3F0F80
7E0FC0
7C0700
7C0000
7C0000
FC0000
FC7FC0
F87FC0
FC7FC0
FC7FC0
7C03C0
7C03C0
7C03C0
7E03C0
3F0FC0
3FFFC0
1FFF80
07FE00
03F800
ENDCHAR
STARTCHAR 1E21
ENCODING 7713
SWIDTH 600 0
DWIDTH 21 0
BBX 17 31 2 -7
BITMAP
0FFC00
0FFC00
0FFC00
000000
000000
000000
0F8F80
1FEF80
3FFF80
7F7F80
7C1F80
FC0F80
F80F80
F80F80
F80F80
F80F80
F80F80
F80F80
FC0F80
7C1F80
7F7F80
3FFF80
1FEF80
0F8F80
000F80
000F80
7C1F00
7E3F00
3FFE00
1FFC00
07F000
ENDCHAR
STARTCHAR 1E22
ENCODING 7714
SWIDTH 600 0
DWIDTH 21 0
BBX 17 28 2 0
BITMAP
03E000
03E000
03E000
03E000
000000
F80F80
F80F80
F80F80
F80F80
F80F80
F80F80
F80F80
F80F80
F80F80
FFFF80
FFFF80
FFFF80
FFFF80
F80F80
F80F80
F80F80
F80F80
F80F80
F80F80
F80F80
F80F80
F80F80
F80F80
ENDCHAR
STARTCHAR 1E23
ENCODING 7715
SWIDTH 600 0
DWIDTH 21 0
BBX 17 29 2 0
BITMAP
03E000
03E000
03E000
03E000
000000
000000
F80000
F80000
F80000
F80000
F80000
F87C00
F9FE00
FBFF00
FFFF00
FE1F80
FC0F80
FC0F80
F80F80
F80F80
F80F80
F80F80
F80F80
F80F80
F80F80
F80F80
F80F80
F80F80
F80F80
ENDCHAR
STARTCHAR 1E24
ENCODING 7716
SWIDTH 600 0
DWIDTH 21 0
BBX 17 30 2 -7
BITMAP
F80F80
F80F80
F80F80
F80F80
F80F80
F80F80
F80F80
F80F80
F80F80
FFFF80
FFFF80
FFFF80
FFFF80
F80F80
F80F80
F80F80
F80F80
F80F80
F80F80
F80F80
F80F80
F80F80
F80F80
000000
000000
000000
03E000
03E000
03E000
03E000
ENDCHAR
STARTCHAR 1E25
ENCODING 7717
SWIDTH 600 0
DWIDTH 21 0
BBX 17 32 2 -7
BITMAP
F80000
F80000
F80000
F80000
F80000
F80000
F80000
F87C00
F9FE00
FBFF00
FFFF00
FE1F80
FC0F80
FC0F80
F80F80
F80F80
F80F80
F80F80
F80F80
F80F80
F80F80
F80F80
F80F80
F80F80
F80F80
000000
000000
000000
03E000
03E000
03E000
03E000
ENDCHAR
STARTCHAR 1E26
ENCODING 7718
SWIDTH 600 0
DWIDTH 21 0
BBX 17 28 2 0
BITMAP
1E3C00
1E3C00
1E3C00
1E3C00
000000
F80F80
F80F80
F80F80
F80F80
F80F80
F80F80
F80F80
F80F80
F80F80
FFFF80
FFFF80
FFFF80
FFFF80
F80F80
F80F80
F80F80
F80F80
F80F80
F80F80
F80F80
F80F80
F80F80
F80F80
ENDCHAR
STARTCHAR 1E27
ENCODING 7719
SWIDTH 600 0
DWIDTH 21 0
BBX 17 28 2 0
BITMAP
1E3C00
1E3C00
1E3C00
1E3C00
000000
F80000
F80000
F80000
F80000
F80000
F87C00
F9FE00
FBFF00
FFFF00
FE1F80
FC0F80
FC0F80
F80F80
F80F80
F80F80
F80F80
F80F80
F80F80
F80F80
F80F80
F80F80
F80F80
F80F80
ENDCHAR
STARTCHAR 1E28
ENCODING 7720
SWIDTH 600 0
DWIDTH 21 0
BBX 17 31 2 -8
BITMAP
F80F80
F80F80
F80F80
F80F80
F80F80
F80F80
F80F80
F80F80
F80F80
FFFF80
FFFF80
FFFF80
FFFF80
F80F80
F80F80
F80F80
F80F80
F80F80
F80F80
F80F80
F80F80
F80F80
F80F80
180000
380000
3E0000
1F0000
070000
0F0000
7E0000
7C0000
ENDCHAR
STARTCHAR 1E29
ENCODING 7721
SWIDTH 600 0
DWIDTH 21 0
BBX 17 33 2 -8
BITMAP
F80000
F80000
F80000
F80000
F80000
F80000
F80000
F87C00
F9FE00
FBFF00
FFFF00
FE1F80
FC0F80
FC0F80
F80F80
F80F80
F80F80
F80F80
F80F80
F80F80
F80F80
F80F80
F80F80
F80F80
F80F80
180000
380000
3E0000
1F0000
070000
0F0000
7E0000
7C0000
ENDCHAR
STARTCHAR 1E2A
ENCODING 7722
SWIDTH 600 0
DWIDTH 21 0
BBX 17 31 2 -8
BITMAP
F80F80
F80F80
F80F80
F80F80
F80F80
F80F80
F80F80
F80F80
F80F80
FFFF80
FFFF80
FFFF80
FFFF80
F80F80
F80F80
F80F80
F80F80
F80F80
F80F80
F80F80
F80F80
F80F80
F80F80
000000
000000
000000
180E00
1C1C00
1FFC00
0FF800
03F000
ENDCHAR
STARTCHAR 1E2B
ENCODING 7723
SWIDTH 600 0
DWIDTH 21 0
BBX 17 33 2 -8
BITMAP
F80000
F80000
F80000
F80000
F80000
F80000
F80000
F87C00
F9FE00
FBFF00
FFFF00
FE1F80
FC0F80
FC0F80
F80F80
F80F80
F80F80
F80F80
F80F80
F80F80
F80F80
F80F80
F80F80
F80F80
F80F80
000000
000000
000000
1C0E00
1C1E00
1FFC00
0FF800
03F000
ENDCHAR
STARTCHAR 1E2C
ENCODING 7724
SWIDTH 600 0
DWIDTH 21 0
BBX 15 29 3 -6
BITMAP
FFFE
FFFE
FFFE
FFFE
07C0
07C0
07C0
07C0
07C0
07C0
07C0
07C0
07C0
07C0
07C0
07C0
07C0
07C0
07C0
FFFE
FFFE
FFFE
FFFE
0000
1E0C
3F9C
7FFC
73F8
60F0
ENDCHAR
STARTCHAR 1E2D
ENCODING 7725
SWIDTH 600 0
DWIDTH 21 0
BBX 18 31 2 -6
BITMAP
01F000
01F000
01F000
01F000
000000
000000
000000
3FF000
3FF000
3FF000
01F000
01F000
01F000
01F000
01F000
01F000
01F000
01F000
01F000
01F000
01F000
01F000
FFFFC0
FFFFC0
FFFFC0
000000
0F0600
1FC600
1FFE00
38FE00
383C00
ENDCHAR
STARTCHAR 1E2E
ENCODING 7726
SWIDTH 600 0
DWIDTH 21 0
BBX 15 31 3 0
BITMAP
01F0
01C0
0380
1C70
1C70
1C70
0000
0000
FFFE
FFFE
FFFE
FFFE
07C0
07C0
07C0
07C0
07C0
07C0
07C0
07C0
07C0
07C0
07C0
07C0
07C0
07C0
07C0
FFFE
FFFE
FFFE
FFFE
ENDCHAR
STARTCHAR 1E2F
ENCODING 7727
SWIDTH 600 0
DWIDTH 21 0
BBX 18 30 2 0
BITMAP
007C00
00F800
01F000
03C000
078000
3C7800
3C7800
3C7800
3C7800
000000
000000
000000
3FF000
3FF000
3FF000
01F000
01F000
01F000
01F000
01F000
01F000
01F000
01F000
01F000
01F000
01F000
01F000
FFFFC0
FFFFC0
FFFFC0
ENDCHAR
STARTCHAR 1E30
ENCODING 7728
SWIDTH 600 0
DWIDTH 21 0
BBX 19 29 2 0
BITMAP
003E00
007C00
00F800
01E000
03C000
000000
F80FC0
F80FC0
F81F80
F83F00
F83E00
F87C00
F8FC00
F9F800
F9F000
FBE000
FFE000
FFF000
FFF000
FFF800
FEFC00
FC7C00
F87E00
F83F00
F83F00
F81F80
F80F80
F80FC0
F807E0
ENDCHAR
STARTCHAR 1E31
ENCODING 7729
SWIDTH 600 0
DWIDTH 21 0
BBX 17 29 3 0
BITMAP
01F000
03E000
07C000
0F0000
1E0000
000000
F80000
F80000
F80000
F80000
F80000
F81F00
F83E00
F87C00
F8F800
F9F000
FBE000
FFC000
FFC000
FFE000
FFF000
FDF000
F8F800
F87C00
F87C00
F83E00
F83E00
F81F00
F81F80
ENDCHAR
STARTCHAR 1E32
ENCODING 7730
SWIDTH 600 0
DWIDTH 21 0
BBX 19 30 2 -7
BITMAP
F80FC0
F80FC0
F81F80
F83F00
F83E00
F87C00
F8FC00
F9F800
F9F000
FBE000
FFE000
FFF000
FFF000
FFF800
FEFC00
FC7C00
F87E00
F83F00
F83F00
F81F80
F80F80
F80FC0
F807E0
000000
000000
000000
03E000
03E000
03E000
03E000
ENDCHAR
STARTCHAR 1E33
ENCODING 7731
SWIDTH 600 0
DWIDTH 21 0
BBX 17 32 3 -7
BITMAP
F80000
F80000
F80000
F80000
F80000
F80000
F80000
F81F00
F83E00
F87C00
F8F800
F9F000
FBE000
FBE000
FFC000
FFE000
FFF000
FDF000
F8F800
F8FC00
F87C00
F83E00
F83E00
F81F00
F81F80
000000
000000
000000
07C000
07C000
07C000
07C000
ENDCHAR
STARTCHAR 1E34
ENCODING 7732
SWIDTH 600 0
DWIDTH 21 0
BBX 19 29 2 -6
BITMAP
F80FC0
F80FC0
F81F80
F83F00
F83E00
F87C00
F8FC00
F9F800
F9F000
FBE000
FFE000
FFF000
FFF000
FFF800
FEFC00
FC7C00
F87E00
F83F00
F83F00
F81F80
F80F80
F80FC0
F807E0
000000
000000
000000
0FFE00
0FFE00
0FFE00
ENDCHAR
STARTCHAR 1E35
ENCODING 7733
SWIDTH 600 0
DWIDTH 21 0
BBX 17 31 3 -6
BITMAP
F80000
F80000
F80000
F80000
F80000
F80000
F80000
F81F00
F83E00
F87C00
F8F800
F9F000
FBE000
FBE000
FFC000
FFE000
FFF000
FDF000
F8F800
F8FC00
F87C00
F83E00
F83E00
F81F00
F81F80
000000
000000
000000
1FFC00
1FFC00
1FFC00
ENDCHAR
STARTCHAR 1E36
ENCODING 7734
SWIDTH 600 0
DWIDTH 21 0
BBX 15 30 4 -7
BITMAP
F800
F800
F800
F800
F800
F800
F800
F800
F800
F800
F800
F800
F800
F800
F800
F800
F800
F800
F800
FFFE
FFFE
FFFE
FFFE
0000
0000
0000
07C0
07C0
07C0
07C0
ENDCHAR
STARTCHAR 1E37
ENCODING 7735
SWIDTH 600 0
DWIDTH 21 0
BBX 16 32 4 -7
BITMAP
FFC0
FFC0
FFC0
07C0
07C0
07C0
07C0
07C0
07C0
07C0
07C0
07C0
07C0
07C0
07C0
07C0
07C0
07C0
07C0
07C0
07C0
07E0
03FF
03FF
00FF
0000
0000
0000
07C0
07C0
07C0
07C0
ENDCHAR
STARTCHAR 1E38
ENCODING 7736
SWIDTH 600 0
DWIDTH 21 0
BBX 15 36 4 -7
BITMAP
3FF8
3FF8
3FF8
0000
0000
0000
F800
F800
F800
F800
F800
F800
F800
F800
F800
F800
F800
F800
F800
F800
F800
F800
F800
F800
F800
FFFE
FFFE
FFFE
FFFE
0000
0000
0000
07C0
07C0
07C0
07C0
ENDCHAR
STARTCHAR 1E39
ENCODING 7737
SWIDTH 600 0
DWIDTH 21 0
BBX 18 34 2 -6
BITMAP
1FFC00
1FFC00
1FFC00
000000
000000
3FF000
3FF000
3FF000
01F000
01F000
01F000
01F000
01F000
01F000
01F000
01F000
01F000
01F000
01F000
01F000
01F000
01F000
01F000
01F000
01F000
FFFFC0
FFFFC0
FFFFC0
000000
000000
01F000
01F000
01F000
01F000
ENDCHAR
STARTCHAR 1E3A
ENCODING 7738
SWIDTH 600 0
DWIDTH 21 0
BBX 15 29 4 -6
BITMAP
F800
F800
F800
F800
F800
F800
F800
F800
F800
F800
F800
F800
F800
F800
F800
F800
F800
F800
F800
FFFE
FFFE
FFFE
FFFE
0000
0000
0000
3FF8
3FF8
3FF8
ENDCHAR
STARTCHAR 1E3B
ENCODING 7739
SWIDTH 600 0
DWIDTH 21 0
BBX 16 31 4 -6
BITMAP
FFC0
FFC0
FFC0
07C0
07C0
07C0
07C0
07C0
07C0
07C0
07C0
07C0
07C0
07C0
07C0
07C0
07C0
07C0
07C0
07C0
07C0
07E0
03FF
03FF
00FF
0000
0000
0000
3FF8
3FF8
3FF8
ENDCHAR
STARTCHAR 1E3C
ENCODING 7740
SWIDTH 600 0
DWIDTH 21 0
BBX 15 32 4 -9
BITMAP
F800
F800
F800
F800
F800
F800
F800
F800
F800
F800
F800
F800
F800
F800
F800
F800
F800
F800
F800
FFFE
FFFE
FFFE
FFFE
0000
0000
0000
0000
07C0
0FE0
1FF0
3C78
783C
ENDCHAR
STARTCHAR 1E3D
ENCODING 7741
SWIDTH 600 0
DWIDTH 21 0
BBX 16 34 4 -9
BITMAP
FFC0
FFC0
FFC0
07C0
07C0
07C0
07C0
07C0
07C0
07C0
07C0
07C0
07C0
07C0
07C0
07C0
07C0
07C0
07C0
07C0
07C0
07E0
03FF
03FF
00FF
0000
0000
0000
0000
07C0
0FE0
1FF0
3C78
783C
ENDCHAR
STARTCHAR 1E3E
ENCODING 7742
SWIDTH 600 0
DWIDTH 21 0
BBX 17 29 2 0
BITMAP
007C00
007800
00F000
01E000
038000
000000
FC1F80
FC1F80
FC1F80
FE1F80
FE3B80
EE3B80
EE3B80
EF3B80
EF7B80
E77380
E77380
E77380
E7F380
E3E380
E3E380
E3E380
E1E380
E00380
E00380
E00380
E00380
E00380
E00380
ENDCHAR
STARTCHAR 1E3F
ENCODING 7743
SWIDTH 600 0
DWIDTH 21 0
BBX 19 25 1 0
BITMAP
001F00
001E00
003C00
007800
00E000
000000
000000
F38780
F7CFC0
FFFFC0
F9F3E0
F9F1E0
F1F1E0
F0F1E0
F0E1E0
F0E1E0
F0E1E0
F0E1E0
F0E1E0
F0E1E0
F0E1E0
F0E1E0
F0E1E0
F0E1E0
F0E1E0
ENDCHAR
STARTCHAR 1E40
ENCODING 7744
SWIDTH 600 0
DWIDTH 21 0
BBX 17 29 2 0
BITMAP
03E000
03E000
03E000
03E000
000000
000000
FC1F80
FC1F80
FC1F80
FE1F80
FE3B80
EE3B80
EE3B80
EF3B80
EF7B80
E77380
E77380
E77380
E7F380
E3E380
E3E380
E3E380
E1E380
E00380
E00380
E00380
E00380
E00380
E00380
ENDCHAR
STARTCHAR 1E41
ENCODING 7745
SWIDTH 600 0
DWIDTH 21 0
BBX 19 25 1 0
BITMAP
01F000
01F000
01F000
01F000
000000
000000
000000
F38780
F7CFC0
FFFFC0
F9F3E0
F9F1E0
F1F1E0
F0F1E0
F0E1E0
F0E1E0
F0E1E0
F0E1E0
F0E1E0
F0E1E0
F0E1E0
F0E1E0
F0E1E0
F0E1E0
F0E1E0
ENDCHAR
STARTCHAR 1E42
ENCODING 7746
SWIDTH 600 0
DWIDTH 21 0
BBX 17 30 2 -7
BITMAP
FC1F80
FC1F80
FC1F80
FE1F80
FE3B80
EE3B80
EE3B80
EF3B80
EF7B80
E77380
E77380
E77380
E7F380
E3E380
E3E380
E3E380
E1E380
E00380
E00380
E00380
E00380
E00380
E00380
000000
000000
000000
03E000
03E000
03E000
03E000
ENDCHAR
STARTCHAR 1E43
ENCODING 7747
SWIDTH 600 0
DWIDTH 21 0
BBX 19 25 1 -7
BITMAP
F38780
F7CFC0
FFFFC0
F9F3E0
F9F1E0
F1F1E0
F0F1E0
F0E1E0
F0E1E0
F0E1E0
F0E1E0
F0E1E0
F0E1E0
F0E1E0
F0E1E0
F0E1E0
F0E1E0
F0E1E0
000000
000000
000000
01F000
01F000
01F000
01F000
ENDCHAR
STARTCHAR 1E44
ENCODING 7748
SWIDTH 600 0
DWIDTH 21 0
BBX 17 29 2 0
BITMAP
03E000
03E000
03E000
03E000
000000
000000
FC0F80
FE0F80
FE0F80
FE0F80
FF0F80
FF0F80
FF8F80
F78F80
F78F80
FBCF80
FBCF80
FBCF80
F9EF80
F9EF80
F8FF80
F8F780
F8F780
F87F80
F87F80
F87F80
F83F80
F83F80
F81F80
ENDCHAR
STARTCHAR 1E45
ENCODING 7749
SWIDTH 600 0
DWIDTH 21 0
BBX 17 25 2 0
BITMAP
03E000
03E000
03E000
03E000
000000
000000
000000
F87C00
F9FE00
FBFF00
FFFF00
FE1F80
FC0F80
FC0F80
F80F80
F80F80
F80F80
F80F80
F80F80
F80F80
F80F80
F80F80
F80F80
F80F80
F80F80
ENDCHAR
STARTCHAR 1E46
ENCODING 7750
SWIDTH 600 0
DWIDTH 21 0
BBX 17 30 2 -7
BITMAP
FC0F80
FE0F80
FE0F80
FE0F80
FF0F80
FF0F80
FF8F80
F78F80
F78F80
FBCF80
FBCF80
FBCF80
F9EF80
F9EF80
F8FF80
F8F780
F8F780
F87F80
F87F80
F87F80
F83F80
F83F80
F81F80
000000
000000
000000
03E000
03E000
03E000
03E000
ENDCHAR
STARTCHAR 1E47
ENCODING 7751
SWIDTH 600 0
DWIDTH 21 0
BBX 17 25 2 -7
BITMAP
F87C00
F9FE00
FBFF00
FFFF00
FE1F80
FC0F80
FC0F80
F80F80
F80F80
F80F80
F80F80
F80F80
F80F80
F80F80
F80F80
F80F80
F80F80
F80F80
000000
000000
000000
03E000
03E000
03E000
03E000
ENDCHAR
STARTCHAR 1E48
ENCODING 7752
SWIDTH 600 0
DWIDTH 21 0
BBX 17 29 2 -6
BITMAP
FC0F80
FE0F80
FE0F80
FE0F80
FF0F80
FF0F80
FF8F80
F78F80
F78F80
FBCF80
FBCF80
FBCF80
F9EF80
F9EF80
F8FF80
F8F780
F8F780
F87F80
F87F80
F87F80
F83F80
F83F80
F81F80
000000
000000
000000
0FFC00
0FFC00
0FFC00
ENDCHAR
STARTCHAR 1E49
ENCODING 7753
SWIDTH 600 0
DWIDTH 21 0
BBX 17 24 2 -6
BITMAP
F87C00
F9FE00
FBFF00
FFFF00
FE1F80
FC0F80
FC0F80
F80F80
F80F80
F80F80
F80F80
F80F80
F80F80
F80F80
F80F80
F80F80
F80F80
F80F80
000000
000000
000000
0FFC00
0FFC00
0FFC00
ENDCHAR
STARTCHAR 1E4A
ENCODING 7754
SWIDTH 600 0
DWIDTH 21 0
BBX 17 32 2 -9
BITMAP
FC0F80
FE0F80
FE0F80
FE0F80
FF0F80
FF0F80
FF8F80
F78F80
F78F80
FBCF80
FBCF80
FBCF80
F9EF80
F9EF80
F8FF80
F8F780
F8F780
F87F80
F87F80
F87F80
F83F80
F83F80
F81F80
000000
000000
000000
000000
03E000
07F000
0FF800
1E3C00
3C1E00
ENDCHAR
STARTCHAR 1E4B
ENCODING 7755
SWIDTH 600 0
DWIDTH 21 0
BBX 17 27 2 -9
BITMAP
F87C00
F9FE00
FBFF00
FFFF00
FE1F80
FC0F80
FC0F80
F80F80
F80F80
F80F80
F80F80
F80F80
F80F80
F80F80
F80F80
F80F80
F80F80
F80F80
000000
000000
000000
000000
03E000
07F000
0FF800
1E3C00
3C1E00
ENDCHAR
STARTCHAR 1E4C
ENCODING 7756
SWIDTH 600 0
DWIDTH 21 0
BBX 19 30 1 0
BITMAP
003C00
007000
00E000
07C600
0FFE00
0C7C00
000000
03F800
0FFE00
1FFF00
3FFF80
3F1F80
7E0FC0
7C07C0
7C07C0
FC07E0
F803E0
F803E0
F803E0
F803E0
F803E0
FC07E0
7C07C0
7C07C0
7E0FC0
3F1F80
3FFF80
1FFF00
0FFE00
03F800
ENDCHAR
STARTCHAR 1E4D
ENCODING 7757
SWIDTH 600 0
DWIDTH 21 0
BBX 17 31 2 0
BITMAP
003E00
007C00
00F000
01E000
038000
000000
0F0C00
1F8C00
1FFC00
18FC00
387800
000000
000000
07F000
1FFC00
3FFE00
7F3F00
FC1F80
F80F80
F80F80
F80F80
F80F80
F80F80
F80F80
F80F80
F80F80
FC1F80
7E3F00
3FFE00
1FFC00
07F000
ENDCHAR
STARTCHAR 1E4E
ENCODING 7758
SWIDTH 600 0
DWIDTH 21 0
BBX 19 30 1 0
BITMAP
071C00
071C00
071C00
07C600
0FFE00
0C7C00
000000
03F800
0FFE00
1FFF00
3FFF80
3F1F80
7E0FC0
7C07C0
7C07C0
FC07E0
F803E0
F803E0
F803E0
F803E0
F803E0
FC07E0
7C07C0
7C07C0
7E0FC0
3F1F80
3FFF80
1FFF00
0FFE00
03F800
ENDCHAR
STARTCHAR 1E4F
ENCODING 7759
SWIDTH 600 0
DWIDTH 21 0
BBX 17 30 2 0
BITMAP
1E3C00
1E3C00
1E3C00
1E3C00
000000
0F0C00
1F8C00
1FFC00
18FC00
387800
000000
000000
07F000
1FFC00
3FFE00
7F3F00
FC1F80
F80F80
F80F80
F80F80
F80F80
F80F80
F80F80
F80F80
F80F80
FC1F80
7E3F00
3FFE00
1FFC00
07F000
ENDCHAR
STARTCHAR 1E50
ENCODING 7760
SWIDTH 600 0
DWIDTH 21 0
BBX 19 30 1 0
BITMAP
078000
01C000
00E000
000000
0FFE00
0FFE00
000000
03F800
0FFE00
1FFF00
3FFF80
3F1F80
7E0FC0
7C07C0
7C07C0
FC07E0
F803E0
F803E0
F803E0
F803E0
F803E0
FC07E0
7C07C0
7C07C0
7E0FC0
3F1F80
3FFF80
1FFF00
0FFE00
03F800
ENDCHAR
STARTCHAR 1E51
ENCODING 7761
SWIDTH 600 0
DWIDTH 21 0
BBX 17 30 2 0
BITMAP
3E0000
1F0000
0F8000
03C000
01E000
000000
1FFC00
1FFC00
1FFC00
000000
000000
000000
07F000
1FFC00
3FFE00
7F3F00
FC1F80
F80F80
F80F80
F80F80
F80F80
F80F80
F80F80
F80F80
F80F80
FC1F80
7E3F00
3FFE00
1FFC00
07F000
ENDCHAR
STARTCHAR 1E52
ENCODING 7762
SWIDTH 600 0
DWIDTH 21 0
BBX 19 30 1 0
BITMAP
003C00
007000
00E000
000000
0FFE00
0FFE00
000000
03F800
0FFE00
1FFF00
3FFF80
3F1F80
7E0FC0
7C07C0
7C07C0
FC07E0
F803E0
F803E0
F803E0
F803E0
F803E0
FC07E0
7C07C0
7C07C0
7E0FC0
3F1F80
3FFF80
1FFF00
0FFE00
03F800
ENDCHAR
STARTCHAR 1E53
ENCODING 7763
SWIDTH 600 0
DWIDTH 21 0
BBX 17 30 2 0
BITMAP
003E00
007C00
00F000
01E000
038000
000000
0FFC00
0FFC00
0FFC00
000000
000000
000000
07F000
1FFC00
3FFE00
7F3F00
FC1F80
F80F80
F80F80
F80F80
F80F80
F80F80
F80F80
F80F80
F80F80
FC1F80
7E3F00
3FFE00
1FFC00
07F000
ENDCHAR
STARTCHAR 1E54
ENCODING 7764
SWIDTH 600 0
DWIDTH 21 0
BBX 18 29 2 0
BITMAP
007C00
00F800
01F000
03C000
078000
000000
FFF800
FFFE00
FFFF00
FFFF80
F81F80
F80F80
F80F80
F80FC0
F80F80
F80F80
F81F80
FFFF00
FFFF00
FFFC00
FFF000
F80000
F80000
F80000
F80000
F80000
F80000
F80000
F80000
ENDCHAR
STARTCHAR 1E55
ENCODING 7765
SWIDTH 600 0
DWIDTH 21 0
BBX 17 32 2 -7
BITMAP
003E00
007C00
00F000
01E000
03C000
000000
000000
F8F800
F9FE00
FBFF00
7F3F00
7C1F80
7C0F80
7C0F80
780F80
780F80
780F80
780F80
7C0F80
7C0F80
7C1F80
7F3F00
7BFF00
79FE00
78F800
780000
780000
780000
780000
780000
780000
780000
ENDCHAR
STARTCHAR 1E56
ENCODING 7766
SWIDTH 600 0
DWIDTH 21 0
BBX 18 29 2 0
BITMAP
03E000
03E000
03E000
03E000
000000
000000
FFF800
FFFE00
FFFF00
FFFF80
F81F80
F80F80
F80F80
F80FC0
F80F80
F80F80
F81F80
FFFF00
FFFF00
FFFC00
FFF000
F80000
F80000
F80000
F80000
F80000
F80000
F80000
F80000
ENDCHAR
STARTCHAR 1E57
ENCODING 7767
SWIDTH 600 0
DWIDTH 21 0
BBX 17 32 2 -7
BITMAP
01F000
01F000
01F000
01F000
000000
000000
000000
F8F800
F9FE00
FBFF00
7F3F00
7C1F80
7C0F80
7C0F80
780F80
780F80
780F80
780F80
7C0F80
7C0F80
7C1F80
7F3F00
7BFF00
79FE00
78F800
780000
780000
780000
780000
780000
780000
780000
ENDCHAR
STARTCHAR 1E58
ENCODING 7768
SWIDTH 600 0
DWIDTH 21 0
BBX 19 29 2 0
BITMAP
03E000
03E000
03E000
03E000
000000
000000
FFF800
FFFE00
FFFF00
FFFF80
F81F80
F80FC0
F807C0
F807C0
F80FC0
F81F80
FFFF80
FFFF00
FFFC00
FFF800
F87C00
F87E00
F83E00
F83F00
F81F00
F81F80
F80FC0
F80FC0
F807E0
ENDCHAR
STARTCHAR 1E59
ENCODING 7769
SWIDTH 600 0
DWIDTH 21 0
BBX 15 25 3 0
BITMAP
03E0
03E0
03E0
03E0
0000
0000
0000
F87E
79FE
7DFE
7FFE
7F80
7F00
7E00
7E00
7C00
7C00
7C00
7C00
7C00
7C00
7C00
7C00
7C00
7C00
ENDCHAR
STARTCHAR 1E5A
ENCODING 7770
SWIDTH 600 0
DWIDTH 21 0
BBX 19 30 2 -7
BITMAP
FFF800
FFFE00
FFFF00
FFFF80
F81F80
F80FC0
F807C0
F807C0
F80FC0
F81F80
FFFF80
FFFF00
FFFC00
FFF800
F87C00
F87E00
F83E00
F83F00
F81F00
F81F80
F80FC0
F80FC0
F807E0
000000
000000
000000
01E000
01E000
01E000
01E000
ENDCHAR
STARTCHAR 1E5B
ENCODING 7771
SWIDTH 600 0
DWIDTH 21 0
BBX 15 25 3 -7
BITMAP
F87E
79FE
7DFE
7FFE
7F80
7F00
7E00
7E00
7C00
7C00
7C00
7C00
7C00
7C00
7C00
7C00
7C00
7C00
0000
0000
0000
7C00
7C00
7C00
7C00
ENDCHAR
STARTCHAR 1E5C
ENCODING 7772
SWIDTH 600 0
DWIDTH 21 0
BBX 19 37 2 -7
BITMAP
0FFC00
0FFC00
0FFC00
000000
000000
000000
000000
FFF800
FFFE00
FFFF00
FFFF80
F81F80
F80FC0
F807C0
F807C0
F80FC0
F81F80
FFFF80
FFFF00
FFFC00
FFF800
F87C00
F87E00
F83E00
F83F00
F81F00
F81F80
F80FC0
F80FC0
F807E0
000000
000000
000000
01E000
01E000
01E000
01E000
ENDCHAR
STARTCHAR 1E5D
ENCODING 7773
SWIDTH 600 0
DWIDTH 21 0
BBX 15 31 3 -7
BITMAP
1FFC
1FFC
1FFC
0000
0000
0000
F87E
79FE
7DFE
7FFE
7F80
7F00
7E00
7E00
7C00
7C00
7C00
7C00
7C00
7C00
7C00
7C00
7C00
7C00
0000
0000
0000
7C00
7C00
7C00
7C00
ENDCHAR
STARTCHAR 1E5E
ENCODING 7774
SWIDTH 600 0
DWIDTH 21 0
BBX 19 29 2 -6
BITMAP
FFF800
FFFE00
FFFF00
FFFF80
F81F80
F80FC0
F807C0
F807C0
F80FC0
F81F80
FFFF80
FFFF00
FFFC00
FFF800
F87C00
F87E00
F83E00
F83F00
F81F00
F81F80
F80FC0
F80FC0
F807E0
000000
000000
000000
0FFE00
0FFE00
0FFE00
ENDCHAR
STARTCHAR 1E5F
ENCODING 7775
SWIDTH 600 0
DWIDTH 21 0
BBX 15 24 3 -6
BITMAP
F87E
79FE
7DFE
7FFE
7F80
7F00
7E00
7E00
7C00
7C00
7C00
7C00
7C00
7C00
7C00
7C00
7C00
7C00
0000
0000
0000
3FF8
3FF8
3FF8
ENDCHAR
STARTCHAR 1E60
ENCODING 7776
SWIDTH 600 0
DWIDTH 21 0
BBX 19 29 1 0
BITMAP
01F000
01F000
01F000
01F000
000000
000000
03F800
1FFE00
3FFF00
7FFF80
7C0FC0
7C07C0
7C07C0
7C0000
7F0000
3FF000
1FFE00
0FFF00
01FFC0
003FC0
0007E0
0003E0
F803E0
F803E0
FC07E0
7FFFC0
3FFF80
1FFF00
07FC00
ENDCHAR
STARTCHAR 1E61
ENCODING 7777
SWIDTH 600 0
DWIDTH 21 0
BBX 17 25 2 0
BITMAP
03E000
03E000
03E000
03E000
000000
000000
000000
07F000
1FFC00
3FFE00
7E3F00
780F00
780000
7E0000
7FF000
3FFC00
0FFF00
01FF00
001F80
700F80
F80F80
7C1F00
7FFF00
3FFE00
07F800
ENDCHAR
STARTCHAR 1E62
ENCODING 7778
SWIDTH 600 0
DWIDTH 21 0
BBX 19 30 1 -7
BITMAP
03F800
1FFE00
3FFF00
7FFF80
7C0FC0
7C07C0
7C07C0
7C0000
7F0000
3FF000
1FFE00
0FFF00
01FFC0
003FC0
0007E0
0003E0
F803E0
F803E0
FC07E0
7FFFC0
3FFF80
1FFF00
07FC00
000000
000000
000000
01F000
01F000
01F000
01F000
ENDCHAR
STARTCHAR 1E63
ENCODING 7779
SWIDTH 600 0
DWIDTH 21 0
BBX 17 25 2 -7
BITMAP
07F000
1FFC00
3FFE00
7E3F00
780F00
780000
7E0000
7FF000
3FFC00
0FFF00
01FF00
001F80
700F80
F80F80
7C1F00
7FFF00
3FFE00
07F800
000000
000000
000000
03E000
03E000
03E000
03E000
ENDCHAR
STARTCHAR 1E64
ENCODING 7780
SWIDTH 600 0
DWIDTH 21 0
BBX 19 30 1 0
BITMAP
071F00
073C00
077800
007000
00E000
000000
000000
03F800
1FFE00
3FFF00
7FFF80
7C0FC0
7C07C0
7C07C0
7C0000
7F0000
3FF000
1FFE00
0FFF00
01FFC0
003FC0
0007E0
0003E0
F803E0
F803E0
FC07E0
7FFFC0
3FFF80
1FFF00
07FC00
ENDCHAR
STARTCHAR 1E65
ENCODING 7781
SWIDTH 600 0
DWIDTH 21 0
BBX 17 25 2 0
BITMAP
063E00
063C00
067000
00E000
01C000
000000
000000
07F000
1FFC00
3FFE00
7E3F00
780F00
780000
7E0000
7FF000
3FFC00
0FFF00
01FF00
001F80
700F80
F80F80
7C1F00
7FFF00
3FFE00
07F800
ENDCHAR
STARTCHAR 1E66
ENCODING 7782
SWIDTH 600 0
DWIDTH 21 0
BBX 19 30 1 0
BITMAP
00E000
00E000
00E000
071C00
03B800
01F000
000000
03F800
1FFE00
3FFF00
7FFF80
7C0FC0
7C07C0
7C07C0
7C0000
7F0000
3FF000
1FFE00
0FFF00
01FFC0
003FC0
0007E0
0003E0
F803E0
F803E0
FC07E0
7FFFC0
3FFF80
1FFF00
07FC00
ENDCHAR
STARTCHAR 1E67
ENCODING 7783
SWIDTH 600 0
DWIDTH 21 0
BBX 17 30 2 0
BITMAP
03E000
03E000
03E000
03E000
000000
3C1E00
1E3C00
0FF800
07F000
03E000
000000
000000
07F000
1FFC00
3FFE00
7E3F00
780F00
780000
7E0000
7FF000
3FFC00
0FFF00
01FF00
001F80
700F80
F80F80
7C1F00
7FFF00
3FFE00
07F800
ENDCHAR
STARTCHAR 1E68
ENCODING 7784
SWIDTH 600 0
DWIDTH 21 0
BBX 19 36 1 -7
BITMAP
01F000
01F000
01F000
01F000
000000
000000
03F800
1FFE00
3FFF00
7FFF80
7C0FC0
7C07C0
7C07C0
7C0000
7F0000
3FF000
1FFE00
0FFF00
01FFC0
003FC0
0007E0
0003E0
F803E0
F803E0
FC07E0
7FFFC0
3FFF80
1FFF00
07FC00
000000
000000
000000
01F000
01F000
01F000
01F000
ENDCHAR
STARTCHAR 1E69
ENCODING 7785
SWIDTH 600 0
DWIDTH 21 0
BBX 17 32 2 -7
BITMAP
03E000
03E000
03E000
03E000
000000
000000
000000
07F000
1FFC00
3FFE00
7E3F00
780F00
780000
7E0000
7FF000
3FFC00
0FFF00
01FF00
001F80
700F80
F80F80
7C1F00
7FFF00
3FFE00
07F800
000000
000000
000000
03E000
03E000
03E000
03E000
ENDCHAR
STARTCHAR 1E6A
ENCODING 7786
SWIDTH 600 0
DWIDTH 21 0
BBX 19 29 1 0
BITMAP
01F000
01F000
01F000
01F000
000000
000000
FFFFE0
FFFFE0
FFFFE0
FFFFE0
01F000
01F000
01F000
01F000
01F000
01F000
01F000
01F000
01F000
01F000
01F000
01F000
01F000
01F000
01F000
01F000
01F000
01F000
01F000
ENDCHAR
STARTCHAR 1E6B
ENCODING 7787
SWIDTH 600 0
DWIDTH 21 0
BBX 15 28 3 0
BITMAP
07C0
07C0
07C0
07C0
0000
0E00
0E00
0E00
1E00
1E00
FFFC
FFFC
FFFC
1E00
1E00
1E00
1E00
1E00
1E00
1E00
1E00
1E00
1E00
1F00
1F86
1FFE
0FFE
03FC
ENDCHAR
STARTCHAR 1E6C
ENCODING 7788
SWIDTH 600 0
DWIDTH 21 0
BBX 19 30 1 -7
BITMAP
FFFFE0
FFFFE0
FFFFE0
FFFFE0
01F000
01F000
01F000
01F000
01F000
01F000
01F000
01F000
01F000
01F000
01F000
01F000
01F000
01F000
01F000
01F000
01F000
01F000
01F000
000000
000000
000000
01F000
01F000
01F000
01F000
ENDCHAR
STARTCHAR 1E6D
ENCODING 7789
SWIDTH 600 0
DWIDTH 21 0
BBX 15 30 3 -7
BITMAP
0E00
0E00
0E00
1E00
1E00
FFFC
FFFC
FFFC
1E00
1E00
1E00
1E00
1E00
1E00
1E00
1E00
1E00
1E00
1F00
1F86
1FFE
0FFE
03FC
0000
0000
0000
03C0
03C0
03C0
03C0
ENDCHAR
STARTCHAR 1E6E
ENCODING 7790
SWIDTH 600 0
DWIDTH 21 0
BBX 19 29 1 -6
BITMAP
FFFFE0
FFFFE0
FFFFE0
FFFFE0
01F000
01F000
01F000
01F000
01F000
01F000
01F000
01F000
01F000
01F000
01F000
01F000
01F000
01F000
01F000
01F000
01F000
01F000
01F000
000000
000000
000000
0FFE00
0FFE00
0FFE00
ENDCHAR
STARTCHAR 1E6F
ENCODING 7791
SWIDTH 600 0
DWIDTH 21 0
BBX 15 29 3 -6
BITMAP
0E00
0E00
0E00
1E00
1E00
FFFC
FFFC
FFFC
1E00
1E00
1E00
1E00
1E00
1E00
1E00
1E00
1E00
1E00
1F00
1F86
1FFE
0FFE
03FC
0000
0000
0000
1FFC
1FFC
1FFC
ENDCHAR
STARTCHAR 1E70
ENCODING 7792
SWIDTH 600 0
DWIDTH 21 0
BBX 19 32 1 -9
BITMAP
FFFFE0
FFFFE0
FFFFE0
FFFFE0
01F000
01F000
01F000
01F000
01F000
01F000
01F000
01F000
01F000
01F000
01F000
01F000
01F000
01F000
01F000
01F000
01F000
01F000
01F000
000000
000000
000000
000000
01F000
03F800
07FC00
0F1E00
1E0F00
ENDCHAR
STARTCHAR 1E71
ENCODING 7793
SWIDTH 600 0
DWIDTH 21 0
BBX 15 32 3 -9
BITMAP
0E00
0E00
0E00
1E00
1E00
FFFC
FFFC
FFFC
1E00
1E00
1E00
1E00
1E00
1E00
1E00
1E00
1E00
1E00
1F00
1F86
1FFE
0FFE
03FC
0000
0000
0000
0000
07C0
0FE0
1FF0
3C78
783C
ENDCHAR
STARTCHAR 1E72
ENCODING 7794
SWIDTH 600 0
DWIDTH 21 0
BBX 17 30 2 -7
BITMAP
F80F80
F80F80
F80F80
F80F80
F80F80
F80F80
F80F80
F80F80
F80F80
F80F80
F80F80
F80F80
F80F80
F80F80
F80F80
F80F80
F81F80
7C1F00
7E3F00
7FFF00
3FFE00
1FFC00
07F000
000000
000000
000000
1E3C00
1E3C00
1E3C00
1E3C00
ENDCHAR
STARTCHAR 1E73
ENCODING 7795
SWIDTH 600 0
DWIDTH 21 0
BBX 16 25 2 -7
BITMAP
F80F
F80F
F80F
F80F
F80F
F80F
F80F
F80F
F80F
F80F
F80F
F81F
FC1F
FC3F
7FEF
7FEF
3FCF
1F0F
0000
0000
0000
1E3C
1E3C
1E3C
1E3C
ENDCHAR
STARTCHAR 1E74
ENCODING 7796
SWIDTH 600 0
DWIDTH 21 0
BBX 17 29 2 -6
BITMAP
F80F80
F80F80
F80F80
F80F80
F80F80
F80F80
F80F80
F80F80
F80F80
F80F80
F80F80
F80F80
F80F80
F80F80
F80F80
F80F80
F81F80
7C1F00
7E3F00
7FFF00
3FFE00
1FFC00
07F000
000000
0F0600
1FCE00
3FFE00
39FC00
307800
ENDCHAR
STARTCHAR 1E75
ENCODING 7797
SWIDTH 600 0
DWIDTH 21 0
BBX 16 24 2 -6
BITMAP
F80F
F80F
F80F
F80F
F80F
F80F
F80F
F80F
F80F
F80F
F80F
F81F
FC1F
FC3F
7FEF
7FEF
3FCF
1F0F
0000
0F06
1FCE
3FFE
39FC
3078
ENDCHAR
STARTCHAR 1E76
ENCODING 7798
SWIDTH 600 0
DWIDTH 21 0
BBX 17 32 2 -9
BITMAP
F80F80
F80F80
F80F80
F80F80
F80F80
F80F80
F80F80
F80F80
F80F80
F80F80
F80F80
F80F80
F80F80
F80F80
F80F80
F80F80
F81F80
7C1F00
7E3F00
7FFF00
3FFE00
1FFC00
07F000
000000
000000
000000
000000
03E000
07F000
0FF800
1E3C00
3C1E00
ENDCHAR
STARTCHAR 1E77
ENCODING 7799
SWIDTH 600 0
DWIDTH 21 0
BBX 16 27 2 -9
BITMAP
F80F
F80F
F80F
F80F
F80F
F80F
F80F
F80F
F80F
F80F
F80F
F81F
FC1F
FC3F
7FEF
7FEF
3FCF
1F0F
0000
0000
0000
0000
03E0
07F0
0FF8
1E3C
3C1E
ENDCHAR
STARTCHAR 1E78
ENCODING 7800
SWIDTH 600 0
DWIDTH 21 0
BBX 17 30 2 0
BITMAP
007800
00E000
01C000
0F8C00
1FFC00
18F800
000000
F80F80
F80F80
F80F80
F80F80
F80F80
F80F80
F80F80
F80F80
F80F80
F80F80
F80F80
F80F80
F80F80
F80F80
F80F80
F80F80
F81F80
7C1F00
7E3F00
7FFF00
3FFE00
1FFC00
07F000
ENDCHAR
STARTCHAR 1E79
ENCODING 7801
SWIDTH 600 0
DWIDTH 21 0
BBX 16 31 2 0
BITMAP
003E
007C
00F0
01E0
0380
0000
0F0E
1F8E
1FFC
18FC
1838
0000
0000
F80F
F80F
F80F
F80F
F80F
F80F
F80F
F80F
F80F
F80F
F80F
F81F
FC1F
FC3F
7FEF
7FEF
3FCF
1F0F
ENDCHAR
STARTCHAR 1E7A
ENCODING 7802
SWIDTH 600 0
DWIDTH 21 0
BBX 17 30 2 0
BITMAP
0E3800
0E3800
0E3800
000000
1FFC00
1FFC00
000000
F80F80
F80F80
F80F80
F80F80
F80F80
F80F80
F80F80
F80F80
F80F80
F80F80
F80F80
F80F80
F80F80
F80F80
F80F80
F80F80
F81F80
7C1F00
7E3F00
7FFF00
3FFE00
1FFC00
07F000
ENDCHAR
STARTCHAR 1E7B
ENCODING 7803
SWIDTH 600 0
DWIDTH 21 0
BBX 16 30 2 0
BITMAP
1E3C
1E3C
1E3C
1E3C
0000
0000
1FFC
1FFC
1FFC
0000
0000
0000
F80F
F80F
F80F
F80F
F80F
F80F
F80F
F80F
F80F
F80F
F80F
F81F
FC1F
FC3F
7FEF
7FEF
3FCF
1F0F
ENDCHAR
STARTCHAR 1E7C
ENCODING 7804
SWIDTH 600 0
DWIDTH 21 0
BBX 21 29 0 0
BITMAP
03C180
07F380
0FFF80
0E7F00
0C1E00
000000
F800F8
7C01F0
7C01F0
7C01F0
3E03E0
3E03E0
3E03E0
1F07C0
1F07C0
1F07C0
0F0780
0F8F80
0F8F80
078F00
07DF00
07DF00
03DE00
03DE00
03FE00
01FC00
01FC00
01FC00
00F800
ENDCHAR
STARTCHAR 1E7D
ENCODING 7805
SWIDTH 600 0
DWIDTH 21 0
BBX 19 25 1 0
BITMAP
078300
0FE700
1FFF00
1CFE00
183C00
000000
000000
F803E0
F803E0
7807C0
7C07C0
7C07C0
3E0F80
3E0F80
3E0F00
1F1F00
1F1F00
0F1E00
0FBE00
0FBC00
07BC00
07FC00
03F800
03F800
03F000
ENDCHAR
STARTCHAR 1E7E
ENCODING 7806
SWIDTH 600 0
DWIDTH 21 0
BBX 21 30 0 -7
BITMAP
F800F8
7C01F0
7C01F0
7C01F0
3E03E0
3E03E0
3E03E0
1F07C0
1F07C0
1F07C0
0F0780
0F8F80
0F8F80
078F00
07DF00
07DF00
03DE00
03DE00
03FE00
01FC00
01FC00
01FC00
00F800
000000
000000
000000
00F800
00F800
00F800
00F800
ENDCHAR
STARTCHAR 1E7F
ENCODING 7807
SWIDTH 600 0
DWIDTH 21 0
BBX 19 25 1 -7
BITMAP
F803E0
F803E0
7807C0
7C07C0
7C07C0
3E0F80
3E0F80
3E0F00
1F1F00
1F1F00
0F1E00
0FBE00
0FBC00
07BC00
07FC00
03F800
03F800
03F000
000000
000000
000000
01F000
01F000
01F000
01F000
ENDCHAR
STARTCHAR 1E80
ENCODING 7808
SWIDTH 600 0
DWIDTH 21 0
BBX 21 29 0 0
BITMAP
078000
03C000
01E000
00F000
003800
000000
F000F8
F800F8
F800F8
7800F0
7800F0
7800F0
7870F0
78F8F0
7CF8F0
7CF9F0
3CF9E0
3DFDE0
3DDDE0
3DDDE0
3DDDE0
3FDFE0
1F8FC0
1F8FC0
1F8FC0
1F8FC0
1F07C0
1F07C0
0F0780
ENDCHAR
STARTCHAR 1E81
ENCODING 7809
SWIDTH 600 0
DWIDTH 21 0
BBX 21 25 0 0
BITMAP
0F8000
07C000
03E000
00F000
007800
000000
000000
F00078
F00078
700070
7800F0
7870F0
78F8F0
78F8F0
78F8E0
39DCE0
39DDE0
3DDDE0
3FDDE0
3F8FE0
1F8FC0
1F8FC0
1F07C0
1F07C0
1F07C0
ENDCHAR
STARTCHAR 1E82
ENCODING 7810
SWIDTH 600 0
DWIDTH 21 0
BBX 21 29 0 0
BITMAP
000F80
001F00
003C00
007800
00F000
000000
F000F8
F800F8
F800F8
7800F0
7800F0
7800F0
7870F0
78F8F0
7CF8F0
7CF9F0
3CF9E0
3DFDE0
3DDDE0
3DDDE0
3DDDE0
3FDFE0
1F8FC0
1F8FC0
1F8FC0
1F8FC0
1F07C0
1F07C0
0F0780
ENDCHAR
STARTCHAR 1E83
ENCODING 7811
SWIDTH 600 0
DWIDTH 21 0
BBX 21 25 0 0
BITMAP
000F80
001F00
003C00
007800
00E000
000000
000000
F00078
F00078
700070
7800F0
7870F0
78F8F0
78F8F0
78F8E0
39DCE0
39DDE0
3DDDE0
3FDDE0
3F8FE0
1F8FC0
1F8FC0
1F07C0
1F07C0
1F07C0
ENDCHAR
STARTCHAR 1E84
ENCODING 7812
SWIDTH 600 0
DWIDTH 21 0
BBX 21 29 0 0
BITMAP
078F00
078F00
078F00
078F00
000000
000000
F000F8
F800F8
F800F8
7800F0
7800F0
7800F0
7870F0
78F8F0
7CF8F0
7CF9F0
3CF9E0
3DFDE0
3DDDE0
3DDDE0
3DDDE0
3FDFE0
1F8FC0
1F8FC0
1F8FC0
1F8FC0
1F07C0
1F07C0
0F0780
ENDCHAR
STARTCHAR 1E85
ENCODING 7813
SWIDTH 600 0
DWIDTH 21 0
BBX 21 25 0 0
BITMAP
078F00
078F00
078F00
078F00
000000
000000
000000
F00078
F00078
700070
7800F0
7870F0
78F8F0
78F8F0
78F8E0
39DCE0
39DDE0
3DDDE0
3FDDE0
3F8FE0
1F8FC0
1F8FC0
1F07C0
1F07C0
1F07C0
ENDCHAR
STARTCHAR 1E86
ENCODING 7814
SWIDTH 600 0
DWIDTH 21 0
BBX 21 29 0 0
BITMAP
00F800
00F800
00F800
00F800
000000
000000
F000F8
F800F8
F800F8
7800F0
7800F0
7800F0
7870F0
78F8F0
7CF8F0
7CF9F0
3CF9E0
3DFDE0
3DDDE0
3DDDE0
3DDDE0
3FDFE0
1F8FC0
1F8FC0
1F8FC0
1F8FC0
1F07C0
1F07C0
0F0780
ENDCHAR
STARTCHAR 1E87
ENCODING 7815
SWIDTH 600 0
DWIDTH 21 0
BBX 21 25 0 0
BITMAP
00F800
00F800
00F800
00F800
000000
000000
000000
F00078
F00078
700070
7800F0
7870F0
78F8F0
78F8F0
78F8E0
39DCE0
39DDE0
3DDDE0
3FDDE0
3F8FE0
1F8FC0
1F8FC0
1F07C0
1F07C0
1F07C0
ENDCHAR
STARTCHAR 1E88
ENCODING 7816
SWIDTH 600 0
DWIDTH 21 0
BBX 21 30 0 -7
BITMAP
F000F8
F800F8
F800F8
7800F0
7800F0
7800F0
7870F0
78F8F0
7CF8F0
7CF9F0
3CF9E0
3DFDE0
3DDDE0
3DDDE0
3DDDE0
3FDFE0
1F8FC0
1F8FC0
1F8FC0
1F8FC0
1F07C0
1F07C0
0F0780
000000
000000
000000
00F800
00F800
00F800
00F800
ENDCHAR
STARTCHAR 1E89
ENCODING 7817
SWIDTH 600 0
DWIDTH 21 0
BBX 21 25 0 -7
BITMAP
F00078
F00078
700070
7800F0
7870F0
78F8F0
78F8F0
78F8E0
39DCE0
39DDE0
3DDDE0
3FDDE0
3F8FE0
1F8FC0
1F8FC0
1F07C0
1F07C0
1F07C0
000000
000000
000000
00F800
00F800
00F800
00F800
ENDCHAR
STARTCHAR 1E8A
ENCODING 7818
SWIDTH 600 0
DWIDTH 21 0
BBX 21 29 0 0
BITMAP
00F800
00F800
00F800
00F800
000000
000000
7C01F0
3E03E0
3F07E0
1F07C0
0F8F80
0F8F80
07DF00
03FE00
03FE00
01FC00
00F800
01F800
01FC00
03FE00
07FE00
07DF00
0F8F80
0F8F80
1F07C0
3F03E0
3E03E0
7C01F0
FC01F8
ENDCHAR
STARTCHAR 1E8B
ENCODING 7819
SWIDTH 600 0
DWIDTH 21 0
BBX 19 25 1 0
BITMAP
01F000
01F000
01F000
01F000
000000
000000
000000
7C07C0
7C0FC0
3E0F80
1F1F00
0F3E00
0FBE00
07FC00
03F800
01F000
03F800
07FC00
07FC00
0FBE00
1F1F00
3E0F80
3E0F80
7C07C0
F803E0
ENDCHAR
STARTCHAR 1E8C
ENCODING 7820
SWIDTH 600 0
DWIDTH 21 0
BBX 21 28 0 0
BITMAP
078F00
078F00
078F00
078F00
000000
7C01F0
3E03E0
3F07E0
1F07C0
0F8F80
0F8F80
07DF00
03FE00
03FE00
01FC00
00F800
01F800
01FC00
03FE00
07FE00
07DF00
0F8F80
0F8F80
1F07C0
3F03E0
3E03E0
7C01F0
FC01F8
ENDCHAR
STARTCHAR 1E8D
ENCODING 7821
SWIDTH 600 0
DWIDTH 21 0
BBX 19 25 1 0
BITMAP
0F1E00
0F1E00
0F1E00
0F1E00
000000
000000
000000
7C07C0
7C0FC0
3E0F80
1F1F00
0F3E00
0FBE00
07FC00
03F800
01F000
03F800
07FC00
07FC00
0FBE00
1F1F00
3E0F80
3E0F80
7C07C0
F803E0
ENDCHAR
STARTCHAR 1E8E
ENCODING 7822
SWIDTH 600 0
DWIDTH 21 0
BBX 21 29 0 0
BITMAP
00F800
00F800
00F800
00F800
000000
000000
FC01F8
7C01F0
7E03F0
3E03E0
1F07C0
1F07C0
0F8F80
0F8F80
07DF00
07DF00
03FE00
01FC00
01FC00
00F800
00F800
00F800
00F800
00F800
00F800
00F800
00F800
00F800
00F800
ENDCHAR
STARTCHAR 1E8F
ENCODING 7823
SWIDTH 600 0
DWIDTH 21 0
BBX 19 32 1 -7
BITMAP
01F000
01F000
01F000
01F000
000000
000000
000000
F803E0
F803E0
7C07C0
7C07C0
3E0780
3E0F80
1E0F80
1F0F00
1F1F00
0F1E00
0F9E00
07BE00
07BC00
07FC00
03F800
03F800
01F800
01F000
01F000
01E000
03E000
07E000
7FC000
7F8000
7F0000
ENDCHAR
STARTCHAR 1E90
ENCODING 7824
SWIDTH 600 0
DWIDTH 21 0
BBX 18 29 1 0
BITMAP
00F000
01F800
03FC00
079E00
0E0700
000000
3FFFC0
3FFFC0
3FFFC0
3FFFC0
000F80
001F00
003F00
007E00
007C00
00F800
01F800
03F000
03E000
07C000
0FC000
1F8000
1F0000
3E0000
7E0000
FFFFC0
FFFFC0
FFFFC0
FFFFC0
ENDCHAR
STARTCHAR 1E91
ENCODING 7825
SWIDTH 600 0
DWIDTH 21 0
BBX 16 25 2 0
BITMAP
03E0
07F0
0FF8
1E3C
3C1E
0000
0000
7FFF
7FFF
7FFF
003F
007E
00FC
01F8
01F0
03E0
07C0
0F80
1F80
3F00
7E00
FFFF
FFFF
FFFF
FFFF
ENDCHAR
STARTCHAR 1E92
ENCODING 7826
SWIDTH 600 0
DWIDTH 21 0
BBX 18 30 1 -7
BITMAP
3FFFC0
3FFFC0
3FFFC0
3FFFC0
000F80
001F00
003F00
007E00
007C00
00F800
01F800
03F000
03E000
07C000
0FC000
1F8000
1F0000
3E0000
7E0000
FFFFC0
FFFFC0
FFFFC0
FFFFC0
000000
000000
000000
01F000
01F000
01F000
01F000
ENDCHAR
STARTCHAR 1E93
ENCODING 7827
SWIDTH 600 0
DWIDTH 21 0
BBX 16 25 2 -7
BITMAP
7FFF
7FFF
7FFF
003F
007E
00FC
01F8
01F0
03E0
07C0
0F80
1F80
3F00
7E00
FFFF
FFFF
FFFF
FFFF
0000
0000
0000
03E0
03E0
03E0
03E0
ENDCHAR
STARTCHAR 1E94
ENCODING 7828
SWIDTH 600 0
DWIDTH 21 0
BBX 18 29 1 -6
BITMAP
3FFFC0
3FFFC0
3FFFC0
3FFFC0
000F80
001F00
003F00
007E00
007C00
00F800
01F800
03F000
03E000
07C000
0FC000
1F8000
1F0000
3E0000
7E0000
FFFFC0
FFFFC0
FFFFC0
FFFFC0
000000
000000
000000
07FE00
07FE00
07FE00
ENDCHAR
STARTCHAR 1E95
ENCODING 7829
SWIDTH 600 0
DWIDTH 21 0
BBX 16 24 2 -6
BITMAP
7FFF
7FFF
7FFF
003F
007E
00FC
01F8
01F0
03E0
07C0
0F80
1F80
3F00
7E00
FFFF
FFFF
FFFF
FFFF
0000
0000
0000
0FFC
0FFC
0FFC
ENDCHAR
STARTCHAR 1E96
ENCODING 7830
SWIDTH 600 0
DWIDTH 21 0
BBX 17 31 2 -6
BITMAP
F80000
F80000
F80000
F80000
F80000
F80000
F80000
F87C00
F9FE00
FBFF00
FFFF00
FE1F80
FC0F80
FC0F80
F80F80
F80F80
F80F80
F80F80
F80F80
F80F80
F80F80
F80F80
F80F80
F80F80
F80F80
000000
000000
000000
0FFC00
0FFC00
0FFC00
ENDCHAR
STARTCHAR 1E97
ENCODING 7831
SWIDTH 600 0
DWIDTH 21 0
BBX 15 29 3 0
BITMAP
3C78
3C78
3C78
3C78
0000
0000
0E00
0E00
0E00
1E00
1E00
FFFC
FFFC
FFFC
1E00
1E00
1E00
1E00
1E00
1E00
1E00
1E00
1E00
1E00
1F00
1F86
1FFE
0FFE
03FC
ENDCHAR
STARTCHAR 1E98
ENCODING 7832
SWIDTH 600 0
DWIDTH 21 0
BBX 21 27 0 0
BITMAP
00F800
01FC00
038C00
038E00
038C00
01FC00
00F800
000000
000000
F00078
F00078
700070
7800F0
7870F0
78F8F0
78F8F0
78F8E0
39DCE0
39DDE0
3DDDE0
3FDDE0
3F8FE0
1F8FC0
1F8FC0
1F07C0
1F07C0
1F07C0
ENDCHAR
STARTCHAR 1E99
ENCODING 7833
SWIDTH 600 0
DWIDTH 21 0
BBX 19 34 1 -7
BITMAP
01F000
03F800
039C00
031C00
039C00
03F800
01F000
000000
000000
F803E0
F803E0
7C07C0
7C07C0
3E0780
3E0F80
1E0F80
1F0F00
1F1F00
0F1E00
0F9E00
07BE00
07BC00
07FC00
03F800
03F800
01F800
01F000
01F000
01E000
03E000
07E000
7FC000
7F8000
7F0000
ENDCHAR
STARTCHAR 1E9A
ENCODING 7834
SWIDTH 600 0
DWIDTH 21 0
BBX 18 28 2 0
BITMAP
038000
03C000
00C000
00C000
00C000
03C000
038000
000000
000000
000000
07F000
1FFC00
3FFE00
7E3E00
7C3E00
001F00
001F00
0FFF00
3FFF00
7FFF00
FC1F00
F81F00
F83F00
F83F00
FCFF00
FFEFC0
7FCFC0
1F07C0
ENDCHAR
STARTCHAR 1E9B
ENCODING 7835
SWIDTH 600 0
DWIDTH 21 0
BBX 13 28 6 0
BITMAP
1F00
1F00
1F00
1F00
0000
0FF8
3FF8
7FF8
7E08
FC00
F800
F800
F800
F800
F800
F800
F800
F800
F800
F800
F800
F800
F800
F800
F800
F800
F800
F800
ENDCHAR
STARTCHAR 1E9E
ENCODING 7838
SWIDTH 600 0
DWIDTH 21 0
BBX 19 23 2 0
BITMAP
07F000
1FFC00
3FFE00
7FFF00
FE1F80
FC0F80
F81F00
F83E00
F87C00
F87C00
F8FE00
F8FF80
F8FFC0
F80FC0
F807C0
F803E0
F803E0
F807C0
F807C0
F8FFC0
F9FF80
F9FF00
F9FC00
ENDCHAR
STARTCHAR 1EA0
ENCODING 7840
SWIDTH 600 0
DWIDTH 21 0
BBX 21 30 0 -7
BITMAP
01FC00
01FC00
01FC00
03DE00
03DE00
03DE00
07DF00
078F00
078F00
0F8F80
0F8F80
0F0780
1F07C0
1F07C0
1FFFC0
3FFFE0
3FFFE0
3FFFE0
7C01F0
7C01F0
7C01F0
FC00F8
F800F8
000000
000000
000000
00F800
00F800
00F800
00F800
ENDCHAR
STARTCHAR 1EA1
ENCODING 7841
SWIDTH 600 0
DWIDTH 21 0
BBX 18 25 2 -7
BITMAP
07F000
1FFC00
3FFE00
7E3E00
7C3E00
001F00
001F00
0FFF00
3FFF00
7FFF00
FC1F00
F81F00
F83F00
F83F00
FCFF00
FFEFC0
7FCFC0
1F07C0
000000
000000
000000
03E000
03E000
03E000
03E000
ENDCHAR
STARTCHAR 1EA2
ENCODING 7842
SWIDTH 600 0
DWIDTH 21 0
BBX 21 31 0 0
BITMAP
01F800
01FC00
001E00
001E00
007C00
007000
000000
000000
01FC00
01FC00
01FC00
03DE00
03DE00
03DE00
07DF00
078F00
078F00
0F8F80
0F8F80
0F0780
1F07C0
1F07C0
1FFFC0
3FFFE0
3FFFE0
3FFFE0
7C01F0
7C01F0
7C01F0
FC00F8
F800F8
ENDCHAR
STARTCHAR 1EA3
ENCODING 7843
SWIDTH 600 0
DWIDTH 21 0
BBX 18 26 2 0
BITMAP
07C000
07F000
007000
007000
01E000
018000
000000
000000
07F000
1FFC00
3FFE00
7E3E00
7C3E00
001F00
001F00
0FFF00
3FFF00
7FFF00
FC1F00
F81F00
F83F00
F83F00
FCFF00
FFEFC0
7FCFC0
1F07C0
ENDCHAR
STARTCHAR 1EA4
ENCODING 7844
SWIDTH 600 0
DWIDTH 21 0
BBX 21 30 0 0
BITMAP
0001E0
00F9C0
01FB00
01DC00
038E00
060300
000000
01FC00
01FC00
01FC00
03DE00
03DE00
03DE00
07DF00
078F00
078F00
0F8F80
0F8F80
0F0780
1F07C0
1F07C0
1FFFC0
3FFFE0
3FFFE0
3FFFE0
7C01F0
7C01F0
7C01F0
FC00F8
F800F8
ENDCHAR
STARTCHAR 1EA5
ENCODING 7845
SWIDTH 600 0
DWIDTH 21 0
BBX 18 27 2 0
BITMAP
0003C0
03E380
07F600
07F000
0F7800
1E1C00
3C0E00
000000
000000
07F000
1FFC00
3FFE00
7E3E00
7C3E00
001F00
001F00
0FFF00
3FFF00
7FFF00
FC1F00
F81F00
F83F00
F83F00
FCFF00
FFEFC0
7FCFC0
1F07C0
ENDCHAR
STARTCHAR 1EA6
ENCODING 7846
SWIDTH 600 0
DWIDTH 21 0
BBX 21 30 0 0
BITMAP
380000
1CF800
06FC00
01DC00
038E00
060300
000000
01FC00
01FC00
01FC00
03DE00
03DE00
03DE00
07DF00
078F00
078F00
0F8F80
0F8F80
0F0780
1F07C0
1F07C0
1FFFC0
3FFFE0
3FFFE0
3FFFE0
7C01F0
7C01F0
7C01F0
FC00F8
F800F8
ENDCHAR
STARTCHAR 1EA7
ENCODING 7847
SWIDTH 600 0
DWIDTH 21 0
BBX 19 27 1 0
BITMAP
F00000
39F000
1BF800
03F800
07BC00
0F0E00
1E0700
000000
000000
03F800
0FFE00
1FFF00
3F1F00
3E1F00
000F80
000F80
07FF80
1FFF80
3FFF80
7E0F80
7C0F80
7C1F80
7C1F80
7E7F80
7FF7E0
3FE7E0
0F83E0
ENDCHAR
STARTCHAR 1EA8
ENCODING 7848
SWIDTH 600 0
DWIDTH 21 0
BBX 21 30 0 0
BITMAP
0007C0
00F8C0
01F8C0
01DD80
038E00
060300
000000
01FC00
01FC00
01FC00
03DE00
03DE00
03DE00
07DF00
078F00
078F00
0F8F80
0F8F80
0F0780
1F07C0
1F07C0
1FFFC0
3FFFE0
3FFFE0
3FFFE0
7C01F0
7C01F0
7C01F0
FC00F8
F800F8
ENDCHAR
STARTCHAR 1EA9
ENCODING 7849
SWIDTH 600 0
DWIDTH 21 0
BBX 18 28 2 0
BITMAP
001F00
000F80
000180
03E780
07F600
0FF800
1E3C00
3C1E00
000000
000000
07F000
1FFC00
3FFE00
7E3E00
7C3E00
001F00
001F00
0FFF00
3FFF00
7FFF00
FC1F00
F81F00
F83F00
F83F00
FCFF00
FFEFC0
7FCFC0
1F07C0
ENDCHAR
STARTCHAR 1EAA
ENCODING 7850
SWIDTH 600 0
DWIDTH 21 0
BBX 21 30 0 0
BITMAP
03E300
07FF00
063E00
000000
00F800
03DE00
000000
01FC00
01FC00
01FC00
03DE00
03DE00
03DE00
07DF00
078F00
078F00
0F8F80
0F8F80
0F0780
1F07C0
1F07C0
1FFFC0
3FFFE0
3FFFE0
3FFFE0
7C01F0
7C01F0
7C01F0
FC00F8
F800F8
ENDCHAR
STARTCHAR 1EAB
ENCODING 7851
SWIDTH 600 0
DWIDTH 21 0
BBX 18 31 2 0
BITMAP
0F0E00
1F8C00
1FFC00
18FC00
187800
000000
03E000
07F000
0FF800
1E3C00
3C1E00
000000
000000
07F000
1FFC00
3FFE00
7E3E00
7C3E00
001F00
001F00
0FFF00
3FFF00
7FFF00
FC1F00
F81F00
F83F00
F83F00
FCFF00
FFEFC0
7FCFC0
1F07C0
ENDCHAR
STARTCHAR 1EAC
ENCODING 7852
SWIDTH 600 0
DWIDTH 21 0
BBX 21 36 0 -7
BITMAP
00F800
01FC00
03DE00
078F00
0F0780
000000
01FC00
01FC00
01FC00
03DE00
03DE00
03DE00
07DF00
078F00
078F00
0F8F80
0F8F80
0F0780
1F07C0
1F07C0
1FFFC0
3FFFE0
3FFFE0
3FFFE0
7C01F0
7C01F0
7C01F0
FC00F8
F800F8
000000
000000
000000
00F800
00F800
00F800
00F800
ENDCHAR
STARTCHAR 1EAD
ENCODING 7853
SWIDTH 600 0
DWIDTH 21 0
BBX 18 32 2 -7
BITMAP
03E000
07F000
0FF800
1E3C00
3C1E00
000000
000000
07F000
1FFC00
3FFE00
7E3E00
7C3E00
001F00
001F00
0FFF00
3FFF00
7FFF00
FC1F00
F81F00
F83F00
F83F00
FCFF00
FFEFC0
7FCFC0
1F07C0
000000
000000
000000
03E000
03E000
03E000
03E000
ENDCHAR
STARTCHAR 1EAE
ENCODING 7854
SWIDTH 600 0
DWIDTH 21 0
BBX 21 30 0 0
BITMAP
001C00
007000
060300
038E00
03FE00
00F800
000000
01FC00
01FC00
01FC00
03DE00
03DE00
03DE00
07DF00
078F00
078F00
0F8F80
0F8F80
0F0780
1F07C0
1F07C0
1FFFC0
3FFFE0
3FFFE0
3FFFE0
7C01F0
7C01F0
7C01F0
FC00F8
F800F8
ENDCHAR
STARTCHAR 1EAF
ENCODING 7855
SWIDTH 600 0
DWIDTH 21 0
BBX 18 31 2 0
BITMAP
003E00
007C00
00F800
01E000
03C000
000000
380C00
1C1C00
1FFC00
0FF800
03E000
000000
000000
07F000
1FFC00
3FFE00
7E3E00
7C3E00
001F00
001F00
0FFF00
3FFF00
7FFF00
FC1F00
F81F00
F83F00
F83F00
FCFF00
FFEFC0
7FCFC0
1F07C0
ENDCHAR
STARTCHAR 1EB0
ENCODING 7856
SWIDTH 600 0
DWIDTH 21 0
BBX 21 30 0 0
BITMAP
03C000
00E000
067300
038E00
03FE00
00F800
000000
01FC00
01FC00
01FC00
03DE00
03DE00
03DE00
07DF00
078F00
078F00
0F8F80
0F8F80
0F0780
1F07C0
1F07C0
1FFFC0
3FFFE0
3FFFE0
3FFFE0
7C01F0
7C01F0
7C01F0
FC00F8
F800F8
ENDCHAR
STARTCHAR 1EB1
ENCODING 7857
SWIDTH 600 0
DWIDTH 21 0
BBX 18 31 2 0
BITMAP
3E0000
1F0000
0F8000
03C000
01E000
000000
380C00
1C1C00
1FFC00
0FF800
03E000
000000
000000
07F000
1FFC00
3FFE00
7E3E00
7C3E00
001F00
001F00
0FFF00
3FFF00
7FFF00
FC1F00
F81F00
F83F00
F83F00
FCFF00
FFEFC0
7FCFC0
1F07C0
ENDCHAR
STARTCHAR 1EB2
ENCODING 7858
SWIDTH 600 0
DWIDTH 21 0
BBX 21 30 0 0
BITMAP
00F000
001800
063300
038E00
03FE00
00F800
000000
01FC00
01FC00
01FC00
03DE00
03DE00
03DE00
07DF00
078F00
078F00
0F8F80
0F8F80
0F0780
1F07C0
1F07C0
1FFFC0
3FFFE0
3FFFE0
3FFFE0
7C01F0
7C01F0
7C01F0
FC00F8
F800F8
ENDCHAR
STARTCHAR 1EB3
ENCODING 7859
SWIDTH 600 0
DWIDTH 21 0
BBX 18 30 2 0
BITMAP
07E000
07F800
003800
00F800
01C000
380C00
1C1C00
1FFC00
0FF800
03E000
000000
000000
07F000
1FFC00
3FFE00
7E3E00
7C3E00
001F00
001F00
0FFF00
3FFF00
7FFF00
FC1F00
F81F00
F83F00
F83F00
FCFF00
FFEFC0
7FCFC0
1F07C0
ENDCHAR
STARTCHAR 1EB4
ENCODING 7860
SWIDTH 600 0
DWIDTH 21 0
BBX 21 30 0 0
BITMAP
03C300
07FF00
061E00
030600
01FC00
00F800
000000
01FC00
01FC00
01FC00
03DE00
03DE00
03DE00
07DF00
078F00
078F00
0F8F80
0F8F80
0F0780
1F07C0
1F07C0
1FFFC0
3FFFE0
3FFFE0
3FFFE0
7C01F0
7C01F0
7C01F0
FC00F8
F800F8
ENDCHAR
STARTCHAR 1EB5
ENCODING 7861
SWIDTH 600 0
DWIDTH 21 0
BBX 18 31 2 0
BITMAP
0F0E00
1F8C00
1FFC00
18FC00
183800
000000
380C00
1C1C00
1FFC00
0FF800
07E000
000000
000000
07F000
1FFC00
3FFE00
7E3E00
7C3E00
001F00
001F00
0FFF00
3FFF00
7FFF00
FC1F00
F81F00
F83F00
F83F00
FCFF00
FFEFC0
7FCFC0
1F07C0
ENDCHAR
STARTCHAR 1EB6
ENCODING 7862
SWIDTH 600 0
DWIDTH 21 0
BBX 21 36 0 -7
BITMAP
0E0700
070700
07FF00
03FE00
01F800
000000
01FC00
01FC00
01FC00
03DE00
03DE00
03DE00
07DF00
078F00
078F00
0F8F80
0F8F80
0F0780
1F07C0
1F07C0
1FFFC0
3FFFE0
3FFFE0
3FFFE0
7C01F0
7C01F0
7C01F0
FC00F8
F800F8
000000
000000
000000
00F800
00F800
00F800
00F800
ENDCHAR
STARTCHAR 1EB7
ENCODING 7863
SWIDTH 600 0
DWIDTH 21 0
BBX 18 32 2 -7
BITMAP
380C00
1C1C00
1FFC00
0FF800
03E000
000000
000000
07F000
1FFC00
3FFE00
7E3E00
7C3E00
001F00
001F00
0FFF00
3FFF00
7FFF00
FC1F00
F81F00
F83F00
F83F00
FCFF00
FFEFC0
7FCFC0
1F07C0
000000
000000
000000
03E000
03E000
03E000
03E000
ENDCHAR
STARTCHAR 1EB8
ENCODING 7864
SWIDTH 600 0
DWIDTH 21 0
BBX 18 30 2 -7
BITMAP
FFFF80
FFFF80
FFFF80
FFFF80
F80000
F80000
F80000
F80000
F80000
FFFF00
FFFF00
FFFF00
FFFF00
F80000
F80000
F80000
F80000
F80000
F80000
FFFFC0
FFFFC0
FFFFC0
FFFFC0
000000
000000
000000
03E000
03E000
03E000
03E000
ENDCHAR
STARTCHAR 1EB9
ENCODING 7865
SWIDTH 600 0
DWIDTH 21 0
BBX 17 25 2 -7
BITMAP
07F000
1FFC00
3FFE00
7E1F00
7C0F00
F80F80
F80780
FFFF80
FFFF80
FFFF80
F80000
F80000
F80000
7C0F80
7E3F00
3FFF00
1FFC00
07F000
000000
000000
000000
03E000
03E000
03E000
03E000
ENDCHAR
STARTCHAR 1EBA
ENCODING 7866
SWIDTH 600 0
DWIDTH 21 0
BBX 18 31 2 0
BITMAP
07E000
07F000
007800
007800
01F000
01C000
000000
000000
FFFF80
FFFF80
FFFF80
FFFF80
F80000
F80000
F80000
F80000
F80000
FFFF00
FFFF00
FFFF00
FFFF00
F80000
F80000
F80000
F80000
F80000
F80000
FFFFC0
FFFFC0
FFFFC0
FFFFC0
ENDCHAR
STARTCHAR 1EBB
ENCODING 7867
SWIDTH 600 0
DWIDTH 21 0
BBX 17 26 2 0
BITMAP
07E000
07F000
003800
007000
01F000
018000
000000
000000
07F000
1FFC00
3FFE00
7E1F00
7C0F00
F80F80
F80780
FFFF80
FFFF80
FFFF80
F80000
F80000
F80000
7C0F80
7E3F00
3FFF00
1FFC00
07F000
ENDCHAR
STARTCHAR 1EBC
ENCODING 7868
SWIDTH 600 0
DWIDTH 21 0
BBX 18 29 2 0
BITMAP
0F0600
1FC600
1FFE00
38FE00
383C00
000000
FFFF80
FFFF80
FFFF80
FFFF80
F80000
F80000
F80000
F80000
F80000
FFFF00
FFFF00
FFFF00
FFFF00
F80000
F80000
F80000
F80000
F80000
F80000
FFFFC0
FFFFC0
FFFFC0
FFFFC0
ENDCHAR
STARTCHAR 1EBD
ENCODING 7869
SWIDTH 600 0
DWIDTH 21 0
BBX 17 25 2 0
BITMAP
0F0600
1FC600
1FFE00
38FE00
383C00
000000
000000
07F000
1FFC00
3FFE00
7E1F00
7C0F00
F80F80
F80780
FFFF80
FFFF80
FFFF80
F80000
F80000
F80000
7C0F80
7E3F00
3FFF00
1FFC00
07F000
ENDCHAR
STARTCHAR 1EBE
ENCODING 7870
SWIDTH 600 0
DWIDTH 21 0
BBX 18 30 2 0
BITMAP
000380
01E700
03F600
077800
0E1800
1C0C00
000000
FFFF80
FFFF80
FFFF80
FFFF80
F80000
F80000
F80000
F80000
F80000
FFFF00
FFFF00
FFFF00
FFFF00
F80000
F80000
F80000
F80000
F80000
F80000
FFFFC0
FFFFC0
FFFFC0
FFFFC0
ENDCHAR
STARTCHAR 1EBF
ENCODING 7871
SWIDTH 600 0
DWIDTH 21 0
BBX 18 27 2 0
BITMAP
0001C0
01E380
03F700
07F800
0F3C00
1E1C00
1C0E00
000000
000000
07F000
1FFC00
3FFE00
7E1F00
7C0F00
F80F80
F80780
FFFF80
FFFF80
FFFF80
F80000
F80000
F80000
7C0F80
7E3F00
3FFF00
1FFC00
07F000
ENDCHAR
STARTCHAR 1EC0
ENCODING 7872
SWIDTH 600 0
DWIDTH 21 0
BBX 18 30 2 0
BITMAP
F00000
31E000
1BF000
077800
0E1800
1C0C00
000000
FFFF80
FFFF80
FFFF80
FFFF80
F80000
F80000
F80000
F80000
F80000
FFFF00
FFFF00
FFFF00
FFFF00
F80000
F80000
F80000
F80000
F80000
F80000
FFFFC0
FFFFC0
FFFFC0
FFFFC0
ENDCHAR
STARTCHAR 1EC1
ENCODING 7873
SWIDTH 600 0
DWIDTH 21 0
BBX 18 27 1 0
BITMAP
F00000
39F000
19F800
03FC00
079C00
0F0E00
0E0700
000000
000000
03F800
0FFE00
1FFF00
3F0F80
3E0780
7C07C0
7C03C0
7FFFC0
7FFFC0
7FFFC0
7C0000
7C0000
7C0000
3E07C0
3F1F80
1FFF80
0FFE00
03F800
ENDCHAR
STARTCHAR 1EC2
ENCODING 7874
SWIDTH 600 0
DWIDTH 21 0
BBX 18 30 2 0
BITMAP
000F00
01E300
03F300
077E00
0E1800
1C0C00
000000
FFFF80
FFFF80
FFFF80
FFFF80
F80000
F80000
F80000
F80000
F80000
FFFF00
FFFF00
FFFF00
FFFF00
F80000
F80000
F80000
F80000
F80000
F80000
FFFFC0
FFFFC0
FFFFC0
FFFFC0
ENDCHAR
STARTCHAR 1EC3
ENCODING 7875
SWIDTH 600 0
DWIDTH 21 0
BBX 17 28 2 0
BITMAP
001F80
000F80
000180
03E780
07F600
0FF800
1E3C00
3C0E00
000000
000000
07F000
1FFC00
3FFE00
7E1F00
7C0F00
F80F80
F80780
FFFF80
FFFF80
FFFF80
F80000
F80000
F80000
7C0F80
7E3F00
3FFF00
1FFC00
07F000
ENDCHAR
STARTCHAR 1EC4
ENCODING 7876
SWIDTH 600 0
DWIDTH 21 0
BBX 18 30 2 0
BITMAP
078C00
0FFC00
187800
000000
03E000
0FF800
000000
FFFF80
FFFF80
FFFF80
FFFF80
F80000
F80000
F80000
F80000
F80000
FFFF00
FFFF00
FFFF00
FFFF00
F80000
F80000
F80000
F80000
F80000
F80000
FFFFC0
FFFFC0
FFFFC0
FFFFC0
ENDCHAR
STARTCHAR 1EC5
ENCODING 7877
SWIDTH 600 0
DWIDTH 21 0
BBX 17 31 2 0
BITMAP
0E0C00
1F8C00
1FFC00
38FC00
307800
000000
03E000
07F000
0FF800
1E3C00
381E00
000000
000000
07F000
1FFC00
3FFE00
7E1F00
7C0F00
F80F80
F80780
FFFF80
FFFF80
FFFF80
F80000
F80000
F80000
7C0F80
7E3F00
3FFF00
1FFC00
07F000
ENDCHAR
STARTCHAR 1EC6
ENCODING 7878
SWIDTH 600 0
DWIDTH 21 0
BBX 18 36 2 -7
BITMAP
01F000
03F800
07FC00
0F1E00
1C0F00
000000
FFFF80
FFFF80
FFFF80
FFFF80
F80000
F80000
F80000
F80000
F80000
FFFF00
FFFF00
FFFF00
FFFF00
F80000
F80000
F80000
F80000
F80000
F80000
FFFFC0
FFFFC0
FFFFC0
FFFFC0
000000
000000
000000
01F000
01F000
01F000
01F000
ENDCHAR
STARTCHAR 1EC7
ENCODING 7879
SWIDTH 600 0
DWIDTH 21 0
BBX 17 32 2 -7
BITMAP
03E000
07F000
0FF800
0F3C00
1C0E00
000000
000000
07F000
1FFC00
3FFE00
7E1F00
7C0F00
F80F80
F80780
FFFF80
FFFF80
FFFF80
F80000
F80000
F80000
7C0F80
7E3F00
3FFF00
1FFC00
07F000
000000
000000
000000
03E000
03E000
03E000
03E000
ENDCHAR
STARTCHAR 1EC8
ENCODING 7880
SWIDTH 600 0
DWIDTH 21 0
BBX 15 31 3 0
BITMAP
0FC0
0FE0
00E0
00E0
03C0
0300
0000
0000
FFFE
FFFE
FFFE
FFFE
07C0
07C0
07C0
07C0
07C0
07C0
07C0
07C0
07C0
07C0
07C0
07C0
07C0
07C0
07C0
FFFE
FFFE
FFFE
FFFE
ENDCHAR
STARTCHAR 1EC9
ENCODING 7881
SWIDTH 600 0
DWIDTH 21 0
BBX 18 26 2 0
BITMAP
07C000
07F000
007000
007000
01E000
018000
000000
000000
3FF000
3FF000
3FF000
01F000
01F000
01F000
01F000
01F000
01F000
01F000
01F000
01F000
01F000
01F000
01F000
FFFFC0
FFFFC0
FFFFC0
ENDCHAR
STARTCHAR 1ECA
ENCODING 7882
SWIDTH 600 0
DWIDTH 21 0
BBX 15 30 3 -7
BITMAP
FFFE
FFFE
FFFE
FFFE
07C0
07C0
07C0
07C0
07C0
07C0
07C0
07C0
07C0
07C0
07C0
07C0
07C0
07C0
07C0
FFFE
FFFE
FFFE
FFFE
0000
0000
0000
07C0
07C0
07C0
07C0
ENDCHAR
STARTCHAR 1ECB
ENCODING 7883
SWIDTH 600 0
DWIDTH 21 0
BBX 18 32 2 -7
BITMAP
01F000
01F000
01F000
01F000
000000
000000
000000
3FF000
3FF000
3FF000
01F000
01F000
01F000
01F000
01F000
01F000
01F000
01F000
01F000
01F000
01F000
01F000
FFFFC0
FFFFC0
FFFFC0
000000
000000
000000
01E000
01E000
01E000
01E000
ENDCHAR
STARTCHAR 1ECC
ENCODING 7884
SWIDTH 600 0
DWIDTH 21 0
BBX 19 30 1 -7
BITMAP
03F800
0FFE00
1FFF00
3FFF80
3F1F80
7E0FC0
7C07C0
7C07C0
FC07E0
F803E0
F803E0
F803E0
F803E0
F803E0
FC07E0
7C07C0
7C07C0
7E0FC0
3F1F80
3FFF80
1FFF00
0FFE00
03F800
000000
000000
000000
01F000
01F000
01F000
01F000
ENDCHAR
STARTCHAR 1ECD
ENCODING 7885
SWIDTH 600 0
DWIDTH 21 0
BBX 17 25 2 -7
BITMAP
07F000
1FFC00
3FFE00
7F3F00
FC1F80
F80F80
F80F80
F80F80
F80F80
F80F80
F80F80
F80F80
F80F80
FC1F80
7E3F00
3FFE00
1FFC00
07F000
000000
000000
000000
03E000
03E000
03E000
03E000
ENDCHAR
STARTCHAR 1ECE
ENCODING 7886
SWIDTH 600 0
DWIDTH 21 0
BBX 19 31 1 0
BITMAP
03F000
03F800
003C00
003C00
00F800
00E000
000000
000000
03F800
0FFE00
1FFF00
3FFF80
3F1F80
7E0FC0
7C07C0
7C07C0
FC07E0
F803E0
F803E0
F803E0
F803E0
F803E0
FC07E0
7C07C0
7C07C0
7E0FC0
3F1F80
3FFF80
1FFF00
0FFE00
03F800
ENDCHAR
STARTCHAR 1ECF
ENCODING 7887
SWIDTH 600 0
DWIDTH 21 0
BBX 17 26 2 0
BITMAP
07C000
07F000
007000
007000
01E000
018000
000000
000000
07F000
1FFC00
3FFE00
7F3F00
FC1F80
F80F80
F80F80
F80F80
F80F80
F80F80
F80F80
F80F80
F80F80
FC1F80
7E3F00
3FFE00
1FFC00
07F000
ENDCHAR
STARTCHAR 1ED0
ENCODING 7888
SWIDTH 600 0
DWIDTH 21 0
BBX 19 30 1 0
BITMAP
0003C0
01F380
03F600
03B800
071C00
0C0600
000000
03F800
0FFE00
1FFF00
3FFF80
3F1F80
7E0FC0
7C07C0
7C07C0
FC07E0
F803E0
F803E0
F803E0
F803E0
F803E0
FC07E0
7C07C0
7C07C0
7E0FC0
3F1F80
3FFF80
1FFF00
0FFE00
03F800
ENDCHAR
STARTCHAR 1ED1
ENCODING 7889
SWIDTH 600 0
DWIDTH 21 0
BBX 18 27 2 0
BITMAP
0003C0
03E380
07F600
07F000
0F7800
1E1C00
3C0E00
000000
000000
07F000
1FFC00
3FFE00
7F3F00
FC1F80
F80F80
F80F80
F80F80
F80F80
F80F80
F80F80
F80F80
F80F80
FC1F80
7E3F00
3FFE00
1FFC00
07F000
ENDCHAR
STARTCHAR 1ED2
ENCODING 7890
SWIDTH 600 0
DWIDTH 21 0
BBX 19 30 1 0
BITMAP
700000
39F000
0DF800
03B800
071C00
0C0600
000000
03F800
0FFE00
1FFF00
3FFF80
3F1F80
7E0FC0
7C07C0
7C07C0
FC07E0
F803E0
F803E0
F803E0
F803E0
F803E0
FC07E0
7C07C0
7C07C0
7E0FC0
3F1F80
3FFF80
1FFF00
0FFE00
03F800
ENDCHAR
STARTCHAR 1ED3
ENCODING 7891
SWIDTH 600 0
DWIDTH 21 0
BBX 18 27 1 0
BITMAP
F00000
39F000
1BF800
03F800
07BC00
0F0E00
1E0700
000000
000000
03F800
0FFE00
1FFF00
3F9F80
7E0FC0
7C07C0
7C07C0
7C07C0
7C07C0
7C07C0
7C07C0
7C07C0
7C07C0
7E0FC0
3F1F80
1FFF00
0FFE00
03F800
ENDCHAR
STARTCHAR 1ED4
ENCODING 7892
SWIDTH 600 0
DWIDTH 21 0
BBX 19 30 1 0
BITMAP
000F80
01F180
03F180
03BB00
071C00
0C0600
000000
03F800
0FFE00
1FFF00
3FFF80
3F1F80
7E0FC0
7C07C0
7C07C0
FC07E0
F803E0
F803E0
F803E0
F803E0
F803E0
FC07E0
7C07C0
7C07C0
7E0FC0
3F1F80
3FFF80
1FFF00
0FFE00
03F800
ENDCHAR
STARTCHAR 1ED5
ENCODING 7893
SWIDTH 600 0
DWIDTH 21 0
BBX 17 28 2 0
BITMAP
001F00
000F80
000180
03E780
07F600
0FF800
1E3C00
3C1E00
000000
000000
07F000
1FFC00
3FFE00
7F3F00
FC1F80
F80F80
F80F80
F80F80
F80F80
F80F80
F80F80
F80F80
F80F80
FC1F80
7E3F00
3FFE00
1FFC00
07F000
ENDCHAR
STARTCHAR 1ED6
ENCODING 7894
SWIDTH 600 0
DWIDTH 21 0
BBX 19 30 1 0
BITMAP
07C600
0FFE00
0C7C00
000000
01F000
07BC00
000000
03F800
0FFE00
1FFF00
3FFF80
3F1F80
7E0FC0
7C07C0
7C07C0
FC07E0
F803E0
F803E0
F803E0
F803E0
F803E0
FC07E0
7C07C0
7C07C0
7E0FC0
3F1F80
3FFF80
1FFF00
0FFE00
03F800
ENDCHAR
STARTCHAR 1ED7
ENCODING 7895
SWIDTH 600 0
DWIDTH 21 0
BBX 17 31 2 0
BITMAP
0F0E00
1F8C00
1FFC00
18FC00
187800
000000
03E000
07F000
0FF800
1E3C00
3C1E00
000000
000000
07F000
1FFC00
3FFE00
7F3F00
FC1F80
F80F80
F80F80
F80F80
F80F80
F80F80
F80F80
F80F80
F80F80
FC1F80
7E3F00
3FFE00
1FFC00
07F000
ENDCHAR
STARTCHAR 1ED8
ENCODING 7896
SWIDTH 600 0
DWIDTH 21 0
BBX 19 36 1 -7
BITMAP
01F000
03F800
07BC00
0F1E00
1E0F00
000000
03F800
0FFE00
1FFF00
3FFF80
3F1F80
7E0FC0
7C07C0
7C07C0
FC07E0
F803E0
F803E0
F803E0
F803E0
F803E0
FC07E0
7C07C0
7C07C0
7E0FC0
3F1F80
3FFF80
1FFF00
0FFE00
03F800
000000
000000
000000
01F000
01F000
01F000
01F000
ENDCHAR
STARTCHAR 1ED9
ENCODING 7897
SWIDTH 600 0
DWIDTH 21 0
BBX 17 32 2 -7
BITMAP
03E000
07F000
0FF800
1E3C00
3C1E00
000000
000000
07F000
1FFC00
3FFE00
7F3F00
FC1F80
F80F80
F80F80
F80F80
F80F80
F80F80
F80F80
F80F80
F80F80
FC1F80
7E3F00
3FFE00
1FFC00
07F000
000000
000000
000000
03E000
03E000
03E000
03E000
ENDCHAR
STARTCHAR 1EDA
ENCODING 7898
SWIDTH 600 0
DWIDTH 21 0
BBX 21 29 1 0
BITMAP
001F00
003E00
007800
00F000
01E000
000078
03F078
0FFC78
1FFE78
3FFF78
7E1F98
7C0F90
7C0FB0
7C07E0
FC07C0
F807C0
F807C0
F807C0
F807C0
F807C0
FC07C0
7C07C0
7C0FC0
7C0F80
7E1F80
3FFF00
1FFE00
0FFC00
03F000
ENDCHAR
STARTCHAR 1EDB
ENCODING 7899
SWIDTH 600 0
DWIDTH 21 0
BBX 20 25 2 0
BITMAP
003E00
007C00
00F000
01E000
03C000
000000
000000
07F0F0
1FF8F0
3FFEF0
7E7EF0
FC3F30
F81F30
F81F60
F81F60
F81FC0
F81F80
F81F00
F81F00
F81F00
FC3F00
7E7E00
3FFC00
1FF800
07E000
ENDCHAR
STARTCHAR 1EDC
ENCODING 7900
SWIDTH 600 0
DWIDTH 21 0
BBX 21 29 1 0
BITMAP
1F0000
0F8000
03C000
01E000
00F000
000078
03F078
0FFC78
1FFE78
3FFF78
7E1F98
7C0F90
7C0FB0
7C07E0
FC07C0
F807C0
F807C0
F807C0
F807C0
F807C0
FC07C0
7C07C0
7C0FC0
7C0F80
7E1F80
3FFF00
1FFE00
0FFC00
03F000
ENDCHAR
STARTCHAR 1EDD
ENCODING 7901
SWIDTH 600 0
DWIDTH 21 0
BBX 20 25 2 0
BITMAP
3E0000
1F0000
078000
03C000
00E000
000000
000000
07F0F0
1FF8F0
3FFEF0
7E7EF0
FC3F30
F81F30
F81F60
F81F60
F81FC0
F81F80
F81F00
F81F00
F81F00
FC3F00
7E7E00
3FFC00
1FF800
07E000
ENDCHAR
STARTCHAR 1EDE
ENCODING 7902
SWIDTH 600 0
DWIDTH 21 0
BBX 21 31 1 0
BITMAP
03F000
03FC00
001C00
003C00
00F800
00E000
000000
000078
03F078
0FFC78
1FFE78
3FFF78
7E1F98
7C0F90
7C0FB0
7C07E0
FC07C0
F807C0
F807C0
F807C0
F807C0
F807C0
FC07C0
7C07C0
7C0FC0
7C0F80
7E1F80
3FFF00
1FFE00
0FFC00
03F000
ENDCHAR
STARTCHAR 1EDF
ENCODING 7903
SWIDTH 600 0
DWIDTH 21 0
BBX 20 26 2 0
BITMAP
07C000
07F000
007000
007000
01E000
018000
000000
000000
07F0F0
1FF8F0
3FFEF0
7E7EF0
FC3F30
F81F30
F81F60
F81F60
F81FC0
F81F80
F81F00
F81F00
F81F00
FC3F00
7E7E00
3FFC00
1FF800
07E000
ENDCHAR
STARTCHAR 1EE0
ENCODING 7904
SWIDTH 600 0
DWIDTH 21 0
BBX 21 29 1 0
BITMAP
0F0700
1FC700
1FFE00
18FE00
383C00
000078
03F078
0FFC78
1FFE78
3FFF78
7E1F98
7C0F90
7C0FB0
7C07E0
FC07C0
F807C0
F807C0
F807C0
F807C0
F807C0
FC07C0
7C07C0
7C0FC0
7C0F80
7E1F80
3FFF00
1FFE00
0FFC00
03F000
ENDCHAR
STARTCHAR 1EE1
ENCODING 7905
SWIDTH 600 0
DWIDTH 21 0
BBX 20 25 2 0
BITMAP
1E0E00
3F8C00
3FFC00
71FC00
707800
000000
000000
07F0F0
1FF8F0
3FFEF0
7E7EF0
FC3F30
F81F30
F81F60
F81F60
F81FC0
F81F80
F81F00
F81F00
F81F00
FC3F00
7E7E00
3FFC00
1FF800
07E000
ENDCHAR
STARTCHAR 1EE2
ENCODING 7906
SWIDTH 600 0
DWIDTH 21 0
BBX 21 31 1 -7
BITMAP
000078
03F078
0FFC78
1FFE78
3FFF78
7E1F98
7C0F90
7C0FB0
7C07E0
FC07C0
F807C0
F807C0
F807C0
F807C0
F807C0
FC07C0
7C07C0
7C0FC0
7C0F80
7E1F80
3FFF00
1FFE00
0FFC00
03F000
000000
000000
000000
01F000
01F000
01F000
01F000
ENDCHAR
STARTCHAR 1EE3
ENCODING 7907
SWIDTH 600 0
DWIDTH 21 0
BBX 20 25 2 -7
BITMAP
07F0F0
1FF8F0
3FFEF0
7E7EF0
FC3F30
F81F30
F81F60
F81F60
F81FC0
F81F80
F81F00
F81F00
F81F00
FC3F00
7E7E00
3FFC00
1FF800
07E000
000000
000000
000000
03C000
03C000
03C000
03C000
ENDCHAR
STARTCHAR 1EE4
ENCODING 7908
SWIDTH 600 0
DWIDTH 21 0
BBX 17 30 2 -7
BITMAP
F80F80
F80F80
F80F80
F80F80
F80F80
F80F80
F80F80
F80F80
F80F80
F80F80
F80F80
F80F80
F80F80
F80F80
F80F80
F80F80
F81F80
7C1F00
7E3F00
7FFF00
3FFE00
1FFC00
07F000
000000
000000
000000
03E000
03E000
03E000
03E000
ENDCHAR
STARTCHAR 1EE5
ENCODING 7909
SWIDTH 600 0
DWIDTH 21 0
BBX 16 25 2 -7
BITMAP
F80F
F80F
F80F
F80F
F80F
F80F
F80F
F80F
F80F
F80F
F80F
F81F
FC1F
FC3F
7FEF
7FEF
3FCF
1F0F
0000
0000
0000
03E0
03E0
03E0
03E0
ENDCHAR
STARTCHAR 1EE6
ENCODING 7910
SWIDTH 600 0
DWIDTH 21 0
BBX 17 31 2 0
BITMAP
07E000
07F000
007000
007000
01E000
018000
000000
000000
F80F80
F80F80
F80F80
F80F80
F80F80
F80F80
F80F80
F80F80
F80F80
F80F80
F80F80
F80F80
F80F80
F80F80
F80F80
F80F80
F81F80
7C1F00
7E3F00
7FFF00
3FFE00
1FFC00
07F000
ENDCHAR
STARTCHAR 1EE7
ENCODING 7911
SWIDTH 600 0
DWIDTH 21 0
BBX 16 26 2 0
BITMAP
07C0
07F0
0070
0070
01E0
0180
0000
0000
F80F
F80F
F80F
F80F
F80F
F80F
F80F
F80F
F80F
F80F
F80F
F81F
FC1F
FC3F
7FEF
7FEF
3FCF
1F0F
ENDCHAR
STARTCHAR 1EE8
ENCODING 7912
SWIDTH 600 0
DWIDTH 21 0
BBX 21 29 2 0
BITMAP
003E00
007C00
00F800
01E000
03C000
000078
F81F78
F81F78
F81F78
F81F10
F81F30
F81F30
F81F30
F81F70
F81FE0
F81FC0
F81F00
F81F00
F81F00
F81F00
F81F00
F81F00
F83F00
7C3E00
7C7E00
7FFE00
3FFC00
1FF800
0FE000
ENDCHAR
STARTCHAR 1EE9
ENCODING 7913
SWIDTH 600 0
DWIDTH 21 0
BBX 20 25 2 0
BITMAP
003E00
007C00
00F000
01E000
03C000
000000
000000
F81E70
F81E70
F81E70
F81E70
F81E30
F81E30
F81E30
F81E30
F81E60
F81FE0
F83F80
F83E00
F83E00
FC7E00
7FDE00
7FDE00
3F9E00
1F1E00
ENDCHAR
STARTCHAR 1EEA
ENCODING 7914
SWIDTH 600 0
DWIDTH 21 0
BBX 21 29 2 0
BITMAP
3C0000
1E0000
0F0000
078000
01C000
000078
F81F78
F81F78
F81F78
F81F10
F81F30
F81F30
F81F30
F81F70
F81FE0
F81FC0
F81F00
F81F00
F81F00
F81F00
F81F00
F81F00
F83F00
7C3E00
7C7E00
7FFE00
3FFC00
1FF800
0FE000
ENDCHAR
STARTCHAR 1EEB
ENCODING 7915
SWIDTH 600 0
DWIDTH 21 0
BBX 20 25 2 0
BITMAP
3C0000
1E0000
0F0000
078000
01C000
000000
000000
F81E70
F81E70
F81E70
F81E70
F81E30
F81E30
F81E30
F81E30
F81E60
F81FE0
F83F80
F83E00
F83E00
FC7E00
7FDE00
7FDE00
3F9E00
1F1E00
ENDCHAR
STARTCHAR 1EEC
ENCODING 7916
SWIDTH 600 0
DWIDTH 21 0
BBX 21 31 2 0
BITMAP
0FE000
07F000
007000
00F000
01E000
018000
000000
000078
F81F78
F81F78
F81F78
F81F10
F81F30
F81F30
F81F30
F81F70
F81FE0
F81FC0
F81F00
F81F00
F81F00
F81F00
F81F00
F81F00
F83F00
7C3E00
7C7E00
7FFE00
3FFC00
1FF800
0FE000
ENDCHAR
STARTCHAR 1EED
ENCODING 7917
SWIDTH 600 0
DWIDTH 21 0
BBX 20 26 2 0
BITMAP
0FC000
0FE000
007000
00F000
03E000
038000
000000
000000
F81E70
F81E70
F81E70
F81E70
F81E30
F81E30
F81E30
F81E30
F81E60
F81FE0
F83F80
F83E00
F83E00
FC7E00
7FDE00
7FDE00
3F9E00
1F1E00
ENDCHAR
STARTCHAR 1EEE
ENCODING 7918
SWIDTH 600 0
DWIDTH 21 0
BBX 21 29 2 0
BITMAP
1E0E00
3F8E00
3FFC00
31FC00
707800
000078
F81F78
F81F78
F81F78
F81F10
F81F30
F81F30
F81F30
F81F70
F81FE0
F81FC0
F81F00
F81F00
F81F00
F81F00
F81F00
F81F00
F83F00
7C3E00
7C7E00
7FFE00
3FFC00
1FF800
0FE000
ENDCHAR
STARTCHAR 1EEF
ENCODING 7919
SWIDTH 600 0
DWIDTH 21 0
BBX 20 25 2 0
BITMAP
1E0E00
3F8C00
3FFC00
71FC00
707800
000000
000000
F81E70
F81E70
F81E70
F81E70
F81E30
F81E30
F81E30
F81E30
F81E60
F81FE0
F83F80
F83E00
F83E00
FC7E00
7FDE00
7FDE00
3F9E00
1F1E00
ENDCHAR
STARTCHAR 1EF0
ENCODING 7920
SWIDTH 600 0
DWIDTH 21 0
BBX 21 31 2 -7
BITMAP
000078
F81F78
F81F78
F81F78
F81F10
F81F30
F81F30
F81F30
F81F70
F81FE0
F81FC0
F81F00
F81F00
F81F00
F81F00
F81F00
F81F00
F83F00
7C3E00
7C7E00
7FFE00
3FFC00
1FF800
0FE000
000000
000000
000000
03C000
03C000
03C000
03C000
ENDCHAR
STARTCHAR 1EF1
ENCODING 7921
SWIDTH 600 0
DWIDTH 21 0
BBX 20 25 2 -7
BITMAP
F81E70
F81E70
F81E70
F81E70
F81E30
F81E30
F81E30
F81E30
F81E60
F81FE0
F83F80
F83E00
F83E00
FC7E00
7FDE00
7FDE00
3F9E00
1F1E00
000000
000000
000000
07C000
07C000
07C000
07C000
ENDCHAR
STARTCHAR 1EF2
ENCODING 7922
SWIDTH 600 0
DWIDTH 21 0
BBX 21 29 0 0
BITMAP
078000
03C000
01E000
00F000
003800
000000
FC01F8
7C01F0
7E03F0
3E03E0
1F07C0
1F07C0
0F8F80
0F8F80
07DF00
07DF00
03FE00
01FC00
01FC00
00F800
00F800
00F800
00F800
00F800
00F800
00F800
00F800
00F800
00F800
ENDCHAR
STARTCHAR 1EF3
ENCODING 7923
SWIDTH 600 0
DWIDTH 21 0
BBX 19 32 1 -7
BITMAP
0F8000
07C000
03E000
00F000
007800
000000
000000
F803E0
F803E0
7C07C0
7C07C0
3E0780
3E0F80
1E0F80
1F0F00
1F1F00
0F1E00
0F9E00
07BE00
07BC00
07FC00
03F800
03F800
01F800
01F000
01F000
01E000
03E000
07E000
7FC000
7F8000
7F0000
ENDCHAR
STARTCHAR 1EF4
ENCODING 7924
SWIDTH 600 0
DWIDTH 21 0
BBX 21 30 0 -7
BITMAP
FC01F8
7C01F0
7E03F0
3E03E0
1F07C0
1F07C0
0F8F80
0F8F80
07DF00
07DF00
03FE00
01FC00
01FC00
00F800
00F800
00F800
00F800
00F800
00F800
00F800
00F800
00F800
00F800
000000
000000
000000
00F800
00F800
00F800
00F800
ENDCHAR
STARTCHAR 1EF5
ENCODING 7925
SWIDTH 600 0
DWIDTH 21 0
BBX 19 25 1 -7
BITMAP
F803E0
F803E0
7C07C0
7C07C0
3E0780
3E0F80
1E0F80
1F0F00
1F1F00
0F1E00
0F9E00
07BE00
07BC00
07FC00
03F800
03F800
01F800
01F000
01F000
01E000
03E000
07E7C0
7FC7C0
7F87C0
7F07C0
ENDCHAR
STARTCHAR 1EF6
ENCODING 7926
SWIDTH 600 0
DWIDTH 21 0
BBX 21 31 0 0
BITMAP
01F800
01FC00
001C00
001C00
007800
006000
000000
000000
FC01F8
7C01F0
7E03F0
3E03E0
1F07C0
1F07C0
0F8F80
0F8F80
07DF00
07DF00
03FE00
01FC00
01FC00
00F800
00F800
00F800
00F800
00F800
00F800
00F800
00F800
00F800
00F800
ENDCHAR
STARTCHAR 1EF7
ENCODING 7927
SWIDTH 600 0
DWIDTH 21 0
BBX 19 33 1 -7
BITMAP
03E000
03F800
003800
003800
00F000
00C000
000000
000000
F803E0
F803E0
7C07C0
7C07C0
3E0780
3E0F80
1E0F80
1F0F00
1F1F00
0F1E00
0F9E00
07BE00
07BC00
07FC00
03F800
03F800
01F800
01F000
01F000
01E000
03E000
07E000
7FC000
7F8000
7F0000
ENDCHAR
STARTCHAR 1EF8
ENCODING 7928
SWIDTH 600 0
DWIDTH 21 0
BBX 21 29 0 0
BITMAP
03C180
07F380
0FFF80
0E7F00
0C1E00
000000
FC01F8
7C01F0
7E03F0
3E03E0
1F07C0
1F07C0
0F8F80
0F8F80
07DF00
07DF00
03FE00
01FC00
01FC00
00F800
00F800
00F800
00F800
00F800
00F800
00F800
00F800
00F800
00F800
ENDCHAR
STARTCHAR 1EF9
ENCODING 7929
SWIDTH 600 0
DWIDTH 21 0
BBX 19 32 1 -7
BITMAP
078300
0FE700
1FFF00
1CFE00
183C00
000000
000000
F803E0
F803E0
7C07C0
7C07C0
3E0780
3E0F80
1E0F80
1F0F00
1F1F00
0F1E00
0F9E00
07BE00
07BC00
07FC00
03F800
03F800
01F800
01F000
01F000
01E000
03E000
07E000
7FC000
7F8000
7F0000
ENDCHAR
STARTCHAR 1F00
ENCODING 7936
SWIDTH 600 0
DWIDTH 21 0
BBX 20 27 1 0
BITMAP
00F000
00F000
00F000
006000
006000
006000
00C000
000000
000000
07C1F0
1FF1E0
3FF9E0
7F7FC0
7C1FC0
7C1FC0
F80FC0
F80F80
F80F80
F80F80
F80F80
F80F80
7C1FC0
7C1FC0
7E7BC0
3FF3C0
1FF3E0
0FC1E0
ENDCHAR
STARTCHAR 1F01
ENCODING 7937
SWIDTH 600 0
DWIDTH 21 0
BBX 20 27 1 0
BITMAP
01E000
01E000
01E000
018000
018000
01C000
00C000
000000
000000
07C1F0
1FF1E0
3FF9E0
7F7FC0
7C1FC0
7C1FC0
F80FC0
F80F80
F80F80
F80F80
F80F80
F80F80
7C1FC0
7C1FC0
7E7BC0
3FF3C0
1FF3E0
0FC1E0
ENDCHAR
STARTCHAR 1F02
ENCODING 7938
SWIDTH 600 0
DWIDTH 21 0
BBX 20 27 1 0
BITMAP
0F7C00
0F3C00
0F1C00
060C00
060E00
060000
0C0000
000000
000000
07C1F0
1FF1E0
3FF9E0
7F7FC0
7C1FC0
7C1FC0
F80FC0
F80F80
F80F80
F80F80
F80F80
F80F80
7C1FC0
7C1FC0
7E7BC0
3FF3C0
1FF3E0
0FC1E0
ENDCHAR
STARTCHAR 1F03
ENCODING 7939
SWIDTH 600 0
DWIDTH 21 0
BBX 20 27 1 0
BITMAP
0F7C00
0F3C00
0F1C00
0C0C00
0C0E00
0C0000
060000
000000
000000
07C1F0
1FF1E0
3FF9E0
7F7FC0
7C1FC0
7C1FC0
F80FC0
F80F80
F80F80
F80F80
F80F80
F80F80
7C1FC0
7C1FC0
7E7BC0
3FF3C0
1FF3E0
0FC1E0
ENDCHAR
STARTCHAR 1F04
ENCODING 7940
SWIDTH 600 0
DWIDTH 21 0
BBX 20 27 1 0
BITMAP
079F00
079E00
079C00
03B800
033000
030000
060000
000000
000000
07C1F0
1FF1E0
3FF9E0
7F7FC0
7C1FC0
7C1FC0
F80FC0
F80F80
F80F80
F80F80
F80F80
F80F80
7C1FC0
7C1FC0
7E7BC0
3FF3C0
1FF3E0
0FC1E0
ENDCHAR
STARTCHAR 1F05
ENCODING 7941
SWIDTH 600 0
DWIDTH 21 0
BBX 20 27 1 0
BITMAP
079F00
079E00
079C00
063800
063000
060000
030000
000000
000000
07C1F0
1FF1E0
3FF9E0
7F7FC0
7C1FC0
7C1FC0
F80FC0
F80F80
F80F80
F80F80
F80F80
F80F80
7C1FC0
7C1FC0
7E7BC0
3FF3C0
1FF3E0
0FC1E0
ENDCHAR
STARTCHAR 1F06
ENCODING 7942
SWIDTH 600 0
DWIDTH 21 0
BBX 20 33 1 0
BITMAP
070600
0FC600
1FFE00
187C00
181800
000000
01E000
01E000
01E000
006000
006000
00E000
00C000
000000
000000
07C1F0
1FF1E0
3FF9E0
7F7FC0
7C1FC0
7C1FC0
F80FC0
F80F80
F80F80
F80F80
F80F80
F80F80
7C1FC0
7C1FC0
7E7BC0
3FF3C0
1FF3E0
0FC1E0
ENDCHAR
STARTCHAR 1F07
ENCODING 7943
SWIDTH 600 0
DWIDTH 21 0
BBX 20 33 1 0
BITMAP
070600
0FC600
1FFE00
187C00
181800
000000
01E000
01E000
01E000
018000
00C000
00C000
00E000
000000
000000
07C1F0
1FF1E0
3FF9E0
7F7FC0
7C1FC0
7C1FC0
F80FC0
F80F80
F80F80
F80F80
F80F80
F80F80
7C1FC0
7C1FC0
7E7BC0
3FF3C0
1FF3E0
0FC1E0
ENDCHAR
STARTCHAR 1F08
ENCODING 7944
SWIDTH 600 0
DWIDTH 21 0
BBX 21 25 0 0
BITMAP
780000
780000
79FC00
19FC00
19FC00
33DE00
33DE00
03DE00
07DF00
078F00
078F00
0F8F80
0F8F80
0F0780
1F07C0
1F07C0
1FFFC0
3FFFE0
3FFFE0
3FFFE0
7C01F0
7C01F0
7C01F0
FC00F8
F800F8
ENDCHAR
STARTCHAR 1F09
ENCODING 7945
SWIDTH 600 0
DWIDTH 21 0
BBX 21 25 0 0
BITMAP
780000
780000
79FC00
61FC00
61FC00
73DE00
33DE00
03DE00
07DF00
078F00
078F00
0F8F80
0F8F80
0F0780
1F07C0
1F07C0
1FFFC0
3FFFE0
3FFFE0
3FFFE0
7C01F0
7C01F0
7C01F0
FC00F8
F800F8
ENDCHAR
STARTCHAR 1F0A
ENCODING 7946
SWIDTH 600 0
DWIDTH 21 0
BBX 27 25 -6 0
BITMAP
F7C00000
F3C00000
F1E7F000
30E7F000
3067F000
600F7800
E00F7800
000F7800
001F7C00
001E3C00
001E3C00
003E3E00
003E3E00
003C1E00
007C1F00
007C1F00
007FFF00
00FFFF80
00FFFF80
00FFFF80
01F007C0
01F007C0
01F007C0
03F003E0
03E003E0
ENDCHAR
STARTCHAR 1F0B
ENCODING 7947
SWIDTH 600 0
DWIDTH 21 0
BBX 27 25 -6 0
BITMAP
F7C00000
F3C00000
F1E7F000
C0E7F000
C067F000
600F7800
700F7800
000F7800
001F7C00
001E3C00
001E3C00
003E3E00
003E3E00
003C1E00
007C1F00
007C1F00
007FFF00
00FFFF80
00FFFF80
00FFFF80
01F007C0
01F007C0
01F007C0
03F003E0
03E003E0
ENDCHAR
STARTCHAR 1F0C
ENCODING 7948
SWIDTH 600 0
DWIDTH 21 0
BBX 27 25 -6 0
BITMAP
F1E00000
F1E00000
F3C7F000
3387F000
3307F000
300F7800
600F7800
000F7800
001F7C00
001E3C00
001E3C00
003E3E00
003E3E00
003C1E00
007C1F00
007C1F00
007FFF00
00FFFF80
00FFFF80
00FFFF80
01F007C0
01F007C0
01F007C0
03F003E0
03E003E0
ENDCHAR
STARTCHAR 1F0D
ENCODING 7949
SWIDTH 600 0
DWIDTH 21 0
BBX 27 25 -6 0
BITMAP
F1E00000
F1E00000
F3C7F000
E387F000
6307F000
600F7800
300F7800
000F7800
001F7C00
001E3C00
001E3C00
003E3E00
003E3E00
003C1E00
007C1F00
007C1F00
007FFF00
00FFFF80
00FFFF80
00FFFF80
01F007C0
01F007C0
01F007C0
03F003E0
03E003E0
ENDCHAR
STARTCHAR 1F0E
ENCODING 7950
SWIDTH 600 0
DWIDTH 21 0
BBX 26 31 -5 0
BITMAP
3C300000
7E300000
7FF00000
E3E00000
E0C00000
00000000
07800000
07800000
078FE000
030FE000
030FE000
031EF000
061EF000
001EF000
003EF800
003C7800
003C7800
007C7C00
007C7C00
00783C00
00F83E00
00F83E00
00FFFE00
01FFFF00
01FFFF00
01FFFF00
03E00F80
03E00F80
03E00F80
07E007C0
07C007C0
ENDCHAR
STARTCHAR 1F0F
ENCODING 7951
SWIDTH 600 0
DWIDTH 21 0
BBX 26 31 -5 0
BITMAP
3C300000
7E300000
7FF00000
E3E00000
E0C00000
00000000
07800000
07800000
078FE000
060FE000
060FE000
061EF000
031EF000
001EF000
003EF800
003C7800
003C7800
007C7C00
007C7C00
00783C00
00F83E00
00F83E00
00FFFE00
01FFFF00
01FFFF00
01FFFF00
03E00F80
03E00F80
03E00F80
07E007C0
07C007C0
ENDCHAR
STARTCHAR 1F10
ENCODING 7952
SWIDTH 600 0
DWIDTH 21 0
BBX 17 27 2 0
BITMAP
01C000
01C000
01C000
00C000
00C000
00C000
018000
000000
000000
07F800
1FFE00
3FFF80
7E0F00
780600
7C0000
7E0000
1FF000
07F000
1FF000
7F0000
FC0000
F80200
F80700
7E1F80
7FFF00
3FFE00
07F000
ENDCHAR
STARTCHAR 1F11
ENCODING 7953
SWIDTH 600 0
DWIDTH 21 0
BBX 17 27 2 0
BITMAP
01C000
01C000
01C000
018000
018000
018000
00C000
000000
000000
07F800
1FFE00
3FFF80
7E0F00
780600
7C0000
7E0000
1FF000
07F000
1FF000
7F0000
FC0000
F80200
F80700
7E1F80
7FFF00
3FFE00
07F000
ENDCHAR
STARTCHAR 1F12
ENCODING 7954
SWIDTH 600 0
DWIDTH 21 0
BBX 17 27 2 0
BITMAP
1EF800
1E7800
1E3800
061C00
060C00
0C0000
1C0000
000000
000000
07F800
1FFE00
3FFF80
7E0F00
780600
7C0000
7E0000
1FF000
07F000
1FF000
7F0000
FC0000
F80200
F80700
7E1F80
7FFF00
3FFE00
07F000
ENDCHAR
STARTCHAR 1F13
ENCODING 7955
SWIDTH 600 0
DWIDTH 21 0
BBX 17 27 2 0
BITMAP
1EF800
1E7800
1E3800
181C00
180C00
0C0000
0C0000
000000
000000
07F800
1FFE00
3FFF80
7E0F00
780600
7C0000
7E0000
1FF000
07F000
1FF000
7F0000
FC0000
F80200
F80700
7E1F80
7FFF00
3FFE00
07F000
ENDCHAR
STARTCHAR 1F14
ENCODING 7956
SWIDTH 600 0
DWIDTH 21 0
BBX 17 27 2 0
BITMAP
1E3E00
1E3C00
1E7800
067000
066000
060000
0C0000
000000
000000
07F800
1FFE00
3FFF80
7E0F00
780600
7C0000
7E0000
1FF000
07F000
1FF000
7F0000
FC0000
F80200
F80700
7E1F80
7FFF00
3FFE00
07F000
ENDCHAR
STARTCHAR 1F15
ENCODING 7957
SWIDTH 600 0
DWIDTH 21 0
BBX 17 27 2 0
BITMAP
1E3C00
1E3C00
1E7800
187000
0C6000
0C0000
0E0000
000000
000000
07F800
1FFE00
3FFF80
7E0F00
780600
7C0000
7E0000
1FF000
07F000
1FF000
7F0000
FC0000
F80200
F80700
7E1F80
7FFF00
3FFE00
07F000
ENDCHAR
STARTCHAR 1F18
ENCODING 7960
SWIDTH 600 0
DWIDTH 21 0
BBX 24 25 -4 0
BITMAP
F00000
F00000
F3FFFE
33FFFE
33FFFE
33FFFE
63E000
03E000
03E000
03E000
03E000
03FFFC
03FFFC
03FFFC
03FFFC
03E000
03E000
03E000
03E000
03E000
03E000
03FFFF
03FFFF
03FFFF
03FFFF
ENDCHAR
STARTCHAR 1F19
ENCODING 7961
SWIDTH 600 0
DWIDTH 21 0
BBX 24 25 -4 0
BITMAP
F00000
F00000
F3FFFE
E3FFFE
63FFFE
63FFFE
33E000
03E000
03E000
03E000
03E000
03FFFC
03FFFC
03FFFC
03FFFC
03E000
03E000
03E000
03E000
03E000
03E000
03FFFF
03FFFF
03FFFF
03FFFF
ENDCHAR
STARTCHAR 1F1A
ENCODING 7962
SWIDTH 600 0
DWIDTH 21 0
BBX 30 25 -10 0
BITMAP
F7C00000
F3C00000
F1CFFFF8
30EFFFF8
606FFFF8
600FFFF8
E00F8000
000F8000
000F8000
000F8000
000F8000
000FFFF0
000FFFF0
000FFFF0
000FFFF0
000F8000
000F8000
000F8000
000F8000
000F8000
000F8000
000FFFFC
000FFFFC
000FFFFC
000FFFFC
ENDCHAR
STARTCHAR 1F1B
ENCODING 7963
SWIDTH 600 0
DWIDTH 21 0
BBX 30 25 -10 0
BITMAP
F7C00000
F3C00000
F1CFFFF8
C0EFFFF8
C06FFFF8
E00FFFF8
600F8000
000F8000
000F8000
000F8000
000F8000
000FFFF0
000FFFF0
000FFFF0
000FFFF0
000F8000
000F8000
000F8000
000F8000
000F8000
000F8000
000FFFFC
000FFFFC
000FFFFC
000FFFFC
ENDCHAR
STARTCHAR 1F1C
ENCODING 7964
SWIDTH 600 0
DWIDTH 21 0
BBX 30 25 -10 0
BITMAP
F3E00000
F3C00000
F38FFFF8
370FFFF8
660FFFF8
600FFFF8
E00F8000
000F8000
000F8000
000F8000
000F8000
000FFFF0
000FFFF0
000FFFF0
000FFFF0
000F8000
000F8000
000F8000
000F8000
000F8000
000F8000
000FFFFC
000FFFFC
000FFFFC
000FFFFC
ENDCHAR
STARTCHAR 1F1D
ENCODING 7965
SWIDTH 600 0
DWIDTH 21 0
BBX 30 25 -10 0
BITMAP
F3E00000
F3C00000
F38FFFF8
C70FFFF8
C60FFFF8
E00FFFF8
600F8000
000F8000
000F8000
000F8000
000F8000
000FFFF0
000FFFF0
000FFFF0
000FFFF0
000F8000
000F8000
000F8000
000F8000
000F8000
000F8000
000FFFFC
000FFFFC
000FFFFC
000FFFFC
ENDCHAR
STARTCHAR 1F20
ENCODING 7968
SWIDTH 600 0
DWIDTH 21 0
BBX 17 34 2 -7
BITMAP
01E000
01E000
01E000
006000
006000
006000
00C000
000000
000000
F8FC00
F9FF00
FBFF00
FE1F80
7C0F80
7C0F80
780F80
780F80
780F80
780F80
780F80
780F80
780F80
780F80
780F80
780F80
780F80
780F80
000F80
000F80
000F80
000F80
000F80
000F80
000F80
ENDCHAR
STARTCHAR 1F21
ENCODING 7969
SWIDTH 600 0
DWIDTH 21 0
BBX 17 34 2 -7
BITMAP
01E000
01E000
01E000
018000
018000
01C000
00C000
000000
000000
F8FC00
F9FF00
FBFF00
FE1F80
7C0F80
7C0F80
780F80
780F80
780F80
780F80
780F80
780F80
780F80
780F80
780F80
780F80
780F80
780F80
000F80
000F80
000F80
000F80
000F80
000F80
000F80
ENDCHAR
STARTCHAR 1F22
ENCODING 7970
SWIDTH 600 0
DWIDTH 21 0
BBX 17 34 2 -7
BITMAP
1EF800
1E7800
1E3800
0C1800
0C1C00
0C0000
180000
000000
000000
F8FC00
F9FF00
FBFF00
FE1F80
7C0F80
7C0F80
780F80
780F80
780F80
780F80
780F80
780F80
780F80
780F80
780F80
780F80
780F80
780F80
000F80
000F80
000F80
000F80
000F80
000F80
000F80
ENDCHAR
STARTCHAR 1F23
ENCODING 7971
SWIDTH 600 0
DWIDTH 21 0
BBX 17 34 2 -7
BITMAP
1EF800
1E7800
1E3800
181800
181C00
180000
0C0000
000000
000000
F8FC00
F9FF00
FBFF00
FE1F80
7C0F80
7C0F80
780F80
780F80
780F80
780F80
780F80
780F80
780F80
780F80
780F80
780F80
780F80
780F80
000F80
000F80
000F80
000F80
000F80
000F80
000F80
ENDCHAR
STARTCHAR 1F24
ENCODING 7972
SWIDTH 600 0
DWIDTH 21 0
BBX 17 34 2 -7
BITMAP
0F3E00
0F3C00
0F3800
033800
037000
060000
0E0000
000000
000000
F8FC00
F9FF00
FBFF00
FE1F80
7C0F80
7C0F80
780F80
780F80
780F80
780F80
780F80
780F80
780F80
780F80
780F80
780F80
780F80
780F80
000F80
000F80
000F80
000F80
000F80
000F80
000F80
ENDCHAR
STARTCHAR 1F25
ENCODING 7973
SWIDTH 600 0
DWIDTH 21 0
BBX 17 34 2 -7
BITMAP
0F3E00
0F3C00
0F3800
0C3800
0C7000
060000
060000
000000
000000
F8FC00
F9FF00
FBFF00
FE1F80
7C0F80
7C0F80
780F80
780F80
780F80
780F80
780F80
780F80
780F80
780F80
780F80
780F80
780F80
780F80
000F80
000F80
000F80
000F80
000F80
000F80
000F80
ENDCHAR
STARTCHAR 1F26
ENCODING 7974
SWIDTH 600 0
DWIDTH 21 0
BBX 17 40 2 -7
BITMAP
070600
0FCE00
1FFE00
187C00
181800
000000
01E000
01E000
01E000
006000
006000
00C000
00C000
000000
000000
F8FC00
F9FF00
FBFF00
FE1F80
7C0F80
7C0F80
780F80
780F80
780F80
780F80
780F80
780F80
780F80
780F80
780F80
780F80
780F80
780F80
000F80
000F80
000F80
000F80
000F80
000F80
000F80
ENDCHAR
STARTCHAR 1F27
ENCODING 7975
SWIDTH 600 0
DWIDTH 21 0
BBX 17 40 2 -7
BITMAP
070600
0FCE00
1FFE00
187C00
181800
000000
01E000
01E000
01E000
018000
018000
00C000
00E000
000000
000000
F8FC00
F9FF00
FBFF00
FE1F80
7C0F80
7C0F80
780F80
780F80
780F80
780F80
780F80
780F80
780F80
780F80
780F80
780F80
780F80
780F80
000F80
000F80
000F80
000F80
000F80
000F80
000F80
ENDCHAR
STARTCHAR 1F28
ENCODING 7976
SWIDTH 600 0
DWIDTH 21 0
BBX 23 25 -4 0
BITMAP
F00000
F00000
F3E03E
33E03E
33E03E
33E03E
63E03E
03E03E
03E03E
03E03E
03E03E
03FFFE
03FFFE
03FFFE
03FFFE
03E03E
03E03E
03E03E
03E03E
03E03E
03E03E
03E03E
03E03E
03E03E
03E03E
ENDCHAR
STARTCHAR 1F29
ENCODING 7977
SWIDTH 600 0
DWIDTH 21 0
BBX 23 25 -4 0
BITMAP
F00000
F00000
F3E03E
E3E03E
63E03E
63E03E
33E03E
03E03E
03E03E
03E03E
03E03E
03FFFE
03FFFE
03FFFE
03FFFE
03E03E
03E03E
03E03E
03E03E
03E03E
03E03E
03E03E
03E03E
03E03E
03E03E
ENDCHAR
STARTCHAR 1F2A
ENCODING 7978
SWIDTH 600 0
DWIDTH 21 0
BBX 29 25 -10 0
BITMAP
F7C00000
F3C00000
F1CF80F8
30EF80F8
606F80F8
600F80F8
E00F80F8
000F80F8
000F80F8
000F80F8
000F80F8
000FFFF8
000FFFF8
000FFFF8
000FFFF8
000F80F8
000F80F8
000F80F8
000F80F8
000F80F8
000F80F8
000F80F8
000F80F8
000F80F8
000F80F8
ENDCHAR
STARTCHAR 1F2B
ENCODING 7979
SWIDTH 600 0
DWIDTH 21 0
BBX 29 25 -10 0
BITMAP
F7C00000
F3C00000
F1CF80F8
C0EF80F8
C06F80F8
E00F80F8
600F80F8
000F80F8
000F80F8
000F80F8
000F80F8
000FFFF8
000FFFF8
000FFFF8
000FFFF8
000F80F8
000F80F8
000F80F8
000F80F8
000F80F8
000F80F8
000F80F8
000F80F8
000F80F8
000F80F8
ENDCHAR
STARTCHAR 1F2C
ENCODING 7980
SWIDTH 600 0
DWIDTH 21 0
BBX 29 25 -10 0
BITMAP
F3E00000
F3C00000
F38F80F8
370F80F8
660F80F8
600F80F8
E00F80F8
000F80F8
000F80F8
000F80F8
000F80F8
000FFFF8
000FFFF8
000FFFF8
000FFFF8
000F80F8
000F80F8
000F80F8
000F80F8
000F80F8
000F80F8
000F80F8
000F80F8
000F80F8
000F80F8
ENDCHAR
STARTCHAR 1F2D
ENCODING 7981
SWIDTH 600 0
DWIDTH 21 0
BBX 29 25 -10 0
BITMAP
F3E00000
F3C00000
F38F80F8
C70F80F8
C60F80F8
E00F80F8
600F80F8
000F80F8
000F80F8
000F80F8
000F80F8
000FFFF8
000FFFF8
000FFFF8
000FFFF8
000F80F8
000F80F8
000F80F8
000F80F8
000F80F8
000F80F8
000F80F8
000F80F8
000F80F8
000F80F8
ENDCHAR
STARTCHAR 1F2E
ENCODING 7982
SWIDTH 600 0
DWIDTH 21 0
BBX 27 31 -8 0
BITMAP
78300000
7E700000
FFE00000
C7E00000
C1800000
00000000
0F000000
0F000000
0F3E03E0
033E03E0
033E03E0
063E03E0
0E3E03E0
003E03E0
003E03E0
003E03E0
003E03E0
003FFFE0
003FFFE0
003FFFE0
003FFFE0
003E03E0
003E03E0
003E03E0
003E03E0
003E03E0
003E03E0
003E03E0
003E03E0
003E03E0
003E03E0
ENDCHAR
STARTCHAR 1F2F
ENCODING 7983
SWIDTH 600 0
DWIDTH 21 0
BBX 27 31 -8 0
BITMAP
78300000
7E700000
FFE00000
C7E00000
C1800000
00000000
0F000000
0F000000
0F3E03E0
0C3E03E0
0C3E03E0
063E03E0
073E03E0
003E03E0
003E03E0
003E03E0
003E03E0
003FFFE0
003FFFE0
003FFFE0
003FFFE0
003E03E0
003E03E0
003E03E0
003E03E0
003E03E0
003E03E0
003E03E0
003E03E0
003E03E0
003E03E0
ENDCHAR
STARTCHAR 1F30
ENCODING 7984
SWIDTH 600 0
DWIDTH 21 0
BBX 17 27 2 0
BITMAP
078000
078000
078000
018000
018000
038000
030000
000000
000000
FFC000
FFC000
FFC000
07C000
07C000
07C000
07C000
07C000
07C000
07C000
07C000
07C000
07C000
07C100
07FF80
03FF80
01FF00
00FE00
ENDCHAR
STARTCHAR 1F31
ENCODING 7985
SWIDTH 600 0
DWIDTH 21 0
BBX 17 27 2 0
BITMAP
078000
078000
078000
060000
030000
030000
038000
000000
000000
FFC000
FFC000
FFC000
07C000
07C000
07C000
07C000
07C000
07C000
07C000
07C000
07C000
07C000
07C100
07FF80
03FF80
01FF00
00FE00
ENDCHAR
STARTCHAR 1F32
ENCODING 7986
SWIDTH 600 0
DWIDTH 21 0
BBX 17 27 2 0
BITMAP
3CF000
3CF000
3C7800
0C3800
0C1800
180000
180000
000000
000000
FFC000
FFC000
FFC000
07C000
07C000
07C000
07C000
07C000
07C000
07C000
07C000
07C000
07C000
07C100
07FF80
03FF80
01FF00
00FE00
ENDCHAR
STARTCHAR 1F33
ENCODING 7987
SWIDTH 600 0
DWIDTH 21 0
BBX 17 27 2 0
BITMAP
3DF000
3CF000
3C7000
303800
301800
380000
180000
000000
000000
FFC000
FFC000
FFC000
07C000
07C000
07C000
07C000
07C000
07C000
07C000
07C000
07C000
07C000
07C100
07FF80
03FF80
01FF00
00FE00
ENDCHAR
STARTCHAR 1F34
ENCODING 7988
SWIDTH 600 0
DWIDTH 21 0
BBX 17 27 2 0
BITMAP
3CF800
3CF000
3CE000
0DC000
198000
180000
380000
000000
000000
FFC000
FFC000
FFC000
07C000
07C000
07C000
07C000
07C000
07C000
07C000
07C000
07C000
07C000
07C100
07FF80
03FF80
01FF00
00FE00
ENDCHAR
STARTCHAR 1F35
ENCODING 7989
SWIDTH 600 0
DWIDTH 21 0
BBX 17 27 2 0
BITMAP
3CF800
3CF000
3CE000
31C000
318000
380000
180000
000000
000000
FFC000
FFC000
FFC000
07C000
07C000
07C000
07C000
07C000
07C000
07C000
07C000
07C000
07C000
07C100
07FF80
03FF80
01FF00
00FE00
ENDCHAR
STARTCHAR 1F36
ENCODING 7990
SWIDTH 600 0
DWIDTH 21 0
BBX 17 33 2 0
BITMAP
1E1800
3F1800
3FF800
71F000
606000
000000
078000
078000
078000
018000
018000
018000
030000
000000
000000
FFC000
FFC000
FFC000
07C000
07C000
07C000
07C000
07C000
07C000
07C000
07C000
07C000
07C000
07C100
07FF80
03FF80
01FF00
00FE00
ENDCHAR
STARTCHAR 1F37
ENCODING 7991
SWIDTH 600 0
DWIDTH 21 0
BBX 17 33 2 0
BITMAP
1E1800
3F1800
3FF800
71F000
606000
000000
078000
078000
078000
030000
030000
030000
018000
000000
000000
FFC000
FFC000
FFC000
07C000
07C000
07C000
07C000
07C000
07C000
07C000
07C000
07C000
07C000
07C100
07FF80
03FF80
01FF00
00FE00
ENDCHAR
STARTCHAR 1F38
ENCODING 7992
SWIDTH 600 0
DWIDTH 21 0
BBX 21 25 -3 0
BITMAP
F00000
F00000
F3FFF8
73FFF8
63FFF8
63FFF8
C01F00
001F00
001F00
001F00
001F00
001F00
001F00
001F00
001F00
001F00
001F00
001F00
001F00
001F00
001F00
03FFF8
03FFF8
03FFF8
03FFF8
ENDCHAR
STARTCHAR 1F39
ENCODING 7993
SWIDTH 600 0
DWIDTH 21 0
BBX 22 25 -4 0
BITMAP
F00000
F00000
F1FFFC
E1FFFC
61FFFC
61FFFC
300F80
000F80
000F80
000F80
000F80
000F80
000F80
000F80
000F80
000F80
000F80
000F80
000F80
000F80
000F80
01FFFC
01FFFC
01FFFC
01FFFC
ENDCHAR
STARTCHAR 1F3A
ENCODING 7994
SWIDTH 600 0
DWIDTH 21 0
BBX 28 25 -10 0
BITMAP
F7C00000
F3C00000
F1C7FFF0
30E7FFF0
6067FFF0
6007FFF0
E0003E00
00003E00
00003E00
00003E00
00003E00
00003E00
00003E00
00003E00
00003E00
00003E00
00003E00
00003E00
00003E00
00003E00
00003E00
0007FFF0
0007FFF0
0007FFF0
0007FFF0
ENDCHAR
STARTCHAR 1F3B
ENCODING 7995
SWIDTH 600 0
DWIDTH 21 0
BBX 28 25 -10 0
BITMAP
F7C00000
F3C00000
F1C7FFF0
C0E7FFF0
C067FFF0
E007FFF0
60003E00
00003E00
00003E00
00003E00
00003E00
00003E00
00003E00
00003E00
00003E00
00003E00
00003E00
00003E00
00003E00
00003E00
00003E00
0007FFF0
0007FFF0
0007FFF0
0007FFF0
ENDCHAR
STARTCHAR 1F3C
ENCODING 7996
SWIDTH 600 0
DWIDTH 21 0
BBX 28 25 -10 0
BITMAP
F3E00000
F3C00000
F387FFF0
3707FFF0
6607FFF0
6007FFF0
E0003E00
00003E00
00003E00
00003E00
00003E00
00003E00
00003E00
00003E00
00003E00
00003E00
00003E00
00003E00
00003E00
00003E00
00003E00
0007FFF0
0007FFF0
0007FFF0
0007FFF0
ENDCHAR
STARTCHAR 1F3D
ENCODING 7997
SWIDTH 600 0
DWIDTH 21 0
BBX 28 25 -10 0
BITMAP
F3E00000
F3C00000
F387FFF0
C707FFF0
C607FFF0
E007FFF0
60003E00
00003E00
00003E00
00003E00
00003E00
00003E00
00003E00
00003E00
00003E00
00003E00
00003E00
00003E00
00003E00
00003E00
00003E00
0007FFF0
0007FFF0
0007FFF0
0007FFF0
ENDCHAR
STARTCHAR 1F3E
ENCODING 7998
SWIDTH 600 0
DWIDTH 21 0
BBX 26 31 -8 0
BITMAP
78300000
7E700000
FFE00000
C7E00000
C1800000
00000000
0F000000
0F000000
0F1FFFC0
031FFFC0
031FFFC0
061FFFC0
0E00F800
0000F800
0000F800
0000F800
0000F800
0000F800
0000F800
0000F800
0000F800
0000F800
0000F800
0000F800
0000F800
0000F800
0000F800
001FFFC0
001FFFC0
001FFFC0
001FFFC0
ENDCHAR
STARTCHAR 1F3F
ENCODING 7999
SWIDTH 600 0
DWIDTH 21 0
BBX 26 31 -8 0
BITMAP
78300000
7E700000
FFE00000
C7E00000
C1800000
00000000
0F000000
0F000000
0F1FFFC0
0C1FFFC0
0C1FFFC0
061FFFC0
0700F800
0000F800
0000F800
0000F800
0000F800
0000F800
0000F800
0000F800
0000F800
0000F800
0000F800
0000F800
0000F800
0000F800
0000F800
001FFFC0
001FFFC0
001FFFC0
001FFFC0
ENDCHAR
STARTCHAR 1F40
ENCODING 8000
SWIDTH 600 0
DWIDTH 21 0
BBX 17 27 2 0
BITMAP
01E000
01E000
01E000
006000
00E000
00C000
01C000
000000
000000
07F000
1FFC00
3FFE00
7F3F00
FC1F80
F80F80
F80F80
F80F80
F80F80
F80F80
F80F80
F80F80
F80F80
FC1F80
7E3F00
3FFE00
1FFC00
07F000
ENDCHAR
STARTCHAR 1F41
ENCODING 8001
SWIDTH 600 0
DWIDTH 21 0
BBX 17 27 2 0
BITMAP
01E000
01E000
01E000
018000
018000
018000
00C000
000000
000000
07F000
1FFC00
3FFE00
7F3F00
FC1F80
F80F80
F80F80
F80F80
F80F80
F80F80
F80F80
F80F80
F80F80
FC1F80
7E3F00
3FFE00
1FFC00
07F000
ENDCHAR
STARTCHAR 1F42
ENCODING 8002
SWIDTH 600 0
DWIDTH 21 0
BBX 17 27 2 0
BITMAP
1EF800
1E7800
1E3800
0E1800
0C1C00
0C0000
180000
000000
000000
07F000
1FFC00
3FFE00
7F3F00
FC1F80
F80F80
F80F80
F80F80
F80F80
F80F80
F80F80
F80F80
F80F80
FC1F80
7E3F00
3FFE00
1FFC00
07F000
ENDCHAR
STARTCHAR 1F43
ENCODING 8003
SWIDTH 600 0
DWIDTH 21 0
BBX 17 27 2 0
BITMAP
1EF800
1E7800
1E3800
181800
181C00
180000
0C0000
000000
000000
07F000
1FFC00
3FFE00
7F3F00
FC1F80
F80F80
F80F80
F80F80
F80F80
F80F80
F80F80
F80F80
F80F80
FC1F80
7E3F00
3FFE00
1FFC00
07F000
ENDCHAR
STARTCHAR 1F44
ENCODING 8004
SWIDTH 600 0
DWIDTH 21 0
BBX 17 27 2 0
BITMAP
1E3C00
1E7800
1E7800
067000
066000
0E0000
0C0000
000000
000000
07F000
1FFC00
3FFE00
7F3F00
FC1F80
F80F80
F80F80
F80F80
F80F80
F80F80
F80F80
F80F80
F80F80
FC1F80
7E3F00
3FFE00
1FFC00
07F000
ENDCHAR
STARTCHAR 1F45
ENCODING 8005
SWIDTH 600 0
DWIDTH 21 0
BBX 17 27 2 0
BITMAP
1E3C00
1E7800
1E7800
187000
1C6000
0C0000
0E0000
000000
000000
07F000
1FFC00
3FFE00
7F3F00
FC1F80
F80F80
F80F80
F80F80
F80F80
F80F80
F80F80
F80F80
F80F80
FC1F80
7E3F00
3FFE00
1FFC00
07F000
ENDCHAR
STARTCHAR 1F48
ENCODING 8008
SWIDTH 600 0
DWIDTH 21 0
BBX 22 25 -2 0
BITMAP
F00000
F00000
F07F00
31FFC0
33FFE0
67FFF0
E7E3F0
0FC1F8
0F80F8
0F80F8
1F80FC
1F007C
1F007C
1F007C
1F007C
1F007C
1F80FC
0F80F8
0F80F8
0FC1F8
07E3F0
07FFF0
03FFE0
01FFC0
007F00
ENDCHAR
STARTCHAR 1F49
ENCODING 8009
SWIDTH 600 0
DWIDTH 21 0
BBX 22 25 -2 0
BITMAP
F00000
F00000
F07F00
C1FFC0
C3FFE0
E7FFF0
67E3F0
0FC1F8
0F80F8
0F80F8
1F80FC
1F007C
1F007C
1F007C
1F007C
1F007C
1F80FC
0F80F8
0F80F8
0FC1F8
07E3F0
07FFF0
03FFE0
01FFC0
007F00
ENDCHAR
STARTCHAR 1F4A
ENCODING 8010
SWIDTH 600 0
DWIDTH 21 0
BBX 29 25 -9 0
BITMAP
F7C00000
F3C00000
F1C0FE00
30E3FF80
6067FFC0
600FFFE0
E00FC7E0
001F83F0
001F01F0
001F01F0
003F01F8
003E00F8
003E00F8
003E00F8
003E00F8
003E00F8
003F01F8
001F01F0
001F01F0
001F83F0
000FC7E0
000FFFE0
0007FFC0
0003FF80
0000FE00
ENDCHAR
STARTCHAR 1F4B
ENCODING 8011
SWIDTH 600 0
DWIDTH 21 0
BBX 29 25 -9 0
BITMAP
F7C00000
F3C00000
F1C0FE00
C0E3FF80
C067FFC0
E00FFFE0
600FC7E0
001F83F0
001F01F0
001F01F0
003F01F8
003E00F8
003E00F8
003E00F8
003E00F8
003E00F8
003F01F8
001F01F0
001F01F0
001F83F0
000FC7E0
000FFFE0
0007FFC0
0003FF80
0000FE00
ENDCHAR
STARTCHAR 1F4C
ENCODING 8012
SWIDTH 600 0
DWIDTH 21 0
BBX 27 25 -7 0
BITMAP
F1E00000
F3C00000
F3C3F800
338FFE00
331FFF00
703FFF80
603F1F80
007E0FC0
007C07C0
007C07C0
00FC07E0
00F803E0
00F803E0
00F803E0
00F803E0
00F803E0
00FC07E0
007C07C0
007C07C0
007E0FC0
003F1F80
003FFF80
001FFF00
000FFE00
0003F800
ENDCHAR
STARTCHAR 1F4D
ENCODING 8013
SWIDTH 600 0
DWIDTH 21 0
BBX 27 25 -7 0
BITMAP
F1E00000
F3C00000
F3C3F800
C38FFE00
C31FFF00
603FFF80
703F1F80
007E0FC0
007C07C0
007C07C0
00FC07E0
00F803E0
00F803E0
00F803E0
00F803E0
00F803E0
00FC07E0
007C07C0
007C07C0
007E0FC0
003F1F80
003FFF80
001FFF00
000FFE00
0003F800
ENDCHAR
STARTCHAR 1F50
ENCODING 8016
SWIDTH 600 0
DWIDTH 21 0
BBX 17 27 2 0
BITMAP
03C000
03C000
03C000
00C000
00C000
01C000
018000
000000
000000
F81E00
F81F00
F81F00
F80F00
F80F80
F80F80
F80F80
F80F80
F80F80
F80F80
F80F80
F80F80
7C0F80
7C1F00
7FFF00
3FFE00
1FFC00
07F000
ENDCHAR
STARTCHAR 1F51
ENCODING 8017
SWIDTH 600 0
DWIDTH 21 0
BBX 17 27 2 0
BITMAP
03C000
03C000
03C000
030000
030000
018000
018000
000000
000000
F81E00
F81F00
F81F00
F80F00
F80F80
F80F80
F80F80
F80F80
F80F80
F80F80
F80F80
F80F80
7C0F80
7C1F00
7FFF00
3FFE00
1FFC00
07F000
ENDCHAR
STARTCHAR 1F52
ENCODING 8018
SWIDTH 600 0
DWIDTH 21 0
BBX 17 27 2 0
BITMAP
3DF000
3CF000
3C7000
0C3800
0C1800
180000
380000
000000
000000
F81E00
F81F00
F81F00
F80F00
F80F80
F80F80
F80F80
F80F80
F80F80
F80F80
F80F80
F80F80
7C0F80
7C1F00
7FFF00
3FFE00
1FFC00
07F000
ENDCHAR
STARTCHAR 1F53
ENCODING 8019
SWIDTH 600 0
DWIDTH 21 0
BBX 17 27 2 0
BITMAP
3DF000
3CF000
3C7000
303800
301800
180000
180000
000000
000000
F81E00
F81F00
F81F00
F80F00
F80F80
F80F80
F80F80
F80F80
F80F80
F80F80
F80F80
F80F80
7C0F80
7C1F00
7FFF00
3FFE00
1FFC00
07F000
ENDCHAR
STARTCHAR 1F54
ENCODING 8020
SWIDTH 600 0
DWIDTH 21 0
BBX 17 27 2 0
BITMAP
0F3E00
0F3C00
0F3800
077000
066000
060000
0C0000
000000
000000
F81E00
F81F00
F81F00
F80F00
F80F80
F80F80
F80F80
F80F80
F80F80
F80F80
F80F80
F80F80
7C0F80
7C1F00
7FFF00
3FFE00
1FFC00
07F000
ENDCHAR
STARTCHAR 1F55
ENCODING 8021
SWIDTH 600 0
DWIDTH 21 0
BBX 17 27 2 0
BITMAP
0F3E00
0F3C00
0F3800
0C7000
0C6000
0C0000
060000
000000
000000
F81E00
F81F00
F81F00
F80F00
F80F80
F80F80
F80F80
F80F80
F80F80
F80F80
F80F80
F80F80
7C0F80
7C1F00
7FFF00
3FFE00
1FFC00
07F000
ENDCHAR
STARTCHAR 1F56
ENCODING 8022
SWIDTH 600 0
DWIDTH 21 0
BBX 17 33 2 0
BITMAP
1E0C00
1F9C00
3FF800
31F800
307000
000000
03C000
03C000
03C000
00C000
00C000
018000
018000
000000
000000
F81E00
F81F00
F81F00
F80F00
F80F80
F80F80
F80F80
F80F80
F80F80
F80F80
F80F80
F80F80
7C0F80
7C1F00
7FFF00
3FFE00
1FFC00
07F000
ENDCHAR
STARTCHAR 1F57
ENCODING 8023
SWIDTH 600 0
DWIDTH 21 0
BBX 17 33 2 0
BITMAP
1E0C00
1F9C00
3FF800
31F800
307000
000000
03C000
03C000
03C000
030000
030000
018000
01C000
000000
000000
F81E00
F81F00
F81F00
F80F00
F80F80
F80F80
F80F80
F80F80
F80F80
F80F80
F80F80
F80F80
7C0F80
7C1F00
7FFF00
3FFE00
1FFC00
07F000
ENDCHAR
STARTCHAR 1F59
ENCODING 8025
SWIDTH 600 0
DWIDTH 21 0
BBX 26 25 -5 0
BITMAP
F0000000
F0000000
F7E00FC0
C3E00F80
C3F01F80
E1F01F00
60F83E00
00F83E00
007C7C00
007C7C00
003EF800
003EF800
001FF000
000FE000
000FE000
0007C000
0007C000
0007C000
0007C000
0007C000
0007C000
0007C000
0007C000
0007C000
0007C000
ENDCHAR
STARTCHAR 1F5B
ENCODING 8027
SWIDTH 600 0
DWIDTH 21 0
BBX 33 25 -12 0
BITMAP
E7C0000000
E3C0000000
E1CFC01F80
C1C7C01F00
C0E7E03F00
C003E03E00
6001F07C00
0001F07C00
0000F8F800
0000F8F800
00007DF000
00007DF000
00003FE000
00001FC000
00001FC000
00000F8000
00000F8000
00000F8000
00000F8000
00000F8000
00000F8000
00000F8000
00000F8000
00000F8000
00000F8000
ENDCHAR
STARTCHAR 1F5D
ENCODING 8029
SWIDTH 600 0
DWIDTH 21 0
BBX 33 25 -12 0
BITMAP
F3E0000000
F3C0000000
F38FC01F80
C307C01F00
C707E03F00
E003E03E00
6001F07C00
0001F07C00
0000F8F800
0000F8F800
00007DF000
00007DF000
00003FE000
00001FC000
00001FC000
00000F8000
00000F8000
00000F8000
00000F8000
00000F8000
00000F8000
00000F8000
00000F8000
00000F8000
00000F8000
ENDCHAR
STARTCHAR 1F5F
ENCODING 8031
SWIDTH 600 0
DWIDTH 21 0
BBX 31 31 -10 0
BITMAP
78700000
FE600000
FFE00000
C7E00000
C0800000
00000000
0F000000
0F000000
0F3F007E
0C1F007C
0C1F80FC
0E0F80F8
0607C1F0
0007C1F0
0003E3E0
0003E3E0
0001F7C0
0001F7C0
0000FF80
00007F00
00007F00
00003E00
00003E00
00003E00
00003E00
00003E00
00003E00
00003E00
00003E00
00003E00
00003E00
ENDCHAR
STARTCHAR 1F60
ENCODING 8032
SWIDTH 600 0
DWIDTH 21 0
BBX 19 27 1 0
BITMAP
00E000
00E000
00E000
006000
006000
006000
00C000
000000
000000
0C0600
1C0700
3C0780
7803C0
7803C0
F001E0
F0E1E0
F0E1E0
F0E1E0
F0E1E0
F0E1E0
F1F1E0
F1F1E0
F1F1E0
7BBBC0
7FBFC0
3F1F80
1E0F00
ENDCHAR
STARTCHAR 1F61
ENCODING 8033
SWIDTH 600 0
DWIDTH 21 0
BBX 19 27 1 0
BITMAP
00E000
00E000
00E000
00C000
00C000
00C000
006000
000000
000000
0C0600
1C0700
3C0780
7803C0
7803C0
F001E0
F0E1E0
F0E1E0
F0E1E0
F0E1E0
F0E1E0
F1F1E0
F1F1E0
F1F1E0
7BBBC0
7FBFC0
3F1F80
1E0F00
ENDCHAR
STARTCHAR 1F62
ENCODING 8034
SWIDTH 600 0
DWIDTH 21 0
BBX 19 27 1 0
BITMAP
0F7C00
0F3C00
0F1C00
030E00
030600
060000
0E0000
000000
000000
0C0600
1C0700
3C0780
7803C0
7803C0
F001E0
F0E1E0
F0E1E0
F0E1E0
F0E1E0
F0E1E0
F1F1E0
F1F1E0
F1F1E0
7BBBC0
7FBFC0
3F1F80
1E0F00
ENDCHAR
STARTCHAR 1F63
ENCODING 8035
SWIDTH 600 0
DWIDTH 21 0
BBX 19 27 1 0
BITMAP
0F7C00
0F3C00
0F1C00
0C0E00
0C0600
060000
060000
000000
000000
0C0600
1C0700
3C0780
7803C0
7803C0
F001E0
F0E1E0
F0E1E0
F0E1E0
F0E1E0
F0E1E0
F1F1E0
F1F1E0
F1F1E0
7BBBC0
7FBFC0
3F1F80
1E0F00
ENDCHAR
STARTCHAR 1F64
ENCODING 8036
SWIDTH 600 0
DWIDTH 21 0
BBX 19 27 1 0
BITMAP
0F3E00
0F3C00
0F3800
033800
037000
060000
0E0000
000000
000000
0C0600
1C0700
3C0780
7803C0
7803C0
F001E0
F0E1E0
F0E1E0
F0E1E0
F0E1E0
F0E1E0
F1F1E0
F1F1E0
F1F1E0
7BBBC0
7FBFC0
3F1F80
1E0F00
ENDCHAR
STARTCHAR 1F65
ENCODING 8037
SWIDTH 600 0
DWIDTH 21 0
BBX 19 27 1 0
BITMAP
0F3E00
0F3C00
0F3800
0C3800
0C7000
060000
060000
000000
000000
0C0600
1C0700
3C0780
7803C0
7803C0
F001E0
F0E1E0
F0E1E0
F0E1E0
F0E1E0
F0E1E0
F1F1E0
F1F1E0
F1F1E0
7BBBC0
7FBFC0
3F1F80
1E0F00
ENDCHAR
STARTCHAR 1F66
ENCODING 8038
SWIDTH 600 0
DWIDTH 21 0
BBX 19 33 1 0
BITMAP
078700
0FE600
0FFE00
0C7E00
1C1800
000000
00F000
00F000
00F000
007000
006000
006000
00C000
000000
000000
0C0600
1C0700
3C0780
7803C0
7803C0
F001E0
F0E1E0
F0E1E0
F0E1E0
F0E1E0
F0E1E0
F1F1E0
F1F1E0
F1F1E0
7BBBC0
7FBFC0
3F1F80
1E0F00
ENDCHAR
STARTCHAR 1F67
ENCODING 8039
SWIDTH 600 0
DWIDTH 21 0
BBX 19 33 1 0
BITMAP
078700
0FE600
0FFE00
0C7E00
1C1800
000000
00F000
00F000
00F000
00C000
00C000
00C000
006000
000000
000000
0C0600
1C0700
3C0780
7803C0
7803C0
F001E0
F0E1E0
F0E1E0
F0E1E0
F0E1E0
F0E1E0
F1F1E0
F1F1E0
F1F1E0
7BBBC0
7FBFC0
3F1F80
1E0F00
ENDCHAR
STARTCHAR 1F68
ENCODING 8040
SWIDTH 600 0
DWIDTH 21 0
BBX 22 25 -2 0
BITMAP
F00000
F00000
F07F00
31FFC0
63FFE0
67FFF0
EFC1F8
0F80F8
0F80F8
1F007C
1F007C
1F007C
1F007C
1F007C
1F007C
0F0078
0F80F8
0780F0
07C1F0
03E3E0
01E3C0
1FE3FC
1FE3FC
1FE3FC
1FE3FC
ENDCHAR
STARTCHAR 1F69
ENCODING 8041
SWIDTH 600 0
DWIDTH 21 0
BBX 22 25 -2 0
BITMAP
F00000
F00000
F07F00
C1FFC0
C3FFE0
E7FFF0
6FC1F8
0F80F8
0F80F8
1F007C
1F007C
1F007C
1F007C
1F007C
1F007C
0F0078
0F80F8
0780F0
07C1F0
03E3E0
01E3C0
1FE3FC
1FE3FC
1FE3FC
1FE3FC
ENDCHAR
STARTCHAR 1F6A
ENCODING 8042
SWIDTH 600 0
DWIDTH 21 0
BBX 29 25 -9 0
BITMAP
F7C00000
F3C00000
F1C0FE00
30E3FF80
6067FFC0
600FFFE0
E01F83F0
001F01F0
001F01F0
003E00F8
003E00F8
003E00F8
003E00F8
003E00F8
003E00F8
001E00F0
001F01F0
000F01E0
000F83E0
0007C7C0
0003C780
003FC7F8
003FC7F8
003FC7F8
003FC7F8
ENDCHAR
STARTCHAR 1F6B
ENCODING 8043
SWIDTH 600 0
DWIDTH 21 0
BBX 29 25 -9 0
BITMAP
F7C00000
F3C00000
F1C0FE00
C0E3FF80
C067FFC0
E00FFFE0
601F83F0
001F01F0
001F01F0
003E00F8
003E00F8
003E00F8
003E00F8
003E00F8
003E00F8
001E00F0
001F01F0
000F01E0
000F83E0
0007C7C0
0003C780
003FC7F8
003FC7F8
003FC7F8
003FC7F8
ENDCHAR
STARTCHAR 1F6C
ENCODING 8044
SWIDTH 600 0
DWIDTH 21 0
BBX 27 25 -7 0
BITMAP
F1E00000
F3C00000
F3C3F800
338FFE00
331FFF00
703FFF80
607E0FC0
007C07C0
007C07C0
00F803E0
00F803E0
00F803E0
00F803E0
00F803E0
00F803E0
007803C0
007C07C0
003C0780
003E0F80
001F1F00
000F1E00
00FF1FE0
00FF1FE0
00FF1FE0
00FF1FE0
ENDCHAR
STARTCHAR 1F6D
ENCODING 8045
SWIDTH 600 0
DWIDTH 21 0
BBX 27 25 -7 0
BITMAP
F1E00000
F3C00000
F3C3F800
C38FFE00
C31FFF00
603FFF80
707E0FC0
007C07C0
007C07C0
00F803E0
00F803E0
00F803E0
00F803E0
00F803E0
00F803E0
007803C0
007C07C0
003C0780
003E0F80
001F1F00
000F1E00
00FF1FE0
00FF1FE0
00FF1FE0
00FF1FE0
ENDCHAR
STARTCHAR 1F6E
ENCODING 8046
SWIDTH 600 0
DWIDTH 21 0
BBX 27 31 -7 0
BITMAP
38300000
7E700000
FFF00000
C3E00000
C0C00000
00000000
0F000000
0F000000
0F03F800
030FFE00
031FFF00
073FFF80
067E0FC0
007C07C0
007C07C0
00F803E0
00F803E0
00F803E0
00F803E0
00F803E0
00F803E0
007803C0
007C07C0
003C0780
003E0F80
001F1F00
000F1E00
00FF1FE0
00FF1FE0
00FF1FE0
00FF1FE0
ENDCHAR
STARTCHAR 1F6F
ENCODING 8047
SWIDTH 600 0
DWIDTH 21 0
BBX 27 31 -7 0
BITMAP
38300000
7E700000
FFF00000
C3E00000
C0C00000
00000000
0F000000
0F000000
0F03F800
0C0FFE00
0E1FFF00
063FFF80
077E0FC0
007C07C0
007C07C0
00F803E0
00F803E0
00F803E0
00F803E0
00F803E0
00F803E0
007803C0
007C07C0
003C0780
003E0F80
001F1F00
000F1E00
00FF1FE0
00FF1FE0
00FF1FE0
00FF1FE0
ENDCHAR
STARTCHAR 1F70
ENCODING 8048
SWIDTH 600 0
DWIDTH 21 0
BBX 20 27 1 0
BITMAP
0F8000
078000
078000
038000
018000
01C000
000000
000000
000000
07C1F0
1FF1E0
3FF9E0
7F7FC0
7C1FC0
7C1FC0
F80FC0
F80F80
F80F80
F80F80
F80F80
F80F80
7C1FC0
7C1FC0
7E7BC0
3FF3C0
1FF3E0
0FC1E0
ENDCHAR
STARTCHAR 1F71
ENCODING 8049
SWIDTH 600 0
DWIDTH 21 0
BBX 20 27 1 0
BITMAP
00F000
00F000
01E000
01C000
01C000
018000
000000
000000
000000
07C1F0
1FF1E0
3FF9E0
7F7FC0
7C1FC0
7C1FC0
F80FC0
F80F80
F80F80
F80F80
F80F80
F80F80
7C1FC0
7C1FC0
7E7BC0
3FF3C0
1FF3E0
0FC1E0
ENDCHAR
STARTCHAR 1F72
ENCODING 8050
SWIDTH 600 0
DWIDTH 21 0
BBX 17 27 2 0
BITMAP
078000
078000
038000
03C000
01C000
00C000
000000
000000
000000
07F800
1FFE00
3FFF80
7E0F00
780600
7C0000
7E0000
1FF000
07F000
1FF000
7F0000
FC0000
F80200
F80700
7E1F80
7FFF00
3FFE00
07F000
ENDCHAR
STARTCHAR 1F73
ENCODING 8051
SWIDTH 600 0
DWIDTH 21 0
BBX 17 27 2 0
BITMAP
00F000
00F000
01E000
01C000
01C000
018000
000000
000000
000000
07F800
1FFE00
3FFF80
7E0F00
780600
7C0000
7E0000
1FF000
07F000
1FF000
7F0000
FC0000
F80200
F80700
7E1F80
7FFF00
3FFE00
07F000
ENDCHAR
STARTCHAR 1F74
ENCODING 8052
SWIDTH 600 0
DWIDTH 21 0
BBX 17 34 2 -7
BITMAP
078000
03C000
03C000
01C000
00C000
00C000
000000
000000
000000
F8FC00
F9FF00
FBFF00
FE1F80
7C0F80
7C0F80
780F80
780F80
780F80
780F80
780F80
780F80
780F80
780F80
780F80
780F80
780F80
780F80
000F80
000F80
000F80
000F80
000F80
000F80
000F80
ENDCHAR
STARTCHAR 1F75
ENCODING 8053
SWIDTH 600 0
DWIDTH 21 0
BBX 17 34 2 -7
BITMAP
00F800
00F000
00F000
00E000
00C000
00C000
000000
000000
000000
F8FC00
F9FF00
FBFF00
FE1F80
7C0F80
7C0F80
780F80
780F80
780F80
780F80
780F80
780F80
780F80
780F80
780F80
780F80
780F80
780F80
000F80
000F80
000F80
000F80
000F80
000F80
000F80
ENDCHAR
STARTCHAR 1F76
ENCODING 8054
SWIDTH 600 0
DWIDTH 21 0
BBX 17 27 2 0
BITMAP
0F0000
0F0000
078000
038000
038000
018000
000000
000000
000000
FFC000
FFC000
FFC000
07C000
07C000
07C000
07C000
07C000
07C000
07C000
07C000
07C000
07C000
07C100
07FF80
03FF80
01FF00
00FE00
ENDCHAR
STARTCHAR 1F77
ENCODING 8055
SWIDTH 600 0
DWIDTH 21 0
BBX 17 27 2 0
BITMAP
01E000
01E000
03C000
038000
038000
030000
000000
000000
000000
FFC000
FFC000
FFC000
07C000
07C000
07C000
07C000
07C000
07C000
07C000
07C000
07C000
07C000
07C100
07FF80
03FF80
01FF00
00FE00
ENDCHAR
STARTCHAR 1F78
ENCODING 8056
SWIDTH 600 0
DWIDTH 21 0
BBX 17 27 2 0
BITMAP
078000
03C000
03C000
01C000
00C000
00C000
000000
000000
000000
07F000
1FFC00
3FFE00
7F3F00
FC1F80
F80F80
F80F80
F80F80
F80F80
F80F80
F80F80
F80F80
F80F80
FC1F80
7E3F00
3FFE00
1FFC00
07F000
ENDCHAR
STARTCHAR 1F79
ENCODING 8057
SWIDTH 600 0
DWIDTH 21 0
BBX 17 27 2 0
BITMAP
00F000
01E000
01E000
01C000
018000
018000
000000
000000
000000
07F000
1FFC00
3FFE00
7F3F00
FC1F80
F80F80
F80F80
F80F80
F80F80
F80F80
F80F80
F80F80
F80F80
FC1F80
7E3F00
3FFE00
1FFC00
07F000
ENDCHAR
STARTCHAR 1F7A
ENCODING 8058
SWIDTH 600 0
DWIDTH 21 0
BBX 17 27 2 0
BITMAP
0F8000
078000
038000
038000
018000
01C000
000000
000000
000000
F81E00
F81F00
F81F00
F80F00
F80F80
F80F80
F80F80
F80F80
F80F80
F80F80
F80F80
F80F80
7C0F80
7C1F00
7FFF00
3FFE00
1FFC00
07F000
ENDCHAR
STARTCHAR 1F7B
ENCODING 8059
SWIDTH 600 0
DWIDTH 21 0
BBX 17 27 2 0
BITMAP
01E000
01E000
01C000
03C000
038000
030000
000000
000000
000000
F81E00
F81F00
F81F00
F80F00
F80F80
F80F80
F80F80
F80F80
F80F80
F80F80
F80F80
F80F80
7C0F80
7C1F00
7FFF00
3FFE00
1FFC00
07F000
ENDCHAR
STARTCHAR 1F7C
ENCODING 8060
SWIDTH 600 0
DWIDTH 21 0
BBX 19 27 1 0
BITMAP
03C000
03C000
01C000
00E000
00E000
006000
000000
000000
000000
0C0600
1C0700
3C0780
7803C0
7803C0
F001E0
F0E1E0
F0E1E0
F0E1E0
F0E1E0
F0E1E0
F1F1E0
F1F1E0
F1F1E0
7BBBC0
7FBFC0
3F1F80
1E0F00
ENDCHAR
STARTCHAR 1F7D
ENCODING 8061
SWIDTH 600 0
DWIDTH 21 0
BBX 19 27 1 0
BITMAP
007800
007800
007000
00E000
00E000
00C000
000000
000000
000000
0C0600
1C0700
3C0780
7803C0
7803C0
F001E0
F0E1E0
F0E1E0
F0E1E0
F0E1E0
F0E1E0
F1F1E0
F1F1E0
F1F1E0
7BBBC0
7FBFC0
3F1F80
1E0F00
ENDCHAR
STARTCHAR 1F80
ENCODING 8064
SWIDTH 600 0
DWIDTH 21 0
BBX 20 34 1 -7
BITMAP
01E000
01E000
01E000
006000
006000
00C000
00C000
000000
000000
07C1F0
1FF1E0
3FF9E0
7F7FC0
7C1FC0
7C1FC0
F80FC0
F80F80
F80F80
F80F80
F80F80
F80F80
7C1FC0
7C1FC0
7E7BC0
3FF3C0
1FF3E0
0FC1E0
000000
000000
018000
018000
01C000
01E000
00E000
ENDCHAR
STARTCHAR 1F81
ENCODING 8065
SWIDTH 600 0
DWIDTH 21 0
BBX 20 34 1 -7
BITMAP
03C000
03C000
03C000
030000
018000
018000
01C000
000000
000000
07C1F0
1FF1E0
3FF9E0
7F7FC0
7C1FC0
7C1FC0
F80FC0
F80F80
F80F80
F80F80
F80F80
F80F80
7C1FC0
7C1FC0
7E7BC0
3FF3C0
1FF3E0
0FC1E0
000000
000000
018000
018000
01C000
01E000
00E000
ENDCHAR
STARTCHAR 1F82
ENCODING 8066
SWIDTH 600 0
DWIDTH 21 0
BBX 20 34 1 -7
BITMAP
1EF800
1E7800
1E3800
061C00
060C00
0C0000
1C0000
000000
000000
07C1F0
1FF1E0
3FF9E0
7F7FC0
7C1FC0
7C1FC0
F80FC0
F80F80
F80F80
F80F80
F80F80
F80F80
7C1FC0
7C1FC0
7E7BC0
3FF3C0
1FF3E0
0FC1E0
000000
000000
018000
018000
01C000
01E000
00E000
ENDCHAR
STARTCHAR 1F83
ENCODING 8067
SWIDTH 600 0
DWIDTH 21 0
BBX 20 34 1 -7
BITMAP
1EF800
1E7800
1E3800
181C00
180C00
0C0000
0C0000
000000
000000
07C1F0
1FF1E0
3FF9E0
7F7FC0
7C1FC0
7C1FC0
F80FC0
F80F80
F80F80
F80F80
F80F80
F80F80
7C1FC0
7C1FC0
7E7BC0
3FF3C0
1FF3E0
0FC1E0
000000
000000
018000
018000
01C000
01E000
00E000
ENDCHAR
STARTCHAR 1F84
ENCODING 8068
SWIDTH 600 0
DWIDTH 21 0
BBX 20 34 1 -7
BITMAP
0F1E00
0F3C00
0F3800
033800
033000
060000
060000
000000
000000
07C1F0
1FF1E0
3FF9E0
7F7FC0
7C1FC0
7C1FC0
F80FC0
F80F80
F80F80
F80F80
F80F80
F80F80
7C1FC0
7C1FC0
7E7BC0
3FF3C0
1FF3E0
0FC1E0
000000
000000
018000
018000
01C000
01E000
00E000
ENDCHAR
STARTCHAR 1F85
ENCODING 8069
SWIDTH 600 0
DWIDTH 21 0
BBX 20 34 1 -7
BITMAP
0F1E00
0F3C00
0F3800
0C3800
0C3000
060000
070000
000000
000000
07C1F0
1FF1E0
3FF9E0
7F7FC0
7C1FC0
7C1FC0
F80FC0
F80F80
F80F80
F80F80
F80F80
F80F80
7C1FC0
7C1FC0
7E7BC0
3FF3C0
1FF3E0
0FC1E0
000000
000000
018000
018000
01C000
01E000
00E000
ENDCHAR
STARTCHAR 1F86
ENCODING 8070
SWIDTH 600 0
DWIDTH 21 0
BBX 20 40 1 -7
BITMAP
070600
0FCE00
1FFE00
187C00
181800
000000
01E000
01E000
01E000
006000
006000
00C000
00C000
000000
000000
07C1F0
1FF1E0
3FF9E0
7F7FC0
7C1FC0
7C1FC0
F80FC0
F80F80
F80F80
F80F80
F80F80
F80F80
7C1FC0
7C1FC0
7E7BC0
3FF3C0
1FF3E0
0FC1E0
000000
000000
018000
018000
01C000
01E000
00E000
ENDCHAR
STARTCHAR 1F87
ENCODING 8071
SWIDTH 600 0
DWIDTH 21 0
BBX 20 40 1 -7
BITMAP
070600
0FCE00
1FFE00
187C00
181800
000000
01E000
01E000
01E000
018000
018000
00C000
00E000
000000
000000
07C1F0
1FF1E0
3FF9E0
7F7FC0
7C1FC0
7C1FC0
F80FC0
F80F80
F80F80
F80F80
F80F80
F80F80
7C1FC0
7C1FC0
7E7BC0
3FF3C0
1FF3E0
0FC1E0
000000
000000
018000
018000
01C000
01E000
00E000
ENDCHAR
STARTCHAR 1F88
ENCODING 8072
SWIDTH 600 0
DWIDTH 21 0
BBX 21 32 0 -7
BITMAP
780000
780000
79FC00
19FC00
19FC00
33DE00
33DE00
03DE00
07DF00
078F00
078F00
0F8F80
0F8F80
0F0780
1F07C0
1F07C0
1FFFC0
3FFFE0
3FFFE0
3FFFE0
7C01F0
7C01F0
7C01F0
FC00F8
F800F8
000000
000000
007000
007000
007000
007C00
003C00
ENDCHAR
STARTCHAR 1F89
ENCODING 8073
SWIDTH 600 0
DWIDTH 21 0
BBX 21 32 0 -7
BITMAP
780000
780000
79FC00
61FC00
61FC00
73DE00
33DE00
03DE00
07DF00
078F00
078F00
0F8F80
0F8F80
0F0780
1F07C0
1F07C0
1FFFC0
3FFFE0
3FFFE0
3FFFE0
7C01F0
7C01F0
7C01F0
FC00F8
F800F8
000000
000000
007000
007000
007000
007C00
003C00
ENDCHAR
STARTCHAR 1F8A
ENCODING 8074
SWIDTH 600 0
DWIDTH 21 0
BBX 27 32 -6 -7
BITMAP
F7C00000
F3C00000
F1E7F000
30E7F000
3067F000
600F7800
E00F7800
000F7800
001F7C00
001E3C00
001E3C00
003E3E00
003E3E00
003C1E00
007C1F00
007C1F00
007FFF00
00FFFF80
00FFFF80
00FFFF80
01F007C0
01F007C0
01F007C0
03F003E0
03E003E0
00000000
00000000
0001C000
0001C000
0001C000
0000F000
0000F000
ENDCHAR
STARTCHAR 1F8B
ENCODING 8075
SWIDTH 600 0
DWIDTH 21 0
BBX 27 32 -6 -7
BITMAP
F7C00000
F3C00000
F1E7F000
C0E7F000
C067F000
600F7800
700F7800
000F7800
001F7C00
001E3C00
001E3C00
003E3E00
003E3E00
003C1E00
007C1F00
007C1F00
007FFF00
00FFFF80
00FFFF80
00FFFF80
01F007C0
01F007C0
01F007C0
03F003E0
03E003E0
00000000
00000000
0001C000
0001C000
0001C000
0000F000
0000F000
ENDCHAR
STARTCHAR 1F8C
ENCODING 8076
SWIDTH 600 0
DWIDTH 21 0
BBX 27 32 -6 -7
BITMAP
F1E00000
F1E00000
F3C7F000
3387F000
3307F000
300F7800
600F7800
000F7800
001F7C00
001E3C00
001E3C00
003E3E00
003E3E00
003C1E00
007C1F00
007C1F00
007FFF00
00FFFF80
00FFFF80
00FFFF80
01F007C0
01F007C0
01F007C0
03F003E0
03E003E0
00000000
00000000
0001C000
0001C000
0001C000
0001F000
0000F000
ENDCHAR
STARTCHAR 1F8D
ENCODING 8077
SWIDTH 600 0
DWIDTH 21 0
BBX 27 32 -6 -7
BITMAP
F1E00000
F1E00000
F3C7F000
E387F000
6307F000
600F7800
300F7800
000F7800
001F7C00
001E3C00
001E3C00
003E3E00
003E3E00
003C1E00
007C1F00
007C1F00
007FFF00
00FFFF80
00FFFF80
00FFFF80
01F007C0
01F007C0
01F007C0
03F003E0
03E003E0
00000000
00000000
0001C000
0001C000
0001C000
0001F000
0000F000
ENDCHAR
STARTCHAR 1F8E
ENCODING 8078
SWIDTH 600 0
DWIDTH 21 0
BBX 26 38 -5 -7
BITMAP
3C300000
7E300000
7FF00000
E3E00000
E0C00000
00000000
07800000
07800000
078FE000
030FE000
030FE000
031EF000
061EF000
001EF000
003EF800
003C7800
003C7800
007C7C00
007C7C00
00783C00
00F83E00
00F83E00
00FFFE00
01FFFF00
01FFFF00
01FFFF00
03E00F80
03E00F80
03E00F80
07E007C0
07C007C0
00000000
00000000
00038000
00038000
00038000
0003E000
0001E000
ENDCHAR
STARTCHAR 1F8F
ENCODING 8079
SWIDTH 600 0
DWIDTH 21 0
BBX 26 38 -5 -7
BITMAP
3C300000
7E300000
7FF00000
E3E00000
E0C00000
00000000
07800000
07800000
078FE000
060FE000
060FE000
061EF000
031EF000
001EF000
003EF800
003C7800
003C7800
007C7C00
007C7C00
00783C00
00F83E00
00F83E00
00FFFE00
01FFFF00
01FFFF00
01FFFF00
03E00F80
03E00F80
03E00F80
07E007C0
07C007C0
00000000
00000000
00038000
00038000
00038000
0003E000
0001E000
ENDCHAR
STARTCHAR 1F90
ENCODING 8080
SWIDTH 600 0
DWIDTH 21 0
BBX 17 34 2 -7
BITMAP
01E000
01E000
01E000
006000
006000
00C000
00C000
000000
000000
F8FC00
F9FF00
FBFF00
FE1F80
7C0F80
7C0F80
780F80
780F80
780F80
780F80
780F80
780F80
780F80
780F80
780F80
780F80
780F80
780F80
000F80
000F80
700F80
700F80
700F80
7C0F80
3C0F80
ENDCHAR
STARTCHAR 1F91
ENCODING 8081
SWIDTH 600 0
DWIDTH 21 0
BBX 17 34 2 -7
BITMAP
01E000
01E000
01E000
018000
018000
01C000
00C000
000000
000000
F8FC00
F9FF00
FBFF00
FE1F80
7C0F80
7C0F80
780F80
780F80
780F80
780F80
780F80
780F80
780F80
780F80
780F80
780F80
780F80
780F80
000F80
000F80
700F80
700F80
700F80
7C0F80
3C0F80
ENDCHAR
STARTCHAR 1F92
ENCODING 8082
SWIDTH 600 0
DWIDTH 21 0
BBX 17 34 2 -7
BITMAP
1EF800
1E7800
1E3800
0C1800
0C1C00
0C0000
180000
000000
000000
F8FC00
F9FF00
FBFF00
FE1F80
7C0F80
7C0F80
780F80
780F80
780F80
780F80
780F80
780F80
780F80
780F80
780F80
780F80
780F80
780F80
000F80
000F80
700F80
700F80
700F80
7C0F80
3C0F80
ENDCHAR
STARTCHAR 1F93
ENCODING 8083
SWIDTH 600 0
DWIDTH 21 0
BBX 17 34 2 -7
BITMAP
1EF800
1E7800
1E3800
181800
181C00
180000
0C0000
000000
000000
F8FC00
F9FF00
FBFF00
FE1F80
7C0F80
7C0F80
780F80
780F80
780F80
780F80
780F80
780F80
780F80
780F80
780F80
780F80
780F80
780F80
000F80
000F80
700F80
700F80
700F80
7C0F80
3C0F80
ENDCHAR
STARTCHAR 1F94
ENCODING 8084
SWIDTH 600 0
DWIDTH 21 0
BBX 17 34 2 -7
BITMAP
0F3E00
0F3C00
0F3800
033800
037000
060000
0E0000
000000
000000
F8FC00
F9FF00
FBFF00
FE1F80
7C0F80
7C0F80
780F80
780F80
780F80
780F80
780F80
780F80
780F80
780F80
780F80
780F80
780F80
780F80
000F80
000F80
700F80
700F80
700F80
7C0F80
3C0F80
ENDCHAR
STARTCHAR 1F95
ENCODING 8085
SWIDTH 600 0
DWIDTH 21 0
BBX 17 34 2 -7
BITMAP
0F3E00
0F3C00
0F3800
0C3800
0C7000
060000
060000
000000
000000
F8FC00
F9FF00
FBFF00
FE1F80
7C0F80
7C0F80
780F80
780F80
780F80
780F80
780F80
780F80
780F80
780F80
780F80
780F80
780F80
780F80
000F80
000F80
700F80
700F80
700F80
7C0F80
3C0F80
ENDCHAR
STARTCHAR 1F96
ENCODING 8086
SWIDTH 600 0
DWIDTH 21 0
BBX 17 40 2 -7
BITMAP
070600
0FCE00
1FFE00
187C00
181800
000000
01E000
01E000
01E000
006000
006000
00C000
00C000
000000
000000
F8FC00
F9FF00
FBFF00
FE1F80
7C0F80
7C0F80
780F80
780F80
780F80
780F80
780F80
780F80
780F80
780F80
780F80
780F80
780F80
780F80
000F80
000F80
700F80
700F80
700F80
7C0F80
3C0F80
ENDCHAR
STARTCHAR 1F97
ENCODING 8087
SWIDTH 600 0
DWIDTH 21 0
BBX 17 40 2 -7
BITMAP
070600
0FCE00
1FFE00
187C00
181800
000000
01E000
01E000
01E000
018000
018000
00C000
00E000
000000
000000
F8FC00
F9FF00
FBFF00
FE1F80
7C0F80
7C0F80
780F80
780F80
780F80
780F80
780F80
780F80
780F80
780F80
780F80
780F80
780F80
780F80
000F80
000F80
700F80
700F80
700F80
7C0F80
3C0F80
ENDCHAR
STARTCHAR 1F98
ENCODING 8088
SWIDTH 600 0
DWIDTH 21 0
BBX 23 32 -4 -7
BITMAP
F00000
F00000
F3E03E
33E03E
33E03E
33E03E
63E03E
03E03E
03E03E
03E03E
03E03E
03FFFE
03FFFE
03FFFE
03FFFE
03E03E
03E03E
03E03E
03E03E
03E03E
03E03E
03E03E
03E03E
03E03E
03E03E
000000
000000
000700
000700
000700
0007C0
0003C0
ENDCHAR
STARTCHAR 1F99
ENCODING 8089
SWIDTH 600 0
DWIDTH 21 0
BBX 23 32 -4 -7
BITMAP
F00000
F00000
F3E03E
E3E03E
63E03E
63E03E
33E03E
03E03E
03E03E
03E03E
03E03E
03FFFE
03FFFE
03FFFE
03FFFE
03E03E
03E03E
03E03E
03E03E
03E03E
03E03E
03E03E
03E03E
03E03E
03E03E
000000
000000
000700
000700
000700
0007C0
0003C0
ENDCHAR
STARTCHAR 1F9A
ENCODING 8090
SWIDTH 600 0
DWIDTH 21 0
BBX 29 32 -10 -7
BITMAP
F7C00000
F3C00000
F1CF80F8
30EF80F8
606F80F8
600F80F8
E00F80F8
000F80F8
000F80F8
000F80F8
000F80F8
000FFFF8
000FFFF8
000FFFF8
000FFFF8
000F80F8
000F80F8
000F80F8
000F80F8
000F80F8
000F80F8
000F80F8
000F80F8
000F80F8
000F80F8
00000000
00000000
00001C00
00001C00
00001C00
00001F00
00000F00
ENDCHAR
STARTCHAR 1F9B
ENCODING 8091
SWIDTH 600 0
DWIDTH 21 0
BBX 29 32 -10 -7
BITMAP
F7C00000
F3C00000
F1CF80F8
C0EF80F8
C06F80F8
E00F80F8
600F80F8
000F80F8
000F80F8
000F80F8
000F80F8
000FFFF8
000FFFF8
000FFFF8
000FFFF8
000F80F8
000F80F8
000F80F8
000F80F8
000F80F8
000F80F8
000F80F8
000F80F8
000F80F8
000F80F8
00000000
00000000
00001C00
00001C00
00001C00
00001F00
00000F00
ENDCHAR
STARTCHAR 1F9C
ENCODING 8092
SWIDTH 600 0
DWIDTH 21 0
BBX 29 32 -10 -7
BITMAP
F3E00000
F3C00000
F38F80F8
370F80F8
660F80F8
600F80F8
E00F80F8
000F80F8
000F80F8
000F80F8
000F80F8
000FFFF8
000FFFF8
000FFFF8
000FFFF8
000F80F8
000F80F8
000F80F8
000F80F8
000F80F8
000F80F8
000F80F8
000F80F8
000F80F8
000F80F8
00000000
00000000
00001C00
00001C00
00001C00
00001F00
00000F00
ENDCHAR
STARTCHAR 1F9D
ENCODING 8093
SWIDTH 600 0
DWIDTH 21 0
BBX 29 32 -10 -7
BITMAP
F3E00000
F3C00000
F38F80F8
C70F80F8
C60F80F8
E00F80F8
600F80F8
000F80F8
000F80F8
000F80F8
000F80F8
000FFFF8
000FFFF8
000FFFF8
000FFFF8
000F80F8
000F80F8
000F80F8
000F80F8
000F80F8
000F80F8
000F80F8
000F80F8
000F80F8
000F80F8
00000000
00000000
00001C00
00001C00
00001C00
00001E00
00000E00
ENDCHAR
STARTCHAR 1F9E
ENCODING 8094
SWIDTH 600 0
DWIDTH 21 0
BBX 27 38 -8 -7
BITMAP
78300000
7E700000
FFE00000
C7E00000
C1800000
00000000
0F000000
0F000000
0F3E03E0
033E03E0
033E03E0
063E03E0
0E3E03E0
003E03E0
003E03E0
003E03E0
003E03E0
003FFFE0
003FFFE0
003FFFE0
003FFFE0
003E03E0
003E03E0
003E03E0
003E03E0
003E03E0
003E03E0
003E03E0
003E03E0
003E03E0
003E03E0
00000000
00000000
00007000
00007000
00007000
00007C00
00003C00
ENDCHAR
STARTCHAR 1F9F
ENCODING 8095
SWIDTH 600 0
DWIDTH 21 0
BBX 27 38 -8 -7
BITMAP
78300000
7E700000
FFE00000
C7E00000
C1800000
00000000
0F000000
0F000000
0F3E03E0
0C3E03E0
0C3E03E0
063E03E0
073E03E0
003E03E0
003E03E0
003E03E0
003E03E0
003FFFE0
003FFFE0
003FFFE0
003FFFE0
003E03E0
003E03E0
003E03E0
003E03E0
003E03E0
003E03E0
003E03E0
003E03E0
003E03E0
003E03E0
00000000
00000000
00007000
00007000
00007000
00007C00
00003C00
ENDCHAR
STARTCHAR 1FA0
ENCODING 8096
SWIDTH 600 0
DWIDTH 21 0
BBX 19 34 1 -7
BITMAP
00E000
00E000
00E000
006000
006000
006000
00C000
000000
000000
0C0600
1C0700
3C0780
7803C0
7803C0
F001E0
F0E1E0
F0E1E0
F0E1E0
F0E1E0
F0E1E0
F1F1E0
F1F1E0
F1F1E0
7BBBC0
7FBFC0
3F1F80
1E0F00
000000
000000
00E000
00E000
00E000
00F800
007800
ENDCHAR
STARTCHAR 1FA1
ENCODING 8097
SWIDTH 600 0
DWIDTH 21 0
BBX 19 34 1 -7
BITMAP
00E000
00E000
00E000
00C000
00C000
00C000
006000
000000
000000
0C0600
1C0700
3C0780
7803C0
7803C0
F001E0
F0E1E0
F0E1E0
F0E1E0
F0E1E0
F0E1E0
F1F1E0
F1F1E0
F1F1E0
7BBBC0
7FBFC0
3F1F80
1E0F00
000000
000000
00E000
00E000
00E000
00F800
007800
ENDCHAR
STARTCHAR 1FA2
ENCODING 8098
SWIDTH 600 0
DWIDTH 21 0
BBX 19 34 1 -7
BITMAP
0F7C00
0F3C00
0F1C00
030E00
030600
060000
0E0000
000000
000000
0C0600
1C0700
3C0780
7803C0
7803C0
F001E0
F0E1E0
F0E1E0
F0E1E0
F0E1E0
F0E1E0
F1F1E0
F1F1E0
F1F1E0
7BBBC0
7FBFC0
3F1F80
1E0F00
000000
000000
00E000
00E000
00E000
00F800
007800
ENDCHAR
STARTCHAR 1FA3
ENCODING 8099
SWIDTH 600 0
DWIDTH 21 0
BBX 19 34 1 -7
BITMAP
0F7C00
0F3C00
0F1C00
0C0E00
0C0600
060000
060000
000000
000000
0C0600
1C0700
3C0780
7803C0
7803C0
F001E0
F0E1E0
F0E1E0
F0E1E0
F0E1E0
F0E1E0
F1F1E0
F1F1E0
F1F1E0
7BBBC0
7FBFC0
3F1F80
1E0F00
000000
000000
00E000
00E000
00E000
00F800
007800
ENDCHAR
STARTCHAR 1FA4
ENCODING 8100
SWIDTH 600 0
DWIDTH 21 0
BBX 19 34 1 -7
BITMAP
0F3E00
0F3C00
0F3800
033800
037000
060000
0E0000
000000
000000
0C0600
1C0700
3C0780
7803C0
7803C0
F001E0
F0E1E0
F0E1E0
F0E1E0
F0E1E0
F0E1E0
F1F1E0
F1F1E0
F1F1E0
7BBBC0
7FBFC0
3F1F80
1E0F00
000000
000000
00E000
00E000
00E000
00F800
007800
ENDCHAR
STARTCHAR 1FA5
ENCODING 8101
SWIDTH 600 0
DWIDTH 21 0
BBX 19 34 1 -7
BITMAP
0F3E00
0F3C00
0F3800
0C3800
0C7000
060000
060000
000000
000000
0C0600
1C0700
3C0780
7803C0
7803C0
F001E0
F0E1E0
F0E1E0
F0E1E0
F0E1E0
F0E1E0
F1F1E0
F1F1E0
F1F1E0
7BBBC0
7FBFC0
3F1F80
1E0F00
000000
000000
00E000
00E000
00E000
00F800
007800
ENDCHAR
STARTCHAR 1FA6
ENCODING 8102
SWIDTH 600 0
DWIDTH 21 0
BBX 19 40 1 -7
BITMAP
078700
0FE600
0FFE00
0C7E00
1C1800
000000
00F000
00F000
00F000
007000
006000
006000
00C000
000000
000000
0C0600
1C0700
3C0780
7803C0
7803C0
F001E0
F0E1E0
F0E1E0
F0E1E0
F0E1E0
F0E1E0
F1F1E0
F1F1E0
F1F1E0
7BBBC0
7FBFC0
3F1F80
1E0F00
000000
000000
00E000
00E000
00E000
00F800
007800
ENDCHAR
STARTCHAR 1FA7
ENCODING 8103
SWIDTH 600 0
DWIDTH 21 0
BBX 19 40 1 -7
BITMAP
078700
0FE600
0FFE00
0C7E00
1C1800
000000
00F000
00F000
00F000
00C000
00C000
00C000
006000
000000
000000
0C0600
1C0700
3C0780
7803C0
7803C0
F001E0
F0E1E0
F0E1E0
F0E1E0
F0E1E0
F0E1E0
F1F1E0
F1F1E0
F1F1E0
7BBBC0
7FBFC0
3F1F80
1E0F00
000000
000000
00E000
00E000
00E000
00F800
007800
ENDCHAR
STARTCHAR 1FA8
ENCODING 8104
SWIDTH 600 0
DWIDTH 21 0
BBX 22 32 -2 -7
BITMAP
F00000
F00000
F07F00
31FFC0
63FFE0
67FFF0
EFC1F8
0F80F8
0F80F8
1F007C
1F007C
1F007C
1F007C
1F007C
1F007C
0F0078
0F80F8
0780F0
07C1F0
03E3E0
01E3C0
1FE3FC
1FE3FC
1FE3FC
1FE3FC
000000
000000
001C00
001C00
001C00
001F00
000F00
ENDCHAR
STARTCHAR 1FA9
ENCODING 8105
SWIDTH 600 0
DWIDTH 21 0
BBX 22 32 -2 -7
BITMAP
F00000
F00000
F07F00
C1FFC0
C3FFE0
E7FFF0
6FC1F8
0F80F8
0F80F8
1F007C
1F007C
1F007C
1F007C
1F007C
1F007C
0F0078
0F80F8
0780F0
07C1F0
03E3E0
01E3C0
1FE3FC
1FE3FC
1FE3FC
1FE3FC
000000
000000
001C00
001C00
001C00
001F00
000F00
ENDCHAR
STARTCHAR 1FAA
ENCODING 8106
SWIDTH 600 0
DWIDTH 21 0
BBX 29 32 -9 -7
BITMAP
F7C00000
F3C00000
F1C0FE00
30E3FF80
6067FFC0
600FFFE0
E01F83F0
001F01F0
001F01F0
003E00F8
003E00F8
003E00F8
003E00F8
003E00F8
003E00F8
001E00F0
001F01F0
000F01E0
000F83E0
0007C7C0
0003C780
003FC7F8
003FC7F8
003FC7F8
003FC7F8
00000000
00000000
00003800
00003800
00003800
00003E00
00001E00
ENDCHAR
STARTCHAR 1FAB
ENCODING 8107
SWIDTH 600 0
DWIDTH 21 0
BBX 29 32 -9 -7
BITMAP
F7C00000
F3C00000
F1C0FE00
C0E3FF80
C067FFC0
E00FFFE0
601F83F0
001F01F0
001F01F0
003E00F8
003E00F8
003E00F8
003E00F8
003E00F8
003E00F8
001E00F0
001F01F0
000F01E0
000F83E0
0007C7C0
0003C780
003FC7F8
003FC7F8
003FC7F8
003FC7F8
00000000
00000000
00003800
00003800
00003800
00003E00
00001E00
ENDCHAR
STARTCHAR 1FAC
ENCODING 8108
SWIDTH 600 0
DWIDTH 21 0
BBX 27 32 -7 -7
BITMAP
F1E00000
F3C00000
F3C3F800
338FFE00
331FFF00
703FFF80
607E0FC0
007C07C0
007C07C0
00F803E0
00F803E0
00F803E0
00F803E0
00F803E0
00F803E0
007803C0
007C07C0
003C0780
003E0F80
001F1F00
000F1E00
00FF1FE0
00FF1FE0
00FF1FE0
00FF1FE0
00000000
00000000
0000E000
0000E000
0000E000
0000F800
00007800
ENDCHAR
STARTCHAR 1FAD
ENCODING 8109
SWIDTH 600 0
DWIDTH 21 0
BBX 27 32 -7 -7
BITMAP
F1E00000
F3C00000
F3C3F800
C38FFE00
C31FFF00
603FFF80
707E0FC0
007C07C0
007C07C0
00F803E0
00F803E0
00F803E0
00F803E0
00F803E0
00F803E0
007803C0
007C07C0
003C0780
003E0F80
001F1F00
000F1E00
00FF1FE0
00FF1FE0
00FF1FE0
00FF1FE0
00000000
00000000
0000E000
0000E000
0000E000
0000F800
00007800
ENDCHAR
STARTCHAR 1FAE
ENCODING 8110
SWIDTH 600 0
DWIDTH 21 0
BBX 27 38 -7 -7
BITMAP
38300000
7E700000
FFF00000
C3E00000
C0C00000
00000000
0F000000
0F000000
0F03F800
030FFE00
031FFF00
073FFF80
067E0FC0
007C07C0
007C07C0
00F803E0
00F803E0
00F803E0
00F803E0
00F803E0
00F803E0
007803C0
007C07C0
003C0780
003E0F80
001F1F00
000F1E00
00FF1FE0
00FF1FE0
00FF1FE0
00FF1FE0
00000000
00000000
0000E000
0000E000
0000E000
0000F800
00007800
ENDCHAR
STARTCHAR 1FAF
ENCODING 8111
SWIDTH 600 0
DWIDTH 21 0
BBX 27 38 -7 -7
BITMAP
38300000
7E700000
FFF00000
C3E00000
C0C00000
00000000
0F000000
0F000000
0F03F800
0C0FFE00
0E1FFF00
063FFF80
077E0FC0
007C07C0
007C07C0
00F803E0
00F803E0
00F803E0
00F803E0
00F803E0
00F803E0
007803C0
007C07C0
003C0780
003E0F80
001F1F00
000F1E00
00FF1FE0
00FF1FE0
00FF1FE0
00FF1FE0
00000000
00000000
0000E000
0000E000
0000E000
0000F800
00007800
ENDCHAR
STARTCHAR 1FB0
ENCODING 8112
SWIDTH 600 0
DWIDTH 21 0
BBX 20 25 1 0
BITMAP
180E00
1C1C00
1FFC00
0FF800
03E000
000000
000000
07C1F0
1FF1E0
3FF9E0
7F7FC0
7C1FC0
7C1FC0
F80FC0
F80F80
F80F80
F80F80
F80F80
F80F80
7C1FC0
7C1FC0
7E7BC0
3FF3C0
1FF3E0
0FC1E0
ENDCHAR
STARTCHAR 1FB1
ENCODING 8113
SWIDTH 600 0
DWIDTH 21 0
BBX 20 24 1 0
BITMAP
1FFC00
1FFC00
1FFC00
000000
000000
000000
07C1F0
1FF1E0
3FF9E0
7F7FC0
7C1FC0
7C1FC0
F80FC0
F80F80
F80F80
F80F80
F80F80
F80F80
7C1FC0
7C1FC0
7E7BC0
3FF3C0
1FF3E0
0FC1E0
ENDCHAR
STARTCHAR 1FB2
ENCODING 8114
SWIDTH 600 0
DWIDTH 21 0
BBX 20 34 1 -7
BITMAP
078000
078000
03C000
01C000
01C000
00C000
000000
000000
000000
07C1F0
1FF1E0
3FF9E0
7F7FC0
7C1FC0
7C1FC0
F80FC0
F80F80
F80F80
F80F80
F80F80
F80F80
7C1FC0
7C1FC0
7E7BC0
3FF3C0
1FF3E0
0FC1E0
000000
000000
00E000
00E000
00E000
00F000
007000
ENDCHAR
STARTCHAR 1FB3
ENCODING 8115
SWIDTH 600 0
DWIDTH 21 0
BBX 20 25 1 -7
BITMAP
07C1F0
1FF1E0
3FF9E0
7F7FC0
7C1FC0
7C1FC0
F80FC0
F80F80
F80F80
F80F80
F80F80
F80F80
7C1FC0
7C1FC0
7E7BC0
3FF3C0
1FF3E0
0FC1E0
000000
000000
01C000
01C000
01C000
01E000
00E000
ENDCHAR
STARTCHAR 1FB4
ENCODING 8116
SWIDTH 600 0
DWIDTH 21 0
BBX 20 34 1 -7
BITMAP
007800
007800
007000
00F000
00E000
00C000
000000
000000
000000
07C1F0
1FF1E0
3FF9E0
7F7FC0
7C1FC0
7C1FC0
F80FC0
F80F80
F80F80
F80F80
F80F80
F80F80
7C1FC0
7C1FC0
7E7BC0
3FF3C0
1FF3E0
0FC1E0
000000
000000
01C000
01C000
01C000
01E000
00E000
ENDCHAR
STARTCHAR 1FB6
ENCODING 8118
SWIDTH 600 0
DWIDTH 21 0
BBX 20 25 1 0
BITMAP
078300
0FE700
1FFF00
1CFE00
183C00
000000
000000
07C1F0
1FF1E0
3FF9E0
7F7FC0
7C1FC0
7C1FC0
F80FC0
F80F80
F80F80
F80F80
F80F80
F80F80
7C1FC0
7C1FC0
7E7BC0
3FF3C0
1FF3E0
0FC1E0
ENDCHAR
STARTCHAR 1FB7
ENCODING 8119
SWIDTH 600 0
DWIDTH 21 0
BBX 20 32 1 -7
BITMAP
078300
0FE700
1FFF00
1CFE00
183C00
000000
000000
07C1F0
1FF1E0
3FF9E0
7F7FC0
7C1FC0
7C1FC0
F80FC0
F80F80
F80F80
F80F80
F80F80
F80F80
7C1FC0
7C1FC0
7E7BC0
3FF3C0
1FF3E0
0FC1E0
000000
000000
01C000
01C000
01C000
01E000
00E000
ENDCHAR
STARTCHAR 1FB8
ENCODING 8120
SWIDTH 600 0
DWIDTH 21 0
BBX 21 29 0 0
BITMAP
0E0300
070700
07FF00
03FE00
00F800
000000
01FC00
01FC00
01FC00
03DE00
03DE00
03DE00
07DF00
078F00
078F00
0F8F80
0F8F80
0F0780
1F07C0
1F07C0
1FFFC0
3FFFE0
3FFFE0
3FFFE0
7C01F0
7C01F0
7C01F0
FC00F8
F800F8
ENDCHAR
STARTCHAR 1FB9
ENCODING 8121
SWIDTH 600 0
DWIDTH 21 0
BBX 21 29 0 0
BITMAP
07FF00
07FF00
07FF00
000000
000000
000000
01FC00
01FC00
01FC00
03DE00
03DE00
03DE00
07DF00
078F00
078F00
0F8F80
0F8F80
0F0780
1F07C0
1F07C0
1FFFC0
3FFFE0
3FFFE0
3FFFE0
7C01F0
7C01F0
7C01F0
FC00F8
F800F8
ENDCHAR
STARTCHAR 1FBA
ENCODING 8122
SWIDTH 600 0
DWIDTH 21 0
BBX 22 27 -1 0
BITMAP
F80000
780000
380000
380000
18FE00
0CFE00
00FE00
01EF00
01EF00
01EF00
03EF80
03C780
03C780
07C7C0
07C7C0
0783C0
0F83E0
0F83E0
0FFFE0
1FFFF0
1FFFF0
1FFFF0
3E00F8
3E00F8
3E00F8
7E007C
7C007C
ENDCHAR
STARTCHAR 1FBB
ENCODING 8123
SWIDTH 600 0
DWIDTH 21 0
BBX 21 27 0 0
BITMAP
3E0000
3C0000
380000
380000
31FC00
71FC00
01FC00
03DE00
03DE00
03DE00
07DF00
078F00
078F00
0F8F80
0F8F80
0F0780
1F07C0
1F07C0
1FFFC0
3FFFE0
3FFFE0
3FFFE0
7C01F0
7C01F0
7C01F0
FC00F8
F800F8
ENDCHAR
STARTCHAR 1FBC
ENCODING 8124
SWIDTH 600 0
DWIDTH 21 0
BBX 21 30 0 -7
BITMAP
01FC00
01FC00
01FC00
03DE00
03DE00
03DE00
07DF00
078F00
078F00
0F8F80
0F8F80
0F0780
1F07C0
1F07C0
1FFFC0
3FFFE0
3FFFE0
3FFFE0
7C01F0
7C01F0
7C01F0
FC00F8
F800F8
000000
000000
007000
007000
007000
007C00
003C00
ENDCHAR
STARTCHAR 1FBD
ENCODING 8125
SWIDTH 600 0
DWIDTH 21 0
BBX 4 7 4 18
BITMAP
F0
F0
F0
30
30
60
E0
ENDCHAR
STARTCHAR 1FBE
ENCODING 8126
SWIDTH 600 0
DWIDTH 21 0
BBX 5 5 4 -7
BITMAP
E0
E0
E0
F8
78
ENDCHAR
STARTCHAR 1FBF
ENCODING 8127
SWIDTH 600 0
DWIDTH 21 0
BBX 4 7 4 18
BITMAP
F0
F0
F0
30
30
60
E0
ENDCHAR
STARTCHAR 1FC0
ENCODING 8128
SWIDTH 600 0
DWIDTH 21 0
BBX 12 5 0 20
BITMAP
7830
7C70
FFE0
C7E0
C1C0
ENDCHAR
STARTCHAR 1FC1
ENCODING 8129
SWIDTH 600 0
DWIDTH 21 0
BBX 12 10 0 21
BITMAP
7830
FE70
FFE0
C7E0
C180
0000
F0E0
F0E0
F0E0
F0E0
ENDCHAR
STARTCHAR 1FC2
ENCODING 8130
SWIDTH 600 0
DWIDTH 21 0
BBX 17 34 2 -7
BITMAP
078000
03C000
03C000
01C000
00C000
00C000
000000
000000
000000
F8FC00
F9FF00
FBFF00
FE1F80
7C0F80
7C0F80
780F80
780F80
780F80
780F80
780F80
780F80
780F80
780F80
780F80
780F80
780F80
780F80
000F80
000F80
700F80
700F80
700F80
7C0F80
3C0F80
ENDCHAR
STARTCHAR 1FC3
ENCODING 8131
SWIDTH 600 0
DWIDTH 21 0
BBX 17 25 2 -7
BITMAP
F8FC00
F9FF00
FBFF00
FE1F80
7C0F80
7C0F80
780F80
780F80
780F80
780F80
780F80
780F80
780F80
780F80
780F80
780F80
780F80
780F80
000F80
000F80
700F80
700F80
700F80
7C0F80
3C0F80
ENDCHAR
STARTCHAR 1FC4
ENCODING 8132
SWIDTH 600 0
DWIDTH 21 0
BBX 17 34 2 -7
BITMAP
00F800
00F000
00F000
00E000
00C000
00C000
000000
000000
000000
F8FC00
F9FF00
FBFF00
FE1F80
7C0F80
7C0F80
780F80
780F80
780F80
780F80
780F80
780F80
780F80
780F80
780F80
780F80
780F80
780F80
000F80
000F80
700F80
700F80
700F80
7C0F80
3C0F80
ENDCHAR
STARTCHAR 1FC6
ENCODING 8134
SWIDTH 600 0
DWIDTH 21 0
BBX 17 32 2 -7
BITMAP
0F0600
1FC600
3FFE00
38FC00
303800
000000
000000
F8FC00
F9FF00
FBFF00
FE1F80
7C0F80
7C0F80
780F80
780F80
780F80
780F80
780F80
780F80
780F80
780F80
780F80
780F80
780F80
780F80
000F80
000F80
000F80
000F80
000F80
000F80
000F80
ENDCHAR
STARTCHAR 1FC7
ENCODING 8135
SWIDTH 600 0
DWIDTH 21 0
BBX 17 32 2 -7
BITMAP
0F0600
1FC600
3FFE00
38FC00
303800
000000
000000
F8FC00
F9FF00
FBFF00
FE1F80
7C0F80
7C0F80
780F80
780F80
780F80
780F80
780F80
780F80
780F80
780F80
780F80
780F80
780F80
780F80
000F80
000F80
700F80
700F80
700F80
7C0F80
3C0F80
ENDCHAR
STARTCHAR 1FC8
ENCODING 8136
SWIDTH 600 0
DWIDTH 21 0
BBX 25 27 -5 0
BITMAP
F0000000
F0000000
70000000
38000000
39FFFF00
19FFFF00
01FFFF00
01FFFF00
01F00000
01F00000
01F00000
01F00000
01F00000
01FFFE00
01FFFE00
01FFFE00
01FFFE00
01F00000
01F00000
01F00000
01F00000
01F00000
01F00000
01FFFF80
01FFFF80
01FFFF80
01FFFF80
ENDCHAR
STARTCHAR 1FC9
ENCODING 8137
SWIDTH 600 0
DWIDTH 21 0
BBX 23 27 -3 0
BITMAP
F80000
F00000
F00000
E00000
C7FFFC
C7FFFC
07FFFC
07FFFC
07C000
07C000
07C000
07C000
07C000
07FFF8
07FFF8
07FFF8
07FFF8
07C000
07C000
07C000
07C000
07C000
07C000
07FFFE
07FFFE
07FFFE
07FFFE
ENDCHAR
STARTCHAR 1FCA
ENCODING 8138
SWIDTH 600 0
DWIDTH 21 0
BBX 24 27 -5 0
BITMAP
F00000
F00000
700000
380000
39F01F
19F01F
01F01F
01F01F
01F01F
01F01F
01F01F
01F01F
01F01F
01FFFF
01FFFF
01FFFF
01FFFF
01F01F
01F01F
01F01F
01F01F
01F01F
01F01F
01F01F
01F01F
01F01F
01F01F
ENDCHAR
STARTCHAR 1FCB
ENCODING 8139
SWIDTH 600 0
DWIDTH 21 0
BBX 22 27 -3 0
BITMAP
F80000
F00000
F00000
E00000
C7C07C
C7C07C
07C07C
07C07C
07C07C
07C07C
07C07C
07C07C
07C07C
07FFFC
07FFFC
07FFFC
07FFFC
07C07C
07C07C
07C07C
07C07C
07C07C
07C07C
07C07C
07C07C
07C07C
07C07C
ENDCHAR
STARTCHAR 1FCC
ENCODING 8140
SWIDTH 600 0
DWIDTH 21 0
BBX 17 30 2 -7
BITMAP
F80F80
F80F80
F80F80
F80F80
F80F80
F80F80
F80F80
F80F80
F80F80
FFFF80
FFFF80
FFFF80
FFFF80
F80F80
F80F80
F80F80
F80F80
F80F80
F80F80
F80F80
F80F80
F80F80
F80F80
000000
000000
01C000
01C000
01C000
01F000
00F000
ENDCHAR
STARTCHAR 1FCD
ENCODING 8141
SWIDTH 600 0
DWIDTH 21 0
BBX 11 7 0 18
BITMAP
F7C0
F3C0
F1C0
30E0
3060
6000
E000
ENDCHAR
STARTCHAR 1FCE
ENCODING 8142
SWIDTH 600 0
DWIDTH 21 0
BBX 11 7 0 18
BITMAP
F3E0
F3C0
F380
3380
3700
6000
E000
ENDCHAR
STARTCHAR 1FCF
ENCODING 8143
SWIDTH 600 0
DWIDTH 21 0
BBX 12 13 0 18
BITMAP
7830
FE70
FFE0
C7E0
C0C0
0000
0F00
0F00
0F00
0300
0300
0600
0E00
ENDCHAR
STARTCHAR 1FD0
ENCODING 8144
SWIDTH 600 0
DWIDTH 21 0
BBX 17 25 2 0
BITMAP
301C00
383800
3FF800
1FF000
07E000
000000
000000
FFC000
FFC000
FFC000
07C000
07C000
07C000
07C000
07C000
07C000
07C000
07C000
07C000
07C000
07C100
07FF80
03FF80
01FF00
00FE00
ENDCHAR
STARTCHAR 1FD1
ENCODING 8145
SWIDTH 600 0
DWIDTH 21 0
BBX 17 24 2 0
BITMAP
3FF800
3FF800
3FF800
000000
000000
000000
FFC000
FFC000
FFC000
07C000
07C000
07C000
07C000
07C000
07C000
07C000
07C000
07C000
07C000
07C100
07FF80
03FF80
01FF00
00FE00
ENDCHAR
STARTCHAR 1FD2
ENCODING 8146
SWIDTH 600 0
DWIDTH 21 0
BBX 17 32 2 0
BITMAP
1F0000
0F0000
070000
070000
038000
018000
000000
3C7800
3C7800
3C7800
3C7800
000000
000000
000000
FFC000
FFC000
FFC000
07C000
07C000
07C000
07C000
07C000
07C000
07C000
07C000
07C000
07C000
07C100
07FF80
03FF80
01FF00
00FE00
ENDCHAR
STARTCHAR 1FD3
ENCODING 8147
SWIDTH 600 0
DWIDTH 21 0
BBX 17 32 2 0
BITMAP
01F000
01E000
01E000
01C000
018000
038000
000000
3C7800
3C7800
3C7800
3C7800
000000
000000
000000
FFC000
FFC000
FFC000
07C000
07C000
07C000
07C000
07C000
07C000
07C000
07C000
07C000
07C000
07C100
07FF80
03FF80
01FF00
00FE00
ENDCHAR
STARTCHAR 1FD6
ENCODING 8150
SWIDTH 600 0
DWIDTH 21 0
BBX 17 25 2 0
BITMAP
3C1C00
7F1C00
7FF800
63F800
E0F000
000000
000000
FFC000
FFC000
FFC000
07C000
07C000
07C000
07C000
07C000
07C000
07C000
07C000
07C000
07C000
07C100
07FF80
03FF80
01FF00
00FE00
ENDCHAR
STARTCHAR 1FD7
ENCODING 8151
SWIDTH 600 0
DWIDTH 21 0
BBX 17 31 2 0
BITMAP
1E1C00
3F9800
3FF800
31F800
702000
000000
383800
383800
383800
383800
000000
000000
000000
FFC000
FFC000
FFC000
07C000
07C000
07C000
07C000
07C000
07C000
07C000
07C000
07C000
07C000
07C100
07FF80
03FF80
01FF00
00FE00
ENDCHAR
STARTCHAR 1FD8
ENCODING 8152
SWIDTH 600 0
DWIDTH 21 0
BBX 15 29 3 0
BITMAP
7018
3838
3FF8
1FF0
07C0
0000
FFFE
FFFE
FFFE
FFFE
07C0
07C0
07C0
07C0
07C0
07C0
07C0
07C0
07C0
07C0
07C0
07C0
07C0
07C0
07C0
FFFE
FFFE
FFFE
FFFE
ENDCHAR
STARTCHAR 1FD9
ENCODING 8153
SWIDTH 600 0
DWIDTH 21 0
BBX 15 29 3 0
BITMAP
3FF8
3FF8
3FF8
0000
0000
0000
FFFE
FFFE
FFFE
FFFE
07C0
07C0
07C0
07C0
07C0
07C0
07C0
07C0
07C0
07C0
07C0
07C0
07C0
07C0
07C0
FFFE
FFFE
FFFE
FFFE
ENDCHAR
STARTCHAR 1FDA
ENCODING 8154
SWIDTH 600 0
DWIDTH 21 0
BBX 23 27 -5 0
BITMAP
F00000
F00000
700000
380000
38FFFE
18FFFE
00FFFE
00FFFE
0007C0
0007C0
0007C0
0007C0
0007C0
0007C0
0007C0
0007C0
0007C0
0007C0
0007C0
0007C0
0007C0
0007C0
0007C0
00FFFE
00FFFE
00FFFE
00FFFE
ENDCHAR
STARTCHAR 1FDB
ENCODING 8155
SWIDTH 600 0
DWIDTH 21 0
BBX 21 27 -3 0
BITMAP
F80000
F00000
F00000
E00000
C3FFF8
C3FFF8
03FFF8
03FFF8
001F00
001F00
001F00
001F00
001F00
001F00
001F00
001F00
001F00
001F00
001F00
001F00
001F00
001F00
001F00
03FFF8
03FFF8
03FFF8
03FFF8
ENDCHAR
STARTCHAR 1FDD
ENCODING 8157
SWIDTH 600 0
DWIDTH 21 0
BBX 11 7 0 18
BITMAP
F7C0
F3C0
F1C0
C0E0
C060
6000
6000
ENDCHAR
STARTCHAR 1FDE
ENCODING 8158
SWIDTH 600 0
DWIDTH 21 0
BBX 11 7 0 18
BITMAP
F3E0
F3C0
F380
C380
C700
6000
6000
ENDCHAR
STARTCHAR 1FDF
ENCODING 8159
SWIDTH 600 0
DWIDTH 21 0
BBX 12 13 0 18
BITMAP
7830
FE70
FFE0
C7E0
C0C0
0000
0F00
0F00
0F00
0C00
0C00
0600
0600
ENDCHAR
STARTCHAR 1FE0
ENCODING 8160
SWIDTH 600 0
DWIDTH 21 0
BBX 17 25 2 0
BITMAP
381C00
383C00
3FF800
1FF000
07E000
000000
000000
F81E00
F81F00
F81F00
F80F00
F80F80
F80F80
F80F80
F80F80
F80F80
F80F80
F80F80
F80F80
7C0F80
7C1F00
7FFF00
3FFE00
1FFC00
07F000
ENDCHAR
STARTCHAR 1FE1
ENCODING 8161
SWIDTH 600 0
DWIDTH 21 0
BBX 17 24 2 0
BITMAP
1FF800
1FF800
1FF800
000000
000000
000000
F81E00
F81F00
F81F00
F80F00
F80F80
F80F80
F80F80
F80F80
F80F80
F80F80
F80F80
F80F80
7C0F80
7C1F00
7FFF00
3FFE00
1FFC00
07F000
ENDCHAR
STARTCHAR 1FE2
ENCODING 8162
SWIDTH 600 0
DWIDTH 21 0
BBX 17 32 2 0
BITMAP
0F0000
0F0000
070000
078000
038000
018000
000000
3C7800
3C7800
3C7800
3C7800
000000
000000
000000
F81E00
F81F00
F81F00
F80F00
F80F80
F80F80
F80F80
F80F80
F80F80
F80F80
F80F80
F80F80
7C0F80
7C1F00
7FFF00
3FFE00
1FFC00
07F000
ENDCHAR
STARTCHAR 1FE3
ENCODING 8163
SWIDTH 600 0
DWIDTH 21 0
BBX 17 32 2 0
BITMAP
01F000
01E000
01C000
01C000
018000
030000
000000
3C7800
3C7800
3C7800
3C7800
000000
000000
000000
F81E00
F81F00
F81F00
F80F00
F80F80
F80F80
F80F80
F80F80
F80F80
F80F80
F80F80
F80F80
7C0F80
7C1F00
7FFF00
3FFE00
1FFC00
07F000
ENDCHAR
STARTCHAR 1FE4
ENCODING 8164
SWIDTH 600 0
DWIDTH 21 0
BBX 17 34 2 -7
BITMAP
01E000
01E000
01E000
006000
006000
00C000
00C000
000000
000000
07F000
1FFC00
3FFE00
7F3F00
7C1F00
7C0F80
F80F80
F80F80
F80F80
F80F80
F80F80
F80F80
F80F80
FC1F80
FF3F00
FFFE00
FBFC00
F8F800
F80000
F80000
F80000
F80000
F80000
F80000
F80000
ENDCHAR
STARTCHAR 1FE5
ENCODING 8165
SWIDTH 600 0
DWIDTH 21 0
BBX 17 34 2 -7
BITMAP
01E000
01E000
01E000
018000
018000
00C000
00C000
000000
000000
07F000
1FFC00
3FFE00
7F3F00
7C1F00
7C0F80
F80F80
F80F80
F80F80
F80F80
F80F80
F80F80
F80F80
FC1F80
FF3F00
FFFE00
FBFC00
F8F800
F80000
F80000
F80000
F80000
F80000
F80000
F80000
ENDCHAR
STARTCHAR 1FE6
ENCODING 8166
SWIDTH 600 0
DWIDTH 21 0
BBX 17 25 2 0
BITMAP
1E0E00
3F8E00
3FFC00
31FC00
307800
000000
000000
F81E00
F81F00
F81F00
F80F00
F80F80
F80F80
F80F80
F80F80
F80F80
F80F80
F80F80
F80F80
7C0F80
7C1F00
7FFF00
3FFE00
1FFC00
07F000
ENDCHAR
STARTCHAR 1FE7
ENCODING 8167
SWIDTH 600 0
DWIDTH 21 0
BBX 17 31 2 0
BITMAP
1E0C00
1F9C00
3FF800
31F800
303000
000000
3C3800
3C3800
3C3800
3C3800
000000
000000
000000
F81E00
F81F00
F81F00
F80F00
F80F80
F80F80
F80F80
F80F80
F80F80
F80F80
F80F80
F80F80
7C0F80
7C1F00
7FFF00
3FFE00
1FFC00
07F000
ENDCHAR
STARTCHAR 1FE8
ENCODING 8168
SWIDTH 600 0
DWIDTH 21 0
BBX 21 29 0 0
BITMAP
0E0300
070700
07FF00
03FE00
00F800
000000
FC01F8
7C01F0
7E03F0
3E03E0
1F07C0
1F07C0
0F8F80
0F8F80
07DF00
07DF00
03FE00
01FC00
01FC00
00F800
00F800
00F800
00F800
00F800
00F800
00F800
00F800
00F800
00F800
ENDCHAR
STARTCHAR 1FE9
ENCODING 8169
SWIDTH 600 0
DWIDTH 21 0
BBX 21 30 0 0
BITMAP
07FF00
07FF00
07FF00
000000
000000
000000
000000
FC01F8
7C01F0
7E03F0
3E03E0
1F07C0
1F07C0
0F8F80
0F8F80
07DF00
07DF00
03FE00
01FC00
01FC00
00F800
00F800
00F800
00F800
00F800
00F800
00F800
00F800
00F800
00F800
ENDCHAR
STARTCHAR 1FEA
ENCODING 8170
SWIDTH 600 0
DWIDTH 21 0
BBX 27 27 -6 0
BITMAP
F0000000
F0000000
78000000
38000000
3BF007E0
19F007C0
01F80FC0
00F80F80
007C1F00
007C1F00
003E3E00
003E3E00
001F7C00
001F7C00
000FF800
0007F000
0007F000
0003E000
0003E000
0003E000
0003E000
0003E000
0003E000
0003E000
0003E000
0003E000
0003E000
ENDCHAR
STARTCHAR 1FEB
ENCODING 8171
SWIDTH 600 0
DWIDTH 21 0
BBX 25 27 -4 0
BITMAP
78000000
F0000000
F0000000
E0000000
EFC01F80
C7C01F00
07E03F00
03E03E00
01F07C00
01F07C00
00F8F800
00F8F800
007DF000
007DF000
003FE000
001FC000
001FC000
000F8000
000F8000
000F8000
000F8000
000F8000
000F8000
000F8000
000F8000
000F8000
000F8000
ENDCHAR
STARTCHAR 1FEC
ENCODING 8172
SWIDTH 600 0
DWIDTH 21 0
BBX 24 25 -4 0
BITMAP
F00000
F00000
F3FFE0
E3FFF8
63FFFC
63FFFE
33E07E
03E03E
03E03E
03E03F
03E03E
03E03E
03E07E
03FFFC
03FFFC
03FFF0
03FFC0
03E000
03E000
03E000
03E000
03E000
03E000
03E000
03E000
ENDCHAR
STARTCHAR 1FED
ENCODING 8173
SWIDTH 600 0
DWIDTH 21 0
BBX 16 6 0 20
BITMAP
0780
07C0
F3CF
F1CF
F0CF
F0CF
ENDCHAR
STARTCHAR 1FEE
ENCODING 8174
SWIDTH 600 0
DWIDTH 21 0
BBX 16 6 0 20
BITMAP
01E0
01E0
F3CF
F38F
F38F
F30F
ENDCHAR
STARTCHAR 1FEF
ENCODING 8175
SWIDTH 600 0
DWIDTH 21 0
BBX 5 6 3 21
BITMAP
F0
F0
78
38
38
18
ENDCHAR
STARTCHAR 1FF2
ENCODING 8178
SWIDTH 600 0
DWIDTH 21 0
BBX 19 34 1 -7
BITMAP
07C000
03C000
01C000
01C000
00E000
006000
000000
000000
000000
0C0600
1C0700
3C0780
7803C0
7803C0
F001E0
F0E1E0
F0E1E0
F0E1E0
F0E1E0
F0E1E0
F1F1E0
F1F1E0
F1F1E0
7BBBC0
7FBFC0
3F1F80
1E0F00
000000
000000
00E000
00E000
00E000
00F800
007800
ENDCHAR
STARTCHAR 1FF3
ENCODING 8179
SWIDTH 600 0
DWIDTH 21 0
BBX 19 25 1 -7
BITMAP
0C0600
1C0700
3C0780
7803C0
7803C0
F001E0
F0E1E0
F0E1E0
F0E1E0
F0E1E0
F0E1E0
F1F1E0
F1F1E0
F1F1E0
7BBBC0
7FBFC0
3F1F80
1E0F00
000000
000000
00E000
00E000
00E000
00F800
007800
ENDCHAR
STARTCHAR 1FF4
ENCODING 8180
SWIDTH 600 0
DWIDTH 21 0
BBX 19 34 1 -7
BITMAP
007800
007800
007000
00F000
00E000
00C000
000000
000000
000000
0C0600
1C0700
3C0780
7803C0
7803C0
F001E0
F0E1E0
F0E1E0
F0E1E0
F0E1E0
F0E1E0
F1F1E0
F1F1E0
F1F1E0
7BBBC0
7FBFC0
3F1F80
1E0F00
000000
000000
00E000
00E000
00E000
00F800
007800
ENDCHAR
STARTCHAR 1FF6
ENCODING 8182
SWIDTH 600 0
DWIDTH 21 0
BBX 19 25 1 0
BITMAP
078300
0FE700
1FFF00
1CFE00
183C00
000000
000000
0C0600
1C0700
3C0780
7803C0
7803C0
F001E0
F0E1E0
F0E1E0
F0E1E0
F0E1E0
F0E1E0
F1F1E0
F1F1E0
F1F1E0
7BBBC0
7FBFC0
3F1F80
1E0F00
ENDCHAR
STARTCHAR 1FF7
ENCODING 8183
SWIDTH 600 0
DWIDTH 21 0
BBX 19 32 1 -7
BITMAP
078300
0FE700
1FFF00
1CFE00
183C00
000000
000000
0C0600
1C0700
3C0780
7803C0
7803C0
F001E0
F0E1E0
F0E1E0
F0E1E0
F0E1E0
F0E1E0
F1F1E0
F1F1E0
F1F1E0
7BBBC0
7FBFC0
3F1F80
1E0F00
000000
000000
00E000
00E000
00E000
00F800
007800
ENDCHAR
STARTCHAR 1FF8
ENCODING 8184
SWIDTH 600 0
DWIDTH 21 0
BBX 23 27 -3 0
BITMAP
F00000
F80000
780000
380000
383F80
18FFE0
01FFF0
03FFF8
03F1F8
07E0FC
07C07C
07C07C
0FC07E
0F803E
0F803E
0F803E
0F803E
0F803E
0FC07E
07C07C
07C07C
07E0FC
03F1F8
03FFF8
01FFF0
00FFE0
003F80
ENDCHAR
STARTCHAR 1FF9
ENCODING 8185
SWIDTH 600 0
DWIDTH 21 0
BBX 21 27 -1 0
BITMAP
780000
F00000
F00000
E00000
C0FE00
C3FF80
07FFC0
0FFFE0
0FC7E0
1F83F0
1F01F0
1F01F0
3F01F8
3E00F8
3E00F8
3E00F8
3E00F8
3E00F8
3F01F8
1F01F0
1F01F0
1F83F0
0FC7E0
0FFFE0
07FFC0
03FF80
00FE00
ENDCHAR
STARTCHAR 1FFA
ENCODING 8186
SWIDTH 600 0
DWIDTH 21 0
BBX 23 27 -3 0
BITMAP
F00000
F80000
780000
380000
383F80
18FFE0
01FFF0
03FFF8
07E0FC
07C07C
07C07C
0F803E
0F803E
0F803E
0F803E
0F803E
0F803E
07803C
07C07C
03C078
03E0F8
01F1F0
00F1E0
0FF1FE
0FF1FE
0FF1FE
0FF1FE
ENDCHAR
STARTCHAR 1FFB
ENCODING 8187
SWIDTH 600 0
DWIDTH 21 0
BBX 21 27 -1 0
BITMAP
780000
F00000
F00000
E00000
C0FE00
C3FF80
07FFC0
0FFFE0
1F83F0
1F01F0
1F01F0
3E00F8
3E00F8
3E00F8
3E00F8
3E00F8
3E00F8
1E00F0
1F01F0
0F01E0
0F83E0
07C7C0
03C780
3FC7F8
3FC7F8
3FC7F8
3FC7F8
ENDCHAR
STARTCHAR 1FFC
ENCODING 8188
SWIDTH 600 0
DWIDTH 21 0
BBX 19 30 1 -7
BITMAP
03F800
0FFE00
1FFF00
3FFF80
7E0FC0
7C07C0
7C07C0
F803E0
F803E0
F803E0
F803E0
F803E0
F803E0
7803C0
7C07C0
3C0780
3E0F80
1F1F00
0F1E00
FF1FE0
FF1FE0
FF1FE0
FF1FE0
000000
000000
00E000
00E000
00E000
00F800
007800
ENDCHAR
STARTCHAR 1FFD
ENCODING 8189
SWIDTH 600 0
DWIDTH 21 0
BBX 5 6 4 20
BITMAP
78
78
F0
E0
E0
C0
ENDCHAR
STARTCHAR 1FFE
ENCODING 8190
SWIDTH 600 0
DWIDTH 21 0
BBX 4 7 4 18
BITMAP
F0
F0
F0
C0
C0
E0
60
ENDCHAR
STARTCHAR 2007
ENCODING 8199
SWIDTH 600 0
DWIDTH 21 0
BBX 0 0 0 0
BITMAP
ENDCHAR
STARTCHAR 200C
ENCODING 8204
SWIDTH 0 0
DWIDTH 0 0
BBX 2 27 -1 -5
BITMAP
C0
C0
C0
C0
C0
C0
C0
C0
C0
C0
C0
C0
C0
C0
C0
C0
C0
C0
C0
C0
C0
C0
C0
C0
C0
C0
C0
ENDCHAR
STARTCHAR 200D
ENCODING 8205
SWIDTH 0 0
DWIDTH 0 0
BBX 6 29 -3 -5
BITMAP
84
CC
78
30
30
78
B4
B4
30
30
30
30
30
30
30
30
30
30
30
30
30
30
30
30
30
30
30
30
30
ENDCHAR
STARTCHAR 200E
ENCODING 8206
SWIDTH 0 0
DWIDTH 0 0
BBX 8 29 -1 -5
BITMAP
08
0C
06
FF
C3
C6
CC
C8
C0
C0
C0
C0
C0
C0
C0
C0
C0
C0
C0
C0
C0
C0
C0
C0
C0
C0
C0
C0
C0
ENDCHAR
STARTCHAR 200F
ENCODING 8207
SWIDTH 0 0
DWIDTH 0 0
BBX 8 29 -7 -5
BITMAP
10
30
60
FF
63
33
13
03
03
03
03
03
03
03
03
03
03
03
03
03
03
03
03
03
03
03
03
03
03
ENDCHAR
STARTCHAR 2010
ENCODING 8208
SWIDTH 600 0
DWIDTH 21 0
BBX 9 4 6 7
BITMAP
FF80
FF80
FF80
FF80
ENDCHAR
STARTCHAR 2012
ENCODING 8210
SWIDTH 600 0
DWIDTH 21 0
BBX 19 3 1 8
BITMAP
FFFFE0
FFFFE0
FFFFE0
ENDCHAR
STARTCHAR 2013
ENCODING 8211
SWIDTH 600 0
DWIDTH 21 0
BBX 15 3 3 8
BITMAP
FFFE
FFFE
FFFE
ENDCHAR
STARTCHAR 2014
ENCODING 8212
SWIDTH 600 0
DWIDTH 21 0
BBX 21 3 0 8
BITMAP
FFFFF8
FFFFF8
FFFFF8
ENDCHAR
STARTCHAR 2015
ENCODING 8213
SWIDTH 600 0
DWIDTH 21 0
BBX 21 3 0 8
BITMAP
FFFFF8
FFFFF8
FFFFF8
ENDCHAR
STARTCHAR 2017
ENCODING 8215
SWIDTH 600 0
DWIDTH 21 0
BBX 21 5 0 -7
BITMAP
FFFFF8
FFFFF8
000000
FFFFF8
FFFFF8
ENDCHAR
STARTCHAR 2018
ENCODING 8216
SWIDTH 600 0
DWIDTH 21 0
BBX 8 11 7 14
BITMAP
0F
0E
1E
1E
3E
3C
7C
7C
FC
F8
F8
ENDCHAR
STARTCHAR 2019
ENCODING 8217
SWIDTH 600 0
DWIDTH 21 0
BBX 9 11 6 14
BITMAP
1F80
1F00
1F00
3E00
3E00
3C00
7C00
7800
7800
7000
F000
ENDCHAR
STARTCHAR 201A
ENCODING 8218
SWIDTH 600 0
DWIDTH 21 0
BBX 8 11 6 -7
BITMAP
3F
3E
3E
7C
7C
78
78
F0
F0
E0
E0
ENDCHAR
STARTCHAR 201B
ENCODING 8219
SWIDTH 600 0
DWIDTH 21 0
BBX 8 11 7 14
BITMAP
F8
F8
FC
7C
7C
3C
3E
1E
1E
0E
0F
ENDCHAR
STARTCHAR 201C
ENCODING 8220
SWIDTH 600 0
DWIDTH 21 0
BBX 16 11 3 14
BITMAP
0F0F
0E0E
1E1E
1E1E
3E3C
3C3C
7C7C
7C7C
7CF8
F8F8
F9F8
ENDCHAR
STARTCHAR 201D
ENCODING 8221
SWIDTH 600 0
DWIDTH 21 0
BBX 16 11 2 14
BITMAP
1F9F
1F1F
1F3E
3E3E
3E3C
3C3C
3C7C
7878
7878
7070
F0F0
ENDCHAR
STARTCHAR 201E
ENCODING 8222
SWIDTH 600 0
DWIDTH 21 0
BBX 16 11 2 -7
BITMAP
1F9F
1F1F
1F3E
3E3E
3E3C
3C3C
3C7C
7878
7878
7070
F0F0
ENDCHAR
STARTCHAR 201F
ENCODING 8223
SWIDTH 600 0
DWIDTH 21 0
BBX 16 11 2 14
BITMAP
FCFC
7C7C
7C7C
3E3E
3E3E
1E1E
1E1E
0F0F
0F0F
0707
0707
ENDCHAR
STARTCHAR 2020
ENCODING 8224
SWIDTH 600 0
DWIDTH 21 0
BBX 15 29 3 -4
BITMAP
07C0
07C0
0780
0380
0380
0380
FFFE
FFFE
FFFE
0380
0380
0380
0380
0380
0380
0380
0380
0380
0380
0380
0380
0380
0380
0380
0380
0380
0380
0380
0380
ENDCHAR
STARTCHAR 2021
ENCODING 8225
SWIDTH 600 0
DWIDTH 21 0
BBX 15 29 3 -4
BITMAP
0380
0380
0380
0380
0380
0380
FFFE
FFFE
FFFE
0380
0380
0380
0380
0380
0300
0380
0380
0380
0380
0380
FFFE
FFFE
FFFE
0380
0380
0380
0380
0380
0380
ENDCHAR
STARTCHAR 2022
ENCODING 8226
SWIDTH 600 0
DWIDTH 21 0
BBX 10 10 5 7
BITMAP
1F00
3F80
7FC0
7FC0
FFC0
FFC0
7FC0
7FC0
3F80
1F00
ENDCHAR
STARTCHAR 2026
ENCODING 8230
SWIDTH 600 0
DWIDTH 21 0
BBX 19 5 1 0
BITMAP
F1F1E0
F1F1E0
F1F1E0
F1F1E0
F1F1E0
ENDCHAR
STARTCHAR 202A
ENCODING 8234
SWIDTH 0 0
DWIDTH 0 0
BBX 8 26 -1 -5
BITMAP
FF
C0
C0
C0
C0
C0
C0
C0
C0
C0
C0
C0
C0
C0
C0
C0
C0
C0
C0
C0
C0
C0
C0
C0
C0
C0
ENDCHAR
STARTCHAR 202B
ENCODING 8235
SWIDTH 0 0
DWIDTH 0 0
BBX 8 26 -7 -5
BITMAP
FF
03
03
03
03
03
03
03
03
03
03
03
03
03
03
03
03
03
03
03
03
03
03
03
03
03
ENDCHAR
STARTCHAR 202C
ENCODING 8236
SWIDTH 0 0
DWIDTH 0 0
BBX 8 29 -4 -5
BITMAP
FF
FF
FF
FF
FF
FF
FF
18
18
18
18
18
18
18
18
18
18
18
18
18
18
18
18
18
18
18
18
18
18
ENDCHAR
STARTCHAR 202D
ENCODING 8237
SWIDTH 0 0
DWIDTH 0 0
BBX 8 29 -4 -5
BITMAP
FF
80
80
80
80
80
FF
18
18
18
18
18
18
18
18
18
18
18
18
18
18
18
18
18
18
18
18
18
18
ENDCHAR
STARTCHAR 202E
ENCODING 8238
SWIDTH 0 0
DWIDTH 0 0
BBX 8 29 -4 -5
BITMAP
FF
01
01
01
01
01
FF
18
18
18
18
18
18
18
18
18
18
18
18
18
18
18
18
18
18
18
18
18
18
ENDCHAR
STARTCHAR 2030
ENCODING 8240
SWIDTH 600 0
DWIDTH 21 0
BBX 21 23 0 0
BITMAP
3C0000
7E0000
E70000
E70000
E70000
E70000
E73800
E77000
7EE000
3DC000
030000
060000
0C0000
1BE1E0
37F3F0
677738
0E3738
0E3738
0E3738
063738
077738
07F3F0
03C1E0
ENDCHAR
STARTCHAR 2032
ENCODING 8242
SWIDTH 600 0
DWIDTH 21 0
BBX 5 11 8 14
BITMAP
F8
F8
F8
F8
F8
F8
70
70
70
70
70
ENDCHAR
STARTCHAR 2033
ENCODING 8243
SWIDTH 600 0
DWIDTH 21 0
BBX 13 11 4 14
BITMAP
F8F8
F8F8
F8F8
F8F8
78F8
78F0
78F0
78F0
7070
7070
7070
ENDCHAR
STARTCHAR 2034
ENCODING 8244
SWIDTH 600 0
DWIDTH 21 0
BBX 17 11 2 14
BITMAP
F3E780
F3E780
F3E780
F3E780
F3E780
F3E780
F1C780
F1C780
F1C780
F1C780
F1C780
ENDCHAR
STARTCHAR 2039
ENCODING 8249
SWIDTH 600 0
DWIDTH 21 0
BBX 9 14 6 2
BITMAP
0F80
1F00
1E00
3E00
7C00
7800
F800
F800
7800
7C00
3E00
1E00
1F00
0F80
ENDCHAR
STARTCHAR 203A
ENCODING 8250
SWIDTH 600 0
DWIDTH 21 0
BBX 9 14 6 2
BITMAP
F800
7C00
3C00
3E00
1F00
0F00
0F80
0F80
0F00
1F00
3E00
3C00
7C00
F800
ENDCHAR
STARTCHAR 203C
ENCODING 8252
SWIDTH 600 0
DWIDTH 21 0
BBX 15 23 3 0
BITMAP
F83E
F83E
F83E
F83E
F83E
F83E
F83E
F83E
F83E
F83E
F83E
783C
783C
783C
783C
783C
0000
0000
F83E
F83E
F83E
F83E
F83E
ENDCHAR
STARTCHAR 203E
ENCODING 8254
SWIDTH 600 0
DWIDTH 21 0
BBX 21 2 0 25
BITMAP
FFFFF8
FFFFF8
ENDCHAR
STARTCHAR 2044
ENCODING 8260
SWIDTH 600 0
DWIDTH 21 0
BBX 15 23 3 0
BITMAP
000E
000C
001C
0018
0038
0070
0070
00E0
00E0
01C0
0180
0380
0300
0700
0600
0E00
1C00
1C00
3800
3800
7000
6000
E000
ENDCHAR
STARTCHAR 205E
ENCODING 8286
SWIDTH 600 0
DWIDTH 21 0
BBX 5 25 8 0
BITMAP
F8
F8
F8
F8
F8
00
00
F8
F8
F8
F8
F8
00
00
F8
F8
F8
F8
F8
00
F8
F8
F8
F8
F8
ENDCHAR
STARTCHAR 206A
ENCODING 8298
SWIDTH 0 0
DWIDTH 0 0
BBX 8 29 -4 -5
BITMAP
FF
18
18
18
18
18
FF
18
18
18
18
18
18
18
18
18
18
18
18
18
18
18
18
18
18
18
18
18
18
ENDCHAR
STARTCHAR 206B
ENCODING 8299
SWIDTH 0 0
DWIDTH 0 0
BBX 8 29 -4 -5
BITMAP
FF
81
81
81
81
81
FF
18
18
18
18
18
18
18
18
18
18
18
18
18
18
18
18
18
18
18
18
18
18
ENDCHAR
STARTCHAR 206C
ENCODING 8300
SWIDTH 0 0
DWIDTH 0 0
BBX 8 29 -4 -5
BITMAP
FF
7E
7E
3C
3C
18
18
18
18
18
18
18
18
18
18
18
18
18
18
18
18
18
18
18
18
18
18
18
18
ENDCHAR
STARTCHAR 206D
ENCODING 8301
SWIDTH 0 0
DWIDTH 0 0
BBX 8 29 -4 -5
BITMAP
10
18
18
3C
3C
7E
7E
FF
18
18
18
18
18
18
18
18
18
18
18
18
18
18
18
18
18
18
18
18
18
ENDCHAR
STARTCHAR 206E
ENCODING 8302
SWIDTH 0 0
DWIDTH 0 0
BBX 8 29 -4 -5
BITMAP
18
3C
66
C3
66
3C
18
18
18
18
18
18
18
18
18
18
18
18
18
18
18
18
18
18
18
18
18
18
18
ENDCHAR
STARTCHAR 206F
ENCODING 8303
SWIDTH 0 0
DWIDTH 0 0
BBX 8 29 -4 -5
BITMAP
F8
18
18
18
18
18
FF
18
18
18
18
18
18
18
18
18
18
18
18
18
18
18
18
18
18
18
18
18
18
ENDCHAR
STARTCHAR 2074
ENCODING 8308
SWIDTH 600 0
DWIDTH 21 0
BBX 11 13 5 10
BITMAP
0380
0780
0F80
1D80
1980
3180
7180
E180
FFE0
FFE0
0180
0180
0180
ENDCHAR
STARTCHAR 2075
ENCODING 8309
SWIDTH 600 0
DWIDTH 21 0
BBX 10 13 6 10
BITMAP
FF80
FF80
E000
E000
EF00
FF80
F3C0
01C0
01C0
E1C0
F3C0
7F80
3E00
ENDCHAR
STARTCHAR 2076
ENCODING 8310
SWIDTH 600 0
DWIDTH 21 0
BBX 10 13 6 10
BITMAP
1E00
7F00
F380
E180
E000
EF00
DF80
E3C0
E1C0
E1C0
F3C0
7F80
1E00
ENDCHAR
STARTCHAR 2077
ENCODING 8311
SWIDTH 600 0
DWIDTH 21 0
BBX 10 13 6 10
BITMAP
FFC0
FFC0
01C0
0180
0380
0700
0600
0E00
1C00
1C00
1C00
1C00
1C00
ENDCHAR
STARTCHAR 2078
ENCODING 8312
SWIDTH 600 0
DWIDTH 21 0
BBX 10 13 6 10
BITMAP
3F00
7F80
E3C0
E1C0
E380
7F00
7F00
E3C0
E1C0
E1C0
E3C0
FF80
3F00
ENDCHAR
STARTCHAR 2079
ENCODING 8313
SWIDTH 600 0
DWIDTH 21 0
BBX 10 13 6 10
BITMAP
3E00
7F00
F380
E1C0
E1C0
E1C0
F3C0
7FC0
3DC0
0180
E380
7F00
3E00
ENDCHAR
STARTCHAR 207F
ENCODING 8319
SWIDTH 600 0
DWIDTH 21 0
BBX 10 11 6 9
BITMAP
CF00
FF80
F3C0
E1C0
E1C0
E1C0
E1C0
E1C0
E1C0
E1C0
E1C0
ENDCHAR
STARTCHAR 2080
ENCODING 8320
SWIDTH 600 0
DWIDTH 21 0
BBX 11 14 5 -3
BITMAP
1F00
3F80
7BC0
71C0
60C0
E0E0
EEE0
EEE0
EEE0
61C0
71C0
7BC0
3F80
1F00
ENDCHAR
STARTCHAR 2081
ENCODING 8321
SWIDTH 600 0
DWIDTH 21 0
BBX 10 14 6 -3
BITMAP
0E00
3E00
FE00
EE00
0E00
0E00
0E00
0E00
0E00
0E00
0E00
0E00
FFC0
FFC0
ENDCHAR
STARTCHAR 2082
ENCODING 8322
SWIDTH 600 0
DWIDTH 21 0
BBX 11 14 5 -3
BITMAP
1F00
3FC0
7BC0
71C0
01C0
01C0
0780
0F00
1E00
3C00
7800
7000
FFE0
FFE0
ENDCHAR
STARTCHAR 2083
ENCODING 8323
SWIDTH 600 0
DWIDTH 21 0
BBX 11 14 5 -3
BITMAP
1F00
7F80
7BC0
E1C0
01C0
01C0
0F80
0F80
03C0
00E0
E0E0
FBC0
7FC0
1F00
ENDCHAR
STARTCHAR 2084
ENCODING 8324
SWIDTH 600 0
DWIDTH 21 0
BBX 11 14 5 -3
BITMAP
0380
0780
0F80
0D80
1D80
3980
3180
6180
E180
FFE0
FFE0
0180
0180
0180
ENDCHAR
STARTCHAR 2085
ENCODING 8325
SWIDTH 600 0
DWIDTH 21 0
BBX 11 14 5 -3
BITMAP
7FC0
7FC0
7000
7000
7000
7F00
7FC0
73C0
00E0
00E0
E0E0
7BC0
7F80
1F00
ENDCHAR
STARTCHAR 2086
ENCODING 8326
SWIDTH 600 0
DWIDTH 21 0
BBX 10 14 6 -3
BITMAP
3E00
7F00
F780
E380
E000
DF00
FF80
E380
E1C0
E1C0
E1C0
F380
7F80
3E00
ENDCHAR
STARTCHAR 2087
ENCODING 8327
SWIDTH 600 0
DWIDTH 21 0
BBX 9 14 6 -3
BITMAP
FF80
FF80
0180
0380
0700
0E00
0E00
1C00
1C00
3800
3800
3800
3800
3800
ENDCHAR
STARTCHAR 2088
ENCODING 8328
SWIDTH 600 0
DWIDTH 21 0
BBX 11 14 5 -3
BITMAP
1F00
7FC0
71C0
71C0
71C0
71C0
3F80
3F80
71C0
E0E0
E0E0
71C0
7FC0
1F00
ENDCHAR
STARTCHAR 2089
ENCODING 8329
SWIDTH 600 0
DWIDTH 21 0
BBX 11 14 5 -3
BITMAP
1F00
7F80
73C0
E1C0
E1C0
E1C0
73E0
7FE0
3EC0
01C0
61C0
7BC0
3F80
1F00
ENDCHAR
STARTCHAR 2090
ENCODING 8336
SWIDTH 600 0
DWIDTH 21 0
BBX 12 13 5 -3
BITMAP
1F00
7F80
F3C0
F1C0
01C0
3FC0
FFC0
E1C0
E1C0
E1C0
F7E0
FEF0
78F0
ENDCHAR
STARTCHAR 2091
ENCODING 8337
SWIDTH 600 0
DWIDTH 21 0
BBX 11 13 5 -3
BITMAP
1F00
7FC0
71C0
E0E0
E0E0
FFE0
FFE0
E000
E000
F0E0
79E0
7FC0
1F00
ENDCHAR
STARTCHAR 2092
ENCODING 8338
SWIDTH 600 0
DWIDTH 21 0
BBX 13 13 4 -3
BITMAP
0F80
3FE0
7DF0
7070
F078
F078
F078
F078
F078
7070
7DF0
3FE0
0F80
ENDCHAR
STARTCHAR 2093
ENCODING 8339
SWIDTH 600 0
DWIDTH 21 0
BBX 13 13 4 -3
BITMAP
7070
78F0
38E0
1DC0
1FC0
0F80
0F00
0F80
1DC0
3DE0
38E0
70F0
F078
ENDCHAR
STARTCHAR 2094
ENCODING 8340
SWIDTH 600 0
DWIDTH 21 0
BBX 11 13 5 -3
BITMAP
1F00
7FC0
F3C0
E1E0
00E0
00E0
FFE0
FFE0
E0E0
E1E0
71C0
7FC0
1F00
ENDCHAR
STARTCHAR 20A0
ENCODING 8352
SWIDTH 600 0
DWIDTH 21 0
BBX 19 24 1 0
BITMAP
07E000
1FF800
3FFC00
7C3C00
783E00
F81E00
F00000
F00000
F0FFE0
F0FFE0
F0FFE0
F0F000
F8F000
78F000
7CF000
3FFFC0
1FFFC0
0FFFC0
00F000
00F000
00F000
00FFE0
00FFE0
00FFE0
ENDCHAR
STARTCHAR 20A1
ENCODING 8353
SWIDTH 600 0
DWIDTH 21 0
BBX 19 27 1 -2
BITMAP
003300
003300
03FB00
0FFF00
1FFF00
3FFF80
3FEFC0
7EE7C0
7CCFC0
7CCC00
7CCC00
FDCC00
FD9C00
FD9800
FD9800
FF9800
7F3800
7F3300
7F33E0
7F37C0
3F7FC0
3FFF80
1FFF00
0FFE00
0FF800
0CC000
0CC000
ENDCHAR
STARTCHAR 20A2
ENCODING 8354
SWIDTH 600 0
DWIDTH 21 0
BBX 19 23 1 0
BITMAP
03F800
0FFE00
1FFF00
3FFF80
3F0FC0
7E07C0
7C07E0
7C0000
7C0000
FCF380
FCF780
FCF780
FCFF80
FCFC00
7CF800
7CF200
7EF3E0
7EF7E0
3FFFC0
3FFF80
1FFF80
07FE00
01FC00
ENDCHAR
STARTCHAR 20A3
ENCODING 8355
SWIDTH 600 0
DWIDTH 21 0
BBX 18 23 1 0
BITMAP
3FFFC0
3FFFC0
3FFFC0
3FFFC0
3E0000
3E0000
3E0000
3E0000
3E0000
3FFFC0
3FFFC0
3FFFC0
3FFFC0
3E0000
3E0000
3E0000
FFF000
FFF000
FFF000
3E0000
3E0000
3E0000
3E0000
ENDCHAR
STARTCHAR 20A4
ENCODING 8356
SWIDTH 600 0
DWIDTH 21 0
BBX 18 23 2 0
BITMAP
01F800
07FE00
0FFF00
1F9F00
1F0F80
1E0600
1E0000
1E0000
FFF000
FFF000
FFF000
1E0000
FFF000
FFF000
FFF000
1E0000
1E0380
3C03C0
7807C0
FFFF80
FFFF80
FFFF00
FFFC00
ENDCHAR
STARTCHAR 20A5
ENCODING 8357
SWIDTH 600 0
DWIDTH 21 0
BBX 19 25 1 -3
BITMAP
000700
000700
000E00
000E00
F7DF80
FFFFC0
FFFFC0
F9FBE0
F9F9E0
F1F9E0
F0F1E0
F0F1E0
F0E1E0
F0E1E0
F0E1E0
F1E1E0
F1E1E0
F3E1E0
F3E1E0
F7E1E0
F7E1E0
FEE1E0
0E0000
0C0000
1C0000
ENDCHAR
STARTCHAR 20A6
ENCODING 8358
SWIDTH 600 0
DWIDTH 21 0
BBX 21 23 0 0
BITMAP
3F03E0
3F83E0
3F83E0
3F83E0
3FC3E0
3FC3E0
3FC3E0
3DE3E0
FFFFF8
FFFFF8
FFFFF8
3EF3E0
3E7BE0
FFFFF8
FFFFF8
FFFFF8
3E3DE0
3E1FE0
3E1FE0
3E1FE0
3E0FE0
3E0FE0
3E07E0
ENDCHAR
STARTCHAR 20A7
ENCODING 8359
SWIDTH 600 0
DWIDTH 21 0
BBX 20 23 1 0
BITMAP
FC0000
FF0000
FF0000
E78000
E38000
E38000
E38000
E38000
E70000
FF0000
FE6000
F0E000
E1F9C0
E1FBE0
E0E760
E0E700
E0E380
E0E1E0
E0E0E0
E0E070
E0E670
E0FBE0
E079C0
ENDCHAR
STARTCHAR 20A8
ENCODING 8360
SWIDTH 600 0
DWIDTH 21 0
BBX 20 23 1 0
BITMAP
FE0000
FF0000
FF8000
FF8000
E3C000
E3C780
E3CFE0
E3DFE0
E3DCF0
E3FC70
FFBC00
FF9E00
FF1F80
FE1FC0
EF0FE0
EF03F0
E700F0
E78070
E7B870
E3BCF0
E3DFE0
E3DFE0
E3CF80
ENDCHAR
STARTCHAR 20A9
ENCODING 8361
SWIDTH 600 0
DWIDTH 21 0
BBX 21 23 0 0
BITMAP
F000F8
F800F8
F800F8
7800F0
7800F0
7800F0
7800F0
FFFFF8
FFFFF8
FFFFF8
3CF9E0
3DFDE0
3DDDE0
FFFFF8
FFFFF8
FFFFF8
1F8FC0
1F8FC0
1F8FC0
1F8FC0
1F07C0
1F07C0
0F0780
ENDCHAR
STARTCHAR 20AA
ENCODING 8362
SWIDTH 600 0
DWIDTH 21 0
BBX 19 21 1 0
BITMAP
FFC0E0
FFF0E0
FFF8E0
FFF8E0
E07CE0
E03CE0
E03CE0
E7BCE0
E7BCE0
E7BCE0
E7BCE0
E7BCE0
E7BCE0
E7BCE0
E780E0
E781E0
E781E0
E7FFE0
E7FFC0
E7FF80
E7FE00
ENDCHAR
STARTCHAR 20AB
ENCODING 8363
SWIDTH 600 0
DWIDTH 21 0
BBX 19 31 2 -6
BITMAP
000F00
000F00
01FFE0
01FFE0
01FFE0
000F00
000F00
0F8F00
3FCF00
7FEF00
7E7F00
FC1F00
F81F00
F81F00
F80F00
F80F00
F80F00
F80F00
F81F00
F81F00
FC3F00
7E7F00
7FEF00
3FCF00
0F8F00
000000
000000
000000
7FFF00
7FFF00
7FFF00
ENDCHAR
STARTCHAR 20AC
ENCODING 8364
SWIDTH 600 0
DWIDTH 21 0
BBX 19 23 1 0
BITMAP
00FE00
03FF80
07FFE0
0FFFC0
0FC3C0
1F8080
1F0000
1F0000
FFFC00
FFFC00
3F0000
3F0000
3F0000
FFFC00
FFFC00
1F0000
1F0000
1F8080
0FC1C0
0FFFE0
07FFE0
03FF80
00FE00
ENDCHAR
STARTCHAR 20AD
ENCODING 8365
SWIDTH 600 0
DWIDTH 21 0
BBX 21 23 0 0
BITMAP
3E03F0
3E03E0
3E07E0
3E0FC0
3E1F80
3E1F00
3E3E00
3E7E00
3E7C00
FFFFF0
FFFFF0
FFFFF0
FFFFF0
3FBE00
3FBF00
3F1F00
3E1F80
3E0FC0
3E0FC0
3E07E0
3E03E0
3E03F0
3E01F8
ENDCHAR
STARTCHAR 20AE
ENCODING 8366
SWIDTH 600 0
DWIDTH 21 0
BBX 19 23 1 0
BITMAP
FFFFE0
FFFFE0
FFFFE0
FFFFE0
01F000
01F040
01F3C0
01FFC0
01FFC0
03FF80
1FFC00
3FF000
3FF0C0
3DF7C0
21FFC0
01FFC0
03FF80
1FFC00
3FF000
3FF000
3DF000
21F000
01F000
ENDCHAR
STARTCHAR 20AF
ENCODING 8367
SWIDTH 600 0
DWIDTH 21 0
BBX 21 33 0 -7
BITMAP
006000
00E000
00C000
07E000
1BB000
23B800
079800
071C00
071C00
071C00
071C00
0F1C00
0E1C00
0E1C00
0E1C00
0E1C00
0E1CE0
0E1DF0
1C1DB8
1C1B98
7C3B98
9C3BB8
9833B8
9C73B8
B7E3B0
73C760
000700
000700
000700
000700
000700
000600
000E00
ENDCHAR
STARTCHAR 20B0
ENCODING 8368
SWIDTH 600 0
DWIDTH 21 0
BBX 18 32 1 -7
BITMAP
003E00
00FF80
00FFC0
01F7C0
01E3C0
01E3C0
01E3C0
01E3C0
01E380
01F780
00F780
00F700
00FF00
00FE00
007E00
007C00
007C00
087C00
1CFE00
1FFE00
3FFE00
3FDE00
7FDF00
798F00
F88F00
000F00
000F80
000F80
01FF00
01FF00
01FE00
01FC00
ENDCHAR
STARTCHAR 20B1
ENCODING 8369
SWIDTH 600 0
DWIDTH 21 0
BBX 21 23 0 0
BITMAP
3FFC00
3FFF80
3FFFC0
3FFFC0
3E0FE0
FFFFF8
FFFFF8
3E03F0
FFFFF8
FFFFF8
3E07E0
3FFFC0
3FFFC0
3FFF00
3FFC00
3E0000
3E0000
3E0000
3E0000
3E0000
3E0000
3E0000
3E0000
ENDCHAR
STARTCHAR 20B2
ENCODING 8370
SWIDTH 600 0
DWIDTH 21 0
BBX 18 28 1 -3
BITMAP
00E000
00E000
03F800
0FFE00
1FFF00
3FFF80
3FEF80
7EEFC0
7CE700
7CE000
7CE000
FCE000
FCFFC0
F8FFC0
FCFFC0
FCFFC0
7CE3C0
7CE3C0
7CE3C0
7EE3C0
3FE7C0
3FFFC0
1FFF80
0FFF00
03F800
00E000
00E000
00E000
ENDCHAR
STARTCHAR 20B3
ENCODING 8371
SWIDTH 600 0
DWIDTH 21 0
BBX 21 23 0 0
BITMAP
01FC00
01FC00
01FC00
03DE00
03DE00
03DE00
07DF00
078F00
FFFFF8
FFFFF8
FFFFF8
0F0780
1F07C0
1F07C0
FFFFF8
FFFFF8
FFFFF8
3E03E0
7C01F0
7C01F0
7C01F0
F800F8
F800F8
ENDCHAR
STARTCHAR 20B4
ENCODING 8372
SWIDTH 600 0
DWIDTH 21 0
BBX 21 23 0 0
BITMAP
01FC00
07FF80
1FFFC0
1FFFE0
3F03E0
3E03E0
0003E0
FFFFF8
FFFFF8
FFFFF8
03FFC0
0FFF80
1FFE00
FFFFF8
FFFFF8
FFFFF8
7C0180
7C01F0
7E03F0
3FFFE0
1FFFC0
0FFF80
03FE00
ENDCHAR
STARTCHAR 20B5
ENCODING 8373
SWIDTH 600 0
DWIDTH 21 0
BBX 19 28 1 -3
BITMAP
006000
006000
03FC00
0FFE00
1FFF80
3FFF80
3F6FC0
7E67C0
7C6300
7C6000
7C6000
FC6000
FC6000
FC6000
FC6000
FC6000
7C6000
7C6380
7C63E0
7E67C0
3F6FC0
3FFF80
1FFF00
0FFE00
03F800
006000
006000
006000
ENDCHAR
STARTCHAR 20BF
ENCODING 8383
SWIDTH 600 0
DWIDTH 21 0
BBX 21 29 0 -3
BITMAP
039800
039800
039800
FFFF00
FFFFC0
FFFFE0
1FFFE0
1F03E0
1F03F0
1F03F0
1F03E0
1F03E0
1FFFC0
1FFF00
1FFFC0
1FFFE0
1F01F0
1F00F8
1F00F8
1F00F8
1F00F8
1F01F8
1FFFF0
7FFFF0
7FFFE0
7FFF80
039800
039800
039800
ENDCHAR
STARTCHAR 20F0
ENCODING 8432
SWIDTH 0 0
DWIDTH 0 0
BBX 13 13 -3 17
BITMAP
0780
0780
0780
6798
7FF8
FFF8
7FF8
0FC0
1FC0
3DE0
3CF0
3870
0840
ENDCHAR
STARTCHAR 2105
ENCODING 8453
SWIDTH 600 0
DWIDTH 21 0
BBX 21 23 0 0
BITMAP
1C0180
7F0180
770300
E30700
E38600
E00E00
E00C00
E01C00
E01800
E3BBE0
E3B7F0
777770
7F6E38
1CEE38
00CE38
01CE38
018E38
038E38
030E38
070E38
060770
0C07F0
0C03C0
ENDCHAR
STARTCHAR 2113
ENCODING 8467
SWIDTH 600 0
DWIDTH 21 0
BBX 15 23 3 0
BITMAP
03F0
0FFC
1FFC
3E3E
3E1E
3E1E
3E3E
3E3C
3E7C
3EF8
3FF0
3FE0
FF80
FE00
FE00
BE00
3E0E
3E0C
3E1C
3FF8
3FF8
1FF0
07C0
ENDCHAR
STARTCHAR 2116
ENCODING 8470
SWIDTH 600 0
DWIDTH 21 0
BBX 21 23 0 0
BITMAP
F0E000
F0E000
F0E000
F8E000
F8E000
F8E3C0
FCE7F0
FCE770
FCEE30
ECEE38
EEEE38
EEEE38
EEEE38
E7EE38
E7EE70
E7E770
E7E7F0
E3E3C0
E3E000
E3E000
E1E7F0
E1E7F0
E1E7F0
ENDCHAR
STARTCHAR 2117
ENCODING 8471
SWIDTH 600 0
DWIDTH 21 0
BBX 19 25 1 0
BITMAP
03F800
0FFE00
1E0F00
380380
7001C0
67F8C0
E7FCE0
C70E60
C70660
C70660
C70E60
C70E60
C7FC60
C7F860
C70060
C70060
C70060
C70060
E700E0
6700C0
7001C0
380380
1E0F00
0FFE00
03F800
ENDCHAR
STARTCHAR 2122
ENCODING 8482
SWIDTH 600 0
DWIDTH 21 0
BBX 21 11 0 14
BITMAP
FF7078
FF7878
187878
1878F8
187CF8
186DF8
186DB8
1867B8
1867B8
186738
186338
ENDCHAR
STARTCHAR 2126
ENCODING 8486
SWIDTH 600 0
DWIDTH 21 0
BBX 19 23 1 0
BITMAP
03F800
0FFE00
1FFF00
3FFF80
7E0FC0
7C07C0
7C07C0
F803E0
F803E0
F803E0
F803E0
F803E0
F803E0
7803C0
7C07C0
3C0780
3E0F80
1F1F00
0F1E00
FF1FE0
FF1FE0
FF1FE0
FF1FE0
ENDCHAR
STARTCHAR 212E
ENCODING 8494
SWIDTH 600 0
DWIDTH 21 0
BBX 18 18 2 0
BITMAP
03F000
1FFC00
3C1E00
780700
780780
F80780
F80780
FFFFC0
FFFFC0
F80000
F80000
F80000
F80100
780380
780700
3C1E00
1FFC00
07F000
ENDCHAR
STARTCHAR 214D
ENCODING 8525
SWIDTH 600 0
DWIDTH 21 0
BBX 21 23 0 0
BITMAP
0E0080
1E0180
1E0180
1F0100
1B0300
330200
330600
3F8400
7F8C00
618800
619BE0
61D7F0
E1FE70
002E30
006E00
006FC0
0047F0
00C1F0
008038
018C38
010E38
030FF0
0207E0
ENDCHAR
STARTCHAR 214E
ENCODING 8526
SWIDTH 600 0
DWIDTH 21 0
BBX 15 18 3 0
BITMAP
003E
003E
003E
003E
003E
003E
003E
003E
7FFE
7FFE
7FFE
003E
003E
003E
003E
FFFE
FFFE
FFFE
ENDCHAR
STARTCHAR 2153
ENCODING 8531
SWIDTH 600 0
DWIDTH 21 0
BBX 22 23 1 0
BITMAP
1E0380
3E0700
FE0700
FE0E00
9E0C00
1E1C00
1E1800
1E3800
1E3000
1E7000
1EE3F0
1EE7F8
1FC738
01CF38
038038
0301F0
0701F0
060078
0E003C
1C0E3C
1C0FFC
3807F8
3803F0
ENDCHAR
STARTCHAR 2154
ENCODING 8532
SWIDTH 600 0
DWIDTH 21 0
BBX 22 23 1 0
BITMAP
3F0380
7F8700
738700
E38E00
038C00
079C00
0F1800
1E3800
7C3000
707000
FFE3F0
FFE7F8
FFC738
01CF38
038038
0301F0
0701F0
060078
0E003C
1C0E3C
1C0FFC
3807F8
3803F0
ENDCHAR
STARTCHAR 215B
ENCODING 8539
SWIDTH 600 0
DWIDTH 21 0
BBX 21 23 0 0
BITMAP
1E0380
3E0700
FE0700
FE0E00
9E0E00
1E1C00
1E1800
1E3800
1E3000
1E7000
1EE7E0
1EEFF0
1FDEF0
01DE70
038E70
030FE0
070FF0
061E78
0E1C78
0C1C78
1C1E78
380FF0
3807E0
ENDCHAR
STARTCHAR 215C
ENCODING 8540
SWIDTH 600 0
DWIDTH 21 0
BBX 23 23 -1 0
BITMAP
1F00E0
3F80C0
7BC1C0
73C380
03C380
0F8700
0F8700
03CE00
01CE00
F1DC00
7BD9F0
7FBFFC
3F37BC
00771C
00E7BC
00E3F8
01C3F8
01C71C
03871C
03071E
0707BC
0607FC
0E01F0
ENDCHAR
STARTCHAR 215D
ENCODING 8541
SWIDTH 600 0
DWIDTH 21 0
BBX 22 23 0 0
BITMAP
FF01C0
FF0180
FF0380
E00700
E00700
FF0E00
FF8E00
E79C00
039C00
E3B800
F7B3E0
7F7FF8
3E6F78
00EE38
01CF78
01C7F0
0387F0
038E38
070E38
060E3C
0E0F78
0C0FF8
1C03E0
ENDCHAR
STARTCHAR 215E
ENCODING 8542
SWIDTH 600 0
DWIDTH 21 0
BBX 21 23 0 0
BITMAP
FFC300
FFC700
FFCE00
038E00
079C00
071C00
0E3800
1E3000
1C7000
1C6000
3CE7E0
3DCFF0
3DDEF0
039E70
038E70
070FE0
070FF0
0E1E78
0C1C78
1C1C78
181E78
380FF0
7007E0
ENDCHAR
STARTCHAR 2184
ENCODING 8580
SWIDTH 600 0
DWIDTH 21 0
BBX 17 18 2 0
BITMAP
07F000
1FFC00
3FFE00
7E7F00
7C1F00
F80F80
000F80
000F80
000F80
000F80
000F80
000F80
F80F80
F81F00
7E7F00
3FFE00
1FFC00
07F000
ENDCHAR
STARTCHAR 2190
ENCODING 8592
SWIDTH 600 0
DWIDTH 21 0
BBX 21 7 0 3
BITMAP
0C0000
180000
300000
FFFFF8
700000
180000
080000
ENDCHAR
STARTCHAR 2191
ENCODING 8593
SWIDTH 600 0
DWIDTH 21 0
BBX 9 21 6 -1
BITMAP
0800
1C00
1C00
3E00
6B00
8880
0800
0800
0800
0800
0800
0800
0800
0800
0800
0800
0800
0800
0800
0800
0800
ENDCHAR
STARTCHAR 2192
ENCODING 8594
SWIDTH 600 0
DWIDTH 21 0
BBX 21 7 0 3
BITMAP
000180
0000C0
000060
FFFFF8
000070
0000C0
000180
ENDCHAR
STARTCHAR 2193
ENCODING 8595
SWIDTH 600 0
DWIDTH 21 0
BBX 9 21 6 -1
BITMAP
0800
0800
0800
0800
0800
0800
0800
0800
0800
0800
0800
0800
0800
0800
0800
8880
6B00
3E00
1C00
1C00
0800
ENDCHAR
STARTCHAR 2194
ENCODING 8596
SWIDTH 600 0
DWIDTH 21 0
BBX 21 7 0 3
BITMAP
0C0180
1800C0
300060
FFFFF8
700070
1800C0
080180
ENDCHAR
STARTCHAR 2195
ENCODING 8597
SWIDTH 600 0
DWIDTH 21 0
BBX 9 21 6 -1
BITMAP
0800
1C00
1C00
3E00
6B00
8880
0800
0800
0800
0800
0800
0800
0800
0800
0800
8880
6B00
3E00
1C00
1C00
0800
ENDCHAR
STARTCHAR 21A8
ENCODING 8616
SWIDTH 600 0
DWIDTH 21 0
BBX 9 23 6 -3
BITMAP
0800
1C00
1C00
3E00
6B00
8880
0800
0800
0800
0800
0800
0800
0800
0800
0800
8880
6B00
3E00
1C00
1C00
0800
0000
FF80
ENDCHAR
STARTCHAR 21D4
ENCODING 8660
SWIDTH 600 0
DWIDTH 21 0
BBX 21 8 0 7
BITMAP
0C0180
1800C0
3FFFE0
700070
E00078
3FFFE0
1800C0
0C0180
ENDCHAR
STARTCHAR 2202
ENCODING 8706
SWIDTH 600 0
DWIDTH 21 0
BBX 18 25 1 0
BITMAP
01F800
03FE00
07FF00
071F80
0407C0
0003C0
0003C0
0003C0
03F1C0
07F9C0
1FFFC0
1F0FC0
3E07C0
7C03C0
7803C0
7807C0
F80780
F00780
F00F00
F01F00
F83E00
7C7E00
7FFC00
3FF000
0FC000
ENDCHAR
STARTCHAR 2206
ENCODING 8710
SWIDTH 600 0
DWIDTH 21 0
BBX 21 23 0 0
BITMAP
01FC00
01FC00
01FC00
03DE00
03DE00
03DF00
07DF00
078F00
0F8F80
0F8F80
0F0780
1F07C0
1F07C0
3E03E0
3E03E0
3E03E0
7C01F0
7C01F0
7C00F0
FFFFF8
FFFFF8
FFFFF8
FFFFF8
ENDCHAR
STARTCHAR 220F
ENCODING 8719
SWIDTH 600 0
DWIDTH 21 0
BBX 17 31 2 -8
BITMAP
FFFF80
FFFF80
FFFF80
FFFF80
F80F80
F80F80
F80F80
F80F80
F80F80
F80F80
F80F80
F80F80
F80F80
F80F80
F80F80
F80F80
F80F80
F80F80
F80F80
F80F80
F80F80
F80F80
F80F80
F80F80
F80F80
F80F80
F80F80
F80F80
F80F80
F80F80
F80F80
ENDCHAR
STARTCHAR 2211
ENCODING 8721
SWIDTH 600 0
DWIDTH 21 0
BBX 21 31 0 -8
BITMAP
7FFFF0
7FFFF0
7FFFF0
7FFFF0
3F0000
1F0000
0F8000
0FC000
07E000
03E000
01F000
00F800
00FC00
007E00
003E00
001F00
003E00
007C00
00FC00
01F800
01F000
03E000
07C000
0FC000
1F8000
3F0000
3E0000
7FFFF8
FFFFF8
FFFFF8
FFFFF8
ENDCHAR
STARTCHAR 2212
ENCODING 8722
SWIDTH 600 0
DWIDTH 21 0
BBX 17 4 2 10
BITMAP
FFFF80
FFFF80
FFFF80
FFFF80
ENDCHAR
STARTCHAR 2215
ENCODING 8725
SWIDTH 600 0
DWIDTH 21 0
BBX 15 23 3 0
BITMAP
000E
000C
001C
0018
0038
0070
0070
00E0
00E0
01C0
0180
0380
0300
0700
0600
0E00
1C00
1C00
3800
3800
7000
6000
E000
ENDCHAR
STARTCHAR 2219
ENCODING 8729
SWIDTH 600 0
DWIDTH 21 0
BBX 5 5 8 7
BITMAP
F8
F8
F8
F8
F8
ENDCHAR
STARTCHAR 221A
ENCODING 8730
SWIDTH 600 0
DWIDTH 21 0
BBX 19 28 1 0
BITMAP
0000E0
0000E0
0001E0
0001C0
0001C0
0003C0
000380
000380
000380
000700
000700
000700
FC0E00
FC0E00
FC0E00
1E1E00
0E1C00
0E1C00
0F3C00
073800
073800
07B800
03F000
03F000
01F000
01E000
01E000
00E000
ENDCHAR
STARTCHAR 221E
ENCODING 8734
SWIDTH 600 0
DWIDTH 21 0
BBX 21 13 0 4
BITMAP
1E0380
3F8FE0
7F8FF0
79DCF0
F0F870
F07078
F07078
F07078
F0F878
79DC70
7FDFF0
3F8FE0
1E07C0
ENDCHAR
STARTCHAR 221F
ENCODING 8735
SWIDTH 600 0
DWIDTH 21 0
BBX 19 21 1 0
BITMAP
C00000
C00000
C00000
C00000
C00000
C00000
C00000
C00000
C00000
C00000
C00000
C00000
C00000
C00000
C00000
C00000
C00000
C00000
C00000
FFFFE0
FFFFE0
ENDCHAR
STARTCHAR 2229
ENCODING 8745
SWIDTH 600 0
DWIDTH 21 0
BBX 15 18 3 0
BITMAP
07C0
1FF0
3838
600C
400C
C006
C006
C006
8002
8002
8002
8002
8002
8002
8002
8002
8002
8002
ENDCHAR
STARTCHAR 222B
ENCODING 8747
SWIDTH 600 0
DWIDTH 21 0
BBX 15 34 3 -8
BITMAP
007E
01FE
03FE
03FE
07E0
07C0
07C0
07C0
07C0
07C0
07C0
07C0
07C0
07C0
07C0
07C0
07C0
07C0
07C0
07C0
07C0
07C0
07C0
07C0
07C0
07C0
07C0
07C0
07C0
0FC0
FF80
FF80
FF00
FC00
ENDCHAR
STARTCHAR 2248
ENCODING 8776
SWIDTH 600 0
DWIDTH 21 0
BBX 17 13 2 5
BITMAP
7E0000
FFC080
FFFF80
FFFF80
80FF80
003F00
000000
7E0000
FFC080
FFFF80
FFFF80
80FF80
003F00
ENDCHAR
STARTCHAR 2260
ENCODING 8800
SWIDTH 600 0
DWIDTH 21 0
BBX 17 21 2 1
BITMAP
000E00
001E00
001C00
003C00
FFFF80
FFFF80
FFFF80
FFFF80
01E000
01E000
03C000
03C000
078000
FFFF80
FFFF80
FFFF80
FFFF80
1C0000
3C0000
380000
780000
ENDCHAR
STARTCHAR 2261
ENCODING 8801
SWIDTH 600 0
DWIDTH 21 0
BBX 17 15 2 4
BITMAP
FFFF80
FFFF80
FFFF80
000000
000000
000000
FFFF80
FFFF80
FFFF80
000000
000000
000000
FFFF80
FFFF80
FFFF80
ENDCHAR
STARTCHAR 2262
ENCODING 8802
SWIDTH 600 0
DWIDTH 21 0
BBX 17 23 2 0
BITMAP
000E00
001E00
001C00
003C00
FFFF80
FFFF80
FFFF80
00F000
00F000
00E000
FFFF80
FFFF80
FFFF80
03C000
078000
078000
FFFF80
FFFF80
FFFF80
1E0000
1E0000
1C0000
3C0000
ENDCHAR
STARTCHAR 2264
ENCODING 8804
SWIDTH 600 0
DWIDTH 21 0
BBX 17 22 2 0
BITMAP
000080
000780
007F80
03FF80
1FFE00
FFF000
FF8000
FC0000
E00000
FC0000
FF8000
FFF000
1FFE00
03FF80
007F80
000F80
000080
000000
FFFF80
FFFF80
FFFF80
FFFF80
ENDCHAR
STARTCHAR 2265
ENCODING 8805
SWIDTH 600 0
DWIDTH 21 0
BBX 17 22 2 0
BITMAP
800000
F80000
FF0000
FFE000
3FFC00
07FF80
00FF80
001F80
000380
001F80
00FF80
07FF80
3FFC00
FFE000
FF0000
F00000
800000
000000
FFFF80
FFFF80
FFFF80
FFFF80
ENDCHAR
STARTCHAR 2302
ENCODING 8962
SWIDTH 600 0
DWIDTH 21 0
BBX 17 19 2 0
BITMAP
008000
01C000
036000
063000
0C1800
180C00
300600
600300
C00180
C00180
C00180
C00180
C00180
C00180
C00180
C00180
C00180
C00180
FFFF80
ENDCHAR
STARTCHAR 2310
ENCODING 8976
SWIDTH 600 0
DWIDTH 21 0
BBX 17 10 2 3
BITMAP
FFFF80
FFFF80
FFFF80
C00000
C00000
C00000
C00000
C00000
C00000
C00000
ENDCHAR
STARTCHAR 2320
ENCODING 8992
SWIDTH 600 0
DWIDTH 21 0
BBX 9 40 9 -11
BITMAP
1E00
3F00
2780
6300
6000
E000
E000
E000
E000
E000
E000
E000
E000
E000
E000
E000
E000
E000
E000
E000
E000
E000
E000
E000
E000
E000
E000
E000
E000
E000
E000
E000
E000
E000
E000
E000
E000
E000
E000
E000
ENDCHAR
STARTCHAR 2321
ENCODING 8993
SWIDTH 600 0
DWIDTH 21 0
BBX 9 40 3 -11
BITMAP
0380
0380
0380
0380
0380
0380
0380
0380
0380
0380
0380
0380
0380
0380
0380
0380
0380
0380
0380
0380
0380
0380
0380
0380
0380
0380
0380
0380
0380
0380
0380
0380
0380
0380
0300
0300
6300
F200
7E00
3800
ENDCHAR
STARTCHAR 2500
ENCODING 9472
SWIDTH 600 0
DWIDTH 21 0
BBX 21 2 0 10
BITMAP
FFFFF8
FFFFF8
ENDCHAR
STARTCHAR 2502
ENCODING 9474
SWIDTH 600 0
DWIDTH 21 0
BBX 3 40 9 -11
BITMAP
E0
E0
E0
E0
E0
E0
E0
E0
E0
E0
E0
E0
E0
E0
E0
E0
E0
E0
E0
E0
E0
E0
E0
E0
E0
E0
E0
E0
E0
E0
E0
E0
E0
E0
E0
E0
E0
E0
E0
E0
ENDCHAR
STARTCHAR 250C
ENCODING 9484
SWIDTH 600 0
DWIDTH 21 0
BBX 12 23 9 -11
BITMAP
FFF0
FFF0
E000
E000
E000
E000
E000
E000
E000
E000
E000
E000
E000
E000
E000
E000
E000
E000
E000
E000
E000
E000
E000
ENDCHAR
STARTCHAR 2510
ENCODING 9488
SWIDTH 600 0
DWIDTH 21 0
BBX 12 23 0 -11
BITMAP
FFF0
FFF0
0070
0070
0070
0070
0070
0070
0070
0070
0070
0070
0070
0070
0070
0070
0070
0070
0070
0070
0070
0070
0070
ENDCHAR
STARTCHAR 2514
ENCODING 9492
SWIDTH 600 0
DWIDTH 21 0
BBX 12 19 9 10
BITMAP
E000
E000
E000
E000
E000
E000
E000
E000
E000
E000
E000
E000
E000
E000
E000
E000
E000
FFF0
FFF0
ENDCHAR
STARTCHAR 2518
ENCODING 9496
SWIDTH 600 0
DWIDTH 21 0
BBX 12 19 0 10
BITMAP
0070
0070
0070
0070
0070
0070
0070
0070
0070
0070
0070
0070
0070
0070
0070
0070
0070
FFF0
FFF0
ENDCHAR
STARTCHAR 251C
ENCODING 9500
SWIDTH 600 0
DWIDTH 21 0
BBX 12 40 9 -11
BITMAP
E000
E000
E000
E000
E000
E000
E000
E000
E000
E000
E000
E000
E000
E000
E000
E000
E000
FFF0
FFF0
E000
E000
E000
E000
E000
E000
E000
E000
E000
E000
E000
E000
E000
E000
E000
E000
E000
E000
E000
E000
E000
ENDCHAR
STARTCHAR 2524
ENCODING 9508
SWIDTH 600 0
DWIDTH 21 0
BBX 12 40 0 -11
BITMAP
0070
0070
0070
0070
0070
0070
0070
0070
0070
0070
0070
0070
0070
0070
0070
0070
0070
FFF0
FFF0
0070
0070
0070
0070
0070
0070
0070
0070
0070
0070
0070
0070
0070
0070
0070
0070
0070
0070
0070
0070
0070
ENDCHAR
STARTCHAR 252C
ENCODING 9516
SWIDTH 600 0
DWIDTH 21 0
BBX 21 23 0 -11
BITMAP
FFFFF8
FFFFF8
007000
007000
007000
007000
007000
007000
007000
007000
007000
007000
007000
007000
007000
007000
007000
007000
007000
007000
007000
007000
007000
ENDCHAR
STARTCHAR 2534
ENCODING 9524
SWIDTH 600 0
DWIDTH 21 0
BBX 21 19 0 10
BITMAP
007000
007000
007000
007000
007000
007000
007000
007000
007000
007000
007000
007000
007000
007000
007000
007000
007000
FFFFF8
FFFFF8
ENDCHAR
STARTCHAR 253C
ENCODING 9532
SWIDTH 600 0
DWIDTH 21 0
BBX 21 40 0 -11
BITMAP
007000
007000
007000
007000
007000
007000
007000
007000
007000
007000
007000
007000
007000
007000
007000
007000
007000
FFFFF8
FFFFF8
007000
007000
007000
007000
007000
007000
007000
007000
007000
007000
007000
007000
007000
007000
007000
007000
007000
007000
007000
007000
007000
ENDCHAR
STARTCHAR 2550
ENCODING 9552
SWIDTH 600 0
DWIDTH 21 0
BBX 21 8 0 7
BITMAP
FFFFF8
FFFFF8
000000
000000
000000
000000
FFFFF8
FFFFF8
ENDCHAR
STARTCHAR 2551
ENCODING 9553
SWIDTH 600 0
DWIDTH 21 0
BBX 9 40 6 -11
BITMAP
E380
E380
E380
E380
E380
E380
E380
E380
E380
E380
E380
E380
E380
E380
E380
E380
E380
E380
E380
E380
E380
E380
E380
E380
E380
E380
E380
E380
E380
E380
E380
E380
E380
E380
E380
E380
E380
E380
E380
E380
ENDCHAR
STARTCHAR 2552
ENCODING 9554
SWIDTH 600 0
DWIDTH 21 0
BBX 12 26 9 -11
BITMAP
FFF0
FFF0
E000
E000
E000
E000
FFF0
FFF0
E000
E000
E000
E000
E000
E000
E000
E000
E000
E000
E000
E000
E000
E000
E000
E000
E000
E000
ENDCHAR
STARTCHAR 2553
ENCODING 9555
SWIDTH 600 0
DWIDTH 21 0
BBX 15 23 6 -11
BITMAP
FFFE
FFFE
E380
E380
E380
E380
E380
E380
E380
E380
E380
E380
E380
E380
E380
E380
E380
E380
E380
E380
E380
E380
E380
ENDCHAR
STARTCHAR 2554
ENCODING 9556
SWIDTH 600 0
DWIDTH 21 0
BBX 15 26 6 -11
BITMAP
FFFE
FFFE
E000
E000
E000
E000
E3FE
E3FE
E380
E380
E380
E380
E380
E380
E380
E380
E380
E380
E380
E380
E380
E380
E380
E380
E380
E380
ENDCHAR
STARTCHAR 2555
ENCODING 9557
SWIDTH 600 0
DWIDTH 21 0
BBX 12 26 0 -11
BITMAP
FFF0
FFF0
0070
0070
0070
0070
FFF0
FFF0
0070
0070
0070
0070
0070
0070
0070
0070
0070
0070
0070
0070
0070
0070
0070
0070
0070
0070
ENDCHAR
STARTCHAR 2556
ENCODING 9558
SWIDTH 600 0
DWIDTH 21 0
BBX 15 23 0 -11
BITMAP
FFFE
FFFE
038E
038E
038E
038E
038E
038E
038E
038E
038E
038E
038E
038E
038E
038E
038E
038E
038E
038E
038E
038E
038E
ENDCHAR
STARTCHAR 2557
ENCODING 9559
SWIDTH 600 0
DWIDTH 21 0
BBX 15 26 0 -11
BITMAP
FFFE
FFFE
000E
000E
000E
000E
FF8E
FF8E
038E
038E
038E
038E
038E
038E
038E
038E
038E
038E
038E
038E
038E
038E
038E
038E
038E
038E
ENDCHAR
STARTCHAR 2558
ENCODING 9560
SWIDTH 600 0
DWIDTH 21 0
BBX 12 22 9 7
BITMAP
E000
E000
E000
E000
E000
E000
E000
E000
E000
E000
E000
E000
E000
E000
FFF0
FFF0
E000
E000
E000
E000
FFF0
FFF0
ENDCHAR
STARTCHAR 2559
ENCODING 9561
SWIDTH 600 0
DWIDTH 21 0
BBX 15 19 6 10
BITMAP
E380
E380
E380
E380
E380
E380
E380
E380
E380
E380
E380
E380
E380
E380
E380
E380
E380
FFFE
FFFE
ENDCHAR
STARTCHAR 255A
ENCODING 9562
SWIDTH 600 0
DWIDTH 21 0
BBX 15 22 6 7
BITMAP
E380
E380
E380
E380
E380
E380
E380
E380
E380
E380
E380
E380
E380
E380
E3FE
E3FE
E000
E000
E000
E000
FFFE
FFFE
ENDCHAR
STARTCHAR 255B
ENCODING 9563
SWIDTH 600 0
DWIDTH 21 0
BBX 12 22 0 7
BITMAP
0070
0070
0070
0070
0070
0070
0070
0070
0070
0070
0070
0070
0070
0070
FFF0
FFF0
0070
0070
0070
0070
FFF0
FFF0
ENDCHAR
STARTCHAR 255C
ENCODING 9564
SWIDTH 600 0
DWIDTH 21 0
BBX 15 19 0 10
BITMAP
038E
038E
038E
038E
038E
038E
038E
038E
038E
038E
038E
038E
038E
038E
038E
038E
038E
FFFE
FFFE
ENDCHAR
STARTCHAR 255D
ENCODING 9565
SWIDTH 600 0
DWIDTH 21 0
BBX 15 22 0 7
BITMAP
038E
038E
038E
038E
038E
038E
038E
038E
038E
038E
038E
038E
038E
038E
FF8E
FF8E
000E
000E
000E
000E
FFFE
FFFE
ENDCHAR
STARTCHAR 255E
ENCODING 9566
SWIDTH 600 0
DWIDTH 21 0
BBX 12 40 9 -11
BITMAP
E000
E000
E000
E000
E000
E000
E000
E000
E000
E000
E000
E000
E000
E000
FFF0
FFF0
E000
E000
E000
E000
FFF0
FFF0
E000
E000
E000
E000
E000
E000
E000
E000
E000
E000
E000
E000
E000
E000
E000
E000
E000
E000
ENDCHAR
STARTCHAR 255F
ENCODING 9567
SWIDTH 600 0
DWIDTH 21 0
BBX 15 40 6 -11
BITMAP
E380
E380
E380
E380
E380
E380
E380
E380
E380
E380
E380
E380
E380
E380
E380
E380
E380
E3FE
E3FE
E380
E380
E380
E380
E380
E380
E380
E380
E380
E380
E380
E380
E380
E380
E380
E380
E380
E380
E380
E380
E380
ENDCHAR
STARTCHAR 2560
ENCODING 9568
SWIDTH 600 0
DWIDTH 21 0
BBX 15 40 6 -11
BITMAP
E380
E380
E380
E380
E380
E380
E380
E380
E380
E380
E380
E380
E380
E380
E3FE
E3FE
E000
E000
E000
E000
E3FE
E3FE
E380
E380
E380
E380
E380
E380
E380
E380
E380
E380
E380
E380
E380
E380
E380
E380
E380
E380
ENDCHAR
STARTCHAR 2561
ENCODING 9569
SWIDTH 600 0
DWIDTH 21 0
BBX 12 40 0 -11
BITMAP
0070
0070
0070
0070
0070
0070
0070
0070
0070
0070
0070
0070
0070
0070
FFF0
FFF0
0070
0070
0070
0070
FFF0
FFF0
0070
0070
0070
0070
0070
0070
0070
0070
0070
0070
0070
0070
0070
0070
0070
0070
0070
0070
ENDCHAR
STARTCHAR 2562
ENCODING 9570
SWIDTH 600 0
DWIDTH 21 0
BBX 15 40 0 -11
BITMAP
038E
038E
038E
038E
038E
038E
038E
038E
038E
038E
038E
038E
038E
038E
038E
038E
038E
FF8E
FF8E
038E
038E
038E
038E
038E
038E
038E
038E
038E
038E
038E
038E
038E
038E
038E
038E
038E
038E
038E
038E
038E
ENDCHAR
STARTCHAR 2563
ENCODING 9571
SWIDTH 600 0
DWIDTH 21 0
BBX 15 40 0 -11
BITMAP
038E
038E
038E
038E
038E
038E
038E
038E
038E
038E
038E
038E
038E
038E
FF8E
FF8E
000E
000E
000E
000E
FF8E
FF8E
038E
038E
038E
038E
038E
038E
038E
038E
038E
038E
038E
038E
038E
038E
038E
038E
038E
038E
ENDCHAR
STARTCHAR 2564
ENCODING 9572
SWIDTH 600 0
DWIDTH 21 0
BBX 21 26 0 -11
BITMAP
FFFFF8
FFFFF8
000000
000000
000000
000000
FFFFF8
FFFFF8
007000
007000
007000
007000
007000
007000
007000
007000
007000
007000
007000
007000
007000
007000
007000
007000
007000
007000
ENDCHAR
STARTCHAR 2565
ENCODING 9573
SWIDTH 600 0
DWIDTH 21 0
BBX 21 23 0 -11
BITMAP
FFFFF8
FFFFF8
038E00
038E00
038E00
038E00
038E00
038E00
038E00
038E00
038E00
038E00
038E00
038E00
038E00
038E00
038E00
038E00
038E00
038E00
038E00
038E00
038E00
ENDCHAR
STARTCHAR 2566
ENCODING 9574
SWIDTH 600 0
DWIDTH 21 0
BBX 21 26 0 -11
BITMAP
FFFFF8
FFFFF8
000000
000000
000000
000000
FF8FF8
FF8FF8
038E00
038E00
038E00
038E00
038E00
038E00
038E00
038E00
038E00
038E00
038E00
038E00
038E00
038E00
038E00
038E00
038E00
038E00
ENDCHAR
STARTCHAR 2567
ENCODING 9575
SWIDTH 600 0
DWIDTH 21 0
BBX 21 22 0 7
BITMAP
007000
007000
007000
007000
007000
007000
007000
007000
007000
007000
007000
007000
007000
007000
FFFFF8
FFFFF8
000000
000000
000000
000000
FFFFF8
FFFFF8
ENDCHAR
STARTCHAR 2568
ENCODING 9576
SWIDTH 600 0
DWIDTH 21 0
BBX 21 19 0 10
BITMAP
038E00
038E00
038E00
038E00
038E00
038E00
038E00
038E00
038E00
038E00
038E00
038E00
038E00
038E00
038E00
038E00
038E00
FFFFF8
FFFFF8
ENDCHAR
STARTCHAR 2569
ENCODING 9577
SWIDTH 600 0
DWIDTH 21 0
BBX 21 22 0 7
BITMAP
038E00
038E00
038E00
038E00
038E00
038E00
038E00
038E00
038E00
038E00
038E00
038E00
038E00
038E00
FF8FF8
FF8FF8
000000
000000
000000
000000
FFFFF8
FFFFF8
ENDCHAR
STARTCHAR 256A
ENCODING 9578
SWIDTH 600 0
DWIDTH 21 0
BBX 21 40 0 -11
BITMAP
007000
007000
007000
007000
007000
007000
007000
007000
007000
007000
007000
007000
007000
007000
FFFFF8
FFFFF8
007000
007000
007000
007000
FFFFF8
FFFFF8
007000
007000
007000
007000
007000
007000
007000
007000
007000
007000
007000
007000
007000
007000
007000
007000
007000
007000
ENDCHAR
STARTCHAR 256B
ENCODING 9579
SWIDTH 600 0
DWIDTH 21 0
BBX 21 40 0 -11
BITMAP
038E00
038E00
038E00
038E00
038E00
038E00
038E00
038E00
038E00
038E00
038E00
038E00
038E00
038E00
038E00
038E00
038E00
FFFFF8
FFFFF8
038E00
038E00
038E00
038E00
038E00
038E00
038E00
038E00
038E00
038E00
038E00
038E00
038E00
038E00
038E00
038E00
038E00
038E00
038E00
038E00
038E00
ENDCHAR
STARTCHAR 256C
ENCODING 9580
SWIDTH 600 0
DWIDTH 21 0
BBX 21 40 0 -11
BITMAP
038E00
038E00
038E00
038E00
038E00
038E00
038E00
038E00
038E00
038E00
038E00
038E00
038E00
038E00
FF8FF8
FF8FF8
000000
000000
000000
000000
FF8FF8
FF8FF8
038E00
038E00
038E00
038E00
038E00
038E00
038E00
038E00
038E00
038E00
038E00
038E00
038E00
038E00
038E00
038E00
038E00
038E00
ENDCHAR
STARTCHAR 2580
ENCODING 9600
SWIDTH 600 0
DWIDTH 21 0
BBX 21 18 0 11
BITMAP
FFFFF8
FFFFF8
FFFFF8
FFFFF8
FFFFF8
FFFFF8
FFFFF8
FFFFF8
FFFFF8
FFFFF8
FFFFF8
FFFFF8
FFFFF8
FFFFF8
FFFFF8
FFFFF8
FFFFF8
FFFFF8
ENDCHAR
STARTCHAR 2584
ENCODING 9604
SWIDTH 600 0
DWIDTH 21 0
BBX 21 22 0 -11
BITMAP
FFFFF8
FFFFF8
FFFFF8
FFFFF8
FFFFF8
FFFFF8
FFFFF8
FFFFF8
FFFFF8
FFFFF8
FFFFF8
FFFFF8
FFFFF8
FFFFF8
FFFFF8
FFFFF8
FFFFF8
FFFFF8
FFFFF8
FFFFF8
FFFFF8
FFFFF8
ENDCHAR
STARTCHAR 2588
ENCODING 9608
SWIDTH 600 0
DWIDTH 21 0
BBX 21 40 0 -11
BITMAP
FFFFF8
FFFFF8
FFFFF8
FFFFF8
FFFFF8
FFFFF8
FFFFF8
FFFFF8
FFFFF8
FFFFF8
FFFFF8
FFFFF8
FFFFF8
FFFFF8
FFFFF8
FFFFF8
FFFFF8
FFFFF8
FFFFF8
FFFFF8
FFFFF8
FFFFF8
FFFFF8
FFFFF8
FFFFF8
FFFFF8
FFFFF8
FFFFF8
FFFFF8
FFFFF8
FFFFF8
FFFFF8
FFFFF8
FFFFF8
FFFFF8
FFFFF8
FFFFF8
FFFFF8
FFFFF8
FFFFF8
ENDCHAR
STARTCHAR 258C
ENCODING 9612
SWIDTH 600 0
DWIDTH 21 0
BBX 11 40 0 -11
BITMAP
FFE0
FFE0
FFE0
FFE0
FFE0
FFE0
FFE0
FFE0
FFE0
FFE0
FFE0
FFE0
FFE0
FFE0
FFE0
FFE0
FFE0
FFE0
FFE0
FFE0
FFE0
FFE0
FFE0
FFE0
FFE0
FFE0
FFE0
FFE0
FFE0
FFE0
FFE0
FFE0
FFE0
FFE0
FFE0
FFE0
FFE0
FFE0
FFE0
FFE0
ENDCHAR
STARTCHAR 2590
ENCODING 9616
SWIDTH 600 0
DWIDTH 21 0
BBX 11 40 10 -11
BITMAP
FFE0
FFE0
FFE0
FFE0
FFE0
FFE0
FFE0
FFE0
FFE0
FFE0
FFE0
FFE0
FFE0
FFE0
FFE0
FFE0
FFE0
FFE0
FFE0
FFE0
FFE0
FFE0
FFE0
FFE0
FFE0
FFE0
FFE0
FFE0
FFE0
FFE0
FFE0
FFE0
FFE0
FFE0
FFE0
FFE0
FFE0
FFE0
FFE0
FFE0
ENDCHAR
STARTCHAR 2591
ENCODING 9617
SWIDTH 600 0
DWIDTH 21 0
BBX 19 38 0 -9
BITMAP
C18300
C18300
000000
181020
181020
000000
000000
C18300
C18300
000000
181020
181020
000000
C18300
C18300
000000
000000
181020
181020
000000
C18300
C18300
000000
181020
181020
000000
C18300
C18300
000000
000000
181020
181020
000000
C18300
C18300
000000
181020
181020
ENDCHAR
STARTCHAR 2592
ENCODING 9618
SWIDTH 600 0
DWIDTH 21 0
BBX 21 38 0 -9
BITMAP
366CD8
366CD8
000000
D99320
D99320
000000
000000
366CD8
366CD8
000000
D99320
D99320
000000
366CD8
366CD8
000000
000000
D99320
D99320
000000
366CD8
366CD8
000000
D99320
D99320
000000
366CD8
366CD8
000000
000000
D99320
D99320
000000
366CD8
366CD8
000000
D99320
D99320
ENDCHAR
STARTCHAR 2593
ENCODING 9619
SWIDTH 600 0
DWIDTH 21 0
BBX 21 41 0 -11
BITMAP
366CD8
366CD8
FFFFF8
FFFFF8
D99320
FFFFF8
FFFFF8
366CD8
366CD8
FFFFF8
FFFFF8
D99320
FFFFF8
FFFFF8
366CD8
366CD8
FFFFF8
FFFFF8
D99320
FFFFF8
FFFFF8
366CD8
FFFFF8
FFFFF8
D99320
D99320
FFFFF8
FFFFF8
366CD8
FFFFF8
FFFFF8
D99320
D99320
FFFFF8
FFFFF8
366CD8
FFFFF8
FFFFF8
D99320
FFFFF8
FFFFF8
ENDCHAR
STARTCHAR 25A0
ENCODING 9632
SWIDTH 600 0
DWIDTH 21 0
BBX 17 17 2 2
BITMAP
FFFF80
FFFF80
FFFF80
FFFF80
FFFF80
FFFF80
FFFF80
FFFF80
FFFF80
FFFF80
FFFF80
FFFF80
FFFF80
FFFF80
FFFF80
FFFF80
FFFF80
ENDCHAR
STARTCHAR 25A1
ENCODING 9633
SWIDTH 600 0
DWIDTH 21 0
BBX 21 21 0 0
BITMAP
FFFFF8
800008
800008
800008
800008
800008
800008
800008
800008
800008
800008
800008
800008
800008
800008
800008
800008
800008
800008
800008
FFFFF8
ENDCHAR
STARTCHAR 25AA
ENCODING 9642
SWIDTH 600 0
DWIDTH 21 0
BBX 9 9 6 6
BITMAP
FF80
FF80
FF80
FF80
FF80
FF80
FF80
FF80
FF80
ENDCHAR
STARTCHAR 25AB
ENCODING 9643
SWIDTH 600 0
DWIDTH 21 0
BBX 9 9 6 6
BITMAP
FF80
8080
8080
8080
8080
8080
8080
8080
FF80
ENDCHAR
STARTCHAR 25AC
ENCODING 9644
SWIDTH 600 0
DWIDTH 21 0
BBX 21 8 0 1
BITMAP
FFFFF8
FFFFF8
FFFFF8
FFFFF8
FFFFF8
FFFFF8
FFFFF8
FFFFF8
ENDCHAR
STARTCHAR 25B2
ENCODING 9650
SWIDTH 600 0
DWIDTH 21 0
BBX 19 19 1 1
BITMAP
004000
004000
00E000
00E000
01F000
01F000
03F800
07FC00
07FC00
0FFE00
0FFE00
1FFF00
1FFF00
3FFF80
3FFF80
7FFFC0
7FFFC0
FFFFE0
FFFFE0
ENDCHAR
STARTCHAR 25BA
ENCODING 9658
SWIDTH 600 0
DWIDTH 21 0
BBX 19 20 1 0
BITMAP
800000
E00000
F80000
FE0000
FF8000
FFE000
FFF800
FFFE00
FFFF80
FFFFE0
FFFFE0
FFFF80
FFFE00
FFF800
FFE000
FF8000
FE0000
F80000
E00000
800000
ENDCHAR
STARTCHAR 25BC
ENCODING 9660
SWIDTH 600 0
DWIDTH 21 0
BBX 19 19 1 0
BITMAP
FFFFE0
FFFFE0
7FFFC0
7FFFC0
3FFF80
3FFF80
1FFF00
1FFF00
0FFE00
0FFE00
07FC00
07FC00
03F800
01F000
01F000
00E000
00E000
004000
004000
ENDCHAR
STARTCHAR 25C4
ENCODING 9668
SWIDTH 600 0
DWIDTH 21 0
BBX 19 20 1 0
BITMAP
000020
0000E0
0003E0
000FE0
003FE0
00FFE0
03FFE0
0FFFE0
3FFFE0
FFFFE0
FFFFE0
3FFFE0
0FFFE0
03FFE0
00FFE0
003FE0
000FE0
0003E0
0000E0
000020
ENDCHAR
STARTCHAR 25CA
ENCODING 9674
SWIDTH 600 0
DWIDTH 21 0
BBX 17 25 2 0
BITMAP
01C000
01C000
03E000
07F000
077000
0F7800
0E3800
1E3C00
3C1E00
380E00
780F00
F00780
F00780
F00780
780F00
380E00
3C1E00
1C1C00
0E3800
0F7800
077000
07F000
03E000
01C000
01C000
ENDCHAR
STARTCHAR 25CB
ENCODING 9675
SWIDTH 600 0
DWIDTH 21 0
BBX 15 15 3 3
BITMAP
07C0
1EF0
3018
600C
C006
C006
8002
8002
8002
C006
C006
600C
3018
1EF0
07C0
ENDCHAR
STARTCHAR 25CC
ENCODING 9676
SWIDTH 600 0
DWIDTH 21 0
BBX 17 17 2 1
BITMAP
049000
049000
300600
300600
000000
400100
C00180
800080
C00180
000000
400100
C00180
000000
300600
341600
049000
008000
ENDCHAR
STARTCHAR 25CF
ENCODING 9679
SWIDTH 600 0
DWIDTH 21 0
BBX 15 15 3 2
BITMAP
07C0
1FF0
3FF8
7FFC
7FFC
FFFE
FFFE
FFFE
FFFE
FFFE
7FFC
7FFC
3FF8
1FF0
07C0
ENDCHAR
STARTCHAR 25D0
ENCODING 9680
SWIDTH 600 0
DWIDTH 21 0
BBX 15 15 3 0
BITMAP
0FF0
3F08
3F04
7F02
FF02
FF02
FF02
FF02
FF02
FF02
7F02
7F04
3F08
1F10
03E0
ENDCHAR
STARTCHAR 25D1
ENCODING 9681
SWIDTH 600 0
DWIDTH 21 0
BBX 15 16 3 0
BITMAP
1FE0
21F8
41F8
81FC
81FE
81FE
81FE
81FE
81FE
81FE
81FC
41FC
21F8
11F0
0F80
1C00
ENDCHAR
STARTCHAR 25D2
ENCODING 9682
SWIDTH 600 0
DWIDTH 21 0
BBX 17 15 1 0
BITMAP
07FC00
080200
100100
200080
200080
200080
200080
3FFF80
3FFF80
7FFF80
9FFF00
1FFF00
0FFE00
07FC00
00E000
ENDCHAR
STARTCHAR 25D3
ENCODING 9683
SWIDTH 600 0
DWIDTH 21 0
BBX 15 15 3 0
BITMAP
0FE0
3FF0
3FF8
7FFC
FFFE
FFFE
FFFE
8002
800E
8032
80C2
4104
2008
1010
0FE0
ENDCHAR
STARTCHAR 25D4
ENCODING 9684
SWIDTH 600 0
DWIDTH 21 0
BBX 15 15 3 2
BITMAP
1FE0
21F8
41F8
81FC
81FE
81FE
81FE
8002
8002
8002
8002
4004
2008
1010
0FE0
ENDCHAR
STARTCHAR 25D5
ENCODING 9685
SWIDTH 600 0
DWIDTH 21 0
BBX 15 15 3 2
BITMAP
1FE0
21F8
41F8
81FC
81FE
81FE
81FE
FFFE
FFFE
FFFE
7FFC
7FFC
3FF8
1FF0
0380
ENDCHAR
STARTCHAR 25D6
ENCODING 9686
SWIDTH 600 0
DWIDTH 21 0
BBX 7 16 7 0
BITMAP
0E
3E
7E
7E
FE
FE
FE
FE
FE
FE
7E
7E
3E
1E
06
78
ENDCHAR
STARTCHAR 25D7
ENCODING 9687
SWIDTH 600 0
DWIDTH 21 0
BBX 10 16 4 0
BITMAP
1C00
3F00
5F80
5F80
9FC0
9FC0
9FC0
1FC0
1FC0
1FC0
1F80
1F80
1F00
1E00
1000
C000
ENDCHAR
STARTCHAR 25D8
ENCODING 9688
SWIDTH 600 0
DWIDTH 21 0
BBX 19 20 1 0
BITMAP
FFFFE0
FFFFE0
FE0FE0
F803E0
F001E0
E000E0
E000E0
C00060
C00060
C00060
C00060
C00060
C00060
E000E0
E000E0
F001E0
F803E0
FE0FE0
FFFFE0
FFFFE0
ENDCHAR
STARTCHAR 25D9
ENCODING 9689
SWIDTH 600 0
DWIDTH 21 0
BBX 19 20 1 0
BITMAP
FFFFE0
FFFFE0
FE0FE0
F9F3E0
F3F9E0
E7FCE0
EFFEE0
CFFE60
DFFF60
DFFF60
DFFF60
DFFF60
CFFE60
EFFEE0
E7FCE0
F3F9E0
F9F3E0
FE0FE0
FFFFE0
FFFFE0
ENDCHAR
STARTCHAR 25E6
ENCODING 9702
SWIDTH 600 0
DWIDTH 21 0
BBX 9 8 6 7
BITMAP
3E00
6300
4100
C180
C180
4100
6300
3C00
ENDCHAR
STARTCHAR 263A
ENCODING 9786
SWIDTH 600 0
DWIDTH 21 0
BBX 21 20 0 0
BITMAP
01FC00
070700
0C0180
100040
200020
200020
430610
430610
400010
C00018
C00018
400010
400010
460310
230620
21FC20
102040
0C0180
070700
01FC00
ENDCHAR
STARTCHAR 263B
ENCODING 9787
SWIDTH 600 0
DWIDTH 21 0
BBX 21 20 0 0
BITMAP
01FC00
07FF00
0FFF80
1FFFC0
3FFFE0
3FFFE0
7CF9F0
7CF9F0
7FFFF0
FFFFF8
FFFFF8
7FFFF0
7FFFF0
7BFCF0
3CF9E0
3E03E0
1FDFC0
0FFF80
07FF00
01FC00
ENDCHAR
STARTCHAR 263C
ENCODING 9788
SWIDTH 600 0
DWIDTH 21 0
BBX 21 20 0 -2
BITMAP
002000
002000
002000
1820C0
0CF980
078F00
060300
040100
0C0100
FC01F8
0C0180
040100
040100
020200
078F00
0CF980
1820C0
002000
002000
002000
ENDCHAR
STARTCHAR 2640
ENCODING 9792
SWIDTH 600 0
DWIDTH 21 0
BBX 11 18 5 2
BITMAP
1F00
3180
60C0
4040
C060
C060
4040
60C0
3180
1F00
0400
0400
0400
7FC0
0400
0400
0400
0400
ENDCHAR
STARTCHAR 2642
ENCODING 9794
SWIDTH 600 0
DWIDTH 21 0
BBX 15 15 3 2
BITMAP
007E
000E
001E
0036
0066
1E42
7380
C080
80C0
8040
8040
80C0
C080
6380
1E00
ENDCHAR
STARTCHAR 2660
ENCODING 9824
SWIDTH 600 0
DWIDTH 21 0
BBX 17 20 2 0
BITMAP
008000
008000
01C000
01C000
03E000
07F000
0FF800
3FFE00
7FFF00
7FFF00
FFFF80
FFFF80
FFFF80
FFFF80
7FFF00
3C9E00
01C000
03C000
07F000
3FFE00
ENDCHAR
STARTCHAR 2663
ENCODING 9827
SWIDTH 600 0
DWIDTH 21 0
BBX 17 20 2 0
BITMAP
03E000
07F000
0FF800
0FF800
0FF800
0FF800
07F000
07F000
3FFE00
7FFF00
FFFF80
FFFF80
FFFF80
FFFF80
FFFF80
3C9E00
01C000
03C000
07F000
3FFE00
ENDCHAR
STARTCHAR 2665
ENCODING 9829
SWIDTH 600 0
DWIDTH 21 0
BBX 17 19 2 0
BITMAP
3C1E00
7E3F00
FF7F80
FF7F80
FFFF80
FFFF80
FFFF80
7FFF00
7FFF00
3FFE00
1FFC00
0FF800
0FF800
07F000
03E000
01C000
01C000
008000
008000
ENDCHAR
STARTCHAR 2666
ENCODING 9830
SWIDTH 600 0
DWIDTH 21 0
BBX 15 20 3 0
BITMAP
0100
0380
0780
07C0
0FE0
1FF0
3FF8
7FFC
7FFC
FFFE
FFFE
7FFC
7FFC
3FF8
1FF0
0FE0
07C0
07C0
0380
0100
ENDCHAR
STARTCHAR 2669
ENCODING 9833
SWIDTH 600 0
DWIDTH 21 0
BBX 6 19 5 0
BITMAP
04
04
04
04
04
04
04
04
04
04
04
04
04
04
7C
FC
FC
FC
30
ENDCHAR
STARTCHAR 266A
ENCODING 9834
SWIDTH 600 0
DWIDTH 21 0
BBX 11 19 5 0
BITMAP
0400
0400
0600
0700
0780
0780
04C0
0460
0460
0420
0420
0420
0460
0440
3C00
FC00
FC00
FC00
7800
ENDCHAR
STARTCHAR 266B
ENCODING 9835
SWIDTH 600 0
DWIDTH 21 0
BBX 17 21 2 -1
BITMAP
000780
01FF80
07FF80
078180
040180
040180
040180
040180
040180
040180
040180
040180
040180
040180
040F80
043F80
3C3F00
FC3F00
FC1E00
FC0000
780000
ENDCHAR
STARTCHAR 266C
ENCODING 9836
SWIDTH 600 0
DWIDTH 21 0
BBX 17 21 2 -1
BITMAP
000180
00FF80
07FF80
07E180
040180
041F80
07FF80
07FD80
060180
040180
040180
040180
040180
040180
040F80
041F80
7C3F80
FC3F00
FC1E00
FC0000
700000
ENDCHAR
STARTCHAR 266F
ENCODING 9839
SWIDTH 600 0
DWIDTH 21 0
BBX 15 29 3 -4
BITMAP
0030
0030
0030
0030
1832
183E
187E
19FC
1FF0
1FF0
7E30
F830
F830
9830
1830
1832
183E
183E
18FC
1BF0
1FF0
7F30
F830
F830
9830
1800
1800
1800
1800
ENDCHAR
STARTCHAR 2C60
ENCODING 11360
SWIDTH 600 0
DWIDTH 21 0
BBX 18 23 1 0
BITMAP
1F0000
1F0000
1F0000
1F0000
1F0000
1F0000
FFFC00
FFFC00
FFFC00
1F0000
1F0000
1F0000
FFFC00
FFFC00
FFFC00
1F0000
1F0000
1F0000
1F0000
1FFFC0
1FFFC0
1FFFC0
1FFFC0
ENDCHAR
STARTCHAR 2C61
ENCODING 11361
SWIDTH 600 0
DWIDTH 21 0
BBX 9 25 6 0
BITMAP
3E00
3E00
3E00
3E00
3E00
3E00
3E00
3E00
FF80
FF80
FF80
3E00
3E00
3E00
FF80
FF80
FF80
3E00
3E00
3E00
3E00
3E00
3E00
3E00
3E00
ENDCHAR
STARTCHAR 2C62
ENCODING 11362
SWIDTH 600 0
DWIDTH 21 0
BBX 19 23 0 0
BITMAP
0F8000
0F8000
0F8000
0F8000
0F8000
0F8000
0F8000
0F8000
7FB800
FFB800
FFF000
CFF000
CFE000
0F8000
0F8000
0F8000
0F8000
0F8000
0F8000
0FFFE0
0FFFE0
0FFFE0
0FFFE0
ENDCHAR
STARTCHAR 2C63
ENCODING 11363
SWIDTH 600 0
DWIDTH 21 0
BBX 20 23 0 0
BITMAP
3FFE00
3FFF80
3FFFC0
3FFFE0
3E07E0
3E03E0
FFE3E0
FFE3F0
FFE3E0
3E03E0
3E07E0
3FFFC0
3FFF80
3FFF00
3FFC00
3E0000
3E0000
3E0000
3E0000
3E0000
3E0000
3E0000
3E0000
ENDCHAR
STARTCHAR 2C64
ENCODING 11364
SWIDTH 600 0
DWIDTH 21 0
BBX 19 30 2 -7
BITMAP
FFF800
FFFE00
FFFF00
FFFF80
F81F80
F80FC0
F807C0
F807C0
F80FC0
F81F80
FFFF80
FFFF00
FFFC00
FFF800
F87C00
F87E00
F83E00
F83F00
F81F00
F81F80
F80FC0
F80FC0
F807E0
F80000
FC0000
FC0000
7F8000
7F8000
3F8000
1F8000
ENDCHAR
STARTCHAR 2C65
ENCODING 11365
SWIDTH 600 0
DWIDTH 21 0
BBX 18 32 2 -7
BITMAP
003800
003800
003000
007000
007000
007000
006000
07F800
1FFC00
3FFE00
7EFE00
7CDE00
01DF00
01DF00
0FFF00
3FFF00
7FFF00
FB9F00
FB9F00
FB3F00
FF3F00
FFFF00
FFEFC0
7FCFC0
1F07C0
0E0000
0E0000
0E0000
0C0000
1C0000
1C0000
1C0000
ENDCHAR
STARTCHAR 2C66
ENCODING 11366
SWIDTH 600 0
DWIDTH 21 0
BBX 17 32 2 -7
BITMAP
000180
000380
070380
070700
070700
0F0E00
0F0E00
7FFE00
7FFE00
7FFE00
0F3800
0F3000
0F7000
0F6000
0FE000
0FC000
0FC000
0F8000
0F8000
0F0000
0F8000
0FC300
0FFF00
0FFF00
1DFE00
1C0000
380000
380000
700000
700000
E00000
E00000
ENDCHAR
STARTCHAR 2C67
ENCODING 11367
SWIDTH 600 0
DWIDTH 21 0
BBX 18 30 2 -7
BITMAP
F80F80
F80F80
F80F80
F80F80
F80F80
F80F80
F80F80
F80F80
F80F80
FFFF80
FFFF80
FFFF80
FFFF80
F80F80
F80F80
F80F80
F80F80
F80F80
F80F80
F80FC0
F80FC0
F80FC0
F80FC0
0003C0
0003C0
0003C0
0003C0
0003C0
0003C0
0003C0
ENDCHAR
STARTCHAR 2C68
ENCODING 11368
SWIDTH 600 0
DWIDTH 21 0
BBX 19 32 2 -7
BITMAP
F80000
F80000
F80000
F80000
F80000
F80000
F80000
F87C00
F9FE00
FBFF00
FFFF00
FE1F80
FC0F80
FC0F80
F80F80
F80F80
F80F80
F80F80
F80F80
F80F80
F80F80
F80F80
F80FE0
F80FE0
F80FE0
0001E0
0001E0
0001E0
0001E0
0001E0
0001E0
0001E0
ENDCHAR
STARTCHAR 2C69
ENCODING 11369
SWIDTH 600 0
DWIDTH 21 0
BBX 19 30 2 -7
BITMAP
F80FC0
F80FC0
F81F80
F83F00
F83E00
F87C00
F8FC00
F9F800
F9F000
FBE000
FFE000
FFF000
FFF000
FFF800
FEFC00
FC7C00
F87E00
F83F00
F83F00
F81FE0
F80FE0
F80FE0
F807E0
0001E0
0001E0
0001E0
0001E0
0001E0
0001E0
0001E0
ENDCHAR
STARTCHAR 2C6A
ENCODING 11370
SWIDTH 600 0
DWIDTH 21 0
BBX 17 32 3 -7
BITMAP
F80000
F80000
F80000
F80000
F80000
F80000
F80000
F81F00
F83E00
F87C00
F8F800
F9F000
FBE000
FFC000
FFC000
FFE000
FFF000
FDF000
F8F800
F8FC00
F87C00
F83E00
F83F80
F81F80
F81F80
000780
000780
000780
000780
000780
000780
000780
ENDCHAR
STARTCHAR 2C6B
ENCODING 11371
SWIDTH 600 0
DWIDTH 21 0
BBX 18 30 1 -7
BITMAP
3FFFC0
3FFFC0
3FFFC0
3FFFC0
000F80
001F00
003F00
007E00
007C00
00F800
01F800
03F000
03E000
07C000
0FC000
1F8000
1F0000
3E0000
7E0000
FFFFC0
FFFFC0
FFFFC0
FFFFC0
0003C0
0003C0
0003C0
0003C0
0003C0
0003C0
0003C0
ENDCHAR
STARTCHAR 2C6C
ENCODING 11372
SWIDTH 600 0
DWIDTH 21 0
BBX 16 25 2 -7
BITMAP
7FFF
7FFF
7FFF
003F
007E
00FC
01F8
01F0
03E0
07C0
0F80
1F80
3F00
7E00
FFFF
FFFF
FFFF
FFFF
000F
000F
000F
000F
000F
000F
000F
ENDCHAR
STARTCHAR 2C6D
ENCODING 11373
SWIDTH 600 0
DWIDTH 21 0
BBX 18 23 1 0
BITMAP
03F8C0
0FFFC0
1FFFC0
3FFFC0
3F1FC0
7E07C0
7C07C0
7C07C0
FC07C0
F807C0
F807C0
F807C0
F807C0
F807C0
FC07C0
7C07C0
7C07C0
7C07C0
3E0FC0
3FFFC0
1FFFC0
0FFFC0
03F3C0
ENDCHAR
STARTCHAR 2C71
ENCODING 11377
SWIDTH 600 0
DWIDTH 21 0
BBX 22 18 1 0
BITMAP
F800F8
F803FC
7803FC
7C07F8
7C07C8
3E0F80
3E0F80
3E0F80
1F1F00
1F1F00
0F1E00
0FBE00
0FBC00
07BC00
07FC00
03F800
03F800
03F000
ENDCHAR
STARTCHAR 2C72
ENCODING 11378
SWIDTH 600 0
DWIDTH 21 0
BBX 23 23 0 0
BITMAP
F0007C
F000FE
F800FE
7800FC
7801F0
7801F0
7871E0
78F1E0
78F1E0
78F9E0
3DF9E0
3DF9E0
3DF9C0
3DDFC0
3FDFC0
3F9FC0
1F9FC0
1F8FC0
1F8F80
1F0F80
1F0F80
1F0F80
0F0780
ENDCHAR
STARTCHAR 2C73
ENCODING 11379
SWIDTH 600 0
DWIDTH 21 0
BBX 23 18 0 0
BITMAP
F0003C
F0007E
7000FE
7000FC
7870F0
78F0E0
78F1E0
78F9E0
39F9E0
39F9C0
39DDC0
3B9DC0
3F9DC0
1F8DC0
1F0FC0
1F0F80
1F0780
1E0780
ENDCHAR
STARTCHAR 2C74
ENCODING 11380
SWIDTH 600 0
DWIDTH 21 0
BBX 19 18 1 0
BITMAP
0F83E0
3FC3E0
3FC7C0
3CC7C0
3DC7C0
3FCF80
3F8F80
7F0F00
FE1F00
7F1F00
0F1E00
0FBE00
0FBC00
07BC00
07FC00
07F800
03F800
03F000
ENDCHAR
STARTCHAR 2C75
ENCODING 11381
SWIDTH 600 0
DWIDTH 21 0
BBX 16 23 2 0
BITMAP
F800
F800
F800
F800
F800
F800
F800
F800
F800
FFFF
FFFF
FFFF
FFFF
F800
F800
F800
F800
F800
F800
F800
F800
F800
F800
ENDCHAR
STARTCHAR 2C76
ENCODING 11382
SWIDTH 600 0
DWIDTH 21 0
BBX 14 18 4 0
BITMAP
F800
F800
F800
F800
F800
F800
F800
FFFC
FFFC
FFFC
F800
F800
F800
F800
F800
F800
F800
F800
ENDCHAR
STARTCHAR 2C77
ENCODING 11383
SWIDTH 600 0
DWIDTH 21 0
BBX 19 18 1 0
BITMAP
061F00
1E7F80
3EFFC0
7CF3C0
78E1E0
F0E1E0
F0E1E0
F0E1E0
F0E1E0
F0E1E0
F0E1E0
F0E1E0
F0E1E0
78E3C0
7CEFC0
3FFF80
1FFF00
07FC00
ENDCHAR
STARTCHAR 2E17
ENCODING 11799
SWIDTH 600 0
DWIDTH 21 0
BBX 9 16 6 1
BITMAP
0080
0780
1F80
FF80
FF80
FC00
F000
8000
0080
0780
1F80
FF80
FF80
FC00
F000
8000
ENDCHAR
STARTCHAR A717
ENCODING 42775
SWIDTH 0 0
DWIDTH 0 0
BBX 6 9 -3 16
BITMAP
0C
0C
0C
EC
EC
EC
0C
0C
0C
ENDCHAR
STARTCHAR A718
ENCODING 42776
SWIDTH 0 0
DWIDTH 0 0
BBX 8 8 -1 17
BITMAP
C2
C7
CE
1C
38
70
E0
40
ENDCHAR
STARTCHAR A719
ENCODING 42777
SWIDTH 0 0
DWIDTH 0 0
BBX 10 6 -5 19
BITMAP
0C00
0C00
0C00
0000
FFC0
FFC0
ENDCHAR
STARTCHAR A71A
ENCODING 42778
SWIDTH 0 0
DWIDTH 0 0
BBX 10 6 -5 19
BITMAP
01C0
01C0
01C0
01C0
FFC0
FFC0
ENDCHAR
STARTCHAR A71B
ENCODING 42779
SWIDTH 600 0
DWIDTH 21 0
BBX 13 15 4 17
BITMAP
0200
0700
0F80
3FC0
7FF0
FFF8
0700
0700
0700
0700
0700
0700
0700
0700
0700
ENDCHAR
STARTCHAR A71C
ENCODING 42780
SWIDTH 600 0
DWIDTH 21 0
BBX 13 15 4 17
BITMAP
0700
0700
0700
0700
0700
0700
0700
0700
0700
FFF8
7FF0
3FC0
0F80
0700
0200
ENDCHAR
STARTCHAR A71D
ENCODING 42781
SWIDTH 600 0
DWIDTH 21 0
BBX 5 18 8 16
BITMAP
F8
F8
F8
F8
F8
F8
F8
F8
F8
F8
F0
00
00
F8
F8
F8
F8
F8
ENDCHAR
STARTCHAR A71E
ENCODING 42782
SWIDTH 600 0
DWIDTH 21 0
BBX 5 18 8 16
BITMAP
F8
F8
F8
F8
F8
00
00
F0
F8
F8
F8
F8
F8
F8
F8
F8
F8
F8
ENDCHAR
STARTCHAR A71F
ENCODING 42783
SWIDTH 600 0
DWIDTH 21 0
BBX 5 18 8 7
BITMAP
F8
F8
F8
F8
F8
00
00
F0
F8
F8
F8
F8
F8
F8
F8
F8
F8
F8
ENDCHAR
STARTCHAR A720
ENCODING 42784
SWIDTH 0 0
DWIDTH 0 0
BBX 11 6 -6 19
BITMAP
FFE0
FFE0
C600
C600
C600
C600
ENDCHAR
STARTCHAR A721
ENCODING 42785
SWIDTH 0 0
DWIDTH 0 0
BBX 11 6 -6 0
BITMAP
C600
C600
C600
C600
FFE0
FFE0
ENDCHAR
STARTCHAR A788
ENCODING 42888
SWIDTH 600 0
DWIDTH 21 0
BBX 11 5 0 -7
BITMAP
0F00
1F80
3FC0
79E0
F1E0
ENDCHAR
STARTCHAR A789
ENCODING 42889
SWIDTH 600 0
DWIDTH 21 0
BBX 5 14 8 4
BITMAP
F8
F8
F8
F8
F8
00
00
00
00
F8
F8
F8
F8
F8
ENDCHAR
STARTCHAR A78A
ENCODING 42890
SWIDTH 600 0
DWIDTH 21 0
BBX 11 13 5 5
BITMAP
FFE0
FFE0
FFE0
FFE0
0000
0000
0000
0000
0000
FFE0
FFE0
FFE0
FFE0
ENDCHAR
STARTCHAR A78B
ENCODING 42891
SWIDTH 600 0
DWIDTH 21 0
BBX 5 16 8 8
BITMAP
F8
F8
F8
F8
F8
F8
F8
F8
F8
F8
F8
F8
F8
F8
F8
70
ENDCHAR
STARTCHAR A78C
ENCODING 42892
SWIDTH 600 0
DWIDTH 21 0
BBX 5 11 8 14
BITMAP
F8
F8
F8
F8
F8
F8
F8
F8
F8
78
70
ENDCHAR
STARTCHAR FB01
ENCODING 64257
SWIDTH 600 0
DWIDTH 21 0
BBX 19 25 0 0
BITMAP
03F3E0
0FF3E0
1FF3E0
1F93E0
1F0000
1F0000
1F0000
FFF3E0
FFF3E0
FFF3E0
1F03E0
1F03E0
1F03E0
1F03E0
1F03E0
1F03E0
1F03E0
1F03E0
1F03E0
1F03E0
1F03E0
1F03E0
1F03E0
1F03E0
1F03E0
ENDCHAR
STARTCHAR FB02
ENCODING 64258
SWIDTH 600 0
DWIDTH 21 0
BBX 19 25 0 0
BITMAP
03F3E0
0FF3E0
1FF3E0
1F93E0
1F03E0
1F03E0
1F03E0
FFF3E0
FFF3E0
FFF3E0
1F03E0
1F03E0
1F03E0
1F03E0
1F03E0
1F03E0
1F03E0
1F03E0
1F03E0
1F03E0
1F03E0
1F03E0
1F03E0
1F03E0
1F03E0
ENDCHAR
STARTCHAR FB1D
ENCODING 64285
SWIDTH 600 0
DWIDTH 21 0
BBX 5 16 8 5
BITMAP
F8
F8
F8
F8
F8
F8
F8
F8
F8
F8
F8
00
00
20
70
70
ENDCHAR
STARTCHAR FB1E
ENCODING 64286
SWIDTH 0 0
DWIDTH 0 0
BBX 11 5 5 25
BITMAP
E0E0
F1E0
FFE0
7FC0
3F00
ENDCHAR
STARTCHAR FB1F
ENCODING 64287
SWIDTH 600 0
DWIDTH 21 0
BBX 15 18 3 3
BITMAP
F83E
F83E
F83E
F83E
F83E
F83E
F83E
F83E
F83E
F83E
F83E
0000
0000
0000
0000
0000
07C0
07C0
ENDCHAR
STARTCHAR FB20
ENCODING 64288
SWIDTH 600 0
DWIDTH 21 0
BBX 19 22 1 -1
BITMAP
7C03E0
7C03E0
3E03E0
3E03E0
3E03E0
1F03E0
1F03E0
1F03E0
0F83C0
0F83C0
0787C0
07C7C0
07CF80
03CF80
03FF00
03FF00
01FE00
FFFC00
FFF800
FFE000
FF8000
F80000
ENDCHAR
STARTCHAR FB21
ENCODING 64289
SWIDTH 600 0
DWIDTH 21 0
BBX 19 21 1 0
BITMAP
7C03E0
7E03E0
3E03E0
1F03C0
1F83C0
0F83C0
07C7C0
1FE7C0
3FE780
3DFF80
7DFF00
7CFE00
787C00
787E00
783E00
F81F00
F81F80
F80F80
F007C0
F007E0
F003E0
ENDCHAR
STARTCHAR FB22
ENCODING 64290
SWIDTH 600 0
DWIDTH 21 0
BBX 19 21 1 0
BITMAP
FFFFE0
FFFFE0
FFFFE0
FFFFE0
000F00
000F00
000F00
000F00
000F00
000F00
000F00
000F00
000F00
000F00
000F00
000F00
000F00
000F00
000F00
000F00
000F00
ENDCHAR
STARTCHAR FB23
ENCODING 64291
SWIDTH 600 0
DWIDTH 21 0
BBX 19 21 1 0
BITMAP
FFFC00
FFFF00
FFFF80
FFFFC0
000FC0
0007C0
0003C0
0003E0
7803E0
7803E0
7803E0
7803E0
7803E0
7803E0
7803E0
7803E0
7803E0
7803E0
7803E0
7803E0
7803E0
ENDCHAR
STARTCHAR FB24
ENCODING 64292
SWIDTH 600 0
DWIDTH 21 0
BBX 17 21 2 0
BITMAP
FFC000
FFF800
FFFC00
FFFE00
00FE00
003F00
001F00
001F00
000F00
000F80
000F80
000F80
000F00
001F00
001F00
003F00
00FE00
FFFE00
FFFC00
FFF800
FFC000
ENDCHAR
STARTCHAR FB25
ENCODING 64293
SWIDTH 600 0
DWIDTH 21 0
BBX 17 29 2 -1
BITMAP
F80000
F80000
F80000
F80000
F80000
F80000
F80000
FFF800
FFFE00
FFFF00
FFFF00
001F80
000F80
000F80
000F80
000F80
000F80
000F80
001F00
003F00
007E00
00FC00
03F800
0FF800
3FE000
3FC000
3F0000
3C0000
300000
ENDCHAR
STARTCHAR FB26
ENCODING 64294
SWIDTH 600 0
DWIDTH 21 0
BBX 17 21 2 0
BITMAP
FFF000
FFFC00
FFFE00
FFFF00
F03F80
F00F80
F00F80
F00F80
F00780
F00780
F00780
F00780
F00780
F00780
F00780
F00780
F00780
FFFF80
FFFF80
FFFF80
FFFF80
ENDCHAR
STARTCHAR FB27
ENCODING 64295
SWIDTH 600 0
DWIDTH 21 0
BBX 17 21 1 0
BITMAP
FFF000
FFFC00
FFFE00
FFFF00
003F00
000F80
000F80
000F80
000F80
000F80
000F80
000F80
000F80
000F80
000F80
000F80
000F80
000F80
000F80
000F80
000F80
ENDCHAR
STARTCHAR FB28
ENCODING 64296
SWIDTH 600 0
DWIDTH 21 0
BBX 18 21 1 0
BITMAP
FFF800
FFFF00
FFFF80
FFFF80
1E1FC0
1E07C0
1E07C0
1E03C0
1E03C0
1E03C0
1E03C0
1E03C0
1E03C0
1E03C0
1E03C0
3E03C0
3E03C0
FE03C0
FC03C0
FC03C0
F003C0
ENDCHAR
STARTCHAR FB29
ENCODING 64297
SWIDTH 600 0
DWIDTH 21 0
BBX 19 12 1 8
BITMAP
01F000
01F000
01F000
01F000
01F000
01F000
01F000
01F000
FFFFE0
FFFFE0
FFFFE0
FFFFE0
ENDCHAR
STARTCHAR FB2A
ENCODING 64298
SWIDTH 600 0
DWIDTH 21 0
BBX 21 26 0 0
BITMAP
000010
000030
000030
000000
000000
F878F8
7878F8
7878F0
7878F0
7878F0
7878F0
7C78F0
3CF8F0
3CF0F0
3DF1F0
3FF1F0
3FE1E0
3FC1E0
3E01E0
1E03E0
1E07C0
1E1FC0
1FFF80
1FFF00
1FFE00
0FE000
ENDCHAR
STARTCHAR FB2B
ENCODING 64299
SWIDTH 600 0
DWIDTH 21 0
BBX 21 26 0 0
BITMAP
200000
600000
600000
000000
000000
F878F8
7878F8
7878F0
7878F0
7878F0
7878F0
7C78F0
3CF8F0
3CF0F0
3DF1F0
3FF1F0
3FE1E0
3FC1E0
3E01E0
1E03E0
1E07C0
1E1FC0
1FFF80
1FFF00
1FFE00
0FE000
ENDCHAR
STARTCHAR FB2C
ENCODING 64300
SWIDTH 600 0
DWIDTH 21 0
BBX 21 26 0 0
BITMAP
000010
000030
000030
000000
000000
F878F8
7878F8
7878F0
7878F0
7878F0
7878F0
7C78F0
3CF8F0
3CF0F0
3DF1F0
3FF1F0
3FE1E0
3FDDE0
3E19E0
1E03E0
1E07C0
1E1FC0
1FFF80
1FFF00
1FFE00
0FE000
ENDCHAR
STARTCHAR FB2D
ENCODING 64301
SWIDTH 600 0
DWIDTH 21 0
BBX 21 26 0 0
BITMAP
200000
600000
600000
000000
000000
F878F8
7878F8
7878F0
7878F0
7878F0
7878F0
7C78F0
3CF8F0
3CF0F0
3DF1F0
3FF1F0
3FE1E0
3FDDE0
3E19E0
1E03E0
1E07C0
1E1FC0
1FFF80
1FFF00
1FFE00
0FE000
ENDCHAR
STARTCHAR FB2E
ENCODING 64302
SWIDTH 600 0
DWIDTH 21 0
BBX 19 25 1 -4
BITMAP
7C03E0
7E03E0
3E03E0
1F03C0
1F83C0
0F83C0
07C7C0
1FE7C0
3FE780
3DFF80
7DFF00
7CFE00
787C00
787E00
783E00
F81F00
F81F80
F80F80
F007C0
F007E0
F003E0
000000
000000
03F000
03F000
ENDCHAR
STARTCHAR FB2F
ENCODING 64303
SWIDTH 600 0
DWIDTH 21 0
BBX 19 27 1 -6
BITMAP
7C03E0
7E03E0
3E03E0
1F03C0
1F83C0
0F83C0
07C7C0
1FE7C0
3FE780
3DFF80
7DFF00
7CFE00
787C00
787E00
783E00
F81F00
F81F80
F80F80
F007C0
F007E0
F003E0
000000
000000
03F000
03F000
00C000
00C000
ENDCHAR
STARTCHAR FB30
ENCODING 64304
SWIDTH 600 0
DWIDTH 21 0
BBX 19 21 1 0
BITMAP
7C03E0
7E03E0
3E03E0
1F03C0
1F83C0
0F83C0
07C7C0
1FE7C0
3FE780
3DFF80
7DFF00
7CFE00
787C00
787E00
783E00
F81F00
F91F80
FB8F80
F187C0
F007E0
F003E0
ENDCHAR
STARTCHAR FB31
ENCODING 64305
SWIDTH 600 0
DWIDTH 21 0
BBX 19 21 1 0
BITMAP
7FE000
7FF800
7FFE00
7FFE00
007F00
001F00
001F00
000F00
020F00
070F00
060F00
000F00
000F00
000F00
000F00
000F00
000F00
FFFFE0
FFFFE0
FFFFE0
FFFFE0
ENDCHAR
STARTCHAR FB32
ENCODING 64306
SWIDTH 600 0
DWIDTH 21 0
BBX 15 21 3 0
BITMAP
3F00
3F80
3FC0
3FE0
03E0
03E0
11E0
39F0
31F0
00F0
03F0
0FF8
1FF8
3FF8
3E78
7C7C
7C7C
7C3C
783C
F83E
F83E
ENDCHAR
STARTCHAR FB33
ENCODING 64307
SWIDTH 600 0
DWIDTH 21 0
BBX 19 21 1 0
BITMAP
FFFFE0
FFFFE0
FFFFE0
FFFFE0
000F00
000F00
000F00
000F00
000F00
000F00
020F00
070F00
070F00
000F00
000F00
000F00
000F00
000F00
000F00
000F00
000F00
ENDCHAR
STARTCHAR FB34
ENCODING 64308
SWIDTH 600 0
DWIDTH 21 0
BBX 19 21 1 0
BITMAP
FFFC00
FFFF00
FFFF80
FFFFC0
000FC0
0007C0
0003C0
0003E0
7803E0
7803E0
7843E0
78E3E0
78E3E0
7803E0
7803E0
7803E0
7803E0
7803E0
7803E0
7803E0
7803E0
ENDCHAR
STARTCHAR FB35
ENCODING 64309
SWIDTH 600 0
DWIDTH 21 0
BBX 9 21 5 0
BITMAP
0780
0780
0780
0780
0780
0780
0780
0780
4780
E780
6780
0780
0780
0780
0780
0780
0780
0780
0780
0780
0780
ENDCHAR
STARTCHAR FB36
ENCODING 64310
SWIDTH 600 0
DWIDTH 21 0
BBX 13 21 4 0
BITMAP
2000
3C00
3FC0
3FF8
3FF8
07F8
01F8
03F8
07C0
0780
4F80
EF80
CF80
0F80
0F80
0F80
0F80
0F80
0F80
0F80
0F80
ENDCHAR
STARTCHAR FB38
ENCODING 64312
SWIDTH 600 0
DWIDTH 21 0
BBX 18 21 2 0
BITMAP
F0FC00
F1FE00
F1FF00
F1FF80
F11F80
F00F80
F00780
F007C0
F087C0
F1C7C0
F187C0
F007C0
F007C0
F00780
F80F80
F80F80
FC3F80
7FFF00
7FFE00
3FFC00
0FF000
ENDCHAR
STARTCHAR FB39
ENCODING 64313
SWIDTH 600 0
DWIDTH 21 0
BBX 9 11 5 10
BITMAP
0780
0780
0780
0780
4780
E780
6780
0780
0780
0780
0780
ENDCHAR
STARTCHAR FB3A
ENCODING 64314
SWIDTH 600 0
DWIDTH 21 0
BBX 17 28 2 -7
BITMAP
FFF000
FFFC00
FFFE00
FFFF00
003F00
001F00
000F80
000F80
000F80
000F80
020F80
070F80
070F80
000F80
000F80
000F80
000F80
000F80
000F80
000F80
000F80
000F80
000F80
000F80
000F80
000F80
000F80
000F80
ENDCHAR
STARTCHAR FB3B
ENCODING 64315
SWIDTH 600 0
DWIDTH 21 0
BBX 17 21 2 0
BITMAP
FFC000
FFF800
FFFC00
FFFE00
00FE00
003F00
001F00
001F00
000F00
030F80
030F80
000F80
000F00
001F00
001F00
003F00
00FE00
FFFE00
FFFC00
FFF800
FFC000
ENDCHAR
STARTCHAR FB3C
ENCODING 64316
SWIDTH 600 0
DWIDTH 21 0
BBX 17 29 2 -1
BITMAP
F80000
F80000
F80000
F80000
F80000
F80000
F80000
FFF800
FFFE00
FFFF00
FFFF00
001F80
000F80
000F80
020F80
070F80
030F80
000F80
001F00
003F00
007E00
00FC00
03F800
0FF800
3FE000
3FC000
3F0000
3C0000
300000
ENDCHAR
STARTCHAR FB3E
ENCODING 64318
SWIDTH 600 0
DWIDTH 21 0
BBX 19 21 0 0
BITMAP
F87E00
7CFF80
7DFFC0
3FFFC0
1FE7E0
1FC3E0
0F83E0
0F81E0
0F11E0
1F39E0
1F19E0
1F01E0
3E01E0
3E01E0
3E01E0
3E01E0
7C01E0
7C7FE0
7C7FE0
7C7FE0
F87FE0
ENDCHAR
STARTCHAR FB40
ENCODING 64320
SWIDTH 600 0
DWIDTH 21 0
BBX 12 21 4 0
BITMAP
7F80
7FC0
7FE0
7FE0
03F0
01F0
01F0
01F0
11F0
39F0
19F0
01F0
01F0
01F0
01F0
01F0
01F0
FFF0
FFF0
FFF0
FFF0
ENDCHAR
STARTCHAR FB41
ENCODING 64321
SWIDTH 600 0
DWIDTH 21 0
BBX 20 21 0 0
BITMAP
FFFC00
FFFF80
FFFFC0
FFFFE0
1E0FE0
1E03E0
3E01F0
3E01F0
3E21F0
3C71F0
3C31F0
3E01F0
3E01F0
3E01F0
3E01E0
3F03E0
1F87E0
1FFFC0
0FFFC0
07FF80
01FC00
ENDCHAR
STARTCHAR FB43
ENCODING 64323
SWIDTH 600 0
DWIDTH 21 0
BBX 17 28 2 -7
BITMAP
FFF000
FFFC00
FFFE00
FFFF00
F83F00
F81F80
F80F80
F80F80
F80F80
FFAF80
FFFF80
FFBF80
FF8F80
000F80
000F80
000F80
000F80
000F80
000F80
000F80
000F80
000F80
000F80
000F80
000F80
000F80
000F80
000F80
ENDCHAR
STARTCHAR FB44
ENCODING 64324
SWIDTH 600 0
DWIDTH 21 0
BBX 18 21 2 0
BITMAP
FFF000
FFFC00
FFFE00
FFFF00
F03F80
F00F80
F00F80
F00780
F00780
FFB780
FFF7C0
FFA780
FF8780
000F80
000F80
001F80
007F00
FFFF00
FFFE00
FFFC00
FFE000
ENDCHAR
STARTCHAR FB46
ENCODING 64326
SWIDTH 600 0
DWIDTH 21 0
BBX 19 21 0 0
BITMAP
FC01E0
7E01E0
3E01E0
1F03E0
1F83E0
0FC3E0
07C3E0
03E7C0
01FFC0
01FF80
00FF00
007C00
023E00
073F00
031F80
000F80
0007C0
7FFFE0
7FFFE0
7FFFE0
7FFFE0
ENDCHAR
STARTCHAR FB47
ENCODING 64327
SWIDTH 600 0
DWIDTH 21 0
BBX 18 28 2 -7
BITMAP
FFF800
FFFE00
FFFF00
FFFF80
001F80
000F80
0007C0
0007C0
7C87C0
7DC780
7CC780
7C0F80
7C0F80
7C0F00
7C1F00
7C3F00
7C7E00
7CFC00
7CF800
7CF000
7CE000
7C8000
7C0000
7C0000
7C0000
7C0000
7C0000
7C0000
ENDCHAR
STARTCHAR FB48
ENCODING 64328
SWIDTH 600 0
DWIDTH 21 0
BBX 17 21 1 0
BITMAP
FFF000
FFFC00
FFFE00
FFFF00
003F00
000F80
000F80
000F80
000F80
000F80
020F80
070F80
030F80
000F80
000F80
000F80
000F80
000F80
000F80
000F80
000F80
ENDCHAR
STARTCHAR FB49
ENCODING 64329
SWIDTH 600 0
DWIDTH 21 0
BBX 21 21 0 0
BITMAP
F878F8
7878F8
7878F0
7878F0
7878F0
7878F0
7C78F0
3CF8F0
3CF0F0
3DF1F0
3FF1F0
3FE1E0
3FDDE0
3E19E0
1E03E0
1E07C0
1E1FC0
1FFF80
1FFF00
1FFE00
0FE000
ENDCHAR
STARTCHAR FB4A
ENCODING 64330
SWIDTH 600 0
DWIDTH 21 0
BBX 18 21 1 0
BITMAP
FFF800
FFFF00
FFFF80
FFFF80
1E1FC0
1E07C0
1E07C0
1E03C0
1E03C0
1E03C0
1E23C0
1E73C0
1E63C0
1E03C0
1E03C0
3E03C0
3E03C0
FE03C0
FC03C0
FC03C0
F003C0
ENDCHAR
STARTCHAR FB4B
ENCODING 64331
SWIDTH 600 0
DWIDTH 21 0
BBX 5 28 8 0
BITMAP
20
70
70
00
00
00
00
F8
F8
F8
F8
F8
F8
F8
F8
F8
F8
F8
F8
F8
F8
F8
F8
F8
F8
F8
F8
F8
ENDCHAR
STARTCHAR FB4C
ENCODING 64332
SWIDTH 600 0
DWIDTH 21 0
BBX 19 25 1 0
BITMAP
03E000
03E000
000000
000000
7FE000
7FF800
7FFE00
7FFE00
007F00
001F00
001F00
000F00
000F00
000F00
000F00
000F00
000F00
000F00
000F00
000F00
000F00
FFFFE0
FFFFE0
FFFFE0
FFFFE0
ENDCHAR
STARTCHAR FB4D
ENCODING 64333
SWIDTH 600 0
DWIDTH 21 0
BBX 17 25 2 0
BITMAP
07C000
07C000
000000
000000
FFC000
FFF800
FFFC00
FFFE00
00FE00
003F00
001F00
001F00
000F00
000F80
000F80
000F80
000F00
001F00
001F00
003F00
00FE00
FFFE00
FFFC00
FFF800
FFC000
ENDCHAR
STARTCHAR FB4E
ENCODING 64334
SWIDTH 600 0
DWIDTH 21 0
BBX 18 25 2 0
BITMAP
07C000
07C000
000000
000000
FFF000
FFFC00
FFFE00
FFFF00
F03F80
F00F80
F00F80
F00780
F00780
FF8780
FF87C0
FF8780
FF8780
000F80
000F80
001F80
007F00
FFFF00
FFFE00
FFFC00
FFE000
ENDCHAR
STARTCHAR FB4F
ENCODING 64335
SWIDTH 600 0
DWIDTH 21 0
BBX 19 28 1 0
BITMAP
F00000
F00000
F00000
F00000
F00000
F00000
F00000
FC03E0
FE03C0
FE03C0
3F03C0
1F07C0
0F87C0
0FC7C0
07C780
03EF80
03FF00
01FF00
00FE00
00FC00
007C00
003E00
003F00
001F00
000F80
000FC0
0007C0
0003E0
ENDCHAR
STARTCHAR FE20
ENCODING 65056
SWIDTH 0 0
DWIDTH 0 0
BBX 13 6 -13 21
BITMAP
00F8
07F8
1F00
3800
6000
C000
ENDCHAR
STARTCHAR FE21
ENCODING 65057
SWIDTH 0 0
DWIDTH 0 0
BBX 13 6 0 21
BITMAP
F800
FF00
07C0
00E0
0030
0018
ENDCHAR
STARTCHAR FE22
ENCODING 65058
SWIDTH 0 0
DWIDTH 0 0
BBX 13 5 -13 21
BITMAP
0FE0
3FF8
7FF8
E018
C000
ENDCHAR
STARTCHAR FE23
ENCODING 65059
SWIDTH 0 0
DWIDTH 0 0
BBX 13 5 0 21
BITMAP
0038
C038
FFF0
FFE0
3F80
ENDCHAR
ENDFONT
