STARTFONT 2.1
COMMENT
COMMENT Converted from OpenType font "LiberationMono-Bold.ttf" by "otf2bdf 3.0".
COMMENT
FONT -FreeType-Liberation Mono-Bold-R-Normal--50-500-72-72-P-241-ISO10646-1
SIZE 50 72 72
FONTBOUNDINGBOX 59 69 -24 -19
STARTPROPERTIES 19
FOUNDRY "FreeType"
FAMILY_NAME "Liberation Mono"
WEIGHT_NAME "Bold"
SLANT "R"
SETWIDTH_NAME "Normal"
ADD_STYLE_NAME ""
PIXEL_SIZE 50
POINT_SIZE 500
RESOLUTION_X 72
RESOLUTION_Y 72
SPACING "P"
AVERAGE_WIDTH 241
CHARSET_REGISTRY "ISO10646"
CHARSET_ENCODING "1"
FONT_ASCENT 41
FONT_DESCENT 15
COPYRIGHT "Digitized data copyright (c) 2010 Google Corporation.  Copyright (c) 2012 Red Hat, Inc."
_OTF_FONTFILE "LiberationMono-Bold.ttf"
_OTF_PSNAME "LiberationMono-Bold"
ENDPROPERTIES
CHARS 2305
STARTCHAR 0020
ENCODING 32
SWIDTH 600 0
DWIDTH 30 0
BBX 0 0 0 0
BITMAP
ENDCHAR
STARTCHAR 0021
ENCODING 33
SWIDTH 600 0
DWIDTH 30 0
BBX 8 33 11 0
BITMAP
FF
FF
7F
7F
7E
7E
7E
7E
7E
7E
7E
7E
7E
7E
7E
7E
7E
7E
7E
7E
7E
7E
7E
00
00
00
FE
FE
FE
FE
FE
FE
FE
ENDCHAR
STARTCHAR 0022
ENCODING 34
SWIDTH 600 0
DWIDTH 30 0
BBX 18 15 6 21
BITMAP
FE1FC0
FE1FC0
FE1FC0
FE1FC0
FE0FC0
FC0FC0
7C0FC0
7C0F80
7C0F80
7C0F80
7C0F80
7C0F80
7C0F80
7C0F80
7C0F80
ENDCHAR
STARTCHAR 0023
ENCODING 35
SWIDTH 600 0
DWIDTH 30 0
BBX 28 33 1 0
BITMAP
003C0780
00380780
00780700
00780F00
00780F00
00700F00
00F00F00
00F00E00
00F01E00
3FFFFFF0
3FFFFFF0
3FFFFFF0
3FFFFFF0
01E03C00
01E03C00
03C03C00
03C03800
03C07800
03C07800
03807800
FFFFFFC0
FFFFFFC0
FFFFFFC0
FFFFFFC0
0700F000
0F00E000
0F01E000
0F01E000
0E01E000
1E01E000
1E01C000
1E03C000
1E03C000
ENDCHAR
STARTCHAR 0024
ENCODING 36
SWIDTH 600 0
DWIDTH 30 0
BBX 26 40 2 -4
BITMAP
000C0000
000C0000
000C0000
00FFC000
07FFF800
0FFFFC00
1FFFFE00
3FFFFF00
7F8C7F00
7F0C3F80
7E0C3F80
7E0C1E00
7E0C0000
7F0C0000
7F8C0000
3FEC0000
3FFF0000
1FFFE000
0FFFF800
07FFFE00
00FFFF00
001FFF80
000DFF80
000C3FC0
000C1FC0
1C0C0FC0
FC0C0FC0
FE0C0FC0
FE0C1FC0
7F0C1FC0
7FCC7F80
3FFFFF80
1FFFFF00
0FFFFE00
07FFF800
00FFC000
000C0000
000C0000
000C0000
000C0000
ENDCHAR
STARTCHAR 0025
ENCODING 37
SWIDTH 600 0
DWIDTH 30 0
BBX 30 33 0 0
BITMAP
0FC000F0
3FF001F0
7FF801E0
7CF803C0
F87C0780
F87C0F80
F03C0F00
F03C1E00
F03C3E00
F03C3C00
F03C7800
F87CF800
7878F000
7FF9E000
7FF3E000
3FF3C000
0FC78FC0
000F3FF0
001F7FF8
001E7CF8
003CF87C
007CF87C
0078F03C
00F0F03C
01F0F03C
01E0F03C
03C0F03C
07C0F87C
07807878
0F007FF8
1F003FF0
1E003FF0
3C000FC0
ENDCHAR
STARTCHAR 0026
ENCODING 38
SWIDTH 600 0
DWIDTH 30 0
BBX 29 35 1 -1
BITMAP
003F8000
00FFE000
01FFF800
03FFF800
03F0FC00
07E07C00
07C07C00
07C07C00
07C07C00
07C0FC00
07E1F800
03E3F800
03FFF000
03FFE000
01FF8000
07FE0000
0FFC0780
1FFC07C0
3FFC07C0
7FFE0FC0
7E3F0F80
FE3F0F80
FC1F9F80
FC0FDF00
FC0FFF00
FC07FF00
FC03FE00
FC01FE00
FC01FE00
FE03FF80
7FDFFFF8
3FFFFFF8
3FFFCFF8
0FFF87F8
03FC00F0
ENDCHAR
STARTCHAR 0027
ENCODING 39
SWIDTH 600 0
DWIDTH 30 0
BBX 6 15 12 21
BITMAP
FC
FC
FC
FC
FC
FC
FC
FC
FC
FC
FC
FC
FC
FC
78
ENDCHAR
STARTCHAR 0028
ENCODING 40
SWIDTH 600 0
DWIDTH 30 0
BBX 14 46 8 -10
BITMAP
01FC
01F8
03F8
07F0
07F0
0FE0
0FE0
1FC0
1FC0
1F80
3F80
3F80
3F00
7F00
7F00
7F00
7F00
7E00
7E00
FE00
FE00
FE00
FE00
FE00
FE00
FE00
7E00
7E00
7E00
7F00
7F00
7F00
7F00
3F00
3F80
3F80
1F80
1FC0
1FC0
0FE0
0FE0
07F0
07F0
03F8
01FC
01FC
ENDCHAR
STARTCHAR 0029
ENCODING 41
SWIDTH 600 0
DWIDTH 30 0
BBX 14 46 8 -10
BITMAP
FE00
FE00
7F00
3F80
3F80
1FC0
1FC0
0FE0
0FE0
07E0
07F0
07F0
03F0
03F8
03F8
03F8
03F8
03F8
01F8
01F8
01FC
01FC
01FC
01FC
01FC
01FC
01F8
01F8
03F8
03F8
03F8
03F8
03F8
03F0
07F0
07F0
07E0
0FE0
0FE0
1FC0
1FC0
3F80
3F80
7F00
FE00
FE00
ENDCHAR
STARTCHAR 002A
ENCODING 42
SWIDTH 600 0
DWIDTH 30 0
BBX 20 19 5 17
BITMAP
01F800
00F800
00F800
00F000
20F040
38F1E0
7EF7E0
7FFFE0
FFFFF0
1FFF80
03FC00
03FC00
07FE00
0FFF00
1F9F80
3F0FC0
1F0F80
0E0700
020400
ENDCHAR
STARTCHAR 002B
ENCODING 43
SWIDTH 600 0
DWIDTH 30 0
BBX 26 25 2 4
BITMAP
003F0000
003F0000
003F0000
003F0000
003F0000
003F0000
003F0000
003F0000
003F0000
003F0000
FFFFFFC0
FFFFFFC0
FFFFFFC0
FFFFFFC0
FFFFFFC0
003F0000
003F0000
003F0000
003F0000
003F0000
003F0000
003F0000
003F0000
003F0000
003F0000
ENDCHAR
STARTCHAR 002C
ENCODING 44
SWIDTH 600 0
DWIDTH 30 0
BBX 12 16 6 -9
BITMAP
0FF0
0FE0
0FE0
0FC0
1FC0
1FC0
1F80
3F80
3F00
3F00
3E00
7E00
7C00
7C00
7800
F800
ENDCHAR
STARTCHAR 002D
ENCODING 45
SWIDTH 600 0
DWIDTH 30 0
BBX 14 6 8 10
BITMAP
FFFC
FFFC
FFFC
FFFC
FFFC
FFFC
ENDCHAR
STARTCHAR 002E
ENCODING 46
SWIDTH 600 0
DWIDTH 30 0
BBX 8 7 11 0
BITMAP
FF
FF
FF
FF
FF
FF
FF
ENDCHAR
STARTCHAR 002F
ENCODING 47
SWIDTH 600 0
DWIDTH 30 0
BBX 26 37 2 -1
BITMAP
00000FC0
00001F80
00001F00
00003F00
00003E00
00007E00
00007C00
0000FC00
0000F800
0001F800
0001F000
0003F000
0007E000
0007E000
000FC000
000F8000
001F8000
001F0000
003F0000
003E0000
007E0000
007C0000
00FC0000
01F80000
01F80000
03F00000
03F00000
07E00000
07C00000
0FC00000
0F800000
1F800000
1F000000
3F000000
3E000000
7E000000
FC000000
ENDCHAR
STARTCHAR 0030
ENCODING 48
SWIDTH 600 0
DWIDTH 30 0
BBX 24 33 3 0
BITMAP
00FF00
03FFC0
0FFFF0
1FFFF8
1FFFF8
3FE7FC
7F81FC
7F00FE
7F00FE
7E007E
FE007F
FE007F
FE007F
FE7E7F
FE7E7F
FE7E7F
FE7E7F
FE7E7F
FE7E7F
FE007F
FE007F
FE007F
FE007F
7E007E
7F00FE
7F00FE
3F81FC
3FE7FC
1FFFF8
1FFFF0
0FFFE0
03FFC0
00FF00
ENDCHAR
STARTCHAR 0031
ENCODING 49
SWIDTH 600 0
DWIDTH 30 0
BBX 25 33 3 0
BITMAP
003F8000
003F8000
007F8000
00FF8000
03FF8000
0FFF8000
FFFF8000
FFBF8000
FF3F8000
FE3F8000
F83F8000
003F8000
003F8000
003F8000
003F8000
003F8000
003F8000
003F8000
003F8000
003F8000
003F8000
003F8000
003F8000
003F8000
003F8000
003F8000
003F8000
003F8000
7FFFFF80
7FFFFF80
7FFFFF80
7FFFFF80
7FFFFF80
ENDCHAR
STARTCHAR 0032
ENCODING 50
SWIDTH 600 0
DWIDTH 30 0
BBX 24 33 3 0
BITMAP
00FF00
07FFE0
0FFFF8
1FFFFC
3FFFFC
7FFFFE
7F81FE
7F00FE
FF007F
FE007F
0000FE
0000FE
0001FE
0003FC
0007F8
000FF8
003FF0
007FE0
00FF80
01FF00
03FE00
07FC00
0FF000
1FE000
3FC000
3F8000
7F8000
FFFFFF
FFFFFF
FFFFFF
FFFFFF
FFFFFF
FFFFFF
ENDCHAR
STARTCHAR 0033
ENCODING 51
SWIDTH 600 0
DWIDTH 30 0
BBX 25 33 2 0
BITMAP
007F8000
03FFF000
0FFFFC00
1FFFFE00
3FFFFE00
3FFFFF00
7F80FF00
7F007F00
7F007F80
03003F80
00003F00
00007F00
0000FF00
0001FE00
007FFC00
007FF000
007FC000
007FF800
007FFE00
007FFF00
00007F80
00003F80
00003F80
00003F80
FE003F80
FF003F80
7F807F80
7FFFFF80
3FFFFF00
1FFFFE00
0FFFFC00
07FFF800
00FFC000
ENDCHAR
STARTCHAR 0034
ENCODING 52
SWIDTH 600 0
DWIDTH 30 0
BBX 27 33 2 0
BITMAP
0003FC00
0007FC00
0007FC00
000FFC00
001FFC00
003FFC00
003EFC00
007FFC00
00FDFC00
00FDFC00
01F9FC00
03F1FC00
03F1FC00
07E1FC00
0FC1FC00
1F81FC00
1F81FC00
3F01FC00
7E01FC00
7E01FC00
FC01FC00
FFFFFFE0
FFFFFFE0
FFFFFFE0
FFFFFFE0
FFFFFFE0
0001FC00
0001FC00
0001FC00
0001FC00
0001FC00
0001FC00
0001FC00
ENDCHAR
STARTCHAR 0035
ENCODING 53
SWIDTH 600 0
DWIDTH 30 0
BBX 24 33 3 0
BITMAP
3FFFFC
3FFFFC
3FFFFC
3FFFFC
7FFFFC
7F0000
7F0000
7F0000
7F0000
7F0000
7F0000
7F3F80
7EFFF0
7FFFF8
7FFFFC
7FFFFE
7FFFFE
7F81FF
7F00FF
00007F
00007F
00007F
00007F
00007F
FE007F
FE00FF
FF01FE
FFEFFE
7FFFFC
3FFFF8
1FFFF0
0FFFE0
01FF00
ENDCHAR
STARTCHAR 0036
ENCODING 54
SWIDTH 600 0
DWIDTH 30 0
BBX 24 33 3 0
BITMAP
007F80
03FFE0
07FFF0
0FFFF8
1FFFFC
3FF7FC
3FC1FE
7F80FE
7F0070
7F0000
7E0000
FE0000
FE1FC0
FE7FF0
FEFFF8
FFFFFC
FFFFFE
FFC1FE
FF00FF
FF007F
FE007F
FE007F
7E007F
7E007F
7F007F
3F007F
3F80FF
1FF7FE
1FFFFC
0FFFFC
07FFF8
03FFE0
007F80
ENDCHAR
STARTCHAR 0037
ENCODING 55
SWIDTH 600 0
DWIDTH 30 0
BBX 24 33 3 0
BITMAP
FFFFFF
FFFFFF
FFFFFF
FFFFFF
FFFFFF
FFFFFF
00007E
0000FC
0001F8
0003F8
0003F0
0007F0
000FE0
000FC0
001FC0
003F80
003F80
007F00
007F00
00FE00
00FE00
01FC00
01FC00
01FC00
03F800
03F800
03F800
03F800
03F800
07F800
07F000
07F000
07F000
ENDCHAR
STARTCHAR 0038
ENCODING 56
SWIDTH 600 0
DWIDTH 30 0
BBX 24 33 3 0
BITMAP
01FF80
07FFE0
1FFFF8
3FFFFC
7FFFFE
7F81FE
7F00FE
FF00FE
FE00FE
7F00FE
7F00FE
7F00FE
3FC3FC
1FFFF8
0FFFF0
01FFC0
0FFFF0
3FFFFC
7F81FE
7F00FE
FE007F
FE007F
FE007F
FE007F
FE007F
FE007F
FF00FF
7F81FE
7FFFFE
3FFFFC
1FFFF8
07FFE0
01FF00
ENDCHAR
STARTCHAR 0039
ENCODING 57
SWIDTH 600 0
DWIDTH 30 0
BBX 24 33 3 0
BITMAP
00FF00
07FFC0
1FFFE0
3FFFF8
3FFFF8
7FEFFC
7F81FC
FF00FE
FE00FE
FE00FE
FE007F
FE007F
FE007F
FE00FF
FF00FF
FF01FF
7FC3FF
7FFFFF
3FFFFF
1FFF7F
0FFE7F
03F87F
00007E
0000FE
1E00FE
7E01FC
7F01FC
7FCFF8
3FFFF8
3FFFF0
1FFFE0
07FF80
01FE00
ENDCHAR
STARTCHAR 003A
ENCODING 58
SWIDTH 600 0
DWIDTH 30 0
BBX 8 26 11 0
BITMAP
FF
FF
FF
FF
FF
FF
FF
00
00
00
00
00
00
00
00
00
00
00
00
FF
FF
FF
FF
FF
FF
FF
ENDCHAR
STARTCHAR 003B
ENCODING 59
SWIDTH 600 0
DWIDTH 30 0
BBX 12 35 8 -9
BITMAP
0FE0
0FE0
0FE0
0FE0
0FE0
0FE0
0FE0
0000
0000
0000
0000
0000
0000
0000
0000
0000
0000
0000
0000
0FF0
0FE0
1FE0
1FC0
1FC0
1F80
3F80
3F00
3F00
3E00
7E00
7C00
7C00
7800
F800
F000
ENDCHAR
STARTCHAR 003C
ENCODING 60
SWIDTH 600 0
DWIDTH 30 0
BBX 26 27 2 3
BITMAP
000000C0
000003C0
00001FC0
0000FFC0
0003FFC0
001FFFC0
00FFFE00
03FFF800
1FFFC000
7FFE0000
FFF80000
FFC00000
FF000000
F8000000
FF000000
FFC00000
FFF80000
7FFE0000
1FFFC000
03FFF800
007FFE00
001FFFC0
0003FFC0
0000FFC0
00001FC0
000003C0
000000C0
ENDCHAR
STARTCHAR 003D
ENCODING 61
SWIDTH 600 0
DWIDTH 30 0
BBX 26 19 2 7
BITMAP
FFFFFFC0
FFFFFFC0
FFFFFFC0
FFFFFFC0
FFFFFFC0
00000000
00000000
00000000
00000000
00000000
00000000
00000000
00000000
00000000
FFFFFFC0
FFFFFFC0
FFFFFFC0
FFFFFFC0
FFFFFFC0
ENDCHAR
STARTCHAR 003E
ENCODING 62
SWIDTH 600 0
DWIDTH 30 0
BBX 26 27 2 3
BITMAP
C0000000
F0000000
FE000000
FFC00000
FFF00000
FFFE0000
1FFFC000
07FFF000
00FFFE00
001FFF80
0007FFC0
0000FFC0
00003FC0
000007C0
00003FC0
0000FFC0
0007FFC0
001FFF80
00FFFE00
07FFF000
1FFF8000
FFFE0000
FFF00000
FFC00000
FE000000
F0000000
C0000000
ENDCHAR
STARTCHAR 003F
ENCODING 63
SWIDTH 600 0
DWIDTH 30 0
BBX 25 34 2 0
BITMAP
007F8000
03FFF000
0FFFFC00
1FFFFE00
3FFFFF00
3FFFFF00
7F80FF80
7F003F80
FF003F80
FE003F80
FE003F80
00003F80
00007F80
0000FF00
0001FE00
0003FE00
000FFC00
001FF000
003FE000
003FC000
007F8000
007F0000
007E0000
00FE0000
00000000
00000000
00000000
00FE0000
00FE0000
00FE0000
00FE0000
00FE0000
00FE0000
00FE0000
ENDCHAR
STARTCHAR 0040
ENCODING 64
SWIDTH 600 0
DWIDTH 30 0
BBX 28 43 1 -7
BITMAP
000FE000
007FF800
00FFFC00
01F83E00
03C00F00
07800780
0F0003C0
0E0003C0
1E0001C0
1C0F81E0
3C1FDEE0
383FDEE0
3878FCF0
78F07CF0
70F07C70
71E07C70
71E07C70
F1C07870
F3C07870
F3C07870
E3C07870
E3C07870
E3C07870
E3C070F0
E3C0F0F0
E3C0F0E0
E3C0F0E0
F3C1F0E0
F3C1F1E0
73C3F1C0
71E773C0
71FF7F80
78FE3F00
38783E00
3C000000
3C000000
1E000200
0F000700
0F801F00
07E07E00
03FFFC00
00FFF000
003F8000
ENDCHAR
STARTCHAR 0041
ENCODING 65
SWIDTH 600 0
DWIDTH 30 0
BBX 30 33 0 0
BITMAP
001FE000
003FF000
003FF000
003FF000
007FF800
007FF800
007EF800
00FCFC00
00FCFC00
00FCFC00
01F87E00
01F87E00
01F87E00
03F87F00
03F03F00
03F03F00
07F03F80
07E01F80
07E01F80
0FFFFFC0
0FFFFFC0
0FFFFFC0
1FFFFFE0
1FFFFFE0
1F8007E0
3F8007F0
3F8007F0
3F8007F0
7F0003F8
7F0003F8
7F0003F8
FF0003FC
FE0001FC
ENDCHAR
STARTCHAR 0042
ENCODING 66
SWIDTH 600 0
DWIDTH 30 0
BBX 26 33 3 0
BITMAP
FFFFC000
FFFFF000
FFFFFC00
FFFFFE00
FFFFFE00
FF03FF00
FF00FF00
FF00FF00
FF007F00
FF007F00
FF007F00
FF00FE00
FF01FE00
FFFFFC00
FFFFF000
FFFF8000
FFFFF800
FFFFFE00
FF01FF00
FF007F80
FF003F80
FF001FC0
FF001FC0
FF001FC0
FF001FC0
FF003FC0
FF007FC0
FF01FF80
FFFFFF80
FFFFFF00
FFFFFE00
FFFFF800
FFFFE000
ENDCHAR
STARTCHAR 0043
ENCODING 67
SWIDTH 600 0
DWIDTH 30 0
BBX 27 35 2 -1
BITMAP
003FC000
01FFF000
07FFFC00
0FFFFE00
1FFFFF00
1FFFFF00
3FE0FF80
3FC03F80
7F803FC0
7F001FC0
7F001800
FF000000
FF000000
FE000000
FE000000
FE000000
FE000000
FE000000
FE000000
FE000000
FE000000
FF000000
FF000000
FF000E00
7F001FE0
7F801FC0
7F803FC0
3FC03F80
3FE07F80
1FFFFF00
0FFFFF00
0FFFFE00
03FFFC00
01FFF000
003FC000
ENDCHAR
STARTCHAR 0044
ENCODING 68
SWIDTH 600 0
DWIDTH 30 0
BBX 25 33 3 0
BITMAP
FFFC0000
FFFF8000
FFFFE000
FFFFF000
FFFFF800
FFFFFC00
FF07FE00
FF01FE00
FF00FF00
FF007F00
FF007F00
FF007F80
FF007F80
FF003F80
FF003F80
FF003F80
FF003F80
FF003F80
FF003F80
FF003F80
FF007F80
FF007F80
FF007F00
FF00FF00
FF00FF00
FF01FE00
FF03FE00
FFFFFC00
FFFFF800
FFFFF000
FFFFE000
FFFFC000
FFFE0000
ENDCHAR
STARTCHAR 0045
ENCODING 69
SWIDTH 600 0
DWIDTH 30 0
BBX 25 33 3 0
BITMAP
FFFFFF00
FFFFFF00
FFFFFF00
FFFFFF00
FFFFFF00
FFFFFF00
FF000000
FF000000
FF000000
FF000000
FF000000
FF000000
FF000000
FFFFFC00
FFFFFC00
FFFFFC00
FFFFFC00
FFFFFC00
FFFFFC00
FF000000
FF000000
FF000000
FF000000
FF000000
FF000000
FF000000
FF000000
FFFFFF80
FFFFFF80
FFFFFF80
FFFFFF80
FFFFFF80
FFFFFF80
ENDCHAR
STARTCHAR 0046
ENCODING 70
SWIDTH 600 0
DWIDTH 30 0
BBX 23 33 4 0
BITMAP
FFFFFE
FFFFFE
FFFFFE
FFFFFE
FFFFFE
FFFFFE
FE0000
FE0000
FE0000
FE0000
FE0000
FE0000
FE0000
FE0000
FE0000
FFFFFC
FFFFFC
FFFFFC
FFFFFC
FFFFFC
FFFFFC
FE0000
FE0000
FE0000
FE0000
FE0000
FE0000
FE0000
FE0000
FE0000
FE0000
FE0000
FE0000
ENDCHAR
STARTCHAR 0047
ENCODING 71
SWIDTH 600 0
DWIDTH 30 0
BBX 26 35 2 -1
BITMAP
007F8000
01FFF000
07FFF800
0FFFFC00
1FFFFE00
1FFFFF00
3FE0FF00
3F807F00
7F803F80
7F003800
7F000000
FF000000
FF000000
FE000000
FE000000
FE000000
FE0FFFC0
FE0FFFC0
FE0FFFC0
FE0FFFC0
FE0FFFC0
FE001FC0
FF001FC0
7F001FC0
7F001FC0
7F801FC0
7F801FC0
3FC01FC0
3FE07FC0
1FFFFFC0
0FFFFF80
07FFFE00
03FFFC00
01FFF000
007F8000
ENDCHAR
STARTCHAR 0048
ENCODING 72
SWIDTH 600 0
DWIDTH 30 0
BBX 24 33 3 0
BITMAP
FF00FF
FF00FF
FF00FF
FF00FF
FF00FF
FF00FF
FF00FF
FF00FF
FF00FF
FF00FF
FF00FF
FF00FF
FF00FF
FFFFFF
FFFFFF
FFFFFF
FFFFFF
FFFFFF
FFFFFF
FF00FF
FF00FF
FF00FF
FF00FF
FF00FF
FF00FF
FF00FF
FF00FF
FF00FF
FF00FF
FF00FF
FF00FF
FF00FF
FF00FF
ENDCHAR
STARTCHAR 0049
ENCODING 73
SWIDTH 600 0
DWIDTH 30 0
BBX 22 33 4 0
BITMAP
FFFFFC
FFFFFC
FFFFFC
FFFFFC
FFFFFC
FFFFFC
01FE00
01FE00
01FE00
01FE00
01FE00
01FE00
01FE00
01FE00
01FE00
01FE00
01FE00
01FE00
01FE00
01FE00
01FE00
01FE00
01FE00
01FE00
01FE00
01FE00
01FE00
FFFFFC
FFFFFC
FFFFFC
FFFFFC
FFFFFC
FFFFFC
ENDCHAR
STARTCHAR 004A
ENCODING 74
SWIDTH 600 0
DWIDTH 30 0
BBX 22 34 3 -1
BITMAP
01FFFC
01FFFC
01FFFC
01FFFC
01FFFC
01FFFC
0001FC
0001FC
0001FC
0001FC
0001FC
0001FC
0001FC
0001FC
0001FC
0001FC
0001FC
0001FC
0001FC
0001FC
0001FC
0001FC
0001FC
1E01FC
FE01FC
FE03FC
FF03F8
FF87F8
7FFFF8
7FFFF0
3FFFE0
1FFFC0
07FF80
01FE00
ENDCHAR
STARTCHAR 004B
ENCODING 75
SWIDTH 600 0
DWIDTH 30 0
BBX 27 33 3 0
BITMAP
FF003FC0
FF007F80
FF00FF80
FF00FF00
FF01FE00
FF03FC00
FF07F800
FF07F800
FF0FF000
FF1FE000
FF1FC000
FF3F8000
FF7F8000
FFFF0000
FFFF0000
FFFF0000
FFFF8000
FFFF8000
FFFFC000
FFFFE000
FFDFE000
FF8FF000
FF0FF800
FF07F800
FF03FC00
FF03FC00
FF01FE00
FF01FF00
FF00FF00
FF00FF80
FF007F80
FF003FC0
FF003FE0
ENDCHAR
STARTCHAR 004C
ENCODING 76
SWIDTH 600 0
DWIDTH 30 0
BBX 22 33 5 0
BITMAP
FE0000
FE0000
FE0000
FE0000
FE0000
FE0000
FE0000
FE0000
FE0000
FE0000
FE0000
FE0000
FE0000
FE0000
FE0000
FE0000
FE0000
FE0000
FE0000
FE0000
FE0000
FE0000
FE0000
FE0000
FE0000
FE0000
FE0000
FFFFFC
FFFFFC
FFFFFC
FFFFFC
FFFFFC
FFFFFC
ENDCHAR
STARTCHAR 004D
ENCODING 77
SWIDTH 600 0
DWIDTH 30 0
BBX 26 33 2 0
BITMAP
FF807FC0
FF807FC0
FFC07FC0
FFC0FFC0
FFC0FFC0
FFC0FFC0
FFE0FFC0
FFE1FFC0
FFE1FFC0
FDE1EFC0
FDF1EFC0
FDF3EFC0
FDF3EFC0
FCF3EFC0
FCFBCFC0
FCFFCFC0
FCFFCFC0
FC7F8FC0
FC7F8FC0
FC7F8FC0
FC7F8FC0
FC3F0FC0
FC3F0FC0
FC3F0FC0
FC000FC0
FC000FC0
FC000FC0
FC000FC0
FC000FC0
FC000FC0
FC000FC0
FC000FC0
FC000FC0
ENDCHAR
STARTCHAR 004E
ENCODING 78
SWIDTH 600 0
DWIDTH 30 0
BBX 24 33 3 0
BITMAP
FF807F
FF807F
FF807F
FFC07F
FFC07F
FFE07F
FFE07F
FFE07F
FFF07F
FFF07F
FDF07F
FDF87F
FDF87F
FCFC7F
FCFC7F
FE7C7F
FE7E7F
FE7E7F
FE3F7F
FE3F3F
FE1F3F
FE1FBF
FE1FBF
FE0FBF
FE0FFF
FE0FFF
FE07FF
FE07FF
FE03FF
FE03FF
FE03FF
FE01FF
FE01FF
ENDCHAR
STARTCHAR 004F
ENCODING 79
SWIDTH 600 0
DWIDTH 30 0
BBX 26 35 2 -1
BITMAP
007F8000
01FFF000
07FFF800
0FFFFC00
1FFFFE00
3FFFFF00
3FC0FF00
7F807F80
7F807F80
7F003F80
FF003FC0
FF003FC0
FE001FC0
FE001FC0
FE001FC0
FE001FC0
FE001FC0
FE001FC0
FE001FC0
FE001FC0
FE001FC0
FE001FC0
FE001FC0
FF003FC0
FF003FC0
7F003F80
7F807F80
7F807F80
3FC0FF00
3FFFFF00
1FFFFE00
0FFFFC00
07FFF800
01FFE000
007F8000
ENDCHAR
STARTCHAR 0050
ENCODING 80
SWIDTH 600 0
DWIDTH 30 0
BBX 25 33 3 0
BITMAP
FFFF8000
FFFFF000
FFFFF800
FFFFFE00
FFFFFE00
FFFFFF00
FF00FF00
FF007F80
FF007F80
FF003F80
FF003F80
FF003F80
FF007F80
FF007F00
FF00FF00
FFFFFF00
FFFFFE00
FFFFFC00
FFFFF800
FFFFE000
FFFF8000
FF000000
FF000000
FF000000
FF000000
FF000000
FF000000
FF000000
FF000000
FF000000
FF000000
FF000000
FF000000
ENDCHAR
STARTCHAR 0051
ENCODING 81
SWIDTH 600 0
DWIDTH 30 0
BBX 27 44 2 -10
BITMAP
007F8000
01FFE000
07FFF800
0FFFFC00
1FFFFE00
3FFFFF00
3FC0FF00
7F807F80
7F807F80
7F003F80
FF003FC0
FF003FC0
FE001FC0
FE001FC0
FE001FC0
FE001FC0
FE001FC0
FE001FC0
FE001FC0
FE001FC0
FE001FC0
FE001FC0
FE001FC0
FF003FC0
FF003FC0
7F003F80
7F807F80
7F807F80
3FC0FF00
3FF3FF00
1FFFFE00
0FFFFC00
07FFF800
03FFF000
00FFC000
003F8000
003FC000
001FE000
001FFC60
000FFFE0
0007FFE0
0003FFE0
0001FFE0
00007FC0
ENDCHAR
STARTCHAR 0052
ENCODING 82
SWIDTH 600 0
DWIDTH 30 0
BBX 27 33 3 0
BITMAP
FFFF8000
FFFFF000
FFFFFC00
FFFFFE00
FFFFFF00
FFFFFF00
FF00FF80
FF007F80
FF003F80
FF003F80
FF003F80
FF003F80
FF007F80
FF007F80
FF01FF00
FFFFFF00
FFFFFE00
FFFFFC00
FFFFF000
FFFFE000
FFFFE000
FF0FF000
FF07F800
FF07F800
FF03FC00
FF01FC00
FF01FE00
FF00FF00
FF00FF00
FF007F80
FF007F80
FF003FC0
FF001FE0
ENDCHAR
STARTCHAR 0053
ENCODING 83
SWIDTH 600 0
DWIDTH 30 0
BBX 27 35 1 -1
BITMAP
003FE000
01FFF800
07FFFE00
0FFFFF00
1FFFFF80
3FE0FF80
3FC03FC0
3F801FC0
3F801FC0
3F801F00
3F800000
3FC00000
3FE00000
3FFC0000
1FFF8000
0FFFF000
07FFFC00
03FFFF00
00FFFF80
001FFFC0
0001FFE0
00003FE0
00001FE0
00000FE0
00000FE0
1E000FE0
FE000FE0
FF000FE0
7F801FE0
7FF9FFC0
3FFFFFC0
1FFFFF80
0FFFFF00
03FFFC00
007FE000
ENDCHAR
STARTCHAR 0054
ENCODING 84
SWIDTH 600 0
DWIDTH 30 0
BBX 28 33 1 0
BITMAP
FFFFFFF0
FFFFFFF0
FFFFFFF0
FFFFFFF0
FFFFFFF0
FFFFFFF0
003FC000
003FC000
003FC000
003FC000
003FC000
003FC000
003FC000
003FC000
003FC000
003FC000
003FC000
003FC000
003FC000
003FC000
003FC000
003FC000
003FC000
003FC000
003FC000
003FC000
003FC000
003FC000
003FC000
003FC000
003FC000
003FC000
003FC000
ENDCHAR
STARTCHAR 0055
ENCODING 85
SWIDTH 600 0
DWIDTH 30 0
BBX 24 34 3 -1
BITMAP
FE007F
FE007F
FE007F
FE007F
FE007F
FE007F
FE007F
FE007F
FE007F
FE007F
FE007F
FE007F
FE007F
FE007F
FE007F
FE007F
FE007F
FE007F
FE007F
FE007F
FE007F
FE007F
FE007F
FF00FF
FF00FE
7F00FE
7F01FE
7F81FE
3FFFFC
3FFFFC
1FFFF8
0FFFF0
07FFC0
01FF00
ENDCHAR
STARTCHAR 0056
ENCODING 86
SWIDTH 600 0
DWIDTH 30 0
BBX 30 33 0 0
BITMAP
FF0003FC
7F0003F8
7F0003F8
7F8007F8
3F8007F0
3F8007F0
3FC007F0
1FC00FE0
1FC00FE0
1FC00FE0
0FE01FC0
0FE01FC0
0FE01FC0
07F03F80
07F03F80
07F03F80
03F83F00
03F87F00
03F87F00
01F87E00
01FCFE00
01FCFE00
00FCFC00
00FEFC00
00FFFC00
007FF800
007FF800
003FF800
003FF000
003FF000
001FF000
001FE000
001FE000
ENDCHAR
STARTCHAR 0057
ENCODING 87
SWIDTH 600 0
DWIDTH 30 0
BBX 30 33 0 0
BITMAP
FC0000FC
FE0001FC
FE0001FC
7E0001F8
7E0001F8
7E0001F8
7E0001F8
7E0001F8
7E0001F8
7F0FC3F8
3F0FC3F0
3F0FC3F0
3F0FC3F0
3F1FE3F0
3F1FE3F0
3F1FE3F0
1F3FF3E0
1FBFF3E0
1FBFF7E0
1FBEF7E0
1FFCFFE0
1FFCFFE0
0FFCFFE0
0FFCFFC0
0FF87FC0
0FF87FC0
0FF87FC0
0FF87FC0
0FF03FC0
07F03F80
07F03F80
07F03F80
07E01F80
ENDCHAR
STARTCHAR 0058
ENCODING 88
SWIDTH 600 0
DWIDTH 30 0
BBX 30 33 0 0
BITMAP
7F8007F8
3FC007F0
1FC00FE0
1FE01FE0
0FE01FC0
07F03F80
07F87F80
03F87F00
01FCFE00
01FCFE00
00FFFC00
007FF800
007FF800
003FF000
003FE000
001FE000
001FE000
003FF000
007FF000
007FF800
00FFFC00
01FFFC00
01FCFE00
03F87F00
07F87F00
07F03F80
0FF03FC0
0FE01FC0
1FC00FE0
3FC00FF0
3F8007F0
7F8003F8
FF0003FC
ENDCHAR
STARTCHAR 0059
ENCODING 89
SWIDTH 600 0
DWIDTH 30 0
BBX 30 33 0 0
BITMAP
FF0003FC
7F0003F8
3F8007F0
3FC00FF0
1FC00FE0
1FE01FE0
0FE01FC0
07F03F80
07F03F80
03F87F00
03F87F00
01FCFE00
00FDFC00
00FFFC00
007FF800
007FF800
003FF000
001FE000
001FE000
001FE000
001FE000
001FE000
001FE000
001FE000
001FE000
001FE000
001FE000
001FE000
001FE000
001FE000
001FE000
001FE000
001FE000
ENDCHAR
STARTCHAR 005A
ENCODING 90
SWIDTH 600 0
DWIDTH 30 0
BBX 26 33 2 0
BITMAP
3FFFFF80
3FFFFF80
3FFFFF80
3FFFFF80
3FFFFF80
3FFFFF00
0000FF00
0001FE00
0003FC00
0003FC00
0007F800
000FF000
001FE000
001FE000
003FC000
007F8000
00FF0000
00FF0000
01FE0000
03FC0000
03F80000
07F80000
0FF00000
1FE00000
1FE00000
3FC00000
7F800000
FFFFFFC0
FFFFFFC0
FFFFFFC0
FFFFFFC0
FFFFFFC0
FFFFFFC0
ENDCHAR
STARTCHAR 005B
ENCODING 91
SWIDTH 600 0
DWIDTH 30 0
BBX 15 46 9 -10
BITMAP
FFFE
FFFE
FFFE
FFFE
FFFE
FE00
FE00
FE00
FE00
FE00
FE00
FE00
FE00
FE00
FE00
FE00
FE00
FE00
FE00
FE00
FE00
FE00
FE00
FE00
FE00
FE00
FE00
FE00
FE00
FE00
FE00
FE00
FE00
FE00
FE00
FE00
FE00
FE00
FE00
FE00
FE00
FFFE
FFFE
FFFE
FFFE
FFFE
ENDCHAR
STARTCHAR 005C
ENCODING 92
SWIDTH 600 0
DWIDTH 30 0
BBX 26 37 2 -1
BITMAP
FC000000
7E000000
3E000000
3F000000
1F000000
1F800000
0F800000
0FC00000
07C00000
07E00000
03E00000
03F00000
01F80000
01F80000
00FC0000
007C0000
007E0000
003E0000
003F0000
001F0000
001F8000
000F8000
000FC000
0007E000
0007E000
0003F000
0001F000
0001F800
0000F800
0000FC00
00007C00
00007E00
00003E00
00003F00
00001F00
00001F80
00000FC0
ENDCHAR
STARTCHAR 005D
ENCODING 93
SWIDTH 600 0
DWIDTH 30 0
BBX 15 46 6 -10
BITMAP
FFFE
FFFE
FFFE
FFFE
FFFE
00FE
00FE
00FE
00FE
00FE
00FE
00FE
00FE
00FE
00FE
00FE
00FE
00FE
00FE
00FE
00FE
00FE
00FE
00FE
00FE
00FE
00FE
00FE
00FE
00FE
00FE
00FE
00FE
00FE
00FE
00FE
00FE
00FE
00FE
00FE
00FE
FFFE
FFFE
FFFE
FFFE
FFFE
ENDCHAR
STARTCHAR 005E
ENCODING 94
SWIDTH 600 0
DWIDTH 30 0
BBX 27 22 1 12
BITMAP
007FC000
007FC000
007FE000
00FFE000
00FBE000
01FBF000
01F1F000
03F1F800
03E0F800
03E0FC00
07E07C00
07C07E00
0FC07E00
0F803E00
1F803F00
1F001F00
3F001F80
3F000F80
3E000FC0
7E000FC0
7C0007C0
FC0007E0
ENDCHAR
STARTCHAR 005F
ENCODING 95
SWIDTH 600 0
DWIDTH 30 0
BBX 30 2 0 -5
BITMAP
FFFFFFFC
FFFFFFFC
ENDCHAR
STARTCHAR 0060
ENCODING 96
SWIDTH 600 0
DWIDTH 30 0
BBX 13 7 8 29
BITMAP
FE00
7F00
3F80
0FC0
07E0
01F0
00F8
ENDCHAR
STARTCHAR 0061
ENCODING 97
SWIDTH 600 0
DWIDTH 30 0
BBX 26 28 3 -1
BITMAP
01FF0000
07FFC000
1FFFE000
1FFFF000
3FEFF800
7F83F800
7F01FC00
7F01FC00
0001FC00
0001FC00
0001FC00
03FFFC00
1FFFFC00
3FFFFC00
7FFFFC00
FF81FC00
FF01FC00
FE01FC00
FE01FC00
FE01FC00
FE03FC00
FE07FC00
FF0FFC00
FFFFFF40
7FFEFFC0
7FFC7FC0
3FF87FC0
0FE01F00
ENDCHAR
STARTCHAR 0062
ENCODING 98
SWIDTH 600 0
DWIDTH 30 0
BBX 25 37 3 -1
BITMAP
7E000000
7E000000
7E000000
7E000000
7E000000
7E000000
7E000000
7E000000
7E000000
7E0FC000
7E3FF000
7E7FF800
7EFFFC00
7EFFFE00
7FC1FE00
7F80FF00
7F80FF00
7F007F00
7F007F00
7F007F00
7E007F80
7E007F80
7E007F80
7E007F80
7E007F80
7F007F80
7F007F00
7F007F00
7F007F00
7F80FF00
7F80FE00
7FC1FE00
7EFFFE00
7EFFFC00
FE7FF800
FE3FF000
000FC000
ENDCHAR
STARTCHAR 0063
ENCODING 99
SWIDTH 600 0
DWIDTH 30 0
BBX 24 28 3 -1
BITMAP
00FF00
03FFE0
0FFFF0
1FFFF8
3FFFFC
3FC1FE
7F80FE
7F007F
FF007F
FE0000
FE0000
FE0000
FE0000
FE0000
FE0000
FE0000
FE0000
FE0000
FE007F
FF007F
7F007F
7F80FE
3FC1FE
3FFFFC
1FFFF8
0FFFF0
03FFE0
00FF00
ENDCHAR
STARTCHAR 0064
ENCODING 100
SWIDTH 600 0
DWIDTH 30 0
BBX 25 37 2 -1
BITMAP
00003F00
00003F00
00003F00
00003F00
00003F00
00003F00
00003F00
00003F00
00003F00
01F83F00
07FE3F00
0FFF3F00
1FFFBF00
3FFFBF00
3FC1FF00
7F80FF00
7F80FF00
7F007F00
7F007F00
7F007F00
FF007F00
FF003F00
FF003F00
FF003F00
FF003F00
FF007F00
7F007F00
7F007F00
7F007F00
7F80FF00
7F80FF00
3FC1FF00
3FFFBF00
1FFFBF00
0FFF3F80
07FE3F80
01F80000
ENDCHAR
STARTCHAR 0065
ENCODING 101
SWIDTH 600 0
DWIDTH 30 0
BBX 26 28 2 -1
BITMAP
007F8000
01FFF000
07FFF800
0FFFFC00
1FF3FE00
3FC07E00
3F803F00
7F003F00
7F003F80
7F001F80
7F001F80
7FFFFF80
FFFFFF80
FFFFFFC0
FFFFFFC0
FF000000
7F000000
7F000000
7F000000
7F000000
7F801F00
3F803F80
3FE07F00
1FFFFF00
0FFFFE00
07FFFC00
01FFF000
007F8000
ENDCHAR
STARTCHAR 0066
ENCODING 102
SWIDTH 600 0
DWIDTH 30 0
BBX 24 37 3 0
BITMAP
000FFE
003FFF
00FFFF
00FFFF
01FFFF
01FC00
03FC00
03F800
03F800
03F800
03F800
FFFFFF
FFFFFF
FFFFFF
FFFFFF
FFFFFF
03F800
03F800
03F800
03F800
03F800
03F800
03F800
03F800
03F800
03F800
03F800
03F800
03F800
03F800
03F800
03F800
03F800
03F800
03F800
03F800
03F800
ENDCHAR
STARTCHAR 0067
ENCODING 103
SWIDTH 600 0
DWIDTH 30 0
BBX 24 37 3 -10
BITMAP
01F800
07FE3F
1FFF7F
1FFFFF
3FFFFF
7FC1FF
7F80FF
7F00FF
FF007F
FF007F
FE007F
FE007F
FE007F
FE007F
FE007F
FE007F
FE007F
FF007F
FF007F
7F00FF
7F80FF
7FC1FF
3FFFFF
3FFF7F
1FFF7F
0FFE7F
03F07F
00007F
00007F
00007F
1F00FE
7F81FE
3FFFFC
3FFFFC
1FFFF8
07FFE0
00FF00
ENDCHAR
STARTCHAR 0068
ENCODING 104
SWIDTH 600 0
DWIDTH 30 0
BBX 24 36 3 0
BITMAP
FE0000
FE0000
FE0000
FE0000
FE0000
FE0000
FE0000
FE0000
FE0000
FE07E0
FE1FF8
FE7FFC
FE7FFE
FEFFFE
FFE1FE
FFC0FF
FF807F
FF007F
FF007F
FF007F
FE007F
FE007F
FE007F
FE007F
FE007F
FE007F
FE007F
FE007F
FE007F
FE007F
FE007F
FE007F
FE007F
FE007F
FE007F
FE007F
ENDCHAR
STARTCHAR 0069
ENCODING 105
SWIDTH 600 0
DWIDTH 30 0
BBX 25 36 3 0
BITMAP
003F0000
003F0000
003F0000
003F0000
003F0000
00000000
00000000
00000000
00000000
00000000
3FFF0000
3FFF0000
3FFF0000
3FFF0000
3FFF0000
003F0000
003F0000
003F0000
003F0000
003F0000
003F0000
003F0000
003F0000
003F0000
003F0000
003F0000
003F0000
003F0000
003F0000
003F0000
003F0000
FFFFFF80
FFFFFF80
FFFFFF80
FFFFFF80
FFFFFF80
ENDCHAR
STARTCHAR 006A
ENCODING 106
SWIDTH 600 0
DWIDTH 30 0
BBX 18 46 3 -10
BITMAP
001FC0
001FC0
001FC0
001FC0
001FC0
000000
000000
000000
000000
000000
1FFFC0
1FFFC0
1FFFC0
1FFFC0
1FFFC0
001FC0
001FC0
001FC0
001FC0
001FC0
001FC0
001FC0
001FC0
001FC0
001FC0
001FC0
001FC0
001FC0
001FC0
001FC0
001FC0
001FC0
001FC0
001FC0
001FC0
001FC0
001FC0
001FC0
001FC0
003FC0
F1FF80
FFFF80
FFFF00
FFFE00
FFF800
3FE000
ENDCHAR
STARTCHAR 006B
ENCODING 107
SWIDTH 600 0
DWIDTH 30 0
BBX 24 36 4 0
BITMAP
FE0000
FE0000
FE0000
FE0000
FE0000
FE0000
FE0000
FE0000
FE0000
FE0000
FE00FE
FE01FE
FE03FC
FE07F8
FE07F0
FE0FE0
FE1FC0
FE3F80
FE7F00
FEFE00
FFFE00
FFFE00
FFFF00
FFFF80
FFFF80
FF1FC0
FE1FE0
FE0FE0
FE07F0
FE07F8
FE03F8
FE03FC
FE01FC
FE00FE
FE00FF
FE007F
ENDCHAR
STARTCHAR 006C
ENCODING 108
SWIDTH 600 0
DWIDTH 30 0
BBX 23 36 5 0
BITMAP
FFFC00
FFFC00
FFFC00
FFFC00
00FC00
00FC00
00FC00
00FC00
00FC00
00FC00
00FC00
00FC00
00FC00
00FC00
00FC00
00FC00
00FC00
00FC00
00FC00
00FC00
00FC00
00FC00
00FC00
00FC00
00FC00
00FC00
00FC00
00FC00
00FC00
00FE00
00FE00
00FFFE
007FFE
003FFE
001FFE
0007FE
ENDCHAR
STARTCHAR 006D
ENCODING 109
SWIDTH 600 0
DWIDTH 30 0
BBX 26 27 2 0
BITMAP
00F83E00
F9FC7F00
FBFCFF80
FFFEFFC0
FFFFDFC0
FE3F8FC0
FC3F0FC0
FC3F0FC0
FC3F07C0
FC3F07C0
F83F07C0
F83F07C0
F83F07C0
F83F07C0
F83F07C0
F83F07C0
F83F07C0
F83F07C0
F83F07C0
F83F07C0
F83F07C0
F83F07C0
F83F07C0
F83F07C0
F83F07C0
F83F07C0
F83F07C0
ENDCHAR
STARTCHAR 006E
ENCODING 110
SWIDTH 600 0
DWIDTH 30 0
BBX 24 27 3 0
BITMAP
0007E0
FE1FF8
FE7FFC
FE7FFE
FEFFFE
FFE1FE
FFC0FF
FF807F
FF007F
FF007F
FF007F
FE007F
FE007F
FE007F
FE007F
FE007F
FE007F
FE007F
FE007F
FE007F
FE007F
FE007F
FE007F
FE007F
FE007F
FE007F
FE007F
ENDCHAR
STARTCHAR 006F
ENCODING 111
SWIDTH 600 0
DWIDTH 30 0
BBX 26 28 2 -1
BITMAP
007F8000
03FFF000
07FFFC00
0FFFFE00
1FFFFE00
3FC0FF00
3F807F00
7F803F80
7F003F80
7F003F80
FF003FC0
FF003FC0
FE001FC0
FE001FC0
FE001FC0
FE001FC0
FF003FC0
FF003FC0
7F003F80
7F003F80
7F003F80
3F807F00
3FC0FF00
1FFFFE00
0FFFFC00
07FFF800
03FFF000
007F8000
ENDCHAR
STARTCHAR 0070
ENCODING 112
SWIDTH 600 0
DWIDTH 30 0
BBX 25 37 3 -10
BITMAP
000FC000
FE3FF000
FE7FF800
7EFFFC00
7EFFFE00
7FC1FE00
7F80FE00
7F80FF00
7F007F00
7F007F00
7F007F00
7F007F80
7E007F80
7E007F80
7E007F80
7E007F80
7E007F80
7F007F00
7F007F00
7F007F00
7F80FF00
7F80FE00
7FC1FE00
7EFFFE00
7EFFFC00
7E7FF800
7E3FF000
7E0FC000
7E000000
7E000000
7E000000
7E000000
7E000000
7E000000
7E000000
7E000000
7E000000
ENDCHAR
STARTCHAR 0071
ENCODING 113
SWIDTH 600 0
DWIDTH 30 0
BBX 25 37 2 -10
BITMAP
01F80000
07FE3F80
0FFF3F80
1FFFBF00
1FFFBF00
3FC1FF00
3F80FF00
7F80FF00
7F007F00
7F007F00
7F007F00
FF007F00
FF003F00
FF003F00
FF003F00
FF007F00
FF007F00
7F007F00
7F007F00
7F007F00
7F80FF00
7F80FF00
3FC1FF00
3FFFBF00
1FFFBF00
0FFF3F00
07FE3F00
01F83F00
00003F00
00003F00
00003F00
00003F00
00003F00
00003F00
00003F00
00003F00
00003F00
ENDCHAR
STARTCHAR 0072
ENCODING 114
SWIDTH 600 0
DWIDTH 30 0
BBX 21 27 5 0
BITMAP
0007F8
FE1FF8
FE3FF8
FE7FF8
7EFFF8
7FFFF8
7FF800
7FE000
7FC000
7FC000
7F8000
7F8000
7F0000
7F0000
7F0000
7F0000
7F0000
7F0000
7F0000
7F0000
7F0000
7F0000
7F0000
7F0000
7F0000
7F0000
7F0000
ENDCHAR
STARTCHAR 0073
ENCODING 115
SWIDTH 600 0
DWIDTH 30 0
BBX 24 28 3 -1
BITMAP
00FF80
07FFE0
1FFFF8
3FFFFC
3FFFFC
7F00FE
7E007E
7E007C
7F0000
7F8000
7FF000
3FFF00
3FFFE0
1FFFF8
07FFFC
01FFFE
001FFE
0001FF
00007F
00003F
1C003F
FE007F
FF007E
7FFFFE
3FFFFC
1FFFF8
0FFFF0
01FF80
ENDCHAR
STARTCHAR 0074
ENCODING 116
SWIDTH 600 0
DWIDTH 30 0
BBX 21 34 4 -1
BITMAP
03E000
03E000
03E000
07E000
07E000
07E000
0FE000
FFFFF0
FFFFF0
FFFFF0
FFFFF0
FFFFF0
0FE000
0FE000
0FE000
0FE000
0FE000
0FE000
0FE000
0FE000
0FE000
0FE000
0FE000
0FE000
0FE000
0FE000
0FE000
0FE000
0FF000
07FFF8
07FFF8
03FFF8
01FFF8
007FF0
ENDCHAR
STARTCHAR 0075
ENCODING 117
SWIDTH 600 0
DWIDTH 30 0
BBX 23 27 3 -1
BITMAP
FE00FE
FE00FE
FE00FE
FE00FE
FE00FE
FE00FE
FE00FE
FE00FE
FE00FE
FE00FE
FE00FE
FE00FE
FE00FE
FE00FE
FE00FE
FE00FE
FE00FE
FE00FE
FF00FE
FF01FE
7F83FE
7FC77E
7FFF7E
3FFE7E
3FFC7E
1FF87E
07F000
ENDCHAR
STARTCHAR 0076
ENCODING 118
SWIDTH 600 0
DWIDTH 30 0
BBX 28 26 1 0
BITMAP
FE0007F0
FF000FF0
7F000FE0
7F000FE0
7F801FC0
3F801FC0
3F801FC0
1FC03F80
1FC03F80
1FC03F00
0FE07F00
0FE07F00
07E07E00
07F0FE00
07F0FC00
03F1FC00
03F9FC00
03F9F800
01F9F800
01FBF000
00FFF000
00FFF000
00FFE000
007FE000
007FC000
007FC000
ENDCHAR
STARTCHAR 0077
ENCODING 119
SWIDTH 600 0
DWIDTH 30 0
BBX 30 26 0 0
BITMAP
FC0000FC
7C0000F8
7C0000F8
7C0000F8
7C0000F8
7E0001F8
7E0FC1F8
3E0FC1F0
3E0FC1F0
3E0FC1F0
3E1FE1F0
3E1FE3F0
3F1FE3F0
1F3FF3E0
1F3CF3E0
1F3CF3E0
1F7CFBE0
1F787BE0
1F787BC0
0FF87FC0
0FF07FC0
0FF03FC0
0FF03FC0
0FE03FC0
0FE01F80
07E01F80
ENDCHAR
STARTCHAR 0078
ENCODING 120
SWIDTH 600 0
DWIDTH 30 0
BBX 26 26 2 0
BITMAP
FE003FC0
7F003F80
3F807F00
3F80FF00
1FC0FE00
0FE1FC00
07F3F800
07F3F800
03FFF000
01FFE000
00FFC000
00FFC000
007F8000
00FFC000
00FFC000
01FFE000
03FFF000
07F3F800
07F3F800
0FE1FC00
1FC0FE00
1FC0FE00
3F807F00
7F003F80
FF003FC0
FE001FC0
ENDCHAR
STARTCHAR 0079
ENCODING 121
SWIDTH 600 0
DWIDTH 30 0
BBX 28 36 1 -10
BITMAP
FF0007F0
7F000FE0
7F000FE0
3F800FE0
3F801FC0
3F801FC0
1FC01F80
1FC03F80
0FC03F80
0FE03F00
0FE07F00
07E07E00
07F0FE00
03F0FE00
03F8FC00
01F8FC00
01F9F800
01F9F800
00FDF800
00FDF000
007FF000
007FE000
003FE000
003FE000
003FC000
001FC000
001F8000
003F8000
003F8000
007F0000
00FF0000
3FFE0000
3FFE0000
3FFC0000
3FF80000
3FE00000
ENDCHAR
STARTCHAR 007A
ENCODING 122
SWIDTH 600 0
DWIDTH 30 0
BBX 23 26 3 0
BITMAP
7FFFFC
7FFFFC
7FFFFC
7FFFFC
7FFFFC
0003FC
0007F8
000FF0
001FE0
003FC0
007F80
007F00
00FF00
01FE00
03FC00
07F800
0FF000
1FE000
1FC000
3FC000
7F8000
FFFFFE
FFFFFE
FFFFFE
FFFFFE
FFFFFE
ENDCHAR
STARTCHAR 007B
ENCODING 123
SWIDTH 600 0
DWIDTH 30 0
BBX 21 46 5 -10
BITMAP
007FF8
00FFF8
01FFF8
03FFF8
03FFF8
07F800
07F000
07F000
07F000
07F000
07F000
07F000
07F000
07F000
07F000
07F000
07F000
07F000
07F000
0FE000
3FE000
FFC000
FF8000
FE0000
FF8000
FFC000
1FE000
0FE000
07F000
07F000
07F000
07F000
07F000
07F000
07F000
07F000
07F000
07F000
07F000
07F000
07F800
03FFF8
03FFF8
01FFF8
00FFF8
007FF8
ENDCHAR
STARTCHAR 007C
ENCODING 124
SWIDTH 600 0
DWIDTH 30 0
BBX 6 47 12 -11
BITMAP
FC
FC
FC
FC
FC
FC
FC
FC
FC
FC
FC
FC
FC
FC
FC
FC
FC
FC
FC
FC
FC
FC
FC
FC
FC
FC
FC
FC
FC
FC
FC
FC
FC
FC
FC
FC
FC
FC
FC
FC
FC
FC
FC
FC
FC
FC
FC
ENDCHAR
STARTCHAR 007D
ENCODING 125
SWIDTH 600 0
DWIDTH 30 0
BBX 21 46 4 -10
BITMAP
FFF000
FFF800
FFFC00
FFFE00
FFFE00
00FF00
007F00
007F00
007F00
007F00
007F00
007F00
007F00
007F00
007F00
007F00
007F00
007F00
007F00
003F80
003FE0
001FF8
000FF8
0003F8
000FF8
001FF8
003FC0
003F80
007F00
007F00
007F00
007F00
007F00
007F00
007F00
007F00
007F00
007F00
007F00
007F00
00FF00
FFFE00
FFFE00
FFFC00
FFF800
FFF000
ENDCHAR
STARTCHAR 007E
ENCODING 126
SWIDTH 600 0
DWIDTH 30 0
BBX 26 8 2 13
BITMAP
1FE00000
7FFC00C0
FFFF83C0
FFFFFFC0
FFFFFFC0
F07FFFC0
C00FFF80
0000FE00
ENDCHAR
STARTCHAR 00A0
ENCODING 160
SWIDTH 600 0
DWIDTH 30 0
BBX 0 0 0 0
BITMAP
ENDCHAR
STARTCHAR 00A1
ENCODING 161
SWIDTH 600 0
DWIDTH 30 0
BBX 8 33 11 -7
BITMAP
7F
7F
7F
7F
7F
7F
7F
00
00
00
7E
7E
7E
7E
7E
7E
7E
7E
7E
7E
7E
7E
7E
7E
7E
7E
7E
7E
7E
7E
FF
FF
FF
ENDCHAR
STARTCHAR 00A2
ENCODING 162
SWIDTH 600 0
DWIDTH 30 0
BBX 26 35 2 -1
BITMAP
001E0000
001E0000
001E0000
001E0000
001E0000
00FFE000
03FFF800
07FFFC00
0FFFFE00
1FFFFF00
3FDE7F80
3F9E3F80
7F1E3F80
7F1E1FC0
7F1E0000
7E1E0000
FE1E0000
FE1E0000
FE1E0000
FE1E0000
7F1E0000
7F1E1F00
7F1E1FC0
7F1E3F80
3F9E3F80
3FDE7F00
1FFFFF00
0FFFFE00
07FFFC00
03FFF000
007F8000
001E0000
001E0000
001E0000
001E0000
ENDCHAR
STARTCHAR 00A3
ENCODING 163
SWIDTH 600 0
DWIDTH 30 0
BBX 27 33 2 0
BITMAP
003FE000
00FFF800
01FFFC00
03FFFE00
07FFFE00
07F07F00
07E03F00
0FE01800
0FE00000
0FE00000
0FC00000
0FC00000
0FC00000
0FC00000
0FC00000
FFFF8000
FFFF8000
FFFF8000
FFFF8000
0FC00000
0FC00000
0FC00000
0FC00000
0FC00000
0FC00700
1F8007E0
3F000FC0
7E003FC0
FFFFFF80
FFFFFF80
FFFFFF00
FFFFFE00
FFFFF000
ENDCHAR
STARTCHAR 00A4
ENCODING 164
SWIDTH 600 0
DWIDTH 30 0
BBX 24 25 3 4
BITMAP
100008
38001C
7C7E3E
FFFFFF
FFFFFF
7FFFFE
3FFFFC
1FFFF8
3F81FC
3F00FC
3E007C
7E007E
7E007E
7E007E
3E007C
3F00FC
3F81FC
1FFFF8
3FFFFC
7FFFFE
FFFFFF
FFFFFF
7C7E3E
38001C
100008
ENDCHAR
STARTCHAR 00A5
ENCODING 165
SWIDTH 600 0
DWIDTH 30 0
BBX 28 33 1 0
BITMAP
FE0007F0
7F000FE0
7F000FE0
3F801FC0
3F801FC0
1FC03F80
0FC03F00
0FE07F00
07E0FE00
07F0FE00
03F9FC00
01F9F800
01FFF800
00FFF000
00FFF000
007FE000
3FFFFFC0
3FFFFFC0
3FFFFFC0
3FFFFFC0
001F8000
001F8000
001F8000
001F8000
3FFFFFC0
3FFFFFC0
3FFFFFC0
3FFFFFC0
001F8000
001F8000
001F8000
001F8000
001F8000
ENDCHAR
STARTCHAR 00A6
ENCODING 166
SWIDTH 600 0
DWIDTH 30 0
BBX 6 47 12 -11
BITMAP
FC
FC
FC
FC
FC
FC
FC
FC
FC
FC
FC
FC
FC
FC
FC
FC
FC
FC
FC
00
00
00
00
00
00
00
00
00
FC
FC
FC
FC
FC
FC
FC
FC
FC
FC
FC
FC
FC
FC
FC
FC
FC
FC
FC
ENDCHAR
STARTCHAR 00A7
ENCODING 167
SWIDTH 600 0
DWIDTH 30 0
BBX 24 40 3 -4
BITMAP
00FF80
07FFF0
1FFFF8
3FFFFC
3F81FE
7F007E
7E007E
7E0000
7F0000
7F8000
3FE000
1FFE00
0FFFE0
07FFF8
0FFFFC
1FFFFE
3F01FF
7E007F
7E003F
7C003F
7E003F
7F003F
7FC07E
3FFFFC
1FFFF8
0FFFE0
03FFF8
007FFC
0007FE
0000FE
00007F
00003F
3C003F
FC003F
FE007E
7F81FE
7FFFFC
3FFFF8
0FFFF0
01FF80
ENDCHAR
STARTCHAR 00A8
ENCODING 168
SWIDTH 600 0
DWIDTH 30 0
BBX 16 5 7 30
BITMAP
FC3F
FC3F
FC3F
FC3F
FC3F
ENDCHAR
STARTCHAR 00A9
ENCODING 169
SWIDTH 600 0
DWIDTH 30 0
BBX 28 35 1 1
BITMAP
003FC000
01FFF800
03FFFC00
07C03E00
0F000F00
1E000780
3C0003C0
381F81C0
787FE1E0
70FFF0E0
71F0F8E0
F1E078F0
E3C03070
E3C00070
E3C00070
E3C00070
E3800070
E3800070
E3800070
E3C00070
E3C00070
E3C02070
E3C03C70
F1E078F0
71F0F8E0
70FFF0E0
787FE1E0
381F81C0
3C0003C0
1E000780
0F000F00
07C03E00
03FFFC00
01FFF800
003FC000
ENDCHAR
STARTCHAR 00AA
ENCODING 170
SWIDTH 600 0
DWIDTH 30 0
BBX 20 19 5 16
BITMAP
07F800
1FFE00
3FFF00
7F3F80
7C1F80
7C0F80
000F80
000F80
0FFF80
3FFF80
7FFF80
FC0F80
F80F80
F81F80
FC3F80
FFFFF0
7FEFF0
7FC7F0
1F83F0
ENDCHAR
STARTCHAR 00AB
ENCODING 171
SWIDTH 600 0
DWIDTH 30 0
BBX 24 20 3 3
BITMAP
03F03F
07F07E
07E0FE
0FE0FC
1FC1F8
1F83F8
3F07F0
7F07E0
7E0FE0
FC0FC0
FC0FC0
7E0FE0
7F07E0
3F07F0
1F83F8
1FC1F8
0FE0FC
07E0FE
07F07E
03F03F
ENDCHAR
STARTCHAR 00AC
ENCODING 172
SWIDTH 600 0
DWIDTH 30 0
BBX 25 16 2 3
BITMAP
FFFFFF80
FFFFFF80
FFFFFF80
FFFFFF80
FFFFFF80
00000F80
00000F80
00000F80
00000F80
00000F80
00000F80
00000F80
00000F80
00000F80
00000F80
00000F80
ENDCHAR
STARTCHAR 00AD
ENCODING 173
SWIDTH 600 0
DWIDTH 30 0
BBX 14 6 8 10
BITMAP
FFFC
FFFC
FFFC
FFFC
FFFC
FFFC
ENDCHAR
STARTCHAR 00AE
ENCODING 174
SWIDTH 600 0
DWIDTH 30 0
BBX 28 35 1 1
BITMAP
003FC000
01FFF800
03FFFC00
07C03E00
0F000F00
1E000780
3C0003C0
39FFC1C0
79FFF1E0
71FFF8E0
71E078E0
F1E03CF0
E1E03C70
E1E03C70
E1E03C70
E1E07870
E1E0F870
E1FFF070
E1FFE070
E1FF8070
E1E3C070
E1E1E070
E1E1E070
F1E0F0F0
71E0F0E0
71E078E0
79E07DE0
39E03DC0
3C0003C0
1E000780
0F000F00
07C03E00
03FFFC00
01FFF800
003FC000
ENDCHAR
STARTCHAR 00AF
ENCODING 175
SWIDTH 600 0
DWIDTH 30 0
BBX 30 2 0 36
BITMAP
FFFFFFFC
FFFFFFFC
ENDCHAR
STARTCHAR 00B0
ENCODING 176
SWIDTH 600 0
DWIDTH 30 0
BBX 16 15 7 20
BITMAP
07E0
1FF8
3FFC
7FFE
783E
F01F
F00F
F00F
F00F
F81F
781E
7FFE
3FFC
1FF8
07E0
ENDCHAR
STARTCHAR 00B1
ENCODING 177
SWIDTH 600 0
DWIDTH 30 0
BBX 26 31 2 0
BITMAP
003F0000
003F0000
003F0000
003F0000
003F0000
003F0000
003F0000
003F0000
FFFFFFC0
FFFFFFC0
FFFFFFC0
FFFFFFC0
FFFFFFC0
003F0000
003F0000
003F0000
003F0000
003F0000
003F0000
003F0000
003F0000
003F0000
00000000
00000000
00000000
00000000
FFFFFFC0
FFFFFFC0
FFFFFFC0
FFFFFFC0
FFFFFFC0
ENDCHAR
STARTCHAR 00B2
ENCODING 178
SWIDTH 600 0
DWIDTH 30 0
BBX 17 21 7 13
BITMAP
07F000
1FFC00
7FFE00
7FFF00
FC3F00
FC1F00
001F00
003F00
003F00
00FE00
01FC00
03F800
0FF000
1FC000
3F8000
7E0000
FE0000
FFFF80
FFFF80
FFFF80
FFFF80
ENDCHAR
STARTCHAR 00B3
ENCODING 179
SWIDTH 600 0
DWIDTH 30 0
BBX 17 21 6 13
BITMAP
03F800
1FFE00
3FFF00
3FFF80
7E1F80
7C0F80
001F80
003F00
03FE00
03F800
03FE00
03FF00
001F80
000F80
FC0F80
7C0F80
7E1F80
7FFF80
3FFF00
1FFE00
07F800
ENDCHAR
STARTCHAR 00B4
ENCODING 180
SWIDTH 600 0
DWIDTH 30 0
BBX 12 7 9 29
BITMAP
03F0
07F0
0FC0
1F80
3F00
7C00
F800
ENDCHAR
STARTCHAR 00B5
ENCODING 181
SWIDTH 600 0
DWIDTH 30 0
BBX 24 36 3 -10
BITMAP
FE007F
FE007F
FE007F
FE007F
FE007F
FE007F
FE007F
FE007F
FE007F
FE007F
FE007F
FE007F
FE007F
FE007F
FE007F
FE007F
FE007F
FE00FF
FE00FF
FF00FF
FF01FF
FFC7FF
FFFFFF
FFFF7F
FFFF7F
FFFE7F
FE7800
FE0000
FE0000
FE0000
FE0000
FE0000
FE0000
FE0000
FE0000
FE0000
ENDCHAR
STARTCHAR 00B6
ENCODING 182
SWIDTH 600 0
DWIDTH 30 0
BBX 24 41 3 -8
BITMAP
07FFFF
1FFFFF
3FFFFF
7FFFFF
7FF078
FFF078
FFF078
FFF078
FFF078
FFF078
FFF078
FFF078
7FF078
7FF078
3FF078
1FF078
07F078
007078
007078
007078
007078
007078
007078
007078
007078
007078
007078
007078
007078
007078
007078
007078
007078
007078
007078
007078
007078
007078
007078
007078
007078
ENDCHAR
STARTCHAR 00B7
ENCODING 183
SWIDTH 600 0
DWIDTH 30 0
BBX 8 7 11 10
BITMAP
FF
FF
FF
FF
FF
FF
FF
ENDCHAR
STARTCHAR 00B8
ENCODING 184
SWIDTH 600 0
DWIDTH 30 0
BBX 10 11 2 -11
BITMAP
1C00
3C00
3C00
3F80
7FC0
07C0
03C0
07C0
FF80
FF80
FC00
ENDCHAR
STARTCHAR 00B9
ENCODING 185
SWIDTH 600 0
DWIDTH 30 0
BBX 16 21 7 13
BITMAP
07E0
0FE0
1FE0
FFE0
FFE0
F7E0
C7E0
07E0
07E0
07E0
07E0
07E0
07E0
07E0
07E0
07E0
07E0
07E0
FFFF
FFFF
FFFF
ENDCHAR
STARTCHAR 00BA
ENCODING 186
SWIDTH 600 0
DWIDTH 30 0
BBX 18 19 6 16
BITMAP
07F800
1FFE00
3FFF00
7FFF80
7E1F80
FC0FC0
FC07C0
F807C0
F807C0
F807C0
F807C0
F807C0
FC0FC0
FC0FC0
7E1F80
7FFF80
3FFF00
1FFE00
03F000
ENDCHAR
STARTCHAR 00BB
ENCODING 187
SWIDTH 600 0
DWIDTH 30 0
BBX 24 20 3 3
BITMAP
FC0FC0
7E0FE0
7F07E0
3F07F0
1F83F8
1FC1F8
0FE0FC
07E0FE
07F07E
03F03F
03F03F
07F07E
07E0FE
0FE0FC
1FC1F8
1F83F8
3F07F0
7F07E0
7E0FE0
FC0FC0
ENDCHAR
STARTCHAR 00BC
ENCODING 188
SWIDTH 600 0
DWIDTH 30 0
BBX 29 33 0 0
BITMAP
07C00780
0FC00780
3FC00F00
FFC00F00
FFC01E00
F7C01C00
E7C03C00
07C07800
07C07800
07C0F000
07C0F000
07C1E000
07C1E000
07C3C000
07C3C3E0
07C787E0
07C70FE0
07CF1FE0
07DE1FE0
001E3FE0
003C7BE0
003C73E0
0078F3E0
0079E3E0
00F3C3E0
00F3FFF8
01E3FFF8
03C3FFF8
03C3FFF8
078003E0
078003E0
0F0003E0
0F0003E0
ENDCHAR
STARTCHAR 00BD
ENCODING 189
SWIDTH 600 0
DWIDTH 30 0
BBX 30 33 0 0
BITMAP
07C00780
0FC00F00
3FC00F00
FFC01E00
FFC01E00
F7C03C00
E7C03C00
07C07800
07C07000
07C0F000
07C1E000
07C1E000
07C3C000
07C3C000
07C78FC0
07C7BFF0
07CF7FF8
07CF7CF8
07DEF878
001CF87C
003C0078
007800F8
007801F8
00F003F0
00F00FE0
01E01F80
01E03F00
03C07C00
03C07800
0780FFF8
0F00FFF8
0F00FFF8
1E00FFF8
ENDCHAR
STARTCHAR 00BE
ENCODING 190
SWIDTH 600 0
DWIDTH 30 0
BBX 30 33 0 0
BITMAP
0FE001E0
1FF001E0
3FF803C0
7CFC0780
7C7C0780
7C7C0F00
007C0F00
00F81E00
07F01E00
07E03C00
07F83C00
00FC7800
007C7800
783CF000
FC7DE3F0
7EFDE3F0
7FFFC7F0
3FFBCFF0
0FE78FF0
00079FF0
000F3DF0
000F79F0
001E79F0
001EF1F0
003DE1F0
0079FFFC
0079FFFC
00F1FFFC
00F1FFFC
01E001F0
01E001F0
03C001F0
03C001F0
ENDCHAR
STARTCHAR 00BF
ENCODING 191
SWIDTH 600 0
DWIDTH 30 0
BBX 25 34 3 -8
BITMAP
003F8000
003F8000
003F8000
003F8000
003F8000
003F8000
003F8000
00000000
00000000
00000000
003F8000
003F8000
007F0000
007F0000
00FE0000
03FE0000
07FC0000
0FF80000
1FE00000
3FC00000
7F800000
7F000000
FE000000
FE003F80
FE003F80
FE003F80
FF007F80
FF80FF00
7FFFFF00
3FFFFE00
3FFFFC00
1FFFF800
07FFE000
00FF8000
ENDCHAR
STARTCHAR 00C0
ENCODING 192
SWIDTH 600 0
DWIDTH 30 0
BBX 30 42 0 0
BITMAP
03F80000
01FC0000
00FE0000
003F0000
001F8000
000FC000
0003E000
00000000
00000000
001FE000
003FF000
003FF000
003FF000
007FF800
007FF800
007EF800
00FCFC00
00FCFC00
00FCFC00
01F87E00
01F87E00
01F87E00
03F87F00
03F03F00
03F03F00
07F03F80
07E01F80
07E01F80
0FFFFFC0
0FFFFFC0
0FFFFFC0
1FFFFFE0
1FFFFFE0
1F8007E0
3F8007F0
3F8007F0
3F8007F0
7F0003F8
7F0003F8
7F0003F8
FF0003FC
FE0001FC
ENDCHAR
STARTCHAR 00C1
ENCODING 193
SWIDTH 600 0
DWIDTH 30 0
BBX 30 42 0 0
BITMAP
00007F00
0000FE00
0001FC00
0003F000
0007E000
000F8000
001F0000
00000000
00000000
001FE000
003FF000
003FF000
003FF000
007FF800
007FF800
007EF800
00FCFC00
00FCFC00
00FCFC00
01F87E00
01F87E00
01F87E00
03F87F00
03F03F00
03F03F00
07F03F80
07E01F80
07E01F80
0FFFFFC0
0FFFFFC0
0FFFFFC0
1FFFFFE0
1FFFFFE0
1F8007E0
3F8007F0
3F8007F0
3F8007F0
7F0003F8
7F0003F8
7F0003F8
FF0003FC
FE0001FC
ENDCHAR
STARTCHAR 00C2
ENCODING 194
SWIDTH 600 0
DWIDTH 30 0
BBX 30 42 0 0
BITMAP
000FC000
001FE000
003FF000
007FF800
00FCFC00
01F03E00
03E01F00
00000000
00000000
001FE000
003FF000
003FF000
003FF000
007FF800
007FF800
007EF800
00FCFC00
00FCFC00
00FCFC00
01F87E00
01F87E00
01F87E00
03F87F00
03F03F00
03F03F00
07F03F80
07E01F80
07E01F80
0FFFFFC0
0FFFFFC0
0FFFFFC0
1FFFFFE0
1FFFFFE0
1F8007E0
3F8007F0
3F8007F0
3F8007F0
7F0003F8
7F0003F8
7F0003F8
FF0003FC
FE0001FC
ENDCHAR
STARTCHAR 00C3
ENCODING 195
SWIDTH 600 0
DWIDTH 30 0
BBX 30 42 0 0
BITMAP
00780700
01FE0700
03FFCF00
03FFFF00
03CFFF00
0381FE00
07807800
00000000
00000000
001FE000
003FF000
003FF000
003FF000
007FF800
007FF800
007EF800
00FCFC00
00FCFC00
00FCFC00
01F87E00
01F87E00
01F87E00
03F87F00
03F03F00
03F03F00
07F03F80
07E01F80
07E01F80
0FFFFFC0
0FFFFFC0
0FFFFFC0
1FFFFFE0
1FFFFFE0
1F8007E0
3F8007F0
3F8007F0
3F8007F0
7F0003F8
7F0003F8
7F0003F8
FF0003FC
FE0001FC
ENDCHAR
STARTCHAR 00C4
ENCODING 196
SWIDTH 600 0
DWIDTH 30 0
BBX 30 41 0 0
BITMAP
01F87E00
01F87E00
01F87E00
01F87E00
01F87E00
00000000
00000000
00000000
001FE000
003FF000
003FF000
003FF000
007FF800
007FF800
007EF800
00FCFC00
00FCFC00
00FCFC00
01F87E00
01F87E00
01F87E00
03F87F00
03F03F00
03F03F00
07F03F80
07E01F80
07E01F80
0FFFFFC0
0FFFFFC0
0FFFFFC0
1FFFFFE0
1FFFFFE0
1F8007E0
3F8007F0
3F8007F0
3F8007F0
7F0003F8
7F0003F8
7F0003F8
FF0003FC
FE0001FC
ENDCHAR
STARTCHAR 00C5
ENCODING 197
SWIDTH 600 0
DWIDTH 30 0
BBX 30 41 0 0
BITMAP
000FC000
001FE000
003FF000
007C7800
00787800
00787800
007C7800
003FF000
001FE000
003FF000
003FF000
003FF000
007FF800
007FF800
007EF800
00FCFC00
00FCFC00
00FCFC00
01F87E00
01F87E00
01F87E00
03F87F00
03F03F00
03F03F00
07F03F80
07E01F80
07E01F80
0FFFFFC0
0FFFFFC0
0FFFFFC0
1FFFFFE0
1FFFFFE0
1F8007E0
3F8007F0
3F8007F0
3F8007F0
7F0003F8
7F0003F8
7F0003F8
FF0003FC
FE0001FC
ENDCHAR
STARTCHAR 00C6
ENCODING 198
SWIDTH 600 0
DWIDTH 30 0
BBX 30 33 0 0
BITMAP
007FFFF8
007FFFF8
00FFFFF8
00FFFFF8
00FFFFF8
00F9F800
01F9F800
01F9F800
01F9F800
03F9F800
03F1F800
03F1F800
03F1F800
07F1F800
07E1FFF0
07E1FFF0
07E1FFF0
0FE1FFF0
0FC1FFF0
0FFFF800
1FFFF800
1FFFF800
1FFFF800
1FFFF800
3F81F800
3F01F800
3F01F800
3F01F800
7F01FFFC
7E01FFFC
7E01FFFC
FE01FFFC
FE01FFFC
ENDCHAR
STARTCHAR 00C7
ENCODING 199
SWIDTH 600 0
DWIDTH 30 0
BBX 27 45 2 -11
BITMAP
003FC000
01FFF000
07FFFC00
0FFFFE00
1FFFFF00
1FFFFF00
3FE0FF80
3FC03F80
7F803FC0
7F001FC0
7F001800
FF000000
FF000000
FE000000
FE000000
FE000000
FE000000
FE000000
FE000000
FE000000
FE000000
FF000000
FF000000
FF000E00
7F001FE0
7F801FC0
7F803FC0
3FC03F80
3FE07F80
1FFFFF00
0FFFFF00
0FFFFE00
03FFFC00
01FFF000
003FC000
001E0000
001C0000
003F8000
003FC000
0003E000
0003E000
0003E000
007FC000
007F8000
007E0000
ENDCHAR
STARTCHAR 00C8
ENCODING 200
SWIDTH 600 0
DWIDTH 30 0
BBX 25 42 3 0
BITMAP
0FE00000
0FF00000
03F80000
01FC0000
00FE0000
003F0000
001F0000
00000000
00000000
FFFFFF00
FFFFFF00
FFFFFF00
FFFFFF00
FFFFFF00
FFFFFF00
FF000000
FF000000
FF000000
FF000000
FF000000
FF000000
FF000000
FFFFFC00
FFFFFC00
FFFFFC00
FFFFFC00
FFFFFC00
FFFFFC00
FF000000
FF000000
FF000000
FF000000
FF000000
FF000000
FF000000
FF000000
FFFFFF80
FFFFFF80
FFFFFF80
FFFFFF80
FFFFFF80
FFFFFF80
ENDCHAR
STARTCHAR 00C9
ENCODING 201
SWIDTH 600 0
DWIDTH 30 0
BBX 25 42 3 0
BITMAP
0003F800
0007F000
000FE000
001F8000
003F0000
007C0000
00F80000
00000000
00000000
FFFFFF00
FFFFFF00
FFFFFF00
FFFFFF00
FFFFFF00
FFFFFF00
FF000000
FF000000
FF000000
FF000000
FF000000
FF000000
FF000000
FFFFFC00
FFFFFC00
FFFFFC00
FFFFFC00
FFFFFC00
FFFFFC00
FF000000
FF000000
FF000000
FF000000
FF000000
FF000000
FF000000
FF000000
FFFFFF80
FFFFFF80
FFFFFF80
FFFFFF80
FFFFFF80
FFFFFF80
ENDCHAR
STARTCHAR 00CA
ENCODING 202
SWIDTH 600 0
DWIDTH 30 0
BBX 25 42 3 0
BITMAP
007E0000
00FF0000
01FF8000
03FFC000
07E7E000
0F81F000
1F00F800
00000000
00000000
FFFFFF00
FFFFFF00
FFFFFF00
FFFFFF00
FFFFFF00
FFFFFF00
FF000000
FF000000
FF000000
FF000000
FF000000
FF000000
FF000000
FFFFFC00
FFFFFC00
FFFFFC00
FFFFFC00
FFFFFC00
FFFFFC00
FF000000
FF000000
FF000000
FF000000
FF000000
FF000000
FF000000
FF000000
FFFFFF80
FFFFFF80
FFFFFF80
FFFFFF80
FFFFFF80
FFFFFF80
ENDCHAR
STARTCHAR 00CB
ENCODING 203
SWIDTH 600 0
DWIDTH 30 0
BBX 25 41 3 0
BITMAP
07C1F000
07C1F000
07C1F000
07C1F000
07C1F000
00000000
00000000
00000000
FFFFFF00
FFFFFF00
FFFFFF00
FFFFFF00
FFFFFF00
FFFFFF00
FF000000
FF000000
FF000000
FF000000
FF000000
FF000000
FF000000
FFFFFC00
FFFFFC00
FFFFFC00
FFFFFC00
FFFFFC00
FFFFFC00
FF000000
FF000000
FF000000
FF000000
FF000000
FF000000
FF000000
FF000000
FFFFFF80
FFFFFF80
FFFFFF80
FFFFFF80
FFFFFF80
FFFFFF80
ENDCHAR
STARTCHAR 00CC
ENCODING 204
SWIDTH 600 0
DWIDTH 30 0
BBX 22 42 4 0
BITMAP
3F8000
1FC000
0FE000
03F000
01F800
007C00
003E00
000000
000000
FFFFFC
FFFFFC
FFFFFC
FFFFFC
FFFFFC
FFFFFC
01FE00
01FE00
01FE00
01FE00
01FE00
01FE00
01FE00
01FE00
01FE00
01FE00
01FE00
01FE00
01FE00
01FE00
01FE00
01FE00
01FE00
01FE00
01FE00
01FE00
01FE00
FFFFFC
FFFFFC
FFFFFC
FFFFFC
FFFFFC
FFFFFC
ENDCHAR
STARTCHAR 00CD
ENCODING 205
SWIDTH 600 0
DWIDTH 30 0
BBX 22 42 4 0
BITMAP
0007F0
000FE0
001FC0
003F80
007E00
00FC00
01F000
000000
000000
FFFFFC
FFFFFC
FFFFFC
FFFFFC
FFFFFC
FFFFFC
01FE00
01FE00
01FE00
01FE00
01FE00
01FE00
01FE00
01FE00
01FE00
01FE00
01FE00
01FE00
01FE00
01FE00
01FE00
01FE00
01FE00
01FE00
01FE00
01FE00
01FE00
FFFFFC
FFFFFC
FFFFFC
FFFFFC
FFFFFC
FFFFFC
ENDCHAR
STARTCHAR 00CE
ENCODING 206
SWIDTH 600 0
DWIDTH 30 0
BBX 22 42 4 0
BITMAP
00FC00
01FE00
03FF00
07FF80
0FCFC0
1F03E0
3E01F0
000000
000000
FFFFFC
FFFFFC
FFFFFC
FFFFFC
FFFFFC
FFFFFC
01FE00
01FE00
01FE00
01FE00
01FE00
01FE00
01FE00
01FE00
01FE00
01FE00
01FE00
01FE00
01FE00
01FE00
01FE00
01FE00
01FE00
01FE00
01FE00
01FE00
01FE00
FFFFFC
FFFFFC
FFFFFC
FFFFFC
FFFFFC
FFFFFC
ENDCHAR
STARTCHAR 00CF
ENCODING 207
SWIDTH 600 0
DWIDTH 30 0
BBX 22 41 4 0
BITMAP
1F87E0
1F87E0
1F87E0
1F87E0
1F87E0
000000
000000
000000
FFFFFC
FFFFFC
FFFFFC
FFFFFC
FFFFFC
FFFFFC
01FE00
01FE00
01FE00
01FE00
01FE00
01FE00
01FE00
01FE00
01FE00
01FE00
01FE00
01FE00
01FE00
01FE00
01FE00
01FE00
01FE00
01FE00
01FE00
01FE00
01FE00
FFFFFC
FFFFFC
FFFFFC
FFFFFC
FFFFFC
FFFFFC
ENDCHAR
STARTCHAR 00D0
ENCODING 208
SWIDTH 600 0
DWIDTH 30 0
BBX 28 33 0 0
BITMAP
0FFFC000
0FFFF800
0FFFFE00
0FFFFF00
0FFFFF80
0FFFFFC0
0FE07FC0
0FE03FE0
0FE01FE0
0FE00FE0
0FE00FF0
0FE007F0
0FE007F0
0FE007F0
FFFF07F0
FFFF07F0
FFFF07F0
FFFF07F0
FFFF07F0
0FE007F0
0FE007F0
0FE007F0
0FE00FF0
0FE00FE0
0FE01FE0
0FE03FE0
0FE07FC0
0FFFFF80
0FFFFF80
0FFFFF00
0FFFFE00
0FFFF800
0FFFC000
ENDCHAR
STARTCHAR 00D1
ENCODING 209
SWIDTH 600 0
DWIDTH 30 0
BBX 24 42 3 0
BITMAP
03C038
0FF038
1FFE78
1FFFF8
1E7FF8
1C0FF0
3C03C0
000000
000000
FF807F
FF807F
FF807F
FFC07F
FFC07F
FFE07F
FFE07F
FFE07F
FFF07F
FFF07F
FDF07F
FDF87F
FDF87F
FCFC7F
FCFC7F
FE7C7F
FE7E7F
FE7E7F
FE3F7F
FE3F3F
FE1F3F
FE1FBF
FE1FBF
FE0FBF
FE0FFF
FE0FFF
FE07FF
FE07FF
FE03FF
FE03FF
FE03FF
FE01FF
FE01FF
ENDCHAR
STARTCHAR 00D2
ENCODING 210
SWIDTH 600 0
DWIDTH 30 0
BBX 26 43 2 -1
BITMAP
0FE00000
07F00000
03F80000
00FC0000
007E0000
001F0000
000F8000
00000000
007F8000
01FFF000
07FFF800
0FFFFC00
1FFFFE00
3FFFFF00
3FC0FF00
7F807F80
7F807F80
7F003F80
FF003FC0
FF003FC0
FE001FC0
FE001FC0
FE001FC0
FE001FC0
FE001FC0
FE001FC0
FE001FC0
FE001FC0
FE001FC0
FE001FC0
FE001FC0
FF003FC0
FF003FC0
7F003F80
7F807F80
7F807F80
3FC0FF00
3FFFFF00
1FFFFE00
0FFFFC00
07FFF800
01FFE000
007F8000
ENDCHAR
STARTCHAR 00D3
ENCODING 211
SWIDTH 600 0
DWIDTH 30 0
BBX 26 43 2 -1
BITMAP
0001FC00
0003F800
0007F000
000FC000
001F8000
003F0000
007C0000
00000000
007F8000
01FFF000
07FFF800
0FFFFC00
1FFFFE00
3FFFFF00
3FC0FF00
7F807F80
7F807F80
7F003F80
FF003FC0
FF003FC0
FE001FC0
FE001FC0
FE001FC0
FE001FC0
FE001FC0
FE001FC0
FE001FC0
FE001FC0
FE001FC0
FE001FC0
FE001FC0
FF003FC0
FF003FC0
7F003F80
7F807F80
7F807F80
3FC0FF00
3FFFFF00
1FFFFE00
0FFFFC00
07FFF800
01FFE000
007F8000
ENDCHAR
STARTCHAR 00D4
ENCODING 212
SWIDTH 600 0
DWIDTH 30 0
BBX 26 43 2 -1
BITMAP
003F0000
007F8000
00FFC000
01FFE000
03F3F000
07C0F800
0F807C00
00000000
007F8000
01FFF000
07FFF800
0FFFFC00
1FFFFE00
3FFFFF00
3FC0FF00
7F807F80
7F807F80
7F003F80
FF003FC0
FF003FC0
FE001FC0
FE001FC0
FE001FC0
FE001FC0
FE001FC0
FE001FC0
FE001FC0
FE001FC0
FE001FC0
FE001FC0
FE001FC0
FF003FC0
FF003FC0
7F003F80
7F807F80
7F807F80
3FC0FF00
3FFFFF00
1FFFFE00
0FFFFC00
07FFF800
01FFE000
007F8000
ENDCHAR
STARTCHAR 00D5
ENCODING 213
SWIDTH 600 0
DWIDTH 30 0
BBX 26 43 2 -1
BITMAP
01E01C00
07F81C00
0FFF3C00
0FFFFC00
0F3FFC00
0E07F800
1E01E000
00000000
007F8000
01FFF000
07FFF800
0FFFFC00
1FFFFE00
3FFFFF00
3FC0FF00
7F807F80
7F807F80
7F003F80
FF003FC0
FF003FC0
FE001FC0
FE001FC0
FE001FC0
FE001FC0
FE001FC0
FE001FC0
FE001FC0
FE001FC0
FE001FC0
FE001FC0
FE001FC0
FF003FC0
FF003FC0
7F003F80
7F807F80
7F807F80
3FC0FF00
3FFFFF00
1FFFFE00
0FFFFC00
07FFF800
01FFE000
007F8000
ENDCHAR
STARTCHAR 00D6
ENCODING 214
SWIDTH 600 0
DWIDTH 30 0
BBX 26 42 2 -1
BITMAP
07E1F800
07E1F800
07E1F800
07E1F800
07E1F800
00000000
00000000
007F8000
01FFF000
07FFF800
0FFFFC00
1FFFFE00
3FFFFF00
3FC0FF00
7F807F80
7F807F80
7F003F80
FF003FC0
FF003FC0
FE001FC0
FE001FC0
FE001FC0
FE001FC0
FE001FC0
FE001FC0
FE001FC0
FE001FC0
FE001FC0
FE001FC0
FE001FC0
FF003FC0
FF003FC0
7F003F80
7F807F80
7F807F80
3FC0FF00
3FFFFF00
1FFFFE00
0FFFFC00
07FFF800
01FFE000
007F8000
ENDCHAR
STARTCHAR 00D7
ENCODING 215
SWIDTH 600 0
DWIDTH 30 0
BBX 24 25 3 4
BITMAP
100008
38001C
7C003E
FE007F
FF00FF
7F81FE
3FC3FC
1FE7F8
0FFFF0
07FFE0
03FFC0
01FF80
00FF00
01FF80
03FFC0
07FFE0
0FFFF0
1FE7F8
3FC3FC
7F81FE
FF00FF
FE007F
7C003E
38001C
100008
ENDCHAR
STARTCHAR 00D8
ENCODING 216
SWIDTH 600 0
DWIDTH 30 0
BBX 27 37 1 -2
BITMAP
00000040
003FC0E0
00FFF1E0
03FFFDE0
07FFFFC0
0FFFFF80
1FFFFF80
1FE07F80
3FC03FC0
3FC03FC0
3F803FC0
7F807FE0
7F80FFE0
7F01FFE0
7F01EFE0
7F03CFE0
7F078FE0
7F078FE0
7F0F0FE0
7F1E0FE0
7F3E0FE0
7F3C0FE0
7F780FE0
7FF00FE0
7FF01FE0
7FE01FE0
3FC01FC0
3FC03FC0
3FC03FC0
1FE07F80
1FFFFF80
3FFFFF00
3FFFFE00
7BFFFC00
F8FFF000
703FC000
20000000
ENDCHAR
STARTCHAR 00D9
ENCODING 217
SWIDTH 600 0
DWIDTH 30 0
BBX 24 43 3 -1
BITMAP
1FC000
0FE000
07F000
03F800
00FC00
007E00
001F00
000000
000000
FE007F
FE007F
FE007F
FE007F
FE007F
FE007F
FE007F
FE007F
FE007F
FE007F
FE007F
FE007F
FE007F
FE007F
FE007F
FE007F
FE007F
FE007F
FE007F
FE007F
FE007F
FE007F
FE007F
FF00FF
FF00FE
7F00FE
7F01FE
7F81FE
3FFFFC
3FFFFC
1FFFF8
0FFFF0
07FFC0
01FF00
ENDCHAR
STARTCHAR 00DA
ENCODING 218
SWIDTH 600 0
DWIDTH 30 0
BBX 24 43 3 -1
BITMAP
0003F8
0007F0
000FE0
001F80
003F00
007C00
00F800
000000
000000
FE007F
FE007F
FE007F
FE007F
FE007F
FE007F
FE007F
FE007F
FE007F
FE007F
FE007F
FE007F
FE007F
FE007F
FE007F
FE007F
FE007F
FE007F
FE007F
FE007F
FE007F
FE007F
FE007F
FF00FF
FF00FE
7F00FE
7F01FE
7F81FE
3FFFFC
3FFFFC
1FFFF8
0FFFF0
07FFC0
01FF00
ENDCHAR
STARTCHAR 00DB
ENCODING 219
SWIDTH 600 0
DWIDTH 30 0
BBX 24 43 3 -1
BITMAP
007E00
00FF00
01FF80
03FFC0
07E7E0
0F81F0
1F00F8
000000
000000
FE007F
FE007F
FE007F
FE007F
FE007F
FE007F
FE007F
FE007F
FE007F
FE007F
FE007F
FE007F
FE007F
FE007F
FE007F
FE007F
FE007F
FE007F
FE007F
FE007F
FE007F
FE007F
FE007F
FF00FF
FF00FE
7F00FE
7F01FE
7F81FE
3FFFFC
3FFFFC
1FFFF8
0FFFF0
07FFC0
01FF00
ENDCHAR
STARTCHAR 00DC
ENCODING 220
SWIDTH 600 0
DWIDTH 30 0
BBX 24 42 3 -1
BITMAP
0FC3F0
0FC3F0
0FC3F0
0FC3F0
0FC3F0
000000
000000
000000
FE007F
FE007F
FE007F
FE007F
FE007F
FE007F
FE007F
FE007F
FE007F
FE007F
FE007F
FE007F
FE007F
FE007F
FE007F
FE007F
FE007F
FE007F
FE007F
FE007F
FE007F
FE007F
FE007F
FF00FF
FF00FE
7F00FE
7F01FE
7F81FE
3FFFFC
3FFFFC
1FFFF8
0FFFF0
07FFC0
01FF00
ENDCHAR
STARTCHAR 00DD
ENCODING 221
SWIDTH 600 0
DWIDTH 30 0
BBX 30 42 0 0
BITMAP
00007F00
0000FE00
0001FC00
0003F800
0007E000
000FC000
001F0000
00000000
00000000
FF0003FC
7F0003F8
3F8007F0
3FC00FF0
1FC00FE0
1FE01FE0
0FE01FC0
07F03F80
07F03F80
03F87F00
03F87F00
01FCFE00
00FDFC00
00FFFC00
007FF800
007FF800
003FF000
001FE000
001FE000
001FE000
001FE000
001FE000
001FE000
001FE000
001FE000
001FE000
001FE000
001FE000
001FE000
001FE000
001FE000
001FE000
001FE000
ENDCHAR
STARTCHAR 00DE
ENCODING 222
SWIDTH 600 0
DWIDTH 30 0
BBX 25 33 3 0
BITMAP
FF000000
FF000000
FF000000
FF000000
FF000000
FF000000
FFFF8000
FFFFF000
FFFFFC00
FFFFFE00
FFFFFF00
FF03FF00
FF00FF80
FF007F80
FF003F80
FF003F80
FF003F80
FF003F80
FF003F80
FF007F80
FF00FF80
FF03FF00
FFFFFE00
FFFFFC00
FFFFF800
FFFFF000
FFFF8000
FF000000
FF000000
FF000000
FF000000
FF000000
FF000000
ENDCHAR
STARTCHAR 00DF
ENCODING 223
SWIDTH 600 0
DWIDTH 30 0
BBX 26 37 3 -1
BITMAP
00FF8000
07FFE000
0FFFF800
1FFFF800
3FFFFC00
7FC1FE00
7F00FE00
7F00FE00
FE007E00
FE00FE00
FE00FE00
FE01FC00
FE03FC00
FE07F800
FE0FF000
FE0FE000
FE1FC000
FE1FC000
FE1FC000
FE1FE000
FE0FF800
FE0FFC00
FE07FE00
FE03FF00
FE00FF80
FE007F80
FE003F80
FE001FC0
FE001FC0
FE001FC0
FE001FC0
FE203F80
FE3FFF80
FE3FFF80
FE3FFF00
FE3FFC00
000FF000
ENDCHAR
STARTCHAR 00E0
ENCODING 224
SWIDTH 600 0
DWIDTH 30 0
BBX 26 37 3 -1
BITMAP
1F800000
1FC00000
07E00000
03F00000
01F80000
007C0000
003E0000
00000000
00000000
01FF0000
07FFC000
1FFFE000
1FFFF000
3FEFF800
7F83F800
7F01FC00
7F01FC00
0001FC00
0001FC00
0001FC00
03FFFC00
1FFFFC00
3FFFFC00
7FFFFC00
FF81FC00
FF01FC00
FE01FC00
FE01FC00
FE01FC00
FE03FC00
FE07FC00
FF0FFC00
FFFFFF40
7FFEFFC0
7FFC7FC0
3FF87FC0
0FE01F00
ENDCHAR
STARTCHAR 00E1
ENCODING 225
SWIDTH 600 0
DWIDTH 30 0
BBX 26 37 3 -1
BITMAP
0007F000
000FF000
001FC000
001F8000
003F0000
007C0000
00F80000
00000000
00000000
01FF0000
07FFC000
1FFFE000
1FFFF000
3FEFF800
7F83F800
7F01FC00
7F01FC00
0001FC00
0001FC00
0001FC00
03FFFC00
1FFFFC00
3FFFFC00
7FFFFC00
FF81FC00
FF01FC00
FE01FC00
FE01FC00
FE01FC00
FE03FC00
FE07FC00
FF0FFC00
FFFFFF40
7FFEFFC0
7FFC7FC0
3FF87FC0
0FE01F00
ENDCHAR
STARTCHAR 00E2
ENCODING 226
SWIDTH 600 0
DWIDTH 30 0
BBX 26 37 3 -1
BITMAP
00FE0000
01FF0000
03FF8000
07FFC000
0FC7E000
1F83F000
1E00F800
00000000
00000000
01FF0000
07FFC000
1FFFE000
1FFFF000
3FEFF800
7F83F800
7F01FC00
7F01FC00
0001FC00
0001FC00
0001FC00
03FFFC00
1FFFFC00
3FFFFC00
7FFFFC00
FF81FC00
FF01FC00
FE01FC00
FE01FC00
FE01FC00
FE03FC00
FE07FC00
FF0FFC00
FFFFFF40
7FFEFFC0
7FFC7FC0
3FF87FC0
0FE01F00
ENDCHAR
STARTCHAR 00E3
ENCODING 227
SWIDTH 600 0
DWIDTH 30 0
BBX 26 37 3 -1
BITMAP
07C03800
0FF03800
1FFC7800
1FFFF800
1E7FF000
3C1FF000
3C03C000
00000000
00000000
01FF0000
07FFC000
1FFFE000
1FFFF000
3FEFF800
7F83F800
7F01FC00
7F01FC00
0001FC00
0001FC00
0001FC00
03FFFC00
1FFFFC00
3FFFFC00
7FFFFC00
FF81FC00
FF01FC00
FE01FC00
FE01FC00
FE01FC00
FE03FC00
FE07FC00
FF0FFC00
FFFFFF40
7FFEFFC0
7FFC7FC0
3FF87FC0
0FE01F00
ENDCHAR
STARTCHAR 00E4
ENCODING 228
SWIDTH 600 0
DWIDTH 30 0
BBX 26 36 3 -1
BITMAP
0F83F000
0F83F000
0F83F000
0F83F000
0F83F000
00000000
00000000
00000000
01FF0000
07FFC000
1FFFE000
1FFFF000
3FEFF800
7F83F800
7F01FC00
7F01FC00
0001FC00
0001FC00
0001FC00
03FFFC00
1FFFFC00
3FFFFC00
7FFFFC00
FF81FC00
FF01FC00
FE01FC00
FE01FC00
FE01FC00
FE03FC00
FE07FC00
FF0FFC00
FFFFFF40
7FFEFFC0
7FFC7FC0
3FF87FC0
0FE01F00
ENDCHAR
STARTCHAR 00E5
ENCODING 229
SWIDTH 600 0
DWIDTH 30 0
BBX 26 40 3 -1
BITMAP
007E0000
01FF0000
01FF8000
03C78000
0383C000
0383C000
03C78000
01FF8000
01FF0000
007E0000
00000000
00000000
01FF0000
07FFC000
1FFFE000
1FFFF000
3FEFF800
7F83F800
7F01FC00
7F01FC00
0001FC00
0001FC00
0001FC00
03FFFC00
1FFFFC00
3FFFFC00
7FFFFC00
FF81FC00
FF01FC00
FE01FC00
FE01FC00
FE01FC00
FE03FC00
FE07FC00
FF0FFC00
FFFFFF40
7FFEFFC0
7FFC7FC0
3FF87FC0
0FE01F00
ENDCHAR
STARTCHAR 00E6
ENCODING 230
SWIDTH 600 0
DWIDTH 30 0
BBX 30 28 0 -1
BITMAP
03F01F00
0FFC7FC0
1FFEFFE0
1FFFFFE0
3FBFF7F0
3E1FE1F0
3E0FC0F8
3E0FC0F8
000F80F8
000F80F8
000F80F8
07FFFFF8
1FFFFFF8
3FFFFFF8
3FFFFFFC
7E0F8000
7C0F8000
7C0F8000
7C0F8000
FC0F8000
FC1FC0E0
7C1FC0F8
7C3FE1F0
7EFDF3F0
7FF9FFE0
3FF0FFE0
1FE07FC0
0F803F00
ENDCHAR
STARTCHAR 00E7
ENCODING 231
SWIDTH 600 0
DWIDTH 30 0
BBX 24 38 3 -11
BITMAP
00FF00
03FFE0
0FFFF0
1FFFF8
3FFFFC
3FC1FE
7F80FE
7F007F
FF007F
FE0000
FE0000
FE0000
FE0000
FE0000
FE0000
FE0000
FE0000
FE0000
FE007F
FF007F
7F007F
7F80FE
3FC1FE
3FFFFC
1FFFF8
0FFFF0
03FFE0
00FF00
003800
007800
007F00
007F80
000F80
000780
000F80
01FF80
01FF00
01FC00
ENDCHAR
STARTCHAR 00E8
ENCODING 232
SWIDTH 600 0
DWIDTH 30 0
BBX 26 37 2 -1
BITMAP
07E00000
07F00000
01F80000
00FC0000
007E0000
001F0000
000F8000
00000000
00000000
007F8000
01FFF000
07FFF800
0FFFFC00
1FF3FE00
3FC07E00
3F803F00
7F003F00
7F003F80
7F001F80
7F001F80
7FFFFF80
FFFFFF80
FFFFFFC0
FFFFFFC0
FF000000
7F000000
7F000000
7F000000
7F000000
7F801F00
3F803F80
3FE07F00
1FFFFF00
0FFFFE00
07FFFC00
01FFF000
007F8000
ENDCHAR
STARTCHAR 00E9
ENCODING 233
SWIDTH 600 0
DWIDTH 30 0
BBX 26 37 2 -1
BITMAP
0001FC00
0003FC00
0007F000
000FE000
001F8000
003F0000
003E0000
00000000
00000000
007F8000
01FFF000
07FFF800
0FFFFC00
1FF3FE00
3FC07E00
3F803F00
7F003F00
7F003F80
7F001F80
7F001F80
7FFFFF80
FFFFFF80
FFFFFFC0
FFFFFFC0
FF000000
7F000000
7F000000
7F000000
7F000000
7F801F00
3F803F80
3FE07F00
1FFFFF00
0FFFFE00
07FFFC00
01FFF000
007F8000
ENDCHAR
STARTCHAR 00EA
ENCODING 234
SWIDTH 600 0
DWIDTH 30 0
BBX 26 37 2 -1
BITMAP
003F8000
007FC000
00FFE000
01FFE000
03F1F000
07C0F800
0F803C00
00000000
00000000
007F8000
01FFF000
07FFF800
0FFFFC00
1FF3FE00
3FC07E00
3F803F00
7F003F00
7F003F80
7F001F80
7F001F80
7FFFFF80
FFFFFF80
FFFFFFC0
FFFFFFC0
FF000000
7F000000
7F000000
7F000000
7F000000
7F801F00
3F803F80
3FE07F00
1FFFFF00
0FFFFE00
07FFFC00
01FFF000
007F8000
ENDCHAR
STARTCHAR 00EB
ENCODING 235
SWIDTH 600 0
DWIDTH 30 0
BBX 26 36 2 -1
BITMAP
07E0F800
07E0F800
07E0F800
07E0F800
07E0F800
00000000
00000000
00000000
007F8000
01FFF000
07FFF800
0FFFFC00
1FF3FE00
3FC07E00
3F803F00
7F003F00
7F003F80
7F001F80
7F001F80
7FFFFF80
FFFFFF80
FFFFFFC0
FFFFFFC0
FF000000
7F000000
7F000000
7F000000
7F000000
7F801F00
3F803F80
3FE07F00
1FFFFF00
0FFFFE00
07FFFC00
01FFF000
007F8000
ENDCHAR
STARTCHAR 00EC
ENCODING 236
SWIDTH 600 0
DWIDTH 30 0
BBX 25 36 3 0
BITMAP
0FE00000
0FF00000
03F80000
01FC0000
007E0000
003F0000
001F0000
00000000
00000000
00000000
3FFF0000
3FFF0000
3FFF0000
3FFF0000
3FFF0000
003F0000
003F0000
003F0000
003F0000
003F0000
003F0000
003F0000
003F0000
003F0000
003F0000
003F0000
003F0000
003F0000
003F0000
003F0000
003F0000
FFFFFF80
FFFFFF80
FFFFFF80
FFFFFF80
FFFFFF80
ENDCHAR
STARTCHAR 00ED
ENCODING 237
SWIDTH 600 0
DWIDTH 30 0
BBX 25 36 3 0
BITMAP
0003F800
0007F000
000FE000
001FC000
003F0000
007E0000
00F80000
00000000
00000000
00000000
3FFF0000
3FFF0000
3FFF0000
3FFF0000
3FFF0000
003F0000
003F0000
003F0000
003F0000
003F0000
003F0000
003F0000
003F0000
003F0000
003F0000
003F0000
003F0000
003F0000
003F0000
003F0000
003F0000
FFFFFF80
FFFFFF80
FFFFFF80
FFFFFF80
FFFFFF80
ENDCHAR
STARTCHAR 00EE
ENCODING 238
SWIDTH 600 0
DWIDTH 30 0
BBX 25 36 3 0
BITMAP
007F0000
00FF8000
01FFC000
03FFE000
07E3F000
0F81F000
1F007800
00000000
00000000
00000000
3FFF0000
3FFF0000
3FFF0000
3FFF0000
3FFF0000
003F0000
003F0000
003F0000
003F0000
003F0000
003F0000
003F0000
003F0000
003F0000
003F0000
003F0000
003F0000
003F0000
003F0000
003F0000
003F0000
FFFFFF80
FFFFFF80
FFFFFF80
FFFFFF80
FFFFFF80
ENDCHAR
STARTCHAR 00EF
ENCODING 239
SWIDTH 600 0
DWIDTH 30 0
BBX 25 35 3 0
BITMAP
07E1F800
07E1F800
07E1F800
07E1F800
07E1F800
00000000
00000000
00000000
00000000
3FFF0000
3FFF0000
3FFF0000
3FFF0000
3FFF0000
003F0000
003F0000
003F0000
003F0000
003F0000
003F0000
003F0000
003F0000
003F0000
003F0000
003F0000
003F0000
003F0000
003F0000
003F0000
003F0000
FFFFFF80
FFFFFF80
FFFFFF80
FFFFFF80
FFFFFF80
ENDCHAR
STARTCHAR 00F0
ENCODING 240
SWIDTH 600 0
DWIDTH 30 0
BBX 26 37 2 -1
BITMAP
0FE01800
03F87800
01FDFC00
00FFFC00
003FF000
01FFC000
07FFE000
03FFF000
03E3F800
0103F800
0001FC00
0000FE00
007FFE00
03FFFF00
0FFFFF00
1FFFFF00
3FFFFF80
3FC0FF80
7F807F80
7F003F80
FF003FC0
FE003FC0
FE003FC0
FE003FC0
FE001FC0
FE003FC0
FE003F80
FE003F80
FF003F80
7F003F80
7F807F00
3FC0FF00
3FFFFE00
1FFFFC00
0FFFF800
03FFF000
00FF8000
ENDCHAR
STARTCHAR 00F1
ENCODING 241
SWIDTH 600 0
DWIDTH 30 0
BBX 24 36 3 0
BITMAP
03E03C
0FF83C
0FFE78
1FFFF8
1E3FF8
1C0FF0
1C03E0
000000
000000
0007E0
FE1FF8
FE7FFC
FE7FFE
FEFFFE
FFE1FE
FFC0FF
FF807F
FF007F
FF007F
FF007F
FE007F
FE007F
FE007F
FE007F
FE007F
FE007F
FE007F
FE007F
FE007F
FE007F
FE007F
FE007F
FE007F
FE007F
FE007F
FE007F
ENDCHAR
STARTCHAR 00F2
ENCODING 242
SWIDTH 600 0
DWIDTH 30 0
BBX 26 37 2 -1
BITMAP
07F00000
07F80000
01FC0000
00FE0000
003F0000
001F8000
000F8000
00000000
00000000
007F8000
03FFF000
07FFFC00
0FFFFE00
1FFFFE00
3FC0FF00
3F807F00
7F803F80
7F003F80
7F003F80
FF003FC0
FF003FC0
FE001FC0
FE001FC0
FE001FC0
FE001FC0
FF003FC0
FF003FC0
7F003F80
7F003F80
7F003F80
3F807F00
3FC0FF00
1FFFFE00
0FFFFC00
07FFF800
03FFF000
007F8000
ENDCHAR
STARTCHAR 00F3
ENCODING 243
SWIDTH 600 0
DWIDTH 30 0
BBX 26 37 2 -1
BITMAP
0001FC00
0003F800
0007F000
000FE000
001F8000
003F0000
007C0000
00000000
00000000
007F8000
03FFF000
07FFFC00
0FFFFE00
1FFFFE00
3FC0FF00
3F807F00
7F803F80
7F003F80
7F003F80
FF003FC0
FF003FC0
FE001FC0
FE001FC0
FE001FC0
FE001FC0
FF003FC0
FF003FC0
7F003F80
7F003F80
7F003F80
3F807F00
3FC0FF00
1FFFFE00
0FFFFC00
07FFF800
03FFF000
007F8000
ENDCHAR
STARTCHAR 00F4
ENCODING 244
SWIDTH 600 0
DWIDTH 30 0
BBX 26 37 2 -1
BITMAP
003F0000
007F8000
00FFC000
01FFE000
03F3F000
07C0F800
0F807C00
00000000
00000000
007F8000
03FFF000
07FFFC00
0FFFFE00
1FFFFE00
3FC0FF00
3F807F00
7F803F80
7F003F80
7F003F80
FF003FC0
FF003FC0
FE001FC0
FE001FC0
FE001FC0
FE001FC0
FF003FC0
FF003FC0
7F003F80
7F003F80
7F003F80
3F807F00
3FC0FF00
1FFFFE00
0FFFFC00
07FFF800
03FFF000
007F8000
ENDCHAR
STARTCHAR 00F5
ENCODING 245
SWIDTH 600 0
DWIDTH 30 0
BBX 26 37 2 -1
BITMAP
01E01C00
07F81C00
0FFF3C00
0FFFFC00
0F3FFC00
0E07F800
1E01E000
00000000
00000000
007F8000
03FFF000
07FFFC00
0FFFFE00
1FFFFE00
3FC0FF00
3F807F00
7F803F80
7F003F80
7F003F80
FF003FC0
FF003FC0
FE001FC0
FE001FC0
FE001FC0
FE001FC0
FF003FC0
FF003FC0
7F003F80
7F003F80
7F003F80
3F807F00
3FC0FF00
1FFFFE00
0FFFFC00
07FFF800
03FFF000
007F8000
ENDCHAR
STARTCHAR 00F6
ENCODING 246
SWIDTH 600 0
DWIDTH 30 0
BBX 26 36 2 -1
BITMAP
07E1F800
07E1F800
07E1F800
07E1F800
07E1F800
00000000
00000000
00000000
007F8000
03FFF000
07FFFC00
0FFFFE00
1FFFFE00
3FC0FF00
3F807F00
7F803F80
7F003F80
7F003F80
FF003FC0
FF003FC0
FE001FC0
FE001FC0
FE001FC0
FE001FC0
FF003FC0
FF003FC0
7F003F80
7F003F80
7F003F80
3F807F00
3FC0FF00
1FFFFE00
0FFFFC00
07FFF800
03FFF000
007F8000
ENDCHAR
STARTCHAR 00F7
ENCODING 247
SWIDTH 600 0
DWIDTH 30 0
BBX 26 25 2 4
BITMAP
003F0000
003F0000
003F0000
003F0000
003F0000
003F0000
00000000
00000000
00000000
00000000
FFFFFFC0
FFFFFFC0
FFFFFFC0
FFFFFFC0
FFFFFFC0
00000000
00000000
00000000
00000000
00000000
003F0000
003F0000
003F0000
003F0000
003F0000
ENDCHAR
STARTCHAR 00F8
ENCODING 248
SWIDTH 600 0
DWIDTH 30 0
BBX 26 28 2 -1
BITMAP
007F8100
03FFF380
07FFFF80
0FFFFF00
1FFFFE00
3FC0FF00
3F807F00
7F80FF80
7F00FF80
7F01FF80
FF03FFC0
FF07BFC0
FE0F1FC0
FE1E1FC0
FE3E1FC0
FE3C1FC0
FF783FC0
FFF03FC0
7FE03F80
7FC03F80
7F803F80
3F807F00
3FC0FF00
1FFFFE00
3FFFFC00
7FFFF800
73FFF000
207F8000
ENDCHAR
STARTCHAR 00F9
ENCODING 249
SWIDTH 600 0
DWIDTH 30 0
BBX 23 37 3 -1
BITMAP
1FC000
0FE000
07F000
01F800
00FC00
007E00
001F00
000000
000000
000000
FE00FE
FE00FE
FE00FE
FE00FE
FE00FE
FE00FE
FE00FE
FE00FE
FE00FE
FE00FE
FE00FE
FE00FE
FE00FE
FE00FE
FE00FE
FE00FE
FE00FE
FE00FE
FF00FE
FF01FE
7F83FE
7FC77E
7FFF7E
3FFE7E
3FFC7E
1FF87E
07F000
ENDCHAR
STARTCHAR 00FA
ENCODING 250
SWIDTH 600 0
DWIDTH 30 0
BBX 23 37 3 -1
BITMAP
0003F8
0007F0
000FE0
001F80
003F00
007C00
00F800
000000
000000
000000
FE00FE
FE00FE
FE00FE
FE00FE
FE00FE
FE00FE
FE00FE
FE00FE
FE00FE
FE00FE
FE00FE
FE00FE
FE00FE
FE00FE
FE00FE
FE00FE
FE00FE
FE00FE
FF00FE
FF01FE
7F83FE
7FC77E
7FFF7E
3FFE7E
3FFC7E
1FF87E
07F000
ENDCHAR
STARTCHAR 00FB
ENCODING 251
SWIDTH 600 0
DWIDTH 30 0
BBX 23 37 3 -1
BITMAP
007E00
00FF00
01FF80
03FFC0
07E7E0
0F81F0
1F00F8
000000
000000
000000
FE00FE
FE00FE
FE00FE
FE00FE
FE00FE
FE00FE
FE00FE
FE00FE
FE00FE
FE00FE
FE00FE
FE00FE
FE00FE
FE00FE
FE00FE
FE00FE
FE00FE
FE00FE
FF00FE
FF01FE
7F83FE
7FC77E
7FFF7E
3FFE7E
3FFC7E
1FF87E
07F000
ENDCHAR
STARTCHAR 00FC
ENCODING 252
SWIDTH 600 0
DWIDTH 30 0
BBX 23 36 3 -1
BITMAP
0FC3F0
0FC3F0
0FC3F0
0FC3F0
0FC3F0
000000
000000
000000
000000
FE00FE
FE00FE
FE00FE
FE00FE
FE00FE
FE00FE
FE00FE
FE00FE
FE00FE
FE00FE
FE00FE
FE00FE
FE00FE
FE00FE
FE00FE
FE00FE
FE00FE
FE00FE
FF00FE
FF01FE
7F83FE
7FC77E
7FFF7E
3FFE7E
3FFC7E
1FF87E
07F000
ENDCHAR
STARTCHAR 00FD
ENCODING 253
SWIDTH 600 0
DWIDTH 30 0
BBX 28 46 1 -10
BITMAP
0000FE00
0001FC00
0003F800
0007F000
000FC000
001F8000
001E0000
00000000
00000000
00000000
FF0007F0
7F000FE0
7F000FE0
3F800FE0
3F801FC0
3F801FC0
1FC01F80
1FC03F80
0FC03F80
0FE03F00
0FE07F00
07E07E00
07F0FE00
03F0FE00
03F8FC00
01F8FC00
01F9F800
01F9F800
00FDF800
00FDF000
007FF000
007FE000
003FE000
003FE000
003FC000
001FC000
001F8000
003F8000
003F8000
007F0000
00FF0000
3FFE0000
3FFE0000
3FFC0000
3FF80000
3FE00000
ENDCHAR
STARTCHAR 00FE
ENCODING 254
SWIDTH 600 0
DWIDTH 30 0
BBX 25 46 3 -10
BITMAP
FE000000
FE000000
FE000000
FE000000
FE000000
FE000000
FE000000
FE000000
FE000000
FE0FC000
FE3FF000
FE7FF800
FEFFFC00
FEFFFE00
FFC1FE00
FF80FE00
FF007F00
FF007F00
FF007F00
FF007F00
FE007F00
FE003F00
FE003F80
FE003F80
FE003F00
FE007F00
FE007F00
FF007F00
FF007F00
FF007F00
FF80FE00
FFC1FE00
FFFFFC00
FEFFFC00
FE7FF800
FE3FF000
FE0FC000
FE000000
FE000000
FE000000
FE000000
FE000000
FE000000
FE000000
FE000000
FE000000
ENDCHAR
STARTCHAR 00FF
ENCODING 255
SWIDTH 600 0
DWIDTH 30 0
BBX 28 45 1 -10
BITMAP
03F07C00
03F07C00
03F07C00
03F07C00
03F07C00
00000000
00000000
00000000
00000000
FF0007F0
7F000FE0
7F000FE0
3F800FE0
3F801FC0
3F801FC0
1FC01F80
1FC03F80
0FC03F80
0FE03F00
0FE07F00
07E07E00
07F0FE00
03F0FE00
03F8FC00
01F8FC00
01F9F800
01F9F800
00FDF800
00FDF000
007FF000
007FE000
003FE000
003FE000
003FC000
001FC000
001F8000
003F8000
003F8000
007F0000
00FF0000
3FFE0000
3FFE0000
3FFC0000
3FF80000
3FE00000
ENDCHAR
STARTCHAR 0100
ENCODING 256
SWIDTH 600 0
DWIDTH 30 0
BBX 30 41 0 0
BITMAP
00FFFE00
00FFFE00
00FFFE00
00FFFE00
00000000
00000000
00000000
00000000
001FE000
003FF000
003FF000
003FF000
007FF800
007FF800
007EF800
00FCFC00
00FCFC00
00FCFC00
01F87E00
01F87E00
01F87E00
03F87F00
03F03F00
03F03F00
07F03F80
07E01F80
07E01F80
0FFFFFC0
0FFFFFC0
0FFFFFC0
1FFFFFE0
1FFFFFE0
1F8007E0
3F8007F0
3F8007F0
3F8007F0
7F0003F8
7F0003F8
7F0003F8
FF0003FC
FE0001FC
ENDCHAR
STARTCHAR 0101
ENCODING 257
SWIDTH 600 0
DWIDTH 30 0
BBX 26 35 3 -1
BITMAP
0FFFE000
0FFFE000
0FFFE000
0FFFE000
00000000
00000000
00000000
01FF0000
07FFC000
1FFFE000
1FFFF000
3FEFF800
7F83F800
7F01FC00
7F01FC00
0001FC00
0001FC00
0001FC00
03FFFC00
1FFFFC00
3FFFFC00
7FFFFC00
FF81FC00
FF01FC00
FE01FC00
FE01FC00
FE01FC00
FE03FC00
FE07FC00
FF0FFC00
FFFFFF40
7FFEFFC0
7FFC7FC0
3FF87FC0
0FE01F00
ENDCHAR
STARTCHAR 0102
ENCODING 258
SWIDTH 600 0
DWIDTH 30 0
BBX 30 42 0 0
BITMAP
03C01F00
01E01E00
01F03E00
01FFFE00
00FFFC00
007FF800
001FE000
00000000
00000000
001FE000
003FF000
003FF000
003FF000
007FF800
007FF800
007EF800
00FCFC00
00FCFC00
00FCFC00
01F87E00
01F87E00
01F87E00
03F87F00
03F03F00
03F03F00
07F03F80
07E01F80
07E01F80
0FFFFFC0
0FFFFFC0
0FFFFFC0
1FFFFFE0
1FFFFFE0
1F8007E0
3F8007F0
3F8007F0
3F8007F0
7F0003F8
7F0003F8
7F0003F8
FF0003FC
FE0001FC
ENDCHAR
STARTCHAR 0103
ENCODING 259
SWIDTH 600 0
DWIDTH 30 0
BBX 26 37 3 -1
BITMAP
1E00F000
1E00F000
1F01F000
0FFFE000
07FFC000
03FF8000
00FE0000
00000000
00000000
01FF0000
07FFC000
1FFFE000
1FFFF000
3FEFF800
7F83F800
7F01FC00
7F01FC00
0001FC00
0001FC00
0001FC00
03FFFC00
1FFFFC00
3FFFFC00
7FFFFC00
FF81FC00
FF01FC00
FE01FC00
FE01FC00
FE01FC00
FE03FC00
FE07FC00
FF0FFC00
FFFFFF40
7FFEFFC0
7FFC7FC0
3FF87FC0
0FE01F00
ENDCHAR
STARTCHAR 0104
ENCODING 260
SWIDTH 600 0
DWIDTH 30 0
BBX 30 43 0 -10
BITMAP
001FE000
003FF000
003FF000
003FF000
007FF800
007FF800
007EF800
00FCFC00
00FCFC00
00FCFC00
01F87E00
01F87E00
01F87E00
03F87F00
03F03F00
03F03F00
07F03F80
07E01F80
07E01F80
0FFFFFC0
0FFFFFC0
0FFFFFC0
1FFFFFE0
1FFFFFE0
1F8007E0
3F8007F0
3F8007F0
3F8007F0
7F0003F8
7F0003F8
7F0003F8
FF0003FC
FE0001FC
000003C0
000003C0
00000780
00000780
00000780
00000780
000007FC
000007FC
000003FC
000001F8
ENDCHAR
STARTCHAR 0105
ENCODING 261
SWIDTH 600 0
DWIDTH 30 0
BBX 26 37 3 -10
BITMAP
01FF0000
07FFC000
1FFFE000
1FFFF000
3FEFF800
7F83F800
7F01FC00
7F01FC00
0001FC00
0001FC00
0001FC00
03FFFC00
1FFFFC00
3FFFFC00
7FFFFC00
FF81FC00
FF01FC00
FE01FC00
FE01FC00
FE01FC00
FE03FC00
FE07FC00
FF0FFC00
FFFFFF40
7FFEFFC0
7FFC7FC0
3FF87FC0
0FE03F00
00007800
00007800
0000F800
0000F800
0000F800
0000FFC0
00007FC0
00007FC0
00001F80
ENDCHAR
STARTCHAR 0106
ENCODING 262
SWIDTH 600 0
DWIDTH 30 0
BBX 27 43 2 -1
BITMAP
0000FE00
0001FC00
0003F800
0007E000
000FC000
001F0000
003E0000
00000000
003FC000
01FFF000
07FFFC00
0FFFFE00
1FFFFF00
1FFFFF00
3FE0FF80
3FC03F80
7F803FC0
7F001FC0
7F001800
FF000000
FF000000
FE000000
FE000000
FE000000
FE000000
FE000000
FE000000
FE000000
FE000000
FF000000
FF000000
FF000E00
7F001FE0
7F801FC0
7F803FC0
3FC03F80
3FE07F80
1FFFFF00
0FFFFF00
0FFFFE00
03FFFC00
01FFF000
003FC000
ENDCHAR
STARTCHAR 0107
ENCODING 263
SWIDTH 600 0
DWIDTH 30 0
BBX 24 37 3 -1
BITMAP
0003F8
0007F0
000FE0
001FC0
003F00
007E00
00F800
000000
000000
00FF00
03FFE0
0FFFF0
1FFFF8
3FFFFC
3FC1FE
7F80FE
7F007F
FF007F
FE0000
FE0000
FE0000
FE0000
FE0000
FE0000
FE0000
FE0000
FE0000
FE007F
FF007F
7F007F
7F80FE
3FC1FE
3FFFFC
1FFFF8
0FFFF0
03FFE0
00FF00
ENDCHAR
STARTCHAR 0108
ENCODING 264
SWIDTH 600 0
DWIDTH 30 0
BBX 27 43 2 -1
BITMAP
003F8000
007FC000
00FFE000
01FFF000
03F1F800
07E0FC00
0F803C00
00000000
003FC000
01FFF000
07FFFC00
0FFFFE00
1FFFFF00
1FFFFF00
3FE0FF80
3FC03F80
7F803FC0
7F001FC0
7F001800
FF000000
FF000000
FE000000
FE000000
FE000000
FE000000
FE000000
FE000000
FE000000
FE000000
FF000000
FF000000
FF000E00
7F001FE0
7F801FC0
7F803FC0
3FC03F80
3FE07F80
1FFFFF00
0FFFFF00
0FFFFE00
03FFFC00
01FFF000
003FC000
ENDCHAR
STARTCHAR 0109
ENCODING 265
SWIDTH 600 0
DWIDTH 30 0
BBX 24 37 3 -1
BITMAP
007E00
00FF00
01FF80
03FFC0
07E7E0
0F81F0
1F00F8
000000
000000
00FF00
03FFE0
0FFFF0
1FFFF8
3FFFFC
3FC1FE
7F80FE
7F007F
FF007F
FE0000
FE0000
FE0000
FE0000
FE0000
FE0000
FE0000
FE0000
FE0000
FE007F
FF007F
7F007F
7F80FE
3FC1FE
3FFFFC
1FFFF8
0FFFF0
03FFE0
00FF00
ENDCHAR
STARTCHAR 010A
ENCODING 266
SWIDTH 600 0
DWIDTH 30 0
BBX 27 41 2 -1
BITMAP
003F8000
003F8000
003F8000
003F8000
003F8000
00000000
003FC000
01FFF000
07FFFC00
0FFFFE00
1FFFFF00
1FFFFF00
3FE0FF80
3FC03F80
7F803FC0
7F001FC0
7F001800
FF000000
FF000000
FE000000
FE000000
FE000000
FE000000
FE000000
FE000000
FE000000
FE000000
FF000000
FF000000
FF000E00
7F001FE0
7F801FC0
7F803FC0
3FC03F80
3FE07F80
1FFFFF00
0FFFFF00
0FFFFE00
03FFFC00
01FFF000
003FC000
ENDCHAR
STARTCHAR 010B
ENCODING 267
SWIDTH 600 0
DWIDTH 30 0
BBX 24 37 3 -1
BITMAP
007F00
007F00
007F00
007F00
007F00
000000
000000
000000
000000
00FF00
03FFE0
0FFFF0
1FFFF8
3FFFFC
3FC1FE
7F80FE
7F007F
FF007F
FE0000
FE0000
FE0000
FE0000
FE0000
FE0000
FE0000
FE0000
FE0000
FE007F
FF007F
7F007F
7F80FE
3FC1FE
3FFFFC
1FFFF8
0FFFF0
03FFE0
00FF00
ENDCHAR
STARTCHAR 010C
ENCODING 268
SWIDTH 600 0
DWIDTH 30 0
BBX 27 43 2 -1
BITMAP
0F803C00
07E0FC00
03F1F800
01FFF000
00FFE000
007FC000
003F8000
00000000
003FC000
01FFF000
07FFFC00
0FFFFE00
1FFFFF00
1FFFFF00
3FE0FF80
3FC03F80
7F803FC0
7F001FC0
7F001800
FF000000
FF000000
FE000000
FE000000
FE000000
FE000000
FE000000
FE000000
FE000000
FE000000
FF000000
FF000000
FF000E00
7F001FE0
7F801FC0
7F803FC0
3FC03F80
3FE07F80
1FFFFF00
0FFFFF00
0FFFFE00
03FFFC00
01FFF000
003FC000
ENDCHAR
STARTCHAR 010D
ENCODING 269
SWIDTH 600 0
DWIDTH 30 0
BBX 24 37 3 -1
BITMAP
1F00F8
0F81F0
07E7E0
03FFC0
01FF80
00FF00
007E00
000000
000000
00FF00
03FFE0
0FFFF0
1FFFF8
3FFFFC
3FC1FE
7F80FE
7F007F
FF007F
FE0000
FE0000
FE0000
FE0000
FE0000
FE0000
FE0000
FE0000
FE0000
FE007F
FF007F
7F007F
7F80FE
3FC1FE
3FFFFC
1FFFF8
0FFFF0
03FFE0
00FF00
ENDCHAR
STARTCHAR 010E
ENCODING 270
SWIDTH 600 0
DWIDTH 30 0
BBX 25 42 3 0
BITMAP
3E00F000
1F03F000
0FC7E000
07FFC000
03FF8000
01FF0000
00FE0000
00000000
00000000
FFFC0000
FFFF8000
FFFFE000
FFFFF000
FFFFF800
FFFFFC00
FF07FE00
FF01FE00
FF00FF00
FF007F00
FF007F00
FF007F80
FF007F80
FF003F80
FF003F80
FF003F80
FF003F80
FF003F80
FF003F80
FF003F80
FF007F80
FF007F80
FF007F00
FF00FF00
FF00FF00
FF01FE00
FF03FE00
FFFFFC00
FFFFF800
FFFFF000
FFFFE000
FFFFC000
FFFE0000
ENDCHAR
STARTCHAR 010F
ENCODING 271
SWIDTH 600 0
DWIDTH 30 0
BBX 29 37 1 -1
BITMAP
0003F9F8
0003F9F8
0003F9F0
0003F9F0
0003F9F0
0003F9E0
0003F9E0
0003F9E0
0003F9C0
07C3F800
0FF3F800
1FFBF800
3FFFF800
7FFFF800
7F8FF800
7F07F800
FF07F800
FE03F800
FE03F800
FE03F800
FE03F800
FE03F800
FE03F800
FE03F800
FE03F800
FE03F800
FE03F800
FE03F800
FE03F800
FE07F800
7F07F800
7F8FF800
7FFFF800
3FFBF800
1FFBF800
0FF1F800
07C00000
ENDCHAR
STARTCHAR 0110
ENCODING 272
SWIDTH 600 0
DWIDTH 30 0
BBX 28 33 0 0
BITMAP
0FFFC000
0FFFF800
0FFFFE00
0FFFFF00
0FFFFF80
0FFFFFC0
0FE07FC0
0FE03FE0
0FE01FE0
0FE00FE0
0FE00FF0
0FE007F0
0FE007F0
0FE007F0
FFFF07F0
FFFF07F0
FFFF07F0
FFFF07F0
FFFF07F0
0FE007F0
0FE007F0
0FE007F0
0FE00FF0
0FE00FE0
0FE01FE0
0FE03FE0
0FE07FC0
0FFFFF80
0FFFFF80
0FFFFF00
0FFFFE00
0FFFF800
0FFFC000
ENDCHAR
STARTCHAR 0111
ENCODING 273
SWIDTH 600 0
DWIDTH 30 0
BBX 28 37 2 -1
BITMAP
00007F00
00007F00
00007F00
001FFFF0
001FFFF0
001FFFF0
001FFFF0
00007F00
00007F00
01F87F00
07FE7F00
0FFF7F00
1FFFFF00
3FFFFF00
3FC1FF00
7F80FF00
7F00FF00
7F007F00
7F007F00
FF007F00
FF007F00
FE007F00
FE007F00
FE007F00
FE007F00
FE007F00
FF007F00
7F007F00
7F007F00
7F00FF00
7F80FF00
3FC1FF00
3FFFFF00
1FFFBF00
0FFF3F00
07FE3F00
01F80000
ENDCHAR
STARTCHAR 0112
ENCODING 274
SWIDTH 600 0
DWIDTH 30 0
BBX 25 41 3 0
BITMAP
07FFF000
07FFF000
07FFF000
07FFF000
00000000
00000000
00000000
00000000
FFFFFF00
FFFFFF00
FFFFFF00
FFFFFF00
FFFFFF00
FFFFFF00
FF000000
FF000000
FF000000
FF000000
FF000000
FF000000
FF000000
FFFFFC00
FFFFFC00
FFFFFC00
FFFFFC00
FFFFFC00
FFFFFC00
FF000000
FF000000
FF000000
FF000000
FF000000
FF000000
FF000000
FF000000
FFFFFF80
FFFFFF80
FFFFFF80
FFFFFF80
FFFFFF80
FFFFFF80
ENDCHAR
STARTCHAR 0113
ENCODING 275
SWIDTH 600 0
DWIDTH 30 0
BBX 26 35 2 -1
BITMAP
03FFF800
03FFF800
03FFF800
03FFF800
00000000
00000000
00000000
007F8000
01FFF000
07FFF800
0FFFFC00
1FF3FE00
3FC07E00
3F803F00
7F003F00
7F003F80
7F001F80
7F001F80
7FFFFF80
FFFFFF80
FFFFFFC0
FFFFFFC0
FF000000
7F000000
7F000000
7F000000
7F000000
7F801F00
3F803F80
3FE07F00
1FFFFF00
0FFFFE00
07FFFC00
01FFF000
007F8000
ENDCHAR
STARTCHAR 0114
ENCODING 276
SWIDTH 600 0
DWIDTH 30 0
BBX 25 42 3 0
BITMAP
1E00F800
0F00F000
0F81F000
0FFFF000
07FFE000
03FFC000
00FF0000
00000000
00000000
FFFFFF00
FFFFFF00
FFFFFF00
FFFFFF00
FFFFFF00
FFFFFF00
FF000000
FF000000
FF000000
FF000000
FF000000
FF000000
FF000000
FFFFFC00
FFFFFC00
FFFFFC00
FFFFFC00
FFFFFC00
FFFFFC00
FF000000
FF000000
FF000000
FF000000
FF000000
FF000000
FF000000
FF000000
FFFFFF80
FFFFFF80
FFFFFF80
FFFFFF80
FFFFFF80
FFFFFF80
ENDCHAR
STARTCHAR 0115
ENCODING 277
SWIDTH 600 0
DWIDTH 30 0
BBX 26 37 2 -1
BITMAP
0F803C00
07807800
07C0F800
07FFF800
03FFF000
01FFE000
007F8000
00000000
00000000
007F8000
01FFF000
07FFF800
0FFFFC00
1FF3FE00
3FC07E00
3F803F00
7F003F00
7F003F80
7F001F80
7F001F80
7FFFFF80
FFFFFF80
FFFFFFC0
FFFFFFC0
FF000000
7F000000
7F000000
7F000000
7F000000
7F801F00
3F803F80
3FE07F00
1FFFFF00
0FFFFE00
07FFFC00
01FFF000
007F8000
ENDCHAR
STARTCHAR 0116
ENCODING 278
SWIDTH 600 0
DWIDTH 30 0
BBX 25 40 3 0
BITMAP
007E0000
007E0000
007E0000
007E0000
007E0000
00000000
00000000
FFFFFF00
FFFFFF00
FFFFFF00
FFFFFF00
FFFFFF00
FFFFFF00
FF000000
FF000000
FF000000
FF000000
FF000000
FF000000
FF000000
FFFFFC00
FFFFFC00
FFFFFC00
FFFFFC00
FFFFFC00
FFFFFC00
FF000000
FF000000
FF000000
FF000000
FF000000
FF000000
FF000000
FF000000
FFFFFF80
FFFFFF80
FFFFFF80
FFFFFF80
FFFFFF80
FFFFFF80
ENDCHAR
STARTCHAR 0117
ENCODING 279
SWIDTH 600 0
DWIDTH 30 0
BBX 26 37 2 -1
BITMAP
003F0000
003F0000
003F0000
003F0000
003F0000
00000000
00000000
00000000
00000000
007F8000
01FFF000
07FFF800
0FFFFC00
1FF3FE00
3FC07E00
3F803F00
7F003F00
7F003F80
7F001F80
7F001F80
7FFFFF80
FFFFFF80
FFFFFFC0
FFFFFFC0
FF000000
7F000000
7F000000
7F000000
7F000000
7F801F00
3F803F80
3FE07F00
1FFFFF00
0FFFFE00
07FFFC00
01FFF000
007F8000
ENDCHAR
STARTCHAR 0118
ENCODING 280
SWIDTH 600 0
DWIDTH 30 0
BBX 25 43 3 -10
BITMAP
FFFFFF00
FFFFFF00
FFFFFF00
FFFFFF00
FFFFFF00
FFFFFF00
FF000000
FF000000
FF000000
FF000000
FF000000
FF000000
FF000000
FFFFFC00
FFFFFC00
FFFFFC00
FFFFFC00
FFFFFC00
FFFFFC00
FF000000
FF000000
FF000000
FF000000
FF000000
FF000000
FF000000
FF000000
FFFFFF80
FFFFFF80
FFFFFF80
FFFFFF80
FFFFFF80
FFFFFF80
00007800
0000F800
0000F000
0000F000
0001F000
0001F000
0001FF80
0000FF80
00007F80
00003F00
ENDCHAR
STARTCHAR 0119
ENCODING 281
SWIDTH 600 0
DWIDTH 30 0
BBX 26 37 2 -10
BITMAP
007F8000
01FFF000
07FFF800
0FFFFC00
1FF3FE00
3FC07E00
3F803F00
7F003F00
7F003F80
7F001F80
7F001F80
7FFFFF80
FFFFFF80
FFFFFFC0
FFFFFFC0
FF000000
7F000000
7F000000
7F000000
7F000000
7F801F00
3F803F80
3FE07F00
1FFFFF00
0FFFFE00
07FFFC00
01FFF000
007F8000
001E0000
003E0000
003C0000
003C0000
003E0000
003F6000
003FE000
001FE000
0007E000
ENDCHAR
STARTCHAR 011A
ENCODING 282
SWIDTH 600 0
DWIDTH 30 0
BBX 25 42 3 0
BITMAP
1F007800
0F81F800
07E3F000
03FFE000
01FFC000
00FF8000
007F0000
00000000
00000000
FFFFFF00
FFFFFF00
FFFFFF00
FFFFFF00
FFFFFF00
FFFFFF00
FF000000
FF000000
FF000000
FF000000
FF000000
FF000000
FF000000
FFFFFC00
FFFFFC00
FFFFFC00
FFFFFC00
FFFFFC00
FFFFFC00
FF000000
FF000000
FF000000
FF000000
FF000000
FF000000
FF000000
FF000000
FFFFFF80
FFFFFF80
FFFFFF80
FFFFFF80
FFFFFF80
FFFFFF80
ENDCHAR
STARTCHAR 011B
ENCODING 283
SWIDTH 600 0
DWIDTH 30 0
BBX 26 37 2 -1
BITMAP
0F807C00
07C0F800
03F3F000
01FFE000
00FFC000
007F8000
003F0000
00000000
00000000
007F8000
01FFF000
07FFF800
0FFFFC00
1FF3FE00
3FC07E00
3F803F00
7F003F00
7F003F80
7F001F80
7F001F80
7FFFFF80
FFFFFF80
FFFFFFC0
FFFFFFC0
FF000000
7F000000
7F000000
7F000000
7F000000
7F801F00
3F803F80
3FE07F00
1FFFFF00
0FFFFE00
07FFFC00
01FFF000
007F8000
ENDCHAR
STARTCHAR 011C
ENCODING 284
SWIDTH 600 0
DWIDTH 30 0
BBX 26 43 2 -1
BITMAP
003F0000
007F8000
00FFC000
01FFE000
03F3F000
07C0F800
0F807C00
00000000
007F8000
01FFF000
07FFF800
0FFFFC00
1FFFFE00
1FFFFF00
3FE0FF00
3F807F00
7F803F80
7F003800
7F000000
FF000000
FF000000
FE000000
FE000000
FE000000
FE0FFFC0
FE0FFFC0
FE0FFFC0
FE0FFFC0
FE0FFFC0
FE001FC0
FF001FC0
7F001FC0
7F001FC0
7F801FC0
7F801FC0
3FC01FC0
3FE07FC0
1FFFFFC0
0FFFFF80
07FFFE00
03FFFC00
01FFF000
007F8000
ENDCHAR
STARTCHAR 011D
ENCODING 285
SWIDTH 600 0
DWIDTH 30 0
BBX 24 46 3 -10
BITMAP
007E00
00FF00
01FF80
03FFC0
07E7E0
0F81F0
1E00F8
000000
000000
01F800
07FE3F
1FFF7F
1FFFFF
3FFFFF
7FC1FF
7F80FF
7F00FF
FF007F
FF007F
FE007F
FE007F
FE007F
FE007F
FE007F
FE007F
FE007F
FF007F
FF007F
7F00FF
7F80FF
7FC1FF
3FFFFF
3FFF7F
1FFF7F
0FFE7F
03F07F
00007F
00007F
00007F
1F00FE
7F81FE
3FFFFC
3FFFFC
1FFFF8
07FFE0
00FF00
ENDCHAR
STARTCHAR 011E
ENCODING 286
SWIDTH 600 0
DWIDTH 30 0
BBX 26 43 2 -1
BITMAP
0F003C00
07807800
07C0F800
07FFF800
03FFF000
01FFE000
007F8000
00000000
007F8000
01FFF000
07FFF800
0FFFFC00
1FFFFE00
1FFFFF00
3FE0FF00
3F807F00
7F803F80
7F003800
7F000000
FF000000
FF000000
FE000000
FE000000
FE000000
FE0FFFC0
FE0FFFC0
FE0FFFC0
FE0FFFC0
FE0FFFC0
FE001FC0
FF001FC0
7F001FC0
7F001FC0
7F801FC0
7F801FC0
3FC01FC0
3FE07FC0
1FFFFFC0
0FFFFF80
07FFFE00
03FFFC00
01FFF000
007F8000
ENDCHAR
STARTCHAR 011F
ENCODING 287
SWIDTH 600 0
DWIDTH 30 0
BBX 24 46 3 -10
BITMAP
1E00F0
1F00F0
0F81F0
0FFFE0
07FFE0
03FF80
00FE00
000000
000000
01F800
07FE3F
1FFF7F
1FFFFF
3FFFFF
7FC1FF
7F80FF
7F00FF
FF007F
FF007F
FE007F
FE007F
FE007F
FE007F
FE007F
FE007F
FE007F
FF007F
FF007F
7F00FF
7F80FF
7FC1FF
3FFFFF
3FFF7F
1FFF7F
0FFE7F
03F07F
00007F
00007F
00007F
1F00FE
7F81FE
3FFFFC
3FFFFC
1FFFF8
07FFE0
00FF00
ENDCHAR
STARTCHAR 0120
ENCODING 288
SWIDTH 600 0
DWIDTH 30 0
BBX 26 41 2 -1
BITMAP
003F8000
003F8000
003F8000
003F8000
003F8000
00000000
007F8000
01FFF000
07FFF800
0FFFFC00
1FFFFE00
1FFFFF00
3FE0FF00
3F807F00
7F803F80
7F003800
7F000000
FF000000
FF000000
FE000000
FE000000
FE000000
FE0FFFC0
FE0FFFC0
FE0FFFC0
FE0FFFC0
FE0FFFC0
FE001FC0
FF001FC0
7F001FC0
7F001FC0
7F801FC0
7F801FC0
3FC01FC0
3FE07FC0
1FFFFFC0
0FFFFF80
07FFFE00
03FFFC00
01FFF000
007F8000
ENDCHAR
STARTCHAR 0121
ENCODING 289
SWIDTH 600 0
DWIDTH 30 0
BBX 24 46 3 -10
BITMAP
00FE00
00FE00
00FE00
00FE00
00FE00
000000
000000
000000
000000
01F800
07FE3F
1FFF7F
1FFFFF
3FFFFF
7FC1FF
7F80FF
7F00FF
FF007F
FF007F
FE007F
FE007F
FE007F
FE007F
FE007F
FE007F
FE007F
FF007F
FF007F
7F00FF
7F80FF
7FC1FF
3FFFFF
3FFF7F
1FFF7F
0FFE7F
03F07F
00007F
00007F
00007F
1F00FE
7F81FE
3FFFFC
3FFFFC
1FFFF8
07FFE0
00FF00
ENDCHAR
STARTCHAR 0122
ENCODING 290
SWIDTH 600 0
DWIDTH 30 0
BBX 26 45 2 -11
BITMAP
007F8000
01FFF000
07FFF800
0FFFFC00
1FFFFE00
1FFFFF00
3FE0FF00
3F807F00
7F803F80
7F003800
7F000000
FF000000
FF000000
FE000000
FE000000
FE000000
FE0FFFC0
FE0FFFC0
FE0FFFC0
FE0FFFC0
FE0FFFC0
FE001FC0
FF001FC0
7F001FC0
7F001FC0
7F801FC0
7F801FC0
3FC01FC0
3FE07FC0
1FFFFFC0
0FFFFF80
07FFFE00
03FFFC00
01FFF000
007F8000
00000000
001F8000
003F8000
003F0000
003F0000
003E0000
007E0000
007C0000
00780000
00780000
ENDCHAR
STARTCHAR 0123
ENCODING 291
SWIDTH 600 0
DWIDTH 30 0
BBX 24 48 3 -10
BITMAP
000F00
001F00
001F00
003F00
003E00
007E00
007E00
00FE00
00FC00
000000
000000
01F800
07FE3F
1FFF7F
1FFFFF
3FFFFF
7FC1FF
7F80FF
7F00FF
FF007F
FF007F
FE007F
FE007F
FE007F
FE007F
FE007F
FE007F
FE007F
FF007F
FF007F
7F00FF
7F80FF
7FC1FF
3FFFFF
3FFF7F
1FFF7F
0FFE7F
03F07F
00007F
00007F
00007F
1F00FE
7F81FE
3FFFFC
3FFFFC
1FFFF8
07FFE0
00FF00
ENDCHAR
STARTCHAR 0124
ENCODING 292
SWIDTH 600 0
DWIDTH 30 0
BBX 24 42 3 0
BITMAP
007E00
00FF00
01FF80
03FFC0
07E7E0
0F81F0
1F00F8
000000
000000
FF00FF
FF00FF
FF00FF
FF00FF
FF00FF
FF00FF
FF00FF
FF00FF
FF00FF
FF00FF
FF00FF
FF00FF
FF00FF
FFFFFF
FFFFFF
FFFFFF
FFFFFF
FFFFFF
FFFFFF
FF00FF
FF00FF
FF00FF
FF00FF
FF00FF
FF00FF
FF00FF
FF00FF
FF00FF
FF00FF
FF00FF
FF00FF
FF00FF
FF00FF
ENDCHAR
STARTCHAR 0125
ENCODING 293
SWIDTH 600 0
DWIDTH 30 0
BBX 24 42 3 0
BITMAP
007E00
00FF00
01FF80
03FFC0
07E7E0
0F81F0
1F00F8
000000
000000
FE0000
FE0000
FE0000
FE0000
FE0000
FE0000
FE07E0
FE1FF8
FE7FFC
FE7FFE
FEFFFE
FFE1FE
FFC0FF
FF807F
FF007F
FF007F
FF007F
FE007F
FE007F
FE007F
FE007F
FE007F
FE007F
FE007F
FE007F
FE007F
FE007F
FE007F
FE007F
FE007F
FE007F
FE007F
FE007F
ENDCHAR
STARTCHAR 0126
ENCODING 294
SWIDTH 600 0
DWIDTH 30 0
BBX 30 33 0 0
BITMAP
1FE01FE0
1FE01FE0
1FE01FE0
1FE01FE0
FFFFFFFC
FFFFFFFC
FFFFFFFC
FFFFFFFC
1FE01FE0
1FE01FE0
1FE01FE0
1FE01FE0
1FE01FE0
1FFFFFE0
1FFFFFE0
1FFFFFE0
1FFFFFE0
1FFFFFE0
1FFFFFE0
1FE01FE0
1FE01FE0
1FE01FE0
1FE01FE0
1FE01FE0
1FE01FE0
1FE01FE0
1FE01FE0
1FE01FE0
1FE01FE0
1FE01FE0
1FE01FE0
1FE01FE0
1FE01FE0
ENDCHAR
STARTCHAR 0127
ENCODING 295
SWIDTH 600 0
DWIDTH 30 0
BBX 27 36 0 0
BITMAP
1FC00000
1FC00000
1FC00000
FFFFC000
FFFFC000
FFFFC000
FFFFC000
1FC00000
1FC00000
1FC00000
1FC0FC00
1FC3FF00
1FCFFF80
1FCFFFC0
1FDFFFC0
1FFC3FC0
1FF81FE0
1FF00FE0
1FE00FE0
1FE00FE0
1FE00FE0
1FC00FE0
1FC00FE0
1FC00FE0
1FC00FE0
1FC00FE0
1FC00FE0
1FC00FE0
1FC00FE0
1FC00FE0
1FC00FE0
1FC00FE0
1FC00FE0
1FC00FE0
1FC00FE0
1FC00FE0
ENDCHAR
STARTCHAR 0128
ENCODING 296
SWIDTH 600 0
DWIDTH 30 0
BBX 22 42 4 0
BITMAP
078070
1FE070
3FFCF0
3FFFF0
3CFFF0
381FE0
780780
000000
000000
FFFFFC
FFFFFC
FFFFFC
FFFFFC
FFFFFC
FFFFFC
01FE00
01FE00
01FE00
01FE00
01FE00
01FE00
01FE00
01FE00
01FE00
01FE00
01FE00
01FE00
01FE00
01FE00
01FE00
01FE00
01FE00
01FE00
01FE00
01FE00
01FE00
FFFFFC
FFFFFC
FFFFFC
FFFFFC
FFFFFC
FFFFFC
ENDCHAR
STARTCHAR 0129
ENCODING 297
SWIDTH 600 0
DWIDTH 30 0
BBX 25 36 3 0
BITMAP
03C03800
0FF03800
0FFE7800
1FFFF800
1E3FF800
1C0FF000
1C03C000
00000000
00000000
00000000
3FFF0000
3FFF0000
3FFF0000
3FFF0000
3FFF0000
003F0000
003F0000
003F0000
003F0000
003F0000
003F0000
003F0000
003F0000
003F0000
003F0000
003F0000
003F0000
003F0000
003F0000
003F0000
003F0000
FFFFFF80
FFFFFF80
FFFFFF80
FFFFFF80
FFFFFF80
ENDCHAR
STARTCHAR 012A
ENCODING 298
SWIDTH 600 0
DWIDTH 30 0
BBX 22 41 4 0
BITMAP
0FFFE0
0FFFE0
0FFFE0
0FFFE0
000000
000000
000000
000000
FFFFFC
FFFFFC
FFFFFC
FFFFFC
FFFFFC
FFFFFC
01FE00
01FE00
01FE00
01FE00
01FE00
01FE00
01FE00
01FE00
01FE00
01FE00
01FE00
01FE00
01FE00
01FE00
01FE00
01FE00
01FE00
01FE00
01FE00
01FE00
01FE00
FFFFFC
FFFFFC
FFFFFC
FFFFFC
FFFFFC
FFFFFC
ENDCHAR
STARTCHAR 012B
ENCODING 299
SWIDTH 600 0
DWIDTH 30 0
BBX 25 34 3 0
BITMAP
07FFF000
07FFF000
07FFF000
07FFF000
00000000
00000000
00000000
00000000
3FFF0000
3FFF0000
3FFF0000
3FFF0000
3FFF0000
003F0000
003F0000
003F0000
003F0000
003F0000
003F0000
003F0000
003F0000
003F0000
003F0000
003F0000
003F0000
003F0000
003F0000
003F0000
003F0000
FFFFFF80
FFFFFF80
FFFFFF80
FFFFFF80
FFFFFF80
ENDCHAR
STARTCHAR 012C
ENCODING 300
SWIDTH 600 0
DWIDTH 30 0
BBX 22 42 4 0
BITMAP
3C01F0
1E01E0
1F03E0
1FFFE0
0FFFC0
07FF80
01FE00
000000
000000
FFFFFC
FFFFFC
FFFFFC
FFFFFC
FFFFFC
FFFFFC
01FE00
01FE00
01FE00
01FE00
01FE00
01FE00
01FE00
01FE00
01FE00
01FE00
01FE00
01FE00
01FE00
01FE00
01FE00
01FE00
01FE00
01FE00
01FE00
01FE00
01FE00
FFFFFC
FFFFFC
FFFFFC
FFFFFC
FFFFFC
FFFFFC
ENDCHAR
STARTCHAR 012D
ENCODING 301
SWIDTH 600 0
DWIDTH 30 0
BBX 25 36 3 0
BITMAP
0F007800
0F007800
0F80F800
07FFF000
03FFE000
01FFC000
007F0000
00000000
00000000
00000000
3FFF0000
3FFF0000
3FFF0000
3FFF0000
3FFF0000
003F0000
003F0000
003F0000
003F0000
003F0000
003F0000
003F0000
003F0000
003F0000
003F0000
003F0000
003F0000
003F0000
003F0000
003F0000
003F0000
FFFFFF80
FFFFFF80
FFFFFF80
FFFFFF80
FFFFFF80
ENDCHAR
STARTCHAR 012E
ENCODING 302
SWIDTH 600 0
DWIDTH 30 0
BBX 22 43 4 -10
BITMAP
FFFFFC
FFFFFC
FFFFFC
FFFFFC
FFFFFC
FFFFFC
01FE00
01FE00
01FE00
01FE00
01FE00
01FE00
01FE00
01FE00
01FE00
01FE00
01FE00
01FE00
01FE00
01FE00
01FE00
01FE00
01FE00
01FE00
01FE00
01FE00
01FE00
FFFFFC
FFFFFC
FFFFFC
FFFFFC
FFFFFC
FFFFFC
00F800
00F000
01E000
01E000
01E000
01E000
01FF00
01FF00
00FF00
007E00
ENDCHAR
STARTCHAR 012F
ENCODING 303
SWIDTH 600 0
DWIDTH 30 0
BBX 25 46 3 -10
BITMAP
003F0000
003F0000
003F0000
003F0000
003F0000
00000000
00000000
00000000
00000000
00000000
3FFF0000
3FFF0000
3FFF0000
3FFF0000
3FFF0000
003F0000
003F0000
003F0000
003F0000
003F0000
003F0000
003F0000
003F0000
003F0000
003F0000
003F0000
003F0000
003F0000
003F0000
003F0000
003F0000
FFFFFF80
FFFFFF80
FFFFFF80
FFFFFF80
FFFFFF80
003E0000
003C0000
00780000
00780000
00780000
00780000
007FC000
007FC000
003FC000
001F8000
ENDCHAR
STARTCHAR 0130
ENCODING 304
SWIDTH 600 0
DWIDTH 30 0
BBX 22 40 4 0
BITMAP
00FC00
00FC00
00FC00
00FC00
00FC00
000000
000000
FFFFFC
FFFFFC
FFFFFC
FFFFFC
FFFFFC
FFFFFC
01FE00
01FE00
01FE00
01FE00
01FE00
01FE00
01FE00
01FE00
01FE00
01FE00
01FE00
01FE00
01FE00
01FE00
01FE00
01FE00
01FE00
01FE00
01FE00
01FE00
01FE00
FFFFFC
FFFFFC
FFFFFC
FFFFFC
FFFFFC
FFFFFC
ENDCHAR
STARTCHAR 0131
ENCODING 305
SWIDTH 600 0
DWIDTH 30 0
BBX 25 26 3 0
BITMAP
3FFF0000
3FFF0000
3FFF0000
3FFF0000
3FFF0000
003F0000
003F0000
003F0000
003F0000
003F0000
003F0000
003F0000
003F0000
003F0000
003F0000
003F0000
003F0000
003F0000
003F0000
003F0000
003F0000
FFFFFF80
FFFFFF80
FFFFFF80
FFFFFF80
FFFFFF80
ENDCHAR
STARTCHAR 0132
ENCODING 306
SWIDTH 600 0
DWIDTH 30 0
BBX 26 34 2 -1
BITMAP
FE07FFC0
FE07FFC0
FE07FFC0
FE07FFC0
FE07FFC0
FE07FFC0
FE001FC0
FE001FC0
FE001FC0
FE001FC0
FE001FC0
FE001FC0
FE001FC0
FE001FC0
FE001FC0
FE001FC0
FE001FC0
FE001FC0
FE001FC0
FE001FC0
FE001FC0
FE001FC0
FE001FC0
FE001FC0
FE1E1FC0
FEFE1FC0
FEFE1FC0
FE7F1FC0
FE7FFF80
FE7FFF80
FE3FFF00
FE3FFF00
FE1FFE00
0007F000
ENDCHAR
STARTCHAR 0133
ENCODING 307
SWIDTH 600 0
DWIDTH 30 0
BBX 22 46 4 -10
BITMAP
FE01FC
FE01FC
FE01FC
FE01FC
FE01FC
000000
000000
000000
000000
000000
FE01FC
FE01FC
FE01FC
FE01FC
FE01FC
FE01FC
FE01FC
FE01FC
FE01FC
FE01FC
FE01FC
FE01FC
FE01FC
FE01FC
FE01FC
FE01FC
FE01FC
FE01FC
FE01FC
FE01FC
FE01FC
FE01FC
FE01FC
FE01FC
FE01FC
FE01FC
0001FC
0001FC
0003F8
0003F8
1F1FF8
1FFFF0
1FFFF0
1FFFE0
1FFF80
07FC00
ENDCHAR
STARTCHAR 0134
ENCODING 308
SWIDTH 600 0
DWIDTH 30 0
BBX 24 43 3 -1
BITMAP
000FC0
001FE0
003FF0
007FF8
00FCFC
01F03E
03E01F
000000
000000
01FFFC
01FFFC
01FFFC
01FFFC
01FFFC
01FFFC
0001FC
0001FC
0001FC
0001FC
0001FC
0001FC
0001FC
0001FC
0001FC
0001FC
0001FC
0001FC
0001FC
0001FC
0001FC
0001FC
0001FC
1E01FC
FE01FC
FE03FC
FF03F8
FF87F8
7FFFF8
7FFFF0
3FFFE0
1FFFC0
07FF80
01FE00
ENDCHAR
STARTCHAR 0135
ENCODING 309
SWIDTH 600 0
DWIDTH 30 0
BBX 23 46 4 -10
BITMAP
003F80
007FC0
00FFE0
01FFF0
03F1F8
07E0FC
07803E
000000
000000
000000
1FFFE0
1FFFE0
1FFFE0
1FFFE0
1FFFE0
000FE0
000FE0
000FE0
000FE0
000FE0
000FE0
000FE0
000FE0
000FE0
000FE0
000FE0
000FE0
000FE0
000FE0
000FE0
000FE0
000FE0
000FE0
000FE0
000FE0
000FE0
000FE0
001FE0
001FC0
003FC0
F8FFC0
FFFF80
FFFF00
FFFE00
FFFC00
1FF000
ENDCHAR
STARTCHAR 0136
ENCODING 310
SWIDTH 600 0
DWIDTH 30 0
BBX 27 44 3 -11
BITMAP
FF003FC0
FF007F80
FF00FF80
FF00FF00
FF01FE00
FF03FC00
FF07F800
FF07F800
FF0FF000
FF1FE000
FF1FC000
FF3F8000
FF7F8000
FFFF0000
FFFF0000
FFFF0000
FFFF8000
FFFF8000
FFFFC000
FFFFE000
FFDFE000
FF8FF000
FF0FF800
FF07F800
FF03FC00
FF03FC00
FF01FE00
FF01FF00
FF00FF00
FF00FF80
FF007F80
FF003FC0
FF003FE0
00000000
00000000
003F0000
007F0000
007E0000
007E0000
007C0000
00FC0000
00F80000
00F00000
00F00000
ENDCHAR
STARTCHAR 0137
ENCODING 311
SWIDTH 600 0
DWIDTH 30 0
BBX 24 47 4 -11
BITMAP
FE0000
FE0000
FE0000
FE0000
FE0000
FE0000
FE0000
FE0000
FE0000
FE0000
FE00FE
FE01FE
FE03FC
FE07F8
FE07F0
FE0FE0
FE1FC0
FE3F80
FE7F00
FEFE00
FFFE00
FFFE00
FFFF00
FFFF80
FFFF80
FF1FC0
FE1FE0
FE0FE0
FE07F0
FE07F8
FE03F8
FE03FC
FE01FC
FE00FE
FE00FF
FE007F
000000
000000
007E00
00FE00
00FC00
00FC00
00F800
01F800
01F000
01E000
01E000
ENDCHAR
STARTCHAR 0138
ENCODING 312
SWIDTH 600 0
DWIDTH 30 0
BBX 24 26 4 0
BITMAP
FE00FE
FE01FE
FE03FC
FE03F8
FE07F0
FE0FE0
FE1FC0
FE3F80
FE7F00
FE7F00
FEFE00
FFFE00
FFFF00
FFFF00
FFFF80
FF9FC0
FE1FC0
FE0FE0
FE0FF0
FE07F0
FE03F8
FE03FC
FE01FC
FE00FE
FE00FF
FE007F
ENDCHAR
STARTCHAR 0139
ENCODING 313
SWIDTH 600 0
DWIDTH 30 0
BBX 22 42 5 0
BITMAP
01FC00
03F800
07F000
0FE000
1F8000
3F0000
3C0000
000000
000000
FE0000
FE0000
FE0000
FE0000
FE0000
FE0000
FE0000
FE0000
FE0000
FE0000
FE0000
FE0000
FE0000
FE0000
FE0000
FE0000
FE0000
FE0000
FE0000
FE0000
FE0000
FE0000
FE0000
FE0000
FE0000
FE0000
FE0000
FFFFFC
FFFFFC
FFFFFC
FFFFFC
FFFFFC
FFFFFC
ENDCHAR
STARTCHAR 013A
ENCODING 314
SWIDTH 600 0
DWIDTH 30 0
BBX 25 42 3 0
BITMAP
0001FC00
0003F800
0007F000
000FC000
001F8000
003E0000
007C0000
00000000
00000000
3FFF0000
3FFF0000
3FFF0000
3FFF0000
3FFF0000
003F0000
003F0000
003F0000
003F0000
003F0000
003F0000
003F0000
003F0000
003F0000
003F0000
003F0000
003F0000
003F0000
003F0000
003F0000
003F0000
003F0000
003F0000
003F0000
003F0000
003F0000
003F0000
003F0000
FFFFFF80
FFFFFF80
FFFFFF80
FFFFFF80
FFFFFF80
ENDCHAR
STARTCHAR 013B
ENCODING 315
SWIDTH 600 0
DWIDTH 30 0
BBX 22 44 5 -11
BITMAP
FE0000
FE0000
FE0000
FE0000
FE0000
FE0000
FE0000
FE0000
FE0000
FE0000
FE0000
FE0000
FE0000
FE0000
FE0000
FE0000
FE0000
FE0000
FE0000
FE0000
FE0000
FE0000
FE0000
FE0000
FE0000
FE0000
FE0000
FFFFFC
FFFFFC
FFFFFC
FFFFFC
FFFFFC
FFFFFC
000000
000000
00FC00
00FC00
01F800
01F800
01F000
01F000
03E000
03E000
03C000
ENDCHAR
STARTCHAR 013C
ENCODING 316
SWIDTH 600 0
DWIDTH 30 0
BBX 23 47 5 -11
BITMAP
FFFC00
FFFC00
FFFC00
FFFC00
00FC00
00FC00
00FC00
00FC00
00FC00
00FC00
00FC00
00FC00
00FC00
00FC00
00FC00
00FC00
00FC00
00FC00
00FC00
00FC00
00FC00
00FC00
00FC00
00FC00
00FC00
00FC00
00FC00
00FC00
00FC00
00FE00
00FE00
00FFFE
007FFE
003FFE
001FFE
0007FE
000000
000000
00FC00
01FC00
01F800
01F800
01F000
03F000
03E000
03C000
03C000
ENDCHAR
STARTCHAR 013D
ENCODING 317
SWIDTH 600 0
DWIDTH 30 0
BBX 22 33 5 0
BITMAP
FE01FC
FE01FC
FE01F8
FE01F0
FE03F0
FE03E0
FE03E0
FE03C0
FE07C0
FE0000
FE0000
FE0000
FE0000
FE0000
FE0000
FE0000
FE0000
FE0000
FE0000
FE0000
FE0000
FE0000
FE0000
FE0000
FE0000
FE0000
FE0000
FFFFFC
FFFFFC
FFFFFC
FFFFFC
FFFFFC
FFFFFC
ENDCHAR
STARTCHAR 013E
ENCODING 318
SWIDTH 600 0
DWIDTH 30 0
BBX 25 36 4 0
BITMAP
FFFC1F80
FFFC1F80
FFFC3F00
FFFC3F00
01FC3E00
01FC3E00
01FC7C00
01FC7C00
01FC7800
01FC0000
01FC0000
01FC0000
01FC0000
01FC0000
01FC0000
01FC0000
01FC0000
01FC0000
01FC0000
01FC0000
01FC0000
01FC0000
01FC0000
01FC0000
01FC0000
01FC0000
01FC0000
01FC0000
01FC0000
00FC0000
00FE0000
00FFFE00
007FFE00
007FFE00
001FFE00
0007FE00
ENDCHAR
STARTCHAR 013F
ENCODING 319
SWIDTH 600 0
DWIDTH 30 0
BBX 22 33 5 0
BITMAP
FE0000
FE0000
FE0000
FE0000
FE0000
FE0000
FE0000
FE0000
FE0000
FE0000
FE0000
FE0000
FE0000
FE0000
FE1FC0
FE1FC0
FE1FC0
FE1FC0
FE1FC0
FE0000
FE0000
FE0000
FE0000
FE0000
FE0000
FE0000
FE0000
FFFFFC
FFFFFC
FFFFFC
FFFFFC
FFFFFC
FFFFFC
ENDCHAR
STARTCHAR 0140
ENCODING 320
SWIDTH 600 0
DWIDTH 30 0
BBX 24 36 5 0
BITMAP
FFFC00
FFFC00
FFFC00
FFFC00
00FC00
00FC00
00FC00
00FC00
00FC00
00FC00
00FC00
00FC00
00FC00
00FC00
00FC00
00FC00
00FC00
00FC7F
00FC7F
00FC7F
00FC7F
00FC7F
00FC00
00FC00
00FC00
00FC00
00FC00
00FC00
00FC00
00FE00
00FE00
00FFFE
007FFE
003FFE
001FFE
0007FE
ENDCHAR
STARTCHAR 0141
ENCODING 321
SWIDTH 600 0
DWIDTH 30 0
BBX 28 33 0 0
BITMAP
07F80000
07F80000
07F80000
07F80000
07F80000
07F80000
07F80000
07F80000
07F80000
07F80000
07F82000
07F8E000
07FBF000
07FFF000
07FFF800
07FFE000
07FF8000
0FFE0000
3FF80000
FFF80000
FFF80000
7FF80000
3FF80000
27F80000
07F80000
07F80000
07F80000
07FFFFF0
07FFFFF0
07FFFFF0
07FFFFF0
07FFFFF0
07FFFFF0
ENDCHAR
STARTCHAR 0142
ENCODING 322
SWIDTH 600 0
DWIDTH 30 0
BBX 25 36 3 0
BITMAP
3FFF0000
3FFF0000
3FFF0000
3FFF0000
3FFF0000
003F0000
003F0000
003F0000
003F0000
003F0000
003F0400
003F1C00
003F7E00
003FFE00
003FFC00
003FF000
003FC000
00FF8000
03FF0000
0FFF0000
1FFF0000
1FBF0000
0E3F0000
0C3F0000
003F0000
003F0000
003F0000
003F0000
003F0000
003F0000
003F0000
FFFFFF80
FFFFFF80
FFFFFF80
FFFFFF80
FFFFFF80
ENDCHAR
STARTCHAR 0143
ENCODING 323
SWIDTH 600 0
DWIDTH 30 0
BBX 24 42 3 0
BITMAP
0001F8
0003F8
0007E0
000FC0
001F80
003E00
007C00
000000
000000
FF807F
FF807F
FF807F
FFC07F
FFC07F
FFE07F
FFE07F
FFE07F
FFF07F
FFF07F
FDF07F
FDF87F
FDF87F
FCFC7F
FCFC7F
FE7C7F
FE7E7F
FE7E7F
FE3F7F
FE3F3F
FE1F3F
FE1FBF
FE1FBF
FE0FBF
FE0FFF
FE0FFF
FE07FF
FE07FF
FE03FF
FE03FF
FE03FF
FE01FF
FE01FF
ENDCHAR
STARTCHAR 0144
ENCODING 324
SWIDTH 600 0
DWIDTH 30 0
BBX 24 36 3 0
BITMAP
0001FC
0003F8
0007F0
000FC0
001F80
003F00
007C00
000000
000000
0007E0
FE1FF8
FE7FFC
FE7FFE
FEFFFE
FFE1FE
FFC0FF
FF807F
FF007F
FF007F
FF007F
FE007F
FE007F
FE007F
FE007F
FE007F
FE007F
FE007F
FE007F
FE007F
FE007F
FE007F
FE007F
FE007F
FE007F
FE007F
FE007F
ENDCHAR
STARTCHAR 0145
ENCODING 325
SWIDTH 600 0
DWIDTH 30 0
BBX 24 44 3 -11
BITMAP
FF807F
FF807F
FF807F
FFC07F
FFC07F
FFE07F
FFE07F
FFE07F
FFF07F
FFF07F
FDF07F
FDF87F
FDF87F
FCFC7F
FCFC7F
FE7C7F
FE7E7F
FE7E7F
FE3F7F
FE3F3F
FE1F3F
FE1FBF
FE1FBF
FE0FBF
FE0FFF
FE0FFF
FE07FF
FE07FF
FE03FF
FE03FF
FE03FF
FE01FF
FE01FF
000000
000000
007E00
007E00
00FC00
00FC00
00F800
00F800
01F000
01F000
01E000
ENDCHAR
STARTCHAR 0146
ENCODING 326
SWIDTH 600 0
DWIDTH 30 0
BBX 24 38 3 -11
BITMAP
0007E0
FE1FF8
FE7FFC
FE7FFE
FEFFFE
FFE1FE
FFC0FF
FF807F
FF007F
FF007F
FF007F
FE007F
FE007F
FE007F
FE007F
FE007F
FE007F
FE007F
FE007F
FE007F
FE007F
FE007F
FE007F
FE007F
FE007F
FE007F
FE007F
000000
000000
007E00
007E00
00FE00
00FC00
00F800
00F800
01F000
01F000
01E000
ENDCHAR
STARTCHAR 0147
ENCODING 327
SWIDTH 600 0
DWIDTH 30 0
BBX 24 42 3 0
BITMAP
1F00F8
0F81F0
07E7E0
03FFC0
01FF80
00FF00
007E00
000000
000000
FF807F
FF807F
FF807F
FFC07F
FFC07F
FFE07F
FFE07F
FFE07F
FFF07F
FFF07F
FDF07F
FDF87F
FDF87F
FCFC7F
FCFC7F
FE7C7F
FE7E7F
FE7E7F
FE3F7F
FE3F3F
FE1F3F
FE1FBF
FE1FBF
FE0FBF
FE0FFF
FE0FFF
FE07FF
FE07FF
FE03FF
FE03FF
FE03FF
FE01FF
FE01FF
ENDCHAR
STARTCHAR 0148
ENCODING 328
SWIDTH 600 0
DWIDTH 30 0
BBX 24 36 3 0
BITMAP
1F00F8
0F81F0
07E7E0
03FFC0
01FF80
00FF00
007E00
000000
000000
0007E0
FE1FF8
FE7FFC
FE7FFE
FEFFFE
FFE1FE
FFC0FF
FF807F
FF007F
FF007F
FF007F
FE007F
FE007F
FE007F
FE007F
FE007F
FE007F
FE007F
FE007F
FE007F
FE007F
FE007F
FE007F
FE007F
FE007F
FE007F
FE007F
ENDCHAR
STARTCHAR 0149
ENCODING 329
SWIDTH 600 0
DWIDTH 30 0
BBX 29 33 0 0
BITMAP
3F000000
3F000000
7F000000
7E000000
7E000000
7C000000
F8003F00
FBF8FFC0
F3F9FFE0
03FBFFF0
03FBFFF0
03FF8FF0
03FE07F8
03FE03F8
03FC03F8
03FC03F8
03FC03F8
03F803F8
03F803F8
03F803F8
03F803F8
03F803F8
03F803F8
03F803F8
03F803F8
03F803F8
03F803F8
03F803F8
03F803F8
03F803F8
03F803F8
03F803F8
03F803F8
ENDCHAR
STARTCHAR 014A
ENCODING 330
SWIDTH 600 0
DWIDTH 30 0
BBX 25 35 3 -1
BITMAP
0007E000
FE1FF800
FE3FFC00
FE7FFE00
FEFFFE00
FEFFFF00
FFE0FF00
FFC07F00
FF807F00
FF807F80
FF003F80
FF003F80
FF003F80
FE003F80
FE003F80
FE003F80
FE003F80
FE003F80
FE003F80
FE003F80
FE003F80
FE003F80
FE003F80
FE003F80
FE003F80
FE003F80
FE007F00
FE087F00
FE7C7F00
FEFEFF00
FE7FFE00
FE7FFE00
FE3FFC00
FE1FF800
0007E000
ENDCHAR
STARTCHAR 014B
ENCODING 331
SWIDTH 600 0
DWIDTH 30 0
BBX 24 37 3 -10
BITMAP
0007E0
FE1FF8
FE7FFC
FE7FFE
FEFFFE
FFE1FE
FFC0FF
FF807F
FF007F
FF007F
FF007F
FE007F
FE007F
FE007F
FE007F
FE007F
FE007F
FE007F
FE007F
FE007F
FE007F
FE007F
FE007F
FE007F
FE007F
FE007F
FE007F
00007F
00007F
00007F
00007F
0000FF
0007FF
0007FE
0007FE
0007FC
0007F0
ENDCHAR
STARTCHAR 014C
ENCODING 332
SWIDTH 600 0
DWIDTH 30 0
BBX 26 42 2 -1
BITMAP
03FFF800
03FFF800
03FFF800
03FFF800
00000000
00000000
00000000
007F8000
01FFF000
07FFF800
0FFFFC00
1FFFFE00
3FFFFF00
3FC0FF00
7F807F80
7F807F80
7F003F80
FF003FC0
FF003FC0
FE001FC0
FE001FC0
FE001FC0
FE001FC0
FE001FC0
FE001FC0
FE001FC0
FE001FC0
FE001FC0
FE001FC0
FE001FC0
FF003FC0
FF003FC0
7F003F80
7F807F80
7F807F80
3FC0FF00
3FFFFF00
1FFFFE00
0FFFFC00
07FFF800
01FFE000
007F8000
ENDCHAR
STARTCHAR 014D
ENCODING 333
SWIDTH 600 0
DWIDTH 30 0
BBX 26 35 2 -1
BITMAP
03FFF800
03FFF800
03FFF800
03FFF800
00000000
00000000
00000000
007F8000
03FFF000
07FFFC00
0FFFFE00
1FFFFE00
3FC0FF00
3F807F00
7F803F80
7F003F80
7F003F80
FF003FC0
FF003FC0
FE001FC0
FE001FC0
FE001FC0
FE001FC0
FF003FC0
FF003FC0
7F003F80
7F003F80
7F003F80
3F807F00
3FC0FF00
1FFFFE00
0FFFFC00
07FFF800
03FFF000
007F8000
ENDCHAR
STARTCHAR 014E
ENCODING 334
SWIDTH 600 0
DWIDTH 30 0
BBX 26 43 2 -1
BITMAP
0F007C00
07807800
07C0F800
07FFF800
03FFF000
01FFE000
007F8000
00000000
007F8000
01FFF000
07FFF800
0FFFFC00
1FFFFE00
3FFFFF00
3FC0FF00
7F807F80
7F807F80
7F003F80
FF003FC0
FF003FC0
FE001FC0
FE001FC0
FE001FC0
FE001FC0
FE001FC0
FE001FC0
FE001FC0
FE001FC0
FE001FC0
FE001FC0
FE001FC0
FF003FC0
FF003FC0
7F003F80
7F807F80
7F807F80
3FC0FF00
3FFFFF00
1FFFFE00
0FFFFC00
07FFF800
01FFE000
007F8000
ENDCHAR
STARTCHAR 014F
ENCODING 335
SWIDTH 600 0
DWIDTH 30 0
BBX 26 37 2 -1
BITMAP
0F007C00
07807800
07C0F800
07FFF800
03FFF000
01FFE000
007F8000
00000000
00000000
007F8000
03FFF000
07FFFC00
0FFFFE00
1FFFFE00
3FC0FF00
3F807F00
7F803F80
7F003F80
7F003F80
FF003FC0
FF003FC0
FE001FC0
FE001FC0
FE001FC0
FE001FC0
FF003FC0
FF003FC0
7F003F80
7F003F80
7F003F80
3F807F00
3FC0FF00
1FFFFE00
0FFFFC00
07FFF800
03FFF000
007F8000
ENDCHAR
STARTCHAR 0150
ENCODING 336
SWIDTH 600 0
DWIDTH 30 0
BBX 26 43 2 -1
BITMAP
003F8FC0
007F1FC0
007E3F80
00F83E00
01F07C00
03E0F800
0781E000
00000000
007F8000
01FFF000
07FFF800
0FFFFC00
1FFFFE00
3FFFFF00
3FC0FF00
7F807F80
7F807F80
7F003F80
FF003FC0
FF003FC0
FE001FC0
FE001FC0
FE001FC0
FE001FC0
FE001FC0
FE001FC0
FE001FC0
FE001FC0
FE001FC0
FE001FC0
FE001FC0
FF003FC0
FF003FC0
7F003F80
7F807F80
7F807F80
3FC0FF00
3FFFFF00
1FFFFE00
0FFFFC00
07FFF800
01FFE000
007F8000
ENDCHAR
STARTCHAR 0151
ENCODING 337
SWIDTH 600 0
DWIDTH 30 0
BBX 27 37 2 -1
BITMAP
001F87E0
003F8FC0
007E1F80
00FC3F00
01F87C00
03E0F800
03C0F000
00000000
00000000
007F8000
03FFF000
07FFFC00
0FFFFE00
1FFFFE00
3FC0FF00
3F807F00
7F803F80
7F003F80
7F003F80
FF003FC0
FF003FC0
FE001FC0
FE001FC0
FE001FC0
FE001FC0
FF003FC0
FF003FC0
7F003F80
7F003F80
7F003F80
3F807F00
3FC0FF00
1FFFFE00
0FFFFC00
07FFF800
03FFF000
007F8000
ENDCHAR
STARTCHAR 0152
ENCODING 338
SWIDTH 600 0
DWIDTH 30 0
BBX 29 33 1 0
BITMAP
00FFFFF0
07FFFFF0
0FFFFFF0
1FFFFFF0
3FFFFFF0
3F83F000
7F03F000
7E03F000
7E03F000
FE03F000
FE03F000
FC03F000
FC03F000
FC03F000
FC03FFE0
FC03FFE0
FC03FFE0
FC03FFE0
FC03FFE0
FC03F000
FC03F000
FC03F000
FE03F000
FE03F000
7E03F000
7F03F000
7F03F000
3F83F000
3FFFFFF8
1FFFFFF8
0FFFFFF8
07FFFFF8
00FFFFF8
ENDCHAR
STARTCHAR 0153
ENCODING 339
SWIDTH 600 0
DWIDTH 30 0
BBX 28 28 1 -1
BITMAP
07E03E00
1FF0FF80
3FF9FFC0
3FFDFFC0
7FFFFFE0
7C3FC3E0
7C1FC1F0
F81F81F0
F81F81F0
F81F81F0
F80F81F0
F80FFFF0
F80FFFF0
F80FFFF0
F80FFFF0
F80F8000
F80F8000
F80F8000
F81F8000
F81F8000
F81FC180
7C1FC1F0
7C3FE3E0
7FFFFFE0
3FFDFFC0
3FF9FFC0
1FF0FF80
07C03E00
ENDCHAR
STARTCHAR 0154
ENCODING 340
SWIDTH 600 0
DWIDTH 30 0
BBX 27 42 3 0
BITMAP
0007F000
000FF000
001FC000
003F8000
007E0000
00FC0000
00F80000
00000000
00000000
FFFF8000
FFFFF000
FFFFFC00
FFFFFE00
FFFFFF00
FFFFFF00
FF00FF80
FF007F80
FF003F80
FF003F80
FF003F80
FF003F80
FF007F80
FF007F80
FF01FF00
FFFFFF00
FFFFFE00
FFFFFC00
FFFFF000
FFFFE000
FFFFE000
FF0FF000
FF07F800
FF07F800
FF03FC00
FF01FC00
FF01FE00
FF00FF00
FF00FF00
FF007F80
FF007F80
FF003FC0
FF001FE0
ENDCHAR
STARTCHAR 0155
ENCODING 341
SWIDTH 600 0
DWIDTH 30 0
BBX 21 36 5 0
BITMAP
000FE0
001FC0
003F80
007E00
00FC00
01F000
03E000
000000
000000
0007F8
FE1FF8
FE3FF8
FE7FF8
7EFFF8
7FFFF8
7FF800
7FE000
7FC000
7FC000
7F8000
7F8000
7F0000
7F0000
7F0000
7F0000
7F0000
7F0000
7F0000
7F0000
7F0000
7F0000
7F0000
7F0000
7F0000
7F0000
7F0000
ENDCHAR
STARTCHAR 0156
ENCODING 342
SWIDTH 600 0
DWIDTH 30 0
BBX 27 44 3 -11
BITMAP
FFFF8000
FFFFF000
FFFFFC00
FFFFFE00
FFFFFF00
FFFFFF00
FF00FF80
FF007F80
FF003F80
FF003F80
FF003F80
FF003F80
FF007F80
FF007F80
FF01FF00
FFFFFF00
FFFFFE00
FFFFFC00
FFFFF000
FFFFE000
FFFFE000
FF0FF000
FF07F800
FF07F800
FF03FC00
FF01FC00
FF01FE00
FF00FF00
FF00FF00
FF007F80
FF007F80
FF003FC0
FF001FE0
00000000
00000000
003F0000
007F0000
007E0000
007E0000
007C0000
00FC0000
00F80000
00F00000
00F00000
ENDCHAR
STARTCHAR 0157
ENCODING 343
SWIDTH 600 0
DWIDTH 30 0
BBX 22 38 4 -11
BITMAP
0003FC
7F0FFC
7F1FFC
7F3FFC
3F7FFC
3FFFFC
3FFC00
3FF000
3FE000
3FE000
3FC000
3FC000
3F8000
3F8000
3F8000
3F8000
3F8000
3F8000
3F8000
3F8000
3F8000
3F8000
3F8000
3F8000
3F8000
3F8000
3F8000
000000
000000
3F0000
3F0000
7F0000
7E0000
7C0000
7C0000
F80000
F80000
F00000
ENDCHAR
STARTCHAR 0158
ENCODING 344
SWIDTH 600 0
DWIDTH 30 0
BBX 27 42 3 0
BITMAP
1E00F800
1F83F000
0FC7E000
07FFC000
03FF8000
01FF0000
00FE0000
00000000
00000000
FFFF8000
FFFFF000
FFFFFC00
FFFFFE00
FFFFFF00
FFFFFF00
FF00FF80
FF007F80
FF003F80
FF003F80
FF003F80
FF003F80
FF007F80
FF007F80
FF01FF00
FFFFFF00
FFFFFE00
FFFFFC00
FFFFF000
FFFFE000
FFFFE000
FF0FF000
FF07F800
FF07F800
FF03FC00
FF01FC00
FF01FE00
FF00FF00
FF00FF00
FF007F80
FF007F80
FF003FC0
FF001FE0
ENDCHAR
STARTCHAR 0159
ENCODING 345
SWIDTH 600 0
DWIDTH 30 0
BBX 21 36 5 0
BITMAP
7C01E0
3F07E0
1F8FC0
0FFF80
07FF00
03FE00
01FC00
000000
000000
0007F8
FE1FF8
FE3FF8
FE7FF8
7EFFF8
7FFFF8
7FF800
7FE000
7FC000
7FC000
7F8000
7F8000
7F0000
7F0000
7F0000
7F0000
7F0000
7F0000
7F0000
7F0000
7F0000
7F0000
7F0000
7F0000
7F0000
7F0000
7F0000
ENDCHAR
STARTCHAR 015A
ENCODING 346
SWIDTH 600 0
DWIDTH 30 0
BBX 27 43 1 -1
BITMAP
00007E00
0000FE00
0001F800
0003F000
0007E000
000F8000
001F0000
00000000
003FE000
01FFF800
07FFFE00
0FFFFF00
1FFFFF80
3FE0FF80
3FC03FC0
3F801FC0
3F801FC0
3F801F00
3F800000
3FC00000
3FE00000
3FFC0000
1FFF8000
0FFFF000
07FFFC00
03FFFF00
00FFFF80
001FFFC0
0001FFE0
00003FE0
00001FE0
00000FE0
00000FE0
1E000FE0
FE000FE0
FF000FE0
7F801FE0
7FF9FFC0
3FFFFFC0
1FFFFF80
0FFFFF00
03FFFC00
007FE000
ENDCHAR
STARTCHAR 015B
ENCODING 347
SWIDTH 600 0
DWIDTH 30 0
BBX 24 37 3 -1
BITMAP
0003F8
0007F0
000FE0
001F80
003F00
007C00
00F800
000000
000000
00FF80
07FFE0
1FFFF8
3FFFFC
3FFFFC
7F00FE
7E007E
7E007C
7F0000
7F8000
7FF000
3FFF00
3FFFE0
1FFFF8
07FFFC
01FFFE
001FFE
0001FF
00007F
00003F
1C003F
FE007F
FF007E
7FFFFE
3FFFFC
1FFFF8
0FFFF0
01FF80
ENDCHAR
STARTCHAR 015C
ENCODING 348
SWIDTH 600 0
DWIDTH 30 0
BBX 27 43 1 -1
BITMAP
001F8000
003FC000
007FE000
00FFF000
01F8F800
03E07C00
07C03E00
00000000
003FE000
01FFF800
07FFFE00
0FFFFF00
1FFFFF80
3FE0FF80
3FC03FC0
3F801FC0
3F801FC0
3F801F00
3F800000
3FC00000
3FE00000
3FFC0000
1FFF8000
0FFFF000
07FFFC00
03FFFF00
00FFFF80
001FFFC0
0001FFE0
00003FE0
00001FE0
00000FE0
00000FE0
1E000FE0
FE000FE0
FF000FE0
7F801FE0
7FF9FFC0
3FFFFFC0
1FFFFF80
0FFFFF00
03FFFC00
007FE000
ENDCHAR
STARTCHAR 015D
ENCODING 349
SWIDTH 600 0
DWIDTH 30 0
BBX 24 37 3 -1
BITMAP
007F00
00FF80
01FFC0
03FFE0
07E3F0
0FC1F8
1F0078
000000
000000
00FF80
07FFE0
1FFFF8
3FFFFC
3FFFFC
7F00FE
7E007E
7E007C
7F0000
7F8000
7FF000
3FFF00
3FFFE0
1FFFF8
07FFFC
01FFFE
001FFE
0001FF
00007F
00003F
1C003F
FE007F
FF007E
7FFFFE
3FFFFC
1FFFF8
0FFFF0
01FF80
ENDCHAR
STARTCHAR 015E
ENCODING 350
SWIDTH 600 0
DWIDTH 30 0
BBX 27 45 1 -11
BITMAP
003FE000
01FFF800
07FFFE00
0FFFFF00
1FFFFF80
3FE0FF80
3FC03FC0
3F801FC0
3F801FC0
3F801F00
3F800000
3FC00000
3FE00000
3FFC0000
1FFF8000
0FFFF000
07FFFC00
03FFFF00
00FFFF80
001FFFC0
0001FFE0
00003FE0
00001FE0
00000FE0
00000FE0
1E000FE0
FE000FE0
FF000FE0
7F801FE0
7FF9FFC0
3FFFFFC0
1FFFFF80
0FFFFF00
03FFFC00
007FE000
000E0000
001E0000
001FC000
001FE000
0003E000
0001E000
0003E000
007FE000
007FC000
007F0000
ENDCHAR
STARTCHAR 015F
ENCODING 351
SWIDTH 600 0
DWIDTH 30 0
BBX 24 38 3 -11
BITMAP
00FF80
07FFE0
1FFFF8
3FFFFC
3FFFFC
7F00FE
7E007E
7E007C
7F0000
7F8000
7FF000
3FFF00
3FFFE0
1FFFF8
07FFFC
01FFFE
001FFE
0001FF
00007F
00003F
1C003F
FE007F
FF007E
7FFFFE
3FFFFC
1FFFF8
0FFFF0
01FF80
003800
007800
007F00
007F80
000780
000780
000F80
00FF80
00FF00
00FC00
ENDCHAR
STARTCHAR 0160
ENCODING 352
SWIDTH 600 0
DWIDTH 30 0
BBX 27 43 1 -1
BITMAP
07C03E00
03E07C00
01F9F800
00FFF000
007FE000
003FC000
001F8000
00000000
003FE000
01FFF800
07FFFE00
0FFFFF00
1FFFFF80
3FE0FF80
3FC03FC0
3F801FC0
3F801FC0
3F801F00
3F800000
3FC00000
3FE00000
3FFC0000
1FFF8000
0FFFF000
07FFFC00
03FFFF00
00FFFF80
001FFFC0
0001FFE0
00003FE0
00001FE0
00000FE0
00000FE0
1E000FE0
FE000FE0
FF000FE0
7F801FE0
7FF9FFC0
3FFFFFC0
1FFFFF80
0FFFFF00
03FFFC00
007FE000
ENDCHAR
STARTCHAR 0161
ENCODING 353
SWIDTH 600 0
DWIDTH 30 0
BBX 24 37 3 -1
BITMAP
1F00F8
0F81F0
07E3E0
03FFC0
01FF80
00FF00
007F00
000000
000000
00FF80
07FFE0
1FFFF8
3FFFFC
3FFFFC
7F00FE
7E007E
7E007C
7F0000
7F8000
7FF000
3FFF00
3FFFE0
1FFFF8
07FFFC
01FFFE
001FFE
0001FF
00007F
00003F
1C003F
FE007F
FF007E
7FFFFE
3FFFFC
1FFFF8
0FFFF0
01FF80
ENDCHAR
STARTCHAR 0162
ENCODING 354
SWIDTH 600 0
DWIDTH 30 0
BBX 28 44 1 -11
BITMAP
FFFFFFF0
FFFFFFF0
FFFFFFF0
FFFFFFF0
FFFFFFF0
FFFFFFF0
003FC000
003FC000
003FC000
003FC000
003FC000
003FC000
003FC000
003FC000
003FC000
003FC000
003FC000
003FC000
003FC000
003FC000
003FC000
003FC000
003FC000
003FC000
003FC000
003FC000
003FC000
003FC000
003FC000
003FC000
003FC000
003FC000
003FC000
00000000
00000000
001F8000
003F8000
003F0000
003F0000
003E0000
007E0000
007C0000
007C0000
00780000
ENDCHAR
STARTCHAR 0163
ENCODING 355
SWIDTH 600 0
DWIDTH 30 0
BBX 21 44 4 -11
BITMAP
03E000
03E000
03E000
07E000
07E000
07E000
0FE000
FFFFF0
FFFFF0
FFFFF0
FFFFF0
FFFFF0
0FE000
0FE000
0FE000
0FE000
0FE000
0FE000
0FE000
0FE000
0FE000
0FE000
0FE000
0FE000
0FE000
0FE000
0FE000
0FE000
0FF000
07FFF8
07FFF8
03FFF8
01FFF8
007FF0
000000
007E00
007E00
00FC00
00FC00
00F800
01F800
01F000
01F000
01E000
ENDCHAR
STARTCHAR 0164
ENCODING 356
SWIDTH 600 0
DWIDTH 30 0
BBX 28 42 1 0
BITMAP
07C03E00
03E07C00
01F9F800
00FFF000
007FE000
003FC000
001F8000
00000000
00000000
FFFFFFF0
FFFFFFF0
FFFFFFF0
FFFFFFF0
FFFFFFF0
FFFFFFF0
003FC000
003FC000
003FC000
003FC000
003FC000
003FC000
003FC000
003FC000
003FC000
003FC000
003FC000
003FC000
003FC000
003FC000
003FC000
003FC000
003FC000
003FC000
003FC000
003FC000
003FC000
003FC000
003FC000
003FC000
003FC000
003FC000
003FC000
ENDCHAR
STARTCHAR 0165
ENCODING 357
SWIDTH 600 0
DWIDTH 30 0
BBX 29 37 1 -1
BITMAP
000001F8
000003F8
000003F0
01E003F0
03E003E0
03E007E0
03E007C0
07E00780
07E00780
07E00000
FFFFF800
FFFFF800
FFFFF800
FFFFF800
FFFFF800
0FE00000
0FE00000
0FE00000
0FE00000
0FE00000
0FE00000
0FE00000
0FE00000
0FE00000
0FE00000
0FE00000
0FE00000
0FE00000
0FE00000
0FE00000
0FE00000
07F00000
07FFFC00
07FFFC00
03FFFC00
01FFFC00
007FF000
ENDCHAR
STARTCHAR 0166
ENCODING 358
SWIDTH 600 0
DWIDTH 30 0
BBX 27 33 2 0
BITMAP
FFFFFFE0
FFFFFFE0
FFFFFFE0
FFFFFFE0
FFFFFFE0
FFFFFFE0
007F8000
007F8000
007F8000
007F8000
007F8000
007F8000
007F8000
007F8000
0FFFFC00
0FFFFC00
0FFFFC00
0FFFFC00
0FFFFC00
007F8000
007F8000
007F8000
007F8000
007F8000
007F8000
007F8000
007F8000
007F8000
007F8000
007F8000
007F8000
007F8000
007F8000
ENDCHAR
STARTCHAR 0167
ENCODING 359
SWIDTH 600 0
DWIDTH 30 0
BBX 22 34 4 -1
BITMAP
01E000
03E000
03E000
03E000
07E000
07E000
07E000
FFFFF8
FFFFF8
FFFFF8
FFFFF8
FFFFF8
0FE000
0FE000
0FE000
0FE000
0FE000
FFFFF8
FFFFF8
FFFFF8
FFFFF8
FFFFF8
0FE000
0FE000
0FE000
0FE000
0FE000
0FE000
07F000
07FFFC
07FFFC
03FFFC
01FFFC
007FF0
ENDCHAR
STARTCHAR 0168
ENCODING 360
SWIDTH 600 0
DWIDTH 30 0
BBX 24 43 3 -1
BITMAP
03C038
0FF038
1FFE78
1FFFF8
1E7FF8
1C0FF0
3C03C0
000000
000000
FE007F
FE007F
FE007F
FE007F
FE007F
FE007F
FE007F
FE007F
FE007F
FE007F
FE007F
FE007F
FE007F
FE007F
FE007F
FE007F
FE007F
FE007F
FE007F
FE007F
FE007F
FE007F
FE007F
FF00FF
FF00FE
7F00FE
7F01FE
7F81FE
3FFFFC
3FFFFC
1FFFF8
0FFFF0
07FFC0
01FF00
ENDCHAR
STARTCHAR 0169
ENCODING 361
SWIDTH 600 0
DWIDTH 30 0
BBX 23 37 3 -1
BITMAP
03C038
0FF038
0FFE78
1FFFF8
1E3FF8
1C0FF0
1C03C0
000000
000000
000000
FE00FE
FE00FE
FE00FE
FE00FE
FE00FE
FE00FE
FE00FE
FE00FE
FE00FE
FE00FE
FE00FE
FE00FE
FE00FE
FE00FE
FE00FE
FE00FE
FE00FE
FE00FE
FF00FE
FF01FE
7F83FE
7FC77E
7FFF7E
3FFE7E
3FFC7E
1FF87E
07F000
ENDCHAR
STARTCHAR 016A
ENCODING 362
SWIDTH 600 0
DWIDTH 30 0
BBX 24 42 3 -1
BITMAP
07FFF0
07FFF0
07FFF0
07FFF0
000000
000000
000000
000000
FE007F
FE007F
FE007F
FE007F
FE007F
FE007F
FE007F
FE007F
FE007F
FE007F
FE007F
FE007F
FE007F
FE007F
FE007F
FE007F
FE007F
FE007F
FE007F
FE007F
FE007F
FE007F
FE007F
FF00FF
FF00FE
7F00FE
7F01FE
7F81FE
3FFFFC
3FFFFC
1FFFF8
0FFFF0
07FFC0
01FF00
ENDCHAR
STARTCHAR 016B
ENCODING 363
SWIDTH 600 0
DWIDTH 30 0
BBX 23 35 3 -1
BITMAP
07FFF0
07FFF0
07FFF0
07FFF0
000000
000000
000000
000000
FE00FE
FE00FE
FE00FE
FE00FE
FE00FE
FE00FE
FE00FE
FE00FE
FE00FE
FE00FE
FE00FE
FE00FE
FE00FE
FE00FE
FE00FE
FE00FE
FE00FE
FE00FE
FF00FE
FF01FE
7F83FE
7FC77E
7FFF7E
3FFE7E
3FFC7E
1FF87E
07F000
ENDCHAR
STARTCHAR 016C
ENCODING 364
SWIDTH 600 0
DWIDTH 30 0
BBX 24 43 3 -1
BITMAP
1E00F8
0F00F0
0F81F0
0FFFF0
07FFE0
03FFC0
00FF00
000000
000000
FE007F
FE007F
FE007F
FE007F
FE007F
FE007F
FE007F
FE007F
FE007F
FE007F
FE007F
FE007F
FE007F
FE007F
FE007F
FE007F
FE007F
FE007F
FE007F
FE007F
FE007F
FE007F
FE007F
FF00FF
FF00FE
7F00FE
7F01FE
7F81FE
3FFFFC
3FFFFC
1FFFF8
0FFFF0
07FFC0
01FF00
ENDCHAR
STARTCHAR 016D
ENCODING 365
SWIDTH 600 0
DWIDTH 30 0
BBX 23 37 3 -1
BITMAP
1E00F8
0F00F0
0F81F0
0FFFF0
07FFE0
03FFC0
00FF00
000000
000000
000000
FE00FE
FE00FE
FE00FE
FE00FE
FE00FE
FE00FE
FE00FE
FE00FE
FE00FE
FE00FE
FE00FE
FE00FE
FE00FE
FE00FE
FE00FE
FE00FE
FE00FE
FE00FE
FF00FE
FF01FE
7F83FE
7FC77E
7FFF7E
3FFE7E
3FFC7E
1FF87E
07F000
ENDCHAR
STARTCHAR 016E
ENCODING 366
SWIDTH 600 0
DWIDTH 30 0
BBX 24 43 3 -1
BITMAP
007E00
00FF00
01FF80
03C3C0
03C3C0
03C3C0
03C7C0
01FF80
00FF00
FE7E7F
FE007F
FE007F
FE007F
FE007F
FE007F
FE007F
FE007F
FE007F
FE007F
FE007F
FE007F
FE007F
FE007F
FE007F
FE007F
FE007F
FE007F
FE007F
FE007F
FE007F
FE007F
FE007F
FF00FF
FF00FE
7F00FE
7F01FE
7F81FE
3FFFFC
3FFFFC
1FFFF8
0FFFF0
07FFC0
01FF00
ENDCHAR
STARTCHAR 016F
ENCODING 367
SWIDTH 600 0
DWIDTH 30 0
BBX 23 40 3 -1
BITMAP
007E00
00FF00
01FF80
03C3C0
03C3C0
03C3C0
03C7C0
01FF80
00FF00
007E00
000000
000000
000000
FE00FE
FE00FE
FE00FE
FE00FE
FE00FE
FE00FE
FE00FE
FE00FE
FE00FE
FE00FE
FE00FE
FE00FE
FE00FE
FE00FE
FE00FE
FE00FE
FE00FE
FE00FE
FF00FE
FF01FE
7F83FE
7FC77E
7FFF7E
3FFE7E
3FFC7E
1FF87E
07F000
ENDCHAR
STARTCHAR 0170
ENCODING 368
SWIDTH 600 0
DWIDTH 30 0
BBX 25 43 3 -1
BITMAP
00FE3F80
00FC3F00
01F87E00
03F0F800
07C1F000
0F83E000
1F07C000
00000000
00000000
FE007F00
FE007F00
FE007F00
FE007F00
FE007F00
FE007F00
FE007F00
FE007F00
FE007F00
FE007F00
FE007F00
FE007F00
FE007F00
FE007F00
FE007F00
FE007F00
FE007F00
FE007F00
FE007F00
FE007F00
FE007F00
FE007F00
FE007F00
FF00FF00
FF00FE00
7F00FE00
7F01FE00
7F81FE00
3FFFFC00
3FFFFC00
1FFFF800
0FFFF000
07FFC000
01FF0000
ENDCHAR
STARTCHAR 0171
ENCODING 369
SWIDTH 600 0
DWIDTH 30 0
BBX 25 37 3 -1
BITMAP
00FE3F80
00FC7F00
01F87E00
03E0F800
07C1F000
0F83E000
1F078000
00000000
00000000
00000000
FE00FE00
FE00FE00
FE00FE00
FE00FE00
FE00FE00
FE00FE00
FE00FE00
FE00FE00
FE00FE00
FE00FE00
FE00FE00
FE00FE00
FE00FE00
FE00FE00
FE00FE00
FE00FE00
FE00FE00
FE00FE00
FF00FE00
FF01FE00
7F83FE00
7FC77E00
7FFF7E00
3FFE7E00
3FFC7E00
1FF87E00
07F00000
ENDCHAR
STARTCHAR 0172
ENCODING 370
SWIDTH 600 0
DWIDTH 30 0
BBX 24 43 3 -10
BITMAP
FE007F
FE007F
FE007F
FE007F
FE007F
FE007F
FE007F
FE007F
FE007F
FE007F
FE007F
FE007F
FE007F
FE007F
FE007F
FE007F
FE007F
FE007F
FE007F
FE007F
FE007F
FE007F
FE007F
FF00FF
FF00FE
7F00FE
7F01FE
7F81FE
3FFFFC
3FFFFC
1FFFF8
0FFFF0
07FFC0
01FF00
003C00
007800
007800
007800
007C00
007EC0
007FC0
003FC0
000F80
ENDCHAR
STARTCHAR 0173
ENCODING 371
SWIDTH 600 0
DWIDTH 30 0
BBX 24 36 3 -10
BITMAP
FE00FE
FE00FE
FE00FE
FE00FE
FE00FE
FE00FE
FE00FE
FE00FE
FE00FE
FE00FE
FE00FE
FE00FE
FE00FE
FE00FE
FE00FE
FE00FE
FE00FE
FE00FE
FF00FE
FF01FE
7F83FE
7FC77E
7FFF7E
3FFE7E
3FFC7E
1FF87E
07F0F0
0001F0
0001E0
0003E0
0003E0
0003E0
0003FF
0001FF
0000FF
00007E
ENDCHAR
STARTCHAR 0174
ENCODING 372
SWIDTH 600 0
DWIDTH 30 0
BBX 30 42 0 0
BITMAP
000FC000
001FE000
003FF000
007FF800
00FCFC00
01F03E00
03E01F00
00000000
00000000
FC0000FC
FE0001FC
FE0001FC
7E0001F8
7E0001F8
7E0001F8
7E0001F8
7E0001F8
7E0001F8
7F0FC3F8
3F0FC3F0
3F0FC3F0
3F0FC3F0
3F1FE3F0
3F1FE3F0
3F1FE3F0
1F3FF3E0
1FBFF3E0
1FBFF7E0
1FBEF7E0
1FFCFFE0
1FFCFFE0
0FFCFFE0
0FFCFFC0
0FF87FC0
0FF87FC0
0FF87FC0
0FF87FC0
0FF03FC0
07F03F80
07F03F80
07F03F80
07E01F80
ENDCHAR
STARTCHAR 0175
ENCODING 373
SWIDTH 600 0
DWIDTH 30 0
BBX 30 36 0 0
BITMAP
000FC000
001FE000
003FF000
007FF800
00FCFC00
01F03E00
03E01F00
00000000
00000000
00000000
FC0000FC
7C0000F8
7C0000F8
7C0000F8
7C0000F8
7E0001F8
7E0FC1F8
3E0FC1F0
3E0FC1F0
3E0FC1F0
3E1FE1F0
3E1FE3F0
3F1FE3F0
1F3FF3E0
1F3CF3E0
1F3CF3E0
1F7CFBE0
1F787BE0
1F787BC0
0FF87FC0
0FF07FC0
0FF03FC0
0FF03FC0
0FE03FC0
0FE01F80
07E01F80
ENDCHAR
STARTCHAR 0176
ENCODING 374
SWIDTH 600 0
DWIDTH 30 0
BBX 30 42 0 0
BITMAP
000FC000
001FE000
003FF000
007FF800
00FCFC00
01F03E00
03E01F00
00000000
00000000
FF0003FC
7F0003F8
3F8007F0
3FC00FF0
1FC00FE0
1FE01FE0
0FE01FC0
07F03F80
07F03F80
03F87F00
03F87F00
01FCFE00
00FDFC00
00FFFC00
007FF800
007FF800
003FF000
001FE000
001FE000
001FE000
001FE000
001FE000
001FE000
001FE000
001FE000
001FE000
001FE000
001FE000
001FE000
001FE000
001FE000
001FE000
001FE000
ENDCHAR
STARTCHAR 0177
ENCODING 375
SWIDTH 600 0
DWIDTH 30 0
BBX 28 46 1 -10
BITMAP
001F8000
003FC000
007FE000
00FFF000
01F9F800
03E07C00
07C03E00
00000000
00000000
00000000
FF0007F0
7F000FE0
7F000FE0
3F800FE0
3F801FC0
3F801FC0
1FC01F80
1FC03F80
0FC03F80
0FE03F00
0FE07F00
07E07E00
07F0FE00
03F0FE00
03F8FC00
01F8FC00
01F9F800
01F9F800
00FDF800
00FDF000
007FF000
007FE000
003FE000
003FE000
003FC000
001FC000
001F8000
003F8000
003F8000
007F0000
00FF0000
3FFE0000
3FFE0000
3FFC0000
3FF80000
3FE00000
ENDCHAR
STARTCHAR 0178
ENCODING 376
SWIDTH 600 0
DWIDTH 30 0
BBX 30 41 0 0
BITMAP
01F87E00
01F87E00
01F87E00
01F87E00
01F87E00
00000000
00000000
00000000
FF0003FC
7F0003F8
3F8007F0
3FC00FF0
1FC00FE0
1FE01FE0
0FE01FC0
07F03F80
07F03F80
03F87F00
03F87F00
01FCFE00
00FDFC00
00FFFC00
007FF800
007FF800
003FF000
001FE000
001FE000
001FE000
001FE000
001FE000
001FE000
001FE000
001FE000
001FE000
001FE000
001FE000
001FE000
001FE000
001FE000
001FE000
001FE000
ENDCHAR
STARTCHAR 0179
ENCODING 377
SWIDTH 600 0
DWIDTH 30 0
BBX 26 42 2 0
BITMAP
0001FC00
0003F800
0007F000
000FE000
001F8000
003F0000
007C0000
00000000
00000000
3FFFFF80
3FFFFF80
3FFFFF80
3FFFFF80
3FFFFF80
3FFFFF00
0000FF00
0001FE00
0003FC00
0003FC00
0007F800
000FF000
001FE000
001FE000
003FC000
007F8000
00FF0000
00FF0000
01FE0000
03FC0000
03F80000
07F80000
0FF00000
1FE00000
1FE00000
3FC00000
7F800000
FFFFFFC0
FFFFFFC0
FFFFFFC0
FFFFFFC0
FFFFFFC0
FFFFFFC0
ENDCHAR
STARTCHAR 017A
ENCODING 378
SWIDTH 600 0
DWIDTH 30 0
BBX 23 36 3 0
BITMAP
0003F0
0007F0
000FE0
001F80
003F00
007C00
00F800
000000
000000
000000
7FFFFC
7FFFFC
7FFFFC
7FFFFC
7FFFFC
0003FC
0007F8
000FF0
001FE0
003FC0
007F80
007F00
00FF00
01FE00
03FC00
07F800
0FF000
1FE000
1FC000
3FC000
7F8000
FFFFFE
FFFFFE
FFFFFE
FFFFFE
FFFFFE
ENDCHAR
STARTCHAR 017B
ENCODING 379
SWIDTH 600 0
DWIDTH 30 0
BBX 26 40 2 0
BITMAP
003F8000
003F8000
003F8000
003F8000
003F8000
00000000
00000000
3FFFFF80
3FFFFF80
3FFFFF80
3FFFFF80
3FFFFF80
3FFFFF00
0000FF00
0001FE00
0003FC00
0003FC00
0007F800
000FF000
001FE000
001FE000
003FC000
007F8000
00FF0000
00FF0000
01FE0000
03FC0000
03F80000
07F80000
0FF00000
1FE00000
1FE00000
3FC00000
7F800000
FFFFFFC0
FFFFFFC0
FFFFFFC0
FFFFFFC0
FFFFFFC0
FFFFFFC0
ENDCHAR
STARTCHAR 017C
ENCODING 380
SWIDTH 600 0
DWIDTH 30 0
BBX 23 36 3 0
BITMAP
00FE00
00FE00
00FE00
00FE00
00FE00
000000
000000
000000
000000
000000
7FFFFC
7FFFFC
7FFFFC
7FFFFC
7FFFFC
0003FC
0007F8
000FF0
001FE0
003FC0
007F80
007F00
00FF00
01FE00
03FC00
07F800
0FF000
1FE000
1FC000
3FC000
7F8000
FFFFFE
FFFFFE
FFFFFE
FFFFFE
FFFFFE
ENDCHAR
STARTCHAR 017D
ENCODING 381
SWIDTH 600 0
DWIDTH 30 0
BBX 26 42 2 0
BITMAP
0F803C00
07C0FC00
03F1F800
01FFF000
00FFE000
007FC000
003F8000
00000000
00000000
3FFFFF80
3FFFFF80
3FFFFF80
3FFFFF80
3FFFFF80
3FFFFF00
0000FF00
0001FE00
0003FC00
0003FC00
0007F800
000FF000
001FE000
001FE000
003FC000
007F8000
00FF0000
00FF0000
01FE0000
03FC0000
03F80000
07F80000
0FF00000
1FE00000
1FE00000
3FC00000
7F800000
FFFFFFC0
FFFFFFC0
FFFFFFC0
FFFFFFC0
FFFFFFC0
FFFFFFC0
ENDCHAR
STARTCHAR 017E
ENCODING 382
SWIDTH 600 0
DWIDTH 30 0
BBX 23 36 3 0
BITMAP
1F00F8
0F81F0
07E7E0
03FFC0
01FF80
00FF00
007E00
000000
000000
000000
7FFFFC
7FFFFC
7FFFFC
7FFFFC
7FFFFC
0003FC
0007F8
000FF0
001FE0
003FC0
007F80
007F00
00FF00
01FE00
03FC00
07F800
0FF000
1FE000
1FC000
3FC000
7F8000
FFFFFE
FFFFFE
FFFFFE
FFFFFE
FFFFFE
ENDCHAR
STARTCHAR 017F
ENCODING 383
SWIDTH 600 0
DWIDTH 30 0
BBX 18 37 9 0
BITMAP
03FF80
0FFFC0
3FFFC0
7FFFC0
7FFFC0
FF0000
FE0000
FE0000
FE0000
FE0000
FE0000
FE0000
FE0000
FE0000
FE0000
FE0000
FE0000
FE0000
FE0000
FE0000
FE0000
FE0000
FE0000
FE0000
FE0000
FE0000
FE0000
FE0000
FE0000
FE0000
FE0000
FE0000
FE0000
FE0000
FE0000
FE0000
FE0000
ENDCHAR
STARTCHAR 0180
ENCODING 384
SWIDTH 600 0
DWIDTH 30 0
BBX 28 37 0 -1
BITMAP
0FC00000
0FC00000
0FC00000
FFFFC000
FFFFC000
FFFFC000
FFFFC000
0FC00000
0FC00000
0FC00000
0FC1FC00
0FC7FE00
0FCFFF80
0FDFFF80
0FDFFFC0
0FF83FC0
0FF01FE0
0FE00FE0
0FE00FE0
0FE00FE0
0FE00FE0
0FC00FF0
0FC00FF0
0FC00FF0
0FC00FF0
0FC00FF0
0FE00FF0
0FE00FE0
0FE00FE0
0FE00FE0
0FF01FE0
0FF83FC0
0FDFFFC0
0FDFFF80
1FCFFF00
1FC7FE00
0001F800
ENDCHAR
STARTCHAR 0181
ENCODING 385
SWIDTH 600 0
DWIDTH 30 0
BBX 29 33 0 0
BITMAP
0FFFF000
3FFFFE00
7FFFFF00
7FFFFF80
FFFFFFC0
FDFE7FC0
F9FE1FE0
F9FE1FE0
F9FE1FE0
F9FE1FE0
FDFE1FC0
7DFE1FC0
01FE3F80
01FFFF80
01FFFE00
01FFF800
01FFFF00
01FFFFC0
01FE3FE0
01FE0FF0
01FE07F0
01FE07F0
01FE07F8
01FE07F8
01FE07F8
01FE07F0
01FE0FF0
01FE3FF0
01FFFFE0
01FFFFE0
01FFFFC0
01FFFF00
01FFF800
ENDCHAR
STARTCHAR 0182
ENCODING 386
SWIDTH 600 0
DWIDTH 30 0
BBX 25 33 3 0
BITMAP
FFFFFE00
FFFFFE00
FFFFFE00
FFFFFE00
FFFFFE00
FFFFFE00
FF000000
FF000000
FF000000
FF000000
FF000000
FF000000
FFFFC000
FFFFF800
FFFFFC00
FFFFFE00
FFFFFF00
FF07FF00
FF00FF80
FF007F80
FF003F80
FF003F80
FF003F80
FF003F80
FF003F80
FF007F80
FF00FF80
FF07FF00
FFFFFE00
FFFFFE00
FFFFF800
FFFFF000
FFFF8000
ENDCHAR
STARTCHAR 0183
ENCODING 387
SWIDTH 600 0
DWIDTH 30 0
BBX 25 37 3 -1
BITMAP
7FFFF800
7FFFF800
7FFFF800
7FFFF800
7FFFF800
7E000000
7E000000
7E000000
7E000000
7E0FC000
7E3FF000
7E7FF800
7EFFFC00
7EFFFE00
7FC1FE00
7F80FF00
7F80FF00
7F007F00
7F007F00
7F007F00
7E007F80
7E007F80
7E007F80
7E007F80
7E007F80
7F007F80
7F007F00
7F007F00
7F007F00
7F80FF00
7F80FE00
7FC1FE00
7EFFFC00
7EFFFC00
FE7FF800
FE3FF000
000FC000
ENDCHAR
STARTCHAR 0184
ENCODING 388
SWIDTH 600 0
DWIDTH 30 0
BBX 28 33 0 0
BITMAP
00E00000
03E00000
07E00000
1FE00000
3FE00000
FFE00000
FFE00000
7FE00000
3FE00000
1FE00000
1FE00000
1FE00000
1FFFF800
1FFFFF00
1FFFFF80
1FFFFFC0
1FFFFFE0
1FE0FFE0
1FE01FF0
1FE00FF0
1FE007F0
1FE007F0
1FE007F0
1FE007F0
1FE007F0
1FE00FF0
1FE01FF0
1FE0FFE0
1FFFFFC0
1FFFFFC0
1FFFFF00
1FFFFE00
1FFFF000
ENDCHAR
STARTCHAR 0185
ENCODING 389
SWIDTH 600 0
DWIDTH 30 0
BBX 28 37 0 -1
BITMAP
00C00000
03C00000
0FC00000
1FC00000
7FC00000
FFC00000
7FC00000
3FC00000
1FC00000
0FC1F800
0FC7FE00
0FCFFF00
0FDFFF80
0FDFFFC0
0FF83FC0
0FF01FE0
0FF01FE0
0FE00FE0
0FE00FE0
0FE00FE0
0FC00FF0
0FC00FF0
0FC00FF0
0FC00FF0
0FC00FF0
0FE00FF0
0FE00FE0
0FE00FE0
0FE00FE0
0FF01FE0
0FF01FC0
0FF83FC0
0FDFFF80
0FDFFF80
1FCFFF00
1FC7FE00
0001F800
ENDCHAR
STARTCHAR 0186
ENCODING 390
SWIDTH 600 0
DWIDTH 30 0
BBX 27 35 2 -1
BITMAP
007F8000
03FFF000
07FFF800
0FFFFC00
1FFFFE00
3FFFFF00
3FC0FF80
7F807F80
7F003F80
7F003FC0
06003FC0
00001FC0
00001FC0
00001FC0
00001FE0
00001FE0
00001FE0
00001FE0
00001FE0
00001FE0
00001FC0
00001FC0
00001FC0
0E001FC0
FE003FC0
FF003FC0
7F007F80
7F807F80
7FC0FF00
3FFFFF00
1FFFFE00
1FFFFC00
0FFFF800
03FFE000
00FF8000
ENDCHAR
STARTCHAR 0187
ENCODING 391
SWIDTH 600 0
DWIDTH 30 0
BBX 28 42 2 -1
BITMAP
000007F0
00000FF0
00001FF0
00001FF0
00003FF0
00003F80
00003F80
007FBF80
01FFFF80
07FFFF80
0FFFFF80
1FFFFF80
3FFFFF80
3FE0FF80
7F807F80
7F807F80
7F003F00
7F003000
FF000000
FF000000
FE000000
FE000000
FE000000
FE000000
FE000000
FE000000
FE000000
FE000000
FE000000
FF000000
FF001800
7F003F80
7F003F80
7F807F80
3FC07F00
3FE0FF00
1FFFFE00
1FFFFE00
0FFFFC00
07FFF800
01FFE000
007F8000
ENDCHAR
STARTCHAR 0188
ENCODING 392
SWIDTH 600 0
DWIDTH 30 0
BBX 28 33 2 -1
BITMAP
00000FF0
00001FF0
00003FF0
00007FF0
00007FF0
00FE7F00
03FFFE00
07FFFE00
0FFFFE00
1FFFFE00
3FC1FE00
3F81FE00
7F00FE00
7F00FE00
7F000000
7F000000
FF000000
FF000000
FF000000
FF000000
FF000000
FF000000
7F000000
7F00FE00
7F00FE00
7F00FE00
3F81FE00
3FC1FC00
1FFFFC00
1FFFF800
0FFFF000
03FFC000
00FF0000
ENDCHAR
STARTCHAR 0189
ENCODING 393
SWIDTH 600 0
DWIDTH 30 0
BBX 28 33 0 0
BITMAP
0FFFC000
0FFFF800
0FFFFE00
0FFFFF00
0FFFFF80
0FFFFFC0
0FE07FC0
0FE03FE0
0FE01FE0
0FE00FE0
0FE00FF0
0FE007F0
0FE007F0
0FE007F0
FFFF07F0
FFFF07F0
FFFF07F0
FFFF07F0
FFFF07F0
0FE007F0
0FE007F0
0FE007F0
0FE00FF0
0FE00FE0
0FE01FE0
0FE03FE0
0FE07FC0
0FFFFF80
0FFFFF80
0FFFFF00
0FFFFE00
0FFFF800
0FFFC000
ENDCHAR
STARTCHAR 018A
ENCODING 394
SWIDTH 600 0
DWIDTH 30 0
BBX 29 33 0 0
BITMAP
0FFFF000
3FFFFE00
7FFFFF00
7FFFFF80
FFFFFFC0
FDFFFFE0
F9FE1FE0
F9FE0FF0
F9FE07F0
F9FE07F0
FDFE07F8
7DFE03F8
01FE03F8
01FE03F8
01FE03F8
01FE03F8
01FE03F8
01FE03F8
01FE03F8
01FE03F8
01FE03F8
01FE03F8
01FE07F8
01FE07F0
01FE07F0
01FE0FF0
01FE1FE0
01FFFFE0
01FFFFC0
01FFFF80
01FFFF00
01FFFE00
01FFF000
ENDCHAR
STARTCHAR 018B
ENCODING 395
SWIDTH 600 0
DWIDTH 30 0
BBX 25 33 2 0
BITMAP
07FFFF80
07FFFF80
07FFFF80
07FFFF80
07FFFF80
07FFFF80
00007F80
00007F80
00007F80
00007F80
00007F80
00007F80
01FFFF80
0FFFFF80
1FFFFF80
3FFFFF80
7FFFFF80
7FF07F80
FF807F80
FF007F80
FE007F80
FE007F80
FE007F80
FE007F80
FE007F80
FF007F80
FF807F80
7FF07F80
3FFFFF80
3FFFFF80
0FFFFF80
07FFFF80
00FFFF80
ENDCHAR
STARTCHAR 018C
ENCODING 396
SWIDTH 600 0
DWIDTH 30 0
BBX 25 37 2 -1
BITMAP
03FFFF00
03FFFF00
03FFFF00
03FFFF00
03FFFF00
00003F00
00003F00
00003F00
00003F00
01F83F00
07FE3F00
0FFF3F00
1FFFBF00
3FFFBF00
3FC1FF00
7F80FF00
7F80FF00
7F007F00
7F007F00
7F007F00
FF007F00
FF003F00
FF003F00
FF003F00
FF003F00
FF007F00
7F007F00
7F007F00
7F007F00
7F80FF00
7F80FF00
3FC1FF00
3FFFBF00
1FFFBF00
0FFF3F80
07FE3F80
01F80000
ENDCHAR
STARTCHAR 018D
ENCODING 397
SWIDTH 600 0
DWIDTH 30 0
BBX 26 37 2 -10
BITMAP
007F8000
03FFF000
0FFFFC00
1FFFFE00
3FFFFF00
3FC0FF00
7F807F80
7F003F80
FF003FC0
FE001FC0
FE001FC0
FE001FC0
FE001FC0
FE001FC0
FE001FC0
FE001FC0
FE001FC0
FE001FC0
FF003FC0
7F003F80
7F807F80
3FC0FF00
3FFFFF00
1FFFFE00
0FFFFC00
03FFF000
01FFC000
007F8000
003FC000
001FE000
0007F800
0003FC00
3FFFFF00
3FFFFF00
3FFFFF00
3FFFFF00
3FFFFF00
ENDCHAR
STARTCHAR 018E
ENCODING 398
SWIDTH 600 0
DWIDTH 30 0
BBX 25 33 2 0
BITMAP
FFFFFF80
FFFFFF80
FFFFFF80
FFFFFF80
FFFFFF80
FFFFFF80
00007F80
00007F80
00007F80
00007F80
00007F80
00007F80
00007F80
00007F80
1FFFFF80
1FFFFF80
1FFFFF80
1FFFFF80
1FFFFF80
1FFFFF80
00007F80
00007F80
00007F80
00007F80
00007F80
00007F80
00007F80
7FFFFF80
7FFFFF80
7FFFFF80
7FFFFF80
7FFFFF80
7FFFFF80
ENDCHAR
STARTCHAR 018F
ENCODING 399
SWIDTH 600 0
DWIDTH 30 0
BBX 26 35 2 -1
BITMAP
007F8000
03FFE000
07FFF800
0FFFFC00
1FFFFE00
3FFFFE00
3FC1FF00
7F80FF00
7F007F80
3F003F80
02003F80
00003FC0
00001FC0
00001FC0
00001FC0
FFFFFFC0
FFFFFFC0
FFFFFFC0
FFFFFFC0
FFFFFFC0
FFFFFFC0
FE001FC0
FE001FC0
FF003FC0
FF003FC0
7F003F80
7F807F80
7F807F80
3FC0FF00
3FFFFF00
1FFFFE00
0FFFFC00
07FFF800
03FFE000
007F8000
ENDCHAR
STARTCHAR 0190
ENCODING 400
SWIDTH 600 0
DWIDTH 30 0
BBX 27 35 2 -1
BITMAP
00FF8000
07FFF000
0FFFF800
1FFFFE00
3FFFFE00
7FE3FF00
7F807F80
7F003F80
7F003F80
7F001FC0
7F001800
7F000000
7F800000
3FC00000
1FFF0000
0FFF0000
03FF0000
07FF0000
1FFF0000
3FFF0000
7F800000
FE000000
FE000000
FE000C00
FE000F00
FE001FE0
FE001FC0
FF003FC0
FF807F80
7FFFFF80
7FFFFF00
3FFFFE00
1FFFFC00
07FFF000
00FF8000
ENDCHAR
STARTCHAR 0191
ENCODING 401
SWIDTH 600 0
DWIDTH 30 0
BBX 27 43 0 -10
BITMAP
0FFFFFE0
0FFFFFE0
0FFFFFE0
0FFFFFE0
0FFFFFE0
0FFFFFE0
0FE00000
0FE00000
0FE00000
0FE00000
0FE00000
0FE00000
0FE00000
0FE00000
0FE00000
0FFFFFC0
0FFFFFC0
0FFFFFC0
0FFFFFC0
0FFFFFC0
0FFFFFC0
0FE00000
0FE00000
0FE00000
0FE00000
0FE00000
0FE00000
0FE00000
0FE00000
0FE00000
0FE00000
0FE00000
0FE00000
0FE00000
0FE00000
0FE00000
0FE00000
FFE00000
FFE00000
FFC00000
FFC00000
FF800000
FE000000
ENDCHAR
STARTCHAR 0192
ENCODING 402
SWIDTH 600 0
DWIDTH 30 0
BBX 23 43 4 -10
BITMAP
0007FC
001FFE
003FFE
007FFC
00FFFC
00FE00
00FE00
01FC00
01FC00
01FC00
3FFFF8
3FFFF8
7FFFF8
7FFFF0
7FFFF0
03F800
03F000
07F000
07F000
07F000
07F000
07E000
0FE000
0FE000
0FE000
0FE000
0FC000
1FC000
1FC000
1FC000
1FC000
1F8000
3F8000
3F8000
3F8000
3F8000
3F0000
7F0000
7F0000
7F0000
7F0000
7F0000
FE0000
ENDCHAR
STARTCHAR 0193
ENCODING 403
SWIDTH 600 0
DWIDTH 30 0
BBX 28 41 2 -1
BITMAP
000003F0
00000FF0
00001FF0
00001FF0
00001FF0
00003F80
007FBF80
01FFFF80
07FFFF80
0FFFFF80
1FFFFF80
1FFFFF80
3FE0FF80
3F807F80
7F807F80
7F003F80
7F003800
FF000000
FF000000
FE000000
FE000000
FE000000
FE0FFFC0
FE0FFFC0
FE0FFFC0
FE0FFFC0
FE0FFFC0
FE001FC0
FF001FC0
7F001FC0
7F001FC0
7F801FC0
7F801FC0
3FC01FC0
3FE07FC0
1FFFFFC0
0FFFFF80
07FFFE00
03FFFC00
01FFF000
007F8000
ENDCHAR
STARTCHAR 0194
ENCODING 404
SWIDTH 600 0
DWIDTH 30 0
BBX 30 43 0 -10
BITMAP
FF0003FC
7F0003F8
7F8003F8
3F8007F0
3F8007F0
3FC00FF0
1FC00FE0
1FC00FE0
0FE01FC0
0FE01FC0
07F01F80
07F03F80
03F03F80
03F83F00
03F87F00
01F87E00
01FCFE00
00FCFC00
00FEFC00
007FFC00
007FF800
007FF800
003FF000
003FF000
001FE000
001FE000
001FE000
001FE000
003FF000
003FF800
007FF800
007CF800
00FCFC00
00FC7C00
00F87E00
01F87E00
01F87E00
00FCFE00
00FFFE00
00FFFC00
007FFC00
003FF800
000FE000
ENDCHAR
STARTCHAR 0195
ENCODING 405
SWIDTH 600 0
DWIDTH 30 0
BBX 26 37 2 -1
BITMAP
F8000000
F8000000
F8000000
F8000000
F8000000
F8000000
F8000000
F8000000
F8000000
F8F00000
F9FC07C0
F9FC07C0
FBFE07C0
FBFE07C0
FE7E07C0
FC3F07C0
FC3F07C0
FC3F07C0
FC3F07C0
FC3F07C0
F83F07C0
F83F07C0
F83F07C0
F83F07C0
F83F07C0
F83F07C0
F83F07C0
F83F07C0
F83F0FC0
F81F0FC0
F81F0FC0
F81F9F80
F81FFF80
F80FFF00
F807FF00
F803FE00
0001F800
ENDCHAR
STARTCHAR 0196
ENCODING 406
SWIDTH 600 0
DWIDTH 30 0
BBX 22 33 4 0
BITMAP
FFFFFC
FFFFFC
FFFFFC
FFFFFC
FFFFFC
FFFFFC
01FE00
01FE00
01FE00
01FE00
01FE00
01FE00
01FE00
01FE00
01FE00
01FE00
01FE00
01FE00
01FE00
01FE00
01FE00
01FE00
01FE00
01FE00
01FE00
01FE00
01FE00
FFFFFC
FFFFFC
FFFFFC
FFFFFC
FFFFFC
FFFFFC
ENDCHAR
STARTCHAR 0197
ENCODING 407
SWIDTH 600 0
DWIDTH 30 0
BBX 22 33 4 0
BITMAP
FFFFFC
FFFFFC
FFFFFC
FFFFFC
FFFFFC
FFFFFC
00FC00
00FC00
00FC00
00FC00
00FC00
00FC00
00FC00
3FFFF0
3FFFF0
3FFFF0
3FFFF0
3FFFF0
3FFFF0
00FC00
00FC00
00FC00
00FC00
00FC00
00FC00
00FC00
00FC00
FFFFFC
FFFFFC
FFFFFC
FFFFFC
FFFFFC
FFFFFC
ENDCHAR
STARTCHAR 0198
ENCODING 408
SWIDTH 600 0
DWIDTH 30 0
BBX 27 34 3 0
BITMAP
07F00000
1FF03FC0
3FF07F80
3FF0FF80
7FF0FF00
7FF1FE00
7F03FC00
FF03F800
FF07F800
FF0FF000
FF1FE000
FF1FC000
FF3F8000
FF7F8000
FF7F0000
FFFF0000
FFFF0000
FFFF8000
FFFF8000
FFFFC000
FFFFE000
FFDFE000
FF8FF000
FF0FF800
FF07F800
FF07FC00
FF03FC00
FF01FE00
FF01FF00
FF00FF00
FF00FF80
FF007F80
FF003FC0
FF003FE0
ENDCHAR
STARTCHAR 0199
ENCODING 409
SWIDTH 600 0
DWIDTH 30 0
BBX 24 36 4 0
BITMAP
07F800
1FF800
3FF800
7FF800
7FF800
FF0000
FE0000
FE0000
FE0000
FE0000
FE00FE
FE01FE
FE03FC
FE07F8
FE07F0
FE0FE0
FE1FC0
FE3F80
FE7F00
FEFE00
FFFE00
FFFE00
FFFF00
FFFF80
FFFF80
FF9FC0
FE1FE0
FE0FE0
FE0FF0
FE07F8
FE03F8
FE03FC
FE01FC
FE00FE
FE00FF
FE007F
ENDCHAR
STARTCHAR 019A
ENCODING 410
SWIDTH 600 0
DWIDTH 30 0
BBX 25 36 3 0
BITMAP
3FFF0000
3FFF0000
3FFF0000
3FFF0000
3FFF0000
003F0000
003F0000
003F0000
003F0000
003F0000
003F0000
003F0000
003F0000
003F0000
003F0000
003F0000
0FFFFC00
0FFFFC00
0FFFFC00
0FFFFC00
0FFFFC00
003F0000
003F0000
003F0000
003F0000
003F0000
003F0000
003F0000
003F0000
003F0000
003F0000
FFFFFF80
FFFFFF80
FFFFFF80
FFFFFF80
FFFFFF80
ENDCHAR
STARTCHAR 019B
ENCODING 411
SWIDTH 600 0
DWIDTH 30 0
BBX 27 36 2 0
BITMAP
03F84000
03FDE000
01FFE000
01FFF000
01FFE000
03FF8000
1FFE0000
7FFF0000
7FFF0000
7F7F8000
3C7F8000
307F8000
007FC000
00FFC000
00FFE000
01FFE000
01FFE000
01FFF000
03FBF000
03F3F000
03F3F800
07F1F800
07E1FC00
0FE1FC00
0FE0FC00
0FC0FE00
1FC0FE00
1FC07F00
1F807F00
3F807F00
3F803F80
7F003F80
7F003F80
7F001FC0
FE001FC0
FE001FE0
ENDCHAR
STARTCHAR 019C
ENCODING 412
SWIDTH 600 0
DWIDTH 30 0
BBX 26 33 2 0
BITMAP
FC3F0FC0
FC3F0FC0
FC3F0FC0
FC3F0FC0
FC3F0FC0
FC3F0FC0
FC3F0FC0
FC3F0FC0
FC3F0FC0
FC3F0FC0
FC3F0FC0
FC3F0FC0
FC3F0FC0
FC3F0FC0
FC3F0FC0
FC3F0FC0
FC3F0FC0
FC3F0FC0
FC3F0FC0
FC3F0FC0
FC3F0FC0
FC3F0FC0
FC3F0FC0
FC3F0FC0
FC3F0FC0
FC3F0FC0
FC7F0FC0
FC7F1FC0
FEFFBFC0
FFDFF7C0
7FCFF7C0
7F8FE7C0
1E07C7C0
ENDCHAR
STARTCHAR 019D
ENCODING 413
SWIDTH 600 0
DWIDTH 30 0
BBX 28 43 -1 -10
BITMAP
0FF807F0
0FF807F0
0FF807F0
0FFC07F0
0FFC07F0
0FFE07F0
0FFE07F0
0FFE07F0
0FFF07F0
0FFF07F0
0FDF87F0
0FDF87F0
0FCF87F0
0FCFC7F0
0FCFC7F0
0FE7C7F0
0FE7E7F0
0FE7E7F0
0FE3F7F0
0FE3F3F0
0FE1F3F0
0FE1FBF0
0FE1FBF0
0FE0FFF0
0FE0FFF0
0FE0FFF0
0FE07FF0
0FE07FF0
0FE03FF0
0FE03FF0
0FE03FF0
0FE01FF0
0FE01FF0
0FE00000
0FE00000
0FE00000
0FC00000
FFC00000
FFC00000
FFC00000
FF800000
FF800000
FE000000
ENDCHAR
STARTCHAR 019E
ENCODING 414
SWIDTH 600 0
DWIDTH 30 0
BBX 24 37 3 -10
BITMAP
0007E0
FE1FF8
FE7FFC
FE7FFE
FEFFFE
FFE1FE
FFC0FF
FF807F
FF007F
FF007F
FF007F
FE007F
FE007F
FE007F
FE007F
FE007F
FE007F
FE007F
FE007F
FE007F
FE007F
FE007F
FE007F
FE007F
FE007F
FE007F
FE007F
00007F
00007F
00007F
00007F
00007F
00007F
00007F
00007F
00007F
00007F
ENDCHAR
STARTCHAR 019F
ENCODING 415
SWIDTH 600 0
DWIDTH 30 0
BBX 26 35 2 -1
BITMAP
007F8000
01FFF000
07FFF800
0FFFFC00
1FFFFE00
3FFFFF00
3FC0FF00
7F807F80
7F807F80
7F003F80
FF003FC0
FF003FC0
FE001FC0
FE001FC0
FFFFFFC0
FFFFFFC0
FFFFFFC0
FFFFFFC0
FFFFFFC0
FFFFFFC0
FE001FC0
FE001FC0
FE003FC0
FF003FC0
FF003FC0
7F003F80
7F807F80
7F807F80
3FC0FF00
3FFFFF00
1FFFFE00
0FFFFC00
07FFF800
01FFE000
007F8000
ENDCHAR
STARTCHAR 01A0
ENCODING 416
SWIDTH 600 0
DWIDTH 30 0
BBX 29 36 2 -1
BITMAP
000000F8
007F00F8
03FFE0F8
07FFF0F8
0FFFF8F8
1FFFFCF8
3FFFFEF8
3FC1FE38
7F80FF38
7F007F38
7F007F70
FF007FF0
FF003FE0
FE003FE0
FE003F80
FE003F80
FE003F80
FE003F80
FE003F80
FE003F80
FE003F80
FE003F80
FE003F80
FE003F80
FF007F80
FF007F80
7F007F00
7F007F00
7F80FF00
3FC1FE00
3FFFFE00
1FFFFC00
0FFFF800
07FFF000
03FFE000
00FF8000
ENDCHAR
STARTCHAR 01A1
ENCODING 417
SWIDTH 600 0
DWIDTH 30 0
BBX 29 28 2 -1
BITMAP
00FF0000
03FFE0F8
0FFFF0F8
1FFFF8F8
1FFFFCF8
3FC1FCF8
3F80FEF8
7F00FE38
7F007F38
7F007F38
FF007F38
FF007F70
FE007F70
FE007FE0
FE007FC0
FE007F80
FF007F00
FF007F00
7F007F00
7F007F00
7F00FE00
3F80FE00
3FC1FC00
1FFFFC00
1FFFF800
0FFFF000
03FFE000
00FF0000
ENDCHAR
STARTCHAR 01A2
ENCODING 418
SWIDTH 600 0
DWIDTH 30 0
BBX 27 44 1 -10
BITMAP
00FC01E0
03FF9FE0
07FFFFE0
0FFFFFE0
1FFFFFE0
1FC7FFE0
3F87FFE0
3F07E7E0
7F07E7E0
7E07E7E0
7E07E7E0
7E07E7E0
7C07E7E0
FC07E7E0
FC07E7E0
FC07E7E0
FC07E7E0
FC07E7E0
FC07E7E0
FC07E7E0
FC07E7E0
FC07E7E0
7E07E7E0
7E07E7E0
7E07E7E0
7E07E7E0
7F07E7E0
3F07E7E0
3F87E7E0
1FC7E7E0
1FFFE7E0
0FFFE7E0
07FFE7E0
03FF87E0
00FE07E0
000007E0
000007E0
000007E0
000007E0
000007E0
000007E0
000007E0
000007E0
000007E0
ENDCHAR
STARTCHAR 01A3
ENCODING 419
SWIDTH 600 0
DWIDTH 30 0
BBX 27 37 1 -10
BITMAP
00FE00E0
07FFCFE0
0FFFFFE0
1FFFFFE0
3FFFFFE0
3F83E3E0
7E03E3E0
7E03E3E0
7E03E3E0
FC03E3E0
FC03E3E0
FC03E3E0
FC03E3E0
FC03E3E0
FC03E3E0
FC03E3E0
FC03E3E0
FC03E3E0
FC03E3E0
7E03E3E0
7E03E3E0
7F03E3E0
3F03E3E0
3FFFE3E0
1FFFE3E0
0FFFE3E0
07FFC3E0
00FE03E0
000003E0
000003E0
000003E0
000003E0
000003E0
000003E0
000003E0
000003E0
000003E0
ENDCHAR
STARTCHAR 01A4
ENCODING 420
SWIDTH 600 0
DWIDTH 30 0
BBX 29 33 0 0
BITMAP
0FFFF800
3FFFFF00
7FFFFF80
7FFFFFC0
FFFFFFE0
FCFFFFF0
F8FE0FF0
F8FE07F0
F8FE07F8
F8FE07F8
FCFE07F8
7CFE07F8
00FE07F8
00FE07F0
00FE0FF0
00FE1FF0
00FFFFE0
00FFFFE0
00FFFFC0
00FFFF00
00FFFC00
00FF8000
00FE0000
00FE0000
00FE0000
00FE0000
00FE0000
00FE0000
00FE0000
00FE0000
00FE0000
00FE0000
00FE0000
ENDCHAR
STARTCHAR 01A5
ENCODING 421
SWIDTH 600 0
DWIDTH 30 0
BBX 24 46 4 -10
BITMAP
0FF000
3FF000
7FF000
FFF000
FFF000
FF0000
FE0000
FE0000
FC0000
FC1F80
FC7FE0
FCFFF0
FDFFF8
FDFFFC
FF83FC
FF01FE
FF01FE
FE00FE
FE00FE
FE00FE
FE00FF
FC00FF
FC00FF
FC00FF
FC00FF
FC00FF
FE00FE
FE00FE
FE00FE
FF01FE
FF01FC
FF83FC
FDFFFC
FDFFF8
FCFFF0
FC7FE0
FC1F80
FC0000
FC0000
FC0000
FC0000
FC0000
FC0000
FC0000
FC0000
FC0000
ENDCHAR
STARTCHAR 01A6
ENCODING 422
SWIDTH 600 0
DWIDTH 30 0
BBX 26 41 3 -8
BITMAP
FF000000
FF000000
FF000000
FF000000
FFFF8000
FFFFF000
FFFFFC00
FFFFFE00
FFFFFF00
FFFFFF00
FF00FF80
FF007F80
FF003F80
FF003F80
FF003F80
FF003F80
FF007F80
FF007F80
FF01FF00
FFFFFF00
FFFFFE00
FFFFFC00
FFFFF000
FFFFC000
FFFFC000
FF0FE000
FF0FE000
FF0FF000
FF07F000
FF07F800
FF03F800
FF03FC00
FF01FC00
0001FE00
0000FE00
0000FF00
00007F00
00007F80
00003F80
00003FC0
00001FC0
ENDCHAR
STARTCHAR 01A7
ENCODING 423
SWIDTH 600 0
DWIDTH 30 0
BBX 27 35 2 -1
BITMAP
00FF8000
03FFF000
0FFFFC00
1FFFFE00
3FFFFF00
3FE0FF80
7F807F80
7F003F80
7F003F80
3F003F80
00003F80
00007F80
0000FF80
0007FF80
003FFF00
01FFFE00
07FFFC00
1FFFF800
3FFFE000
7FFE0000
FFF00000
FF800000
FF000000
FE000000
FE000000
FE000F00
FE000FE0
FE001FE0
FF003FC0
7FF3FFC0
7FFFFF80
3FFFFF00
1FFFFE00
07FFF800
00FFC000
ENDCHAR
STARTCHAR 01A8
ENCODING 424
SWIDTH 600 0
DWIDTH 30 0
BBX 24 28 3 -1
BITMAP
01FF00
07FFE0
1FFFF8
3FFFF8
3FFFFC
7F00FE
7E007E
3E007E
0000FE
0001FE
000FFE
00FFFC
07FFFC
1FFFF8
3FFFE0
7FFF80
7FF800
FF8000
FE0000
FC0000
FC0038
FE007F
7E00FF
7FFFFE
3FFFFC
1FFFF8
0FFFF0
01FF80
ENDCHAR
STARTCHAR 01A9
ENCODING 425
SWIDTH 600 0
DWIDTH 30 0
BBX 26 33 2 0
BITMAP
7FFFFF80
7FFFFF80
7FFFFF80
7FFFFF80
7FFFFF80
7FFFFF80
7FC00000
1FE00000
0FF00000
07F80000
03FC0000
01FE0000
00FF0000
007F8000
003FC000
001FC000
001FC000
003FC000
007F8000
00FF0000
01FE0000
03FC0000
07F80000
0FF00000
1FE00000
3FC00000
7F800000
FFFFFFC0
FFFFFFC0
FFFFFFC0
FFFFFFC0
FFFFFFC0
FFFFFFC0
ENDCHAR
STARTCHAR 01AA
ENCODING 426
SWIDTH 600 0
DWIDTH 30 0
BBX 19 46 5 -10
BITMAP
3F8000
7FC000
FFE000
E3F000
E1F800
E1F800
F3F800
FFF800
7FF800
3DF800
01F800
01F800
01F800
01F800
01F800
01F800
01F800
01F800
01F800
01F800
01F800
01F800
01F800
01F800
01F800
01F800
01F800
01F800
01F800
01F800
01F800
01F800
01F800
01F800
01F800
01F800
01F800
01F800
01F800
01FC00
01FE00
01FFE0
01FFE0
00FFE0
007FE0
001FE0
ENDCHAR
STARTCHAR 01AB
ENCODING 427
SWIDTH 600 0
DWIDTH 30 0
BBX 21 44 4 -11
BITMAP
03E000
03E000
03E000
07E000
07E000
07E000
0FE000
FFFFF0
FFFFF0
FFFFF0
FFFFF0
FFFFF0
0FE000
0FE000
0FE000
0FE000
0FE000
0FE000
0FE000
0FE000
0FE000
0FE000
0FE000
0FE000
0FE000
0FE000
0FE000
0FE000
0FF000
07FFF8
07FFF8
03FFF8
01FFF8
007FF8
0001F8
0001F8
0001F8
0001F8
0003F8
003FF8
003FF8
003FF0
003FE0
003F80
ENDCHAR
STARTCHAR 01AC
ENCODING 428
SWIDTH 600 0
DWIDTH 30 0
BBX 29 33 0 0
BITMAP
0FFFFFF8
3FFFFFF8
7FFFFFF8
7FFFFFF8
FFFFFFF8
FFFFFFF8
FC1FE000
F81FE000
F81FE000
F81FE000
FC1FE000
7C1FE000
001FE000
001FE000
001FE000
001FE000
001FE000
001FE000
001FE000
001FE000
001FE000
001FE000
001FE000
001FE000
001FE000
001FE000
001FE000
001FE000
001FE000
001FE000
001FE000
001FE000
001FE000
ENDCHAR
STARTCHAR 01AD
ENCODING 429
SWIDTH 600 0
DWIDTH 30 0
BBX 21 37 4 -1
BITMAP
007FF0
01FFF8
03FFF8
07FFF8
07FFF8
0FF000
0FE000
0FE000
0FE000
0FE000
FFFFF0
FFFFF0
FFFFF0
FFFFF0
FFFFF0
0FE000
0FE000
0FE000
0FE000
0FE000
0FE000
0FE000
0FE000
0FE000
0FE000
0FE000
0FE000
0FE000
0FE000
0FE000
0FE000
0FF000
07FFF8
07FFF8
03FFF8
01FFF8
007FF0
ENDCHAR
STARTCHAR 01AE
ENCODING 430
SWIDTH 600 0
DWIDTH 30 0
BBX 28 43 1 -10
BITMAP
FFFFFFF0
FFFFFFF0
FFFFFFF0
FFFFFFF0
FFFFFFF0
FFFFFFF0
003FC000
003FC000
003FC000
003FC000
003FC000
003FC000
003FC000
003FC000
003FC000
003FC000
003FC000
003FC000
003FC000
003FC000
003FC000
003FC000
003FC000
003FC000
003FC000
003FC000
003FC000
003FC000
003FC000
003FC000
003FC000
003FC000
003FC000
003FC000
003FC000
003FC000
001FC000
001FFE00
001FFE00
000FFE00
000FFE00
0007FE00
0001FE00
ENDCHAR
STARTCHAR 01AF
ENCODING 431
SWIDTH 600 0
DWIDTH 30 0
BBX 29 35 3 -1
BITMAP
000000F8
FE01FCF8
FE01FCF8
FE01FCF8
FE01FCF8
FE01FCF8
FE01FC38
FE01FC38
FE01FC38
FE01FC38
FE01FC70
FE01FCF0
FE01FFE0
FE01FFC0
FE01FF80
FE01FC00
FE01FC00
FE01FC00
FE01FC00
FE01FC00
FE01FC00
FE01FC00
FE01FC00
FE01FC00
FE01FC00
FF01FC00
7F01FC00
7F03FC00
7F87F800
7FFFF800
3FFFF000
3FFFF000
1FFFE000
07FF8000
01FE0000
ENDCHAR
STARTCHAR 01B0
ENCODING 432
SWIDTH 600 0
DWIDTH 30 0
BBX 29 27 3 -1
BITMAP
FE01FCF8
FE01FCF8
FE01FCF8
FE01FCF8
FE01FCF8
FE01FCF8
FE01FC38
FE01FC38
FE01FC38
FE01FC70
FE01FC70
FE01FDE0
FE01FFE0
FE01FFC0
FE01FF00
FE01FC00
FE01FC00
FE01FC00
FE03FC00
FF03FC00
7F07FC00
7F8FFC00
7FFDFC00
7FFDFC00
3FF9FC00
1FF1FC00
07C00000
ENDCHAR
STARTCHAR 01B1
ENCODING 433
SWIDTH 600 0
DWIDTH 30 0
BBX 28 34 1 -1
BITMAP
FFF0FFF0
FFF0FFF0
FFF0FFF0
FFF0FFF0
FFF0FFF0
F1F0F8F0
03F0FC00
07F0FE00
0FE0FF00
1FE07F00
1FC03F80
3F801FC0
3F801FC0
3F000FC0
7F000FE0
7F000FE0
7F000FE0
7F000FE0
7F000FE0
7F000FE0
7F000FE0
7F000FE0
7F000FE0
7F000FE0
7F801FE0
3F801FC0
3FC03FC0
1FE07F80
1FFFFF80
0FFFFF00
07FFFE00
03FFFC00
00FFF000
003FC000
ENDCHAR
STARTCHAR 01B2
ENCODING 434
SWIDTH 600 0
DWIDTH 30 0
BBX 27 35 2 -1
BITMAP
0007FC00
FF07FE00
FF07FF00
FF07FF80
FF07FFC0
FF07FFC0
FF003FC0
FF001FC0
FF001FE0
FF001FE0
FF000FE0
FF000FE0
FF000FE0
FF000FE0
FF000FE0
FF000FE0
FF000FE0
FF000FE0
FF000FE0
FF001FE0
FF001FE0
FF001FC0
FF001FC0
FF001FC0
7F001FC0
7F001FC0
7F003F80
7F803F80
7FC0FF80
3FFFFF00
3FFFFE00
1FFFFE00
0FFFFC00
03FFF000
00FF8000
ENDCHAR
STARTCHAR 01B3
ENCODING 435
SWIDTH 600 0
DWIDTH 30 0
BBX 30 35 0 0
BITMAP
00000200
FF001FE0
7F003FF0
7F807FFC
3F807FFC
3F80FFF8
3FC0FFF0
1FC0FE30
1FC1FC00
0FE1F800
0FE3F800
07E3F800
07F3F000
07F7F000
03FFE000
03FFE000
01FFE000
01FFC000
00FFC000
00FF8000
00FF8000
007F8000
007F0000
007F0000
007F0000
007F0000
007F0000
007F0000
007F0000
007F0000
007F0000
007F0000
007F0000
007F0000
007F0000
ENDCHAR
STARTCHAR 01B4
ENCODING 436
SWIDTH 600 0
DWIDTH 30 0
BBX 34 46 1 -10
BITMAP
0000007E00
000001FF80
000003FFC0
000003FF80
000007FF80
000007FF00
000007E100
00000FC000
00000FC000
00000FC000
FE001F8000
FE001F8000
FF001F8000
7F003F0000
7F003F0000
3F803F0000
3F807E0000
3F807E0000
1FC07E0000
1FC0FC0000
0FC0FC0000
0FE0FC0000
07E1F80000
07E1F80000
07F1F80000
03F3F00000
03F3F00000
01FBE00000
01FBE00000
01FFE00000
00FFC00000
00FFC00000
007FC00000
007F800000
007F800000
003F800000
007F000000
007F000000
007F000000
00FE000000
01FE000000
3FFC000000
3FF8000000
3FF0000000
3FE0000000
3F80000000
ENDCHAR
STARTCHAR 01B5
ENCODING 437
SWIDTH 600 0
DWIDTH 30 0
BBX 26 33 2 0
BITMAP
3FFFFF80
3FFFFF80
3FFFFF80
3FFFFF80
3FFFFF80
3FFFFF00
0000FF00
0001FE00
0003FC00
0003F800
0007F800
000FF000
001FE000
FFFFFF80
FFFFFF80
FFFFFF80
FFFFFF80
FFFFFF80
01FE0000
03FC0000
07F80000
07F80000
0FF00000
1FE00000
3FC00000
3FC00000
7F800000
FFFFFFC0
FFFFFFC0
FFFFFFC0
FFFFFFC0
FFFFFFC0
FFFFFFC0
ENDCHAR
STARTCHAR 01B6
ENCODING 438
SWIDTH 600 0
DWIDTH 30 0
BBX 23 26 3 0
BITMAP
7FFFFC
7FFFFC
7FFFFC
7FFFFC
7FFFFC
0003FC
0007F8
000FF0
001FE0
003FC0
003F80
FFFFFC
FFFFFC
FFFFFC
FFFFFC
07F800
07F000
0FE000
1FE000
3FC000
7F8000
FFFFFE
FFFFFE
FFFFFE
FFFFFE
FFFFFE
ENDCHAR
STARTCHAR 01B7
ENCODING 439
SWIDTH 600 0
DWIDTH 30 0
BBX 28 43 1 -10
BITMAP
7FFFFFE0
7FFFFFE0
7FFFFFE0
7FFFFFE0
7FFFFFE0
7FFFFFC0
00007F80
0000FF00
0001FE00
0003FC00
0007F800
000FF000
001FE000
003FC000
007F8000
00FF0000
00FFE000
00FFFC00
00FFFE00
00FFFF80
00FFFF80
0001FFC0
00003FE0
00001FE0
00000FE0
00000FF0
00000FF0
000007F0
000007F0
000007F0
000007F0
04000FF0
3E000FE0
FE000FE0
FF001FE0
FF801FE0
7FC07FC0
3FFFFF80
3FFFFF80
1FFFFF00
07FFFC00
03FFF800
007FC000
ENDCHAR
STARTCHAR 01B8
ENCODING 440
SWIDTH 600 0
DWIDTH 30 0
BBX 28 43 1 -10
BITMAP
7FFFFFE0
7FFFFFE0
7FFFFFE0
7FFFFFE0
7FFFFFE0
3FFFFFE0
1FE00000
0FF00000
07F80000
03FC0000
01FE0000
00FF0000
007F8000
003FC000
001FE000
000FF000
007FF000
03FFF000
07FFF000
1FFFF000
1FFFF000
3FF80000
7FC00000
7F800000
7F000000
FF000000
FF000000
FE000000
FE000000
FE000000
FE000000
FE000200
7F0007C0
7F0007F0
7F800FF0
7F801FF0
3FE03FE0
1FFFFFC0
1FFFFFC0
0FFFFF80
07FFFE00
01FFFC00
003FE000
ENDCHAR
STARTCHAR 01B9
ENCODING 441
SWIDTH 600 0
DWIDTH 30 0
BBX 25 36 3 -10
BITMAP
7FFFFE00
7FFFFE00
7FFFFE00
7FFFFE00
7FFFFE00
3FC00000
1FE00000
0FF00000
07F80000
03FC0000
01FE0000
00FF0000
007F8000
003FC000
03FFC000
0FFFC000
1FFFC000
3FFFC000
7FE00000
7F800000
FF000000
FE000000
FE000000
FE000000
FE000000
FE000000
FE000000
FE003F80
FE007F00
7F007F00
7F80FF00
3FFFFE00
1FFFFC00
0FFFF800
07FFF000
00FF8000
ENDCHAR
STARTCHAR 01BA
ENCODING 442
SWIDTH 600 0
DWIDTH 30 0
BBX 24 36 3 -10
BITMAP
7FFFFE
7FFFFE
7FFFFE
7FFFFE
7FFFFC
0007F8
000FE0
001FC0
003F80
007F00
01FE00
03FFE0
03FFF8
03FFFC
03FFFE
0001FE
0000FF
00007F
0000FF
0001FE
000FFE
00FFFC
07FFF0
1FFFC0
3FFE00
7FE000
FF0000
FE0078
FE007F
FE00FF
FF01FE
7FFFFE
3FFFFC
1FFFF0
0FFFE0
01FF00
ENDCHAR
STARTCHAR 01BB
ENCODING 443
SWIDTH 600 0
DWIDTH 30 0
BBX 24 34 3 0
BITMAP
00FF00
07FFE0
0FFFF0
1FFFF8
3FFFFC
7FFFFE
7F81FE
7F00FE
FF00FE
FE007F
0000FE
0000FE
0001FE
0001FC
0003FC
0007F8
FFFFFE
FFFFFE
FFFFFE
FFFFFE
FFFFFE
03FE00
07F800
0FF000
1FE000
3FC000
7F8000
7F8000
FFFFFF
FFFFFF
FFFFFF
FFFFFF
FFFFFF
FFFFFF
ENDCHAR
STARTCHAR 01BC
ENCODING 444
SWIDTH 600 0
DWIDTH 30 0
BBX 25 34 2 -1
BITMAP
7FFFFF80
7FFFFF80
7FFFFF80
7FFFFF80
7FFFFF80
07FFFF80
07F00000
07F00000
07F00000
07F00000
07F00000
07FF8000
07FFF000
07FFFC00
07FFFE00
07FFFF00
0003FF00
00007F80
00007F80
00003F80
00003F80
00003F80
00003F80
00003F80
FE003F80
7F003F80
7F007F80
7F80FF00
3FF7FF00
3FFFFE00
1FFFFC00
0FFFF800
03FFF000
007F8000
ENDCHAR
STARTCHAR 01BD
ENCODING 445
SWIDTH 600 0
DWIDTH 30 0
BBX 24 27 3 -1
BITMAP
FFFFFE
FFFFFE
FFFFFE
FFFFFE
FFFFFE
0FC000
0FC000
0FC000
0FC000
0FFF80
0FFFF0
0FFFF8
0FFFFC
0FFFFE
0000FF
00007F
00007F
00003F
FE003F
FE007F
7F007F
7F80FF
3FFFFE
1FFFFC
0FFFF8
07FFF0
00FF80
ENDCHAR
STARTCHAR 01BE
ENCODING 446
SWIDTH 600 0
DWIDTH 30 0
BBX 26 33 1 -1
BITMAP
07C00000
07C00000
07C00000
0FC00000
0FC00000
1FC00000
FFFE0000
FFFE0000
FFFE0000
FFFE0000
FFFE0000
1FC00000
1FC00000
1FC00000
1FE00000
1FF80000
0FFF8000
0FFFF000
07FFFC00
03FFFF00
00FFFF80
000FFF80
0000FFC0
00001FC0
00001FC0
07000FC0
3F801FC0
3FC01F80
1FFFFF80
0FFFFF00
07FFFE00
03FFFC00
007FE000
ENDCHAR
STARTCHAR 01BF
ENCODING 447
SWIDTH 600 0
DWIDTH 30 0
BBX 25 37 3 -10
BITMAP
000FE000
FE3FF800
FE7FFC00
FEFFFE00
FFFFFF00
FFC0FF00
FF807F00
FF007F80
FF003F80
FE003F80
FE003F80
FE003F80
FE003F80
FE003F80
FE003F80
FE003F80
FE007F00
FE007F00
FE00FF00
FE00FE00
FE01FE00
FE03FC00
FE07F800
FE0FF800
FE1FF000
FE3FC000
FEFF8000
FFFF0000
FFFC0000
FFF00000
FFC00000
FF000000
FE000000
FE000000
FE000000
FE000000
FE000000
ENDCHAR
STARTCHAR 01C0
ENCODING 448
SWIDTH 600 0
DWIDTH 30 0
BBX 6 36 12 0
BITMAP
FC
FC
FC
FC
FC
FC
FC
FC
FC
FC
FC
FC
FC
FC
FC
FC
FC
FC
FC
FC
FC
FC
FC
FC
FC
FC
FC
FC
FC
FC
FC
FC
FC
FC
FC
FC
ENDCHAR
STARTCHAR 01C1
ENCODING 449
SWIDTH 600 0
DWIDTH 30 0
BBX 16 36 7 0
BITMAP
FC3F
FC3F
FC3F
FC3F
FC3F
FC3F
FC3F
FC3F
FC3F
FC3F
FC3F
FC3F
FC3F
FC3F
FC3F
FC3F
FC3F
FC3F
FC3F
FC3F
FC3F
FC3F
FC3F
FC3F
FC3F
FC3F
FC3F
FC3F
FC3F
FC3F
FC3F
FC3F
FC3F
FC3F
FC3F
FC3F
ENDCHAR
STARTCHAR 01C2
ENCODING 450
SWIDTH 600 0
DWIDTH 30 0
BBX 26 36 2 0
BITMAP
003F0000
003F0000
003F0000
003F0000
003F0000
003F0000
003F0000
003F0000
003F0000
003F0000
FFFFFFC0
FFFFFFC0
FFFFFFC0
FFFFFFC0
FFFFFFC0
003F0000
003F0000
003F0000
003F0000
003F0000
003F0000
FFFFFFC0
FFFFFFC0
FFFFFFC0
FFFFFFC0
FFFFFFC0
003F0000
003F0000
003F0000
003F0000
003F0000
003F0000
003F0000
003F0000
003F0000
003F0000
ENDCHAR
STARTCHAR 01C3
ENCODING 451
SWIDTH 600 0
DWIDTH 30 0
BBX 8 33 11 0
BITMAP
FF
FF
7F
7F
7E
7E
7E
7E
7E
7E
7E
7E
7E
7E
7E
7E
7E
7E
7E
7E
7E
7E
7E
00
00
00
FE
FE
FE
FE
FE
FE
FE
ENDCHAR
STARTCHAR 01C4
ENCODING 452
SWIDTH 600 0
DWIDTH 30 0
BBX 31 42 1 0
BITMAP
0007803E
0007E07C
0003F1F8
0001FFF0
0000FFE0
00007FC0
00003F80
00000000
00000000
FF01FFF0
FFC1FFF0
FFE1FFF0
FFF1FFF0
FFF1FFF0
FFF9FFF0
F9F803F0
F8F807E0
F8FC07E0
F8FC07E0
F87C0FC0
F87C0FC0
F87C0FC0
F87C1F80
F87C1F80
F87C3F80
F87C3F00
F87C3F00
F87C7E00
F87C7E00
F87C7E00
F87CFC00
F8FCFC00
F8FCFC00
F8FDF800
F8F9F800
F9F9F800
FFFBFFF8
FFF3FFF8
FFF3FFF8
FFE3FFF8
FFC3FFF8
FF83FFF8
ENDCHAR
STARTCHAR 01C5
ENCODING 453
SWIDTH 600 0
DWIDTH 30 0
BBX 30 36 1 0
BITMAP
000F803C
0007C0FC
0003F1F8
FF01FFF0
FFC0FFE0
FFE07FC0
FFF03F80
FFF00000
FFF80000
F9F80000
F8F9FFF0
F8FDFFF0
F8FDFFF0
F8FDFFF0
F87DFFF0
F87C07E0
F87C07E0
F87C0FC0
F87C0FC0
F87C0FC0
F87C1F80
F87C1F80
F87C3F00
F87C3F00
F87C7E00
F8FC7E00
F8FC7E00
F8FCFC00
F8F8FC00
F9F9F800
FFF9F800
FFF1FFF0
FFF1FFF0
FFE1FFF0
FFC1FFF0
FF81FFF0
ENDCHAR
STARTCHAR 01C6
ENCODING 454
SWIDTH 600 0
DWIDTH 30 0
BBX 31 37 1 -1
BITMAP
007FC01E
007FF07E
007DF8FC
007CFFF8
007C7FF0
007C3FE0
007C1FC0
007C0000
007C0000
1E7C0000
3F7DFFF0
3FFDFFF0
7FFDFFF0
7FFDFFF0
FCFDFFF0
F8FC03E0
F8FC03E0
F8FC07C0
F8FC07C0
F87C0FC0
F87C0F80
F87C1F80
F87C1F00
F87C3F00
F87C3E00
F87C3E00
F8FC7C00
F8FC7C00
F8FCF800
F8FCF800
F8FDF800
FDFDFFF0
7FFDFFF0
7FFDFFF0
3FFDFFF0
3F7DFFF0
1E000000
ENDCHAR
STARTCHAR 01C7
ENCODING 455
SWIDTH 600 0
DWIDTH 30 0
BBX 26 34 2 -1
BITMAP
FC0007C0
FC0007C0
FC0007C0
FC0007C0
FC0007C0
FC0007C0
FC0007C0
FC0007C0
FC0007C0
FC0007C0
FC0007C0
FC0007C0
FC0007C0
FC0007C0
FC0007C0
FC0007C0
FC0007C0
FC0007C0
FC0007C0
FC0007C0
FC0007C0
FC0007C0
FC0007C0
FC0007C0
FC0007C0
FC0007C0
FC000FC0
FFF80FC0
FFF9FF80
FFF9FF80
FFF9FF80
FFF9FF00
FFF9FE00
0001F800
ENDCHAR
STARTCHAR 01C8
ENCODING 456
SWIDTH 600 0
DWIDTH 30 0
BBX 25 46 2 -10
BITMAP
00000F80
00000F80
00000F80
FC000F80
FC000F80
FC000000
FC000000
FC000000
FC000000
FC000000
FC01FF80
FC01FF80
FC01FF80
FC01FF80
FC01FF80
FC000F80
FC000F80
FC000F80
FC000F80
FC000F80
FC000F80
FC000F80
FC000F80
FC000F80
FC000F80
FC000F80
FC000F80
FC000F80
FC000F80
FC000F80
FFF80F80
FFF80F80
FFF80F80
FFF80F80
FFF80F80
FFF80F80
00000F80
00000F80
00001F80
00001F80
00067F80
0007FF80
0007FF00
0007FE00
0007FC00
0003F000
ENDCHAR
STARTCHAR 01C9
ENCODING 457
SWIDTH 600 0
DWIDTH 30 0
BBX 28 46 0 -10
BITMAP
3FF003F0
3FF003F0
3FF003F0
3FF003F0
3FF003F0
03F00000
03F00000
03F00000
03F00000
03F00000
03F07FF0
03F07FF0
03F07FF0
03F07FF0
03F07FF0
03F003F0
03F003F0
03F003F0
03F003F0
03F003F0
03F003F0
03F003F0
03F003F0
03F003F0
03F003F0
03F003F0
03F003F0
03F003F0
03F003F0
03F003F0
03F003F0
FFFF83F0
FFFF83F0
FFFF83F0
FFFF83F0
FFFF83F0
000003F0
000003F0
000003F0
000007F0
0001CFE0
0001FFE0
0001FFC0
0001FFC0
0001FF80
0000FE00
ENDCHAR
STARTCHAR 01CA
ENCODING 458
SWIDTH 600 0
DWIDTH 30 0
BBX 26 34 2 -1
BITMAP
FC7C07C0
FC7C07C0
FC7C07C0
FC7C07C0
FE7C07C0
FE7C07C0
FE7C07C0
FE7C07C0
FE7C07C0
FE7C07C0
FF7C07C0
FF7C07C0
FF7C07C0
FF7C07C0
FF7C07C0
FF7C07C0
FFFC07C0
FFFC07C0
FFFC07C0
FBFC07C0
FBFC07C0
FBFC07C0
FBFC07C0
FBFC07C0
FBFC07C0
F9FC07C0
F9FC0FC0
F9FC0FC0
F9FDFF80
F9FDFF80
F9FDFF80
F8FDFF00
F8FDFE00
0001F800
ENDCHAR
STARTCHAR 01CB
ENCODING 459
SWIDTH 600 0
DWIDTH 30 0
BBX 24 46 3 -10
BITMAP
00003F
00003F
00003F
FC7C3F
FC7C3F
FC7C00
FE7C00
FE7C00
FE7C00
FE7C00
FE7DFF
FE7DFF
FF7DFF
FF7DFF
FF7DFF
FF7C3F
FF7C3F
FF7C3F
FFFC3F
FFFC3F
FFFC3F
FBFC3F
FBFC3F
FBFC3F
FBFC3F
FBFC3F
FBFC3F
F9FC3F
F9FC3F
F9FC3F
F9FC3F
F9FC3F
F9FC3F
F8FC3F
F8FC3F
F8FC3F
00003F
00003F
00003F
00007F
001CFE
001FFE
001FFC
001FFC
001FF8
0007E0
ENDCHAR
STARTCHAR 01CC
ENCODING 460
SWIDTH 600 0
DWIDTH 30 0
BBX 26 46 1 -10
BITMAP
000007C0
000007C0
000007C0
000007C0
000007C0
00000000
00000000
00000000
00000000
00780000
FDFE7FC0
FDFF7FC0
FFFF7FC0
FFFFFFC0
7FFFFFC0
7F1F87C0
7E1F87C0
7E1F87C0
7E1F87C0
7E1F87C0
7E1F87C0
7C1F87C0
7C1F87C0
7C1F87C0
7C1F87C0
7C1F87C0
7C1F87C0
7C1F87C0
7C1F87C0
7C1F87C0
7C1F87C0
7C1F87C0
7C1F87C0
7C1F87C0
7C1F87C0
7C1F87C0
000007C0
000007C0
00000FC0
00000FC0
00033FC0
0003FFC0
0003FF80
0003FF00
0003FE00
0001F800
ENDCHAR
STARTCHAR 01CD
ENCODING 461
SWIDTH 600 0
DWIDTH 30 0
BBX 30 42 0 0
BITMAP
03E01F00
01F03E00
00FC7C00
007FF800
003FF000
001FE000
000FC000
00000000
00000000
001FE000
003FF000
003FF000
003FF000
007FF800
007FF800
007EF800
00FCFC00
00FCFC00
00FCFC00
01F87E00
01F87E00
01F87E00
03F87F00
03F03F00
03F03F00
07F03F80
07E01F80
07E01F80
0FFFFFC0
0FFFFFC0
0FFFFFC0
1FFFFFE0
1FFFFFE0
1F8007E0
3F8007F0
3F8007F0
3F8007F0
7F0003F8
7F0003F8
7F0003F8
FF0003FC
FE0001FC
ENDCHAR
STARTCHAR 01CE
ENCODING 462
SWIDTH 600 0
DWIDTH 30 0
BBX 26 37 3 -1
BITMAP
1F00F800
0F81F000
07E7E000
03FFC000
01FF8000
00FF0000
007E0000
00000000
00000000
01FF0000
07FFC000
1FFFE000
1FFFF000
3FEFF800
7F83F800
7F01FC00
7F01FC00
0001FC00
0001FC00
0001FC00
03FFFC00
1FFFFC00
3FFFFC00
7FFFFC00
FF81FC00
FF01FC00
FE01FC00
FE01FC00
FE01FC00
FE03FC00
FE07FC00
FF0FFC00
FFFFFF40
7FFEFFC0
7FFC7FC0
3FF87FC0
0FE01F00
ENDCHAR
STARTCHAR 01CF
ENCODING 463
SWIDTH 600 0
DWIDTH 30 0
BBX 22 42 4 0
BITMAP
3E01F0
1F03E0
0FC7C0
07FF80
03FF00
01FE00
00FC00
000000
000000
FFFFFC
FFFFFC
FFFFFC
FFFFFC
FFFFFC
FFFFFC
01FE00
01FE00
01FE00
01FE00
01FE00
01FE00
01FE00
01FE00
01FE00
01FE00
01FE00
01FE00
01FE00
01FE00
01FE00
01FE00
01FE00
01FE00
01FE00
01FE00
01FE00
FFFFFC
FFFFFC
FFFFFC
FFFFFC
FFFFFC
FFFFFC
ENDCHAR
STARTCHAR 01D0
ENCODING 464
SWIDTH 600 0
DWIDTH 30 0
BBX 25 36 3 0
BITMAP
0F007C00
0FC1F800
07E3F000
03FFE000
01FFC000
00FF8000
007F0000
00000000
00000000
00000000
3FFF0000
3FFF0000
3FFF0000
3FFF0000
3FFF0000
003F0000
003F0000
003F0000
003F0000
003F0000
003F0000
003F0000
003F0000
003F0000
003F0000
003F0000
003F0000
003F0000
003F0000
003F0000
003F0000
FFFFFF80
FFFFFF80
FFFFFF80
FFFFFF80
FFFFFF80
ENDCHAR
STARTCHAR 01D1
ENCODING 465
SWIDTH 600 0
DWIDTH 30 0
BBX 26 43 2 -1
BITMAP
0F807C00
07C0F800
03F1F000
01FFE000
00FFC000
007F8000
003F0000
00000000
007F8000
01FFF000
07FFF800
0FFFFC00
1FFFFE00
3FFFFF00
3FC0FF00
7F807F80
7F807F80
7F003F80
FF003FC0
FF003FC0
FE001FC0
FE001FC0
FE001FC0
FE001FC0
FE001FC0
FE001FC0
FE001FC0
FE001FC0
FE001FC0
FE001FC0
FE001FC0
FF003FC0
FF003FC0
7F003F80
7F807F80
7F807F80
3FC0FF00
3FFFFF00
1FFFFE00
0FFFFC00
07FFF800
01FFE000
007F8000
ENDCHAR
STARTCHAR 01D2
ENCODING 466
SWIDTH 600 0
DWIDTH 30 0
BBX 26 37 2 -1
BITMAP
0F807C00
07C0F800
03F3F000
01FFE000
00FFC000
007F8000
003F0000
00000000
00000000
007F8000
03FFF000
07FFFC00
0FFFFE00
1FFFFE00
3FC0FF00
3F807F00
7F803F80
7F003F80
7F003F80
FF003FC0
FF003FC0
FE001FC0
FE001FC0
FE001FC0
FE001FC0
FF003FC0
FF003FC0
7F003F80
7F003F80
7F003F80
3F807F00
3FC0FF00
1FFFFE00
0FFFFC00
07FFF800
03FFF000
007F8000
ENDCHAR
STARTCHAR 01D3
ENCODING 467
SWIDTH 600 0
DWIDTH 30 0
BBX 24 43 3 -1
BITMAP
1F00F8
0F81F0
07E3E0
03FFC0
01FF80
00FF00
007E00
000000
000000
FE007F
FE007F
FE007F
FE007F
FE007F
FE007F
FE007F
FE007F
FE007F
FE007F
FE007F
FE007F
FE007F
FE007F
FE007F
FE007F
FE007F
FE007F
FE007F
FE007F
FE007F
FE007F
FE007F
FF00FF
FF00FE
7F00FE
7F01FE
7F81FE
3FFFFC
3FFFFC
1FFFF8
0FFFF0
07FFC0
01FF00
ENDCHAR
STARTCHAR 01D4
ENCODING 468
SWIDTH 600 0
DWIDTH 30 0
BBX 23 37 3 -1
BITMAP
1E00F8
0F81F0
07E7E0
03FFC0
01FF80
00FF00
007E00
000000
000000
000000
FE00FE
FE00FE
FE00FE
FE00FE
FE00FE
FE00FE
FE00FE
FE00FE
FE00FE
FE00FE
FE00FE
FE00FE
FE00FE
FE00FE
FE00FE
FE00FE
FE00FE
FE00FE
FF00FE
FF01FE
7F83FE
7FC77E
7FFF7E
3FFE7E
3FFC7E
1FF87E
07F000
ENDCHAR
STARTCHAR 01D5
ENCODING 469
SWIDTH 600 0
DWIDTH 30 0
BBX 24 46 3 -1
BITMAP
07FFE0
07FFE0
07FFE0
000000
000000
0383C0
0383C0
0383C0
0383C0
000000
000000
000000
FE007F
FE007F
FE007F
FE007F
FE007F
FE007F
FE007F
FE007F
FE007F
FE007F
FE007F
FE007F
FE007F
FE007F
FE007F
FE007F
FE007F
FE007F
FE007F
FE007F
FE007F
FE007F
FE007F
FF00FF
FF00FE
7F00FE
7F01FE
7F81FE
3FFFFC
3FFFFC
1FFFF8
0FFFF0
07FFC0
01FF00
ENDCHAR
STARTCHAR 01D6
ENCODING 470
SWIDTH 600 0
DWIDTH 30 0
BBX 23 43 3 -1
BITMAP
0FFFE0
0FFFE0
0FFFE0
0FFFE0
000000
000000
000000
0F83F0
0F83F0
0F83F0
0F83F0
0F83F0
000000
000000
000000
000000
FE00FE
FE00FE
FE00FE
FE00FE
FE00FE
FE00FE
FE00FE
FE00FE
FE00FE
FE00FE
FE00FE
FE00FE
FE00FE
FE00FE
FE00FE
FE00FE
FE00FE
FE00FE
FF00FE
FF01FE
7F83FE
7FC77E
7FFF7E
3FFE7E
3FFC7E
1FF87E
07F000
ENDCHAR
STARTCHAR 01D7
ENCODING 471
SWIDTH 600 0
DWIDTH 30 0
BBX 24 46 3 -1
BITMAP
000FC0
001F80
003E00
007C00
000000
0783C0
0783C0
0783C0
0783C0
000000
000000
000000
FE007F
FE007F
FE007F
FE007F
FE007F
FE007F
FE007F
FE007F
FE007F
FE007F
FE007F
FE007F
FE007F
FE007F
FE007F
FE007F
FE007F
FE007F
FE007F
FE007F
FE007F
FE007F
FE007F
FF00FF
FF00FE
7F00FE
7F01FE
7F81FE
3FFFFC
3FFFFC
1FFFF8
0FFFF0
07FFC0
01FF00
ENDCHAR
STARTCHAR 01D8
ENCODING 472
SWIDTH 600 0
DWIDTH 30 0
BBX 23 44 3 -1
BITMAP
0003F0
0007F0
000FE0
001F80
003F00
007C00
00F800
000000
0FC3F0
0FC3F0
0FC3F0
0FC3F0
0FC3F0
000000
000000
000000
000000
FE00FE
FE00FE
FE00FE
FE00FE
FE00FE
FE00FE
FE00FE
FE00FE
FE00FE
FE00FE
FE00FE
FE00FE
FE00FE
FE00FE
FE00FE
FE00FE
FE00FE
FE00FE
FF00FE
FF01FE
7F83FE
7FC77E
7FFF7E
3FFE7E
3FFC7E
1FF87E
07F000
ENDCHAR
STARTCHAR 01D9
ENCODING 473
SWIDTH 600 0
DWIDTH 30 0
BBX 24 46 3 -1
BITMAP
0781E0
03E7C0
00FF00
007E00
000000
0383C0
0383C0
0383C0
0383C0
000000
000000
000000
FE007F
FE007F
FE007F
FE007F
FE007F
FE007F
FE007F
FE007F
FE007F
FE007F
FE007F
FE007F
FE007F
FE007F
FE007F
FE007F
FE007F
FE007F
FE007F
FE007F
FE007F
FE007F
FE007F
FF00FF
FF00FE
7F00FE
7F01FE
7F81FE
3FFFFC
3FFFFC
1FFFF8
0FFFF0
07FFC0
01FF00
ENDCHAR
STARTCHAR 01DA
ENCODING 474
SWIDTH 600 0
DWIDTH 30 0
BBX 23 44 3 -1
BITMAP
1F00F8
0F81F0
07E7E0
03FFC0
01FF80
00FF00
007E00
000000
0FC3F0
0FC3F0
0FC3F0
0FC3F0
0FC3F0
000000
000000
000000
000000
FE00FE
FE00FE
FE00FE
FE00FE
FE00FE
FE00FE
FE00FE
FE00FE
FE00FE
FE00FE
FE00FE
FE00FE
FE00FE
FE00FE
FE00FE
FE00FE
FE00FE
FE00FE
FF00FE
FF01FE
7F83FE
7FC77E
7FFF7E
3FFE7E
3FFC7E
1FF87E
07F000
ENDCHAR
STARTCHAR 01DB
ENCODING 475
SWIDTH 600 0
DWIDTH 30 0
BBX 24 46 3 -1
BITMAP
03F000
01F800
007C00
003E00
000000
03C1E0
03C1E0
03C1E0
03C1E0
000000
000000
000000
FE007F
FE007F
FE007F
FE007F
FE007F
FE007F
FE007F
FE007F
FE007F
FE007F
FE007F
FE007F
FE007F
FE007F
FE007F
FE007F
FE007F
FE007F
FE007F
FE007F
FE007F
FE007F
FE007F
FF00FF
FF00FE
7F00FE
7F01FE
7F81FE
3FFFFC
3FFFFC
1FFFF8
0FFFF0
07FFC0
01FF00
ENDCHAR
STARTCHAR 01DC
ENCODING 476
SWIDTH 600 0
DWIDTH 30 0
BBX 23 44 3 -1
BITMAP
0FE000
0FF000
03F800
01FC00
00FE00
003F00
001F00
000000
0FC3F0
0FC3F0
0FC3F0
0FC3F0
0FC3F0
000000
000000
000000
000000
FE00FE
FE00FE
FE00FE
FE00FE
FE00FE
FE00FE
FE00FE
FE00FE
FE00FE
FE00FE
FE00FE
FE00FE
FE00FE
FE00FE
FE00FE
FE00FE
FE00FE
FE00FE
FF00FE
FF01FE
7F83FE
7FC77E
7FFF7E
3FFE7E
3FFC7E
1FF87E
07F000
ENDCHAR
STARTCHAR 01DD
ENCODING 477
SWIDTH 600 0
DWIDTH 30 0
BBX 26 28 2 -1
BITMAP
007F8000
03FFE000
0FFFF800
1FFFFC00
3FFFFE00
3F81FF00
7F00FF00
3E007F00
00003F80
00003F80
00003F80
00003F80
00003FC0
FFFFFFC0
FFFFFFC0
7FFFFFC0
7FFFFF80
7E003F80
7E003F80
7E003F80
3F003F80
3F007F00
3F80FF00
1FF3FE00
0FFFFC00
07FFF800
03FFE000
007F8000
ENDCHAR
STARTCHAR 01DE
ENCODING 478
SWIDTH 600 0
DWIDTH 30 0
BBX 30 45 0 0
BITMAP
00FFFC00
00FFFC00
00FFFC00
00000000
00000000
00707800
00707800
00707800
00707800
00000000
00000000
00000000
001FE000
003FF000
003FF000
003FF000
007FF800
007FF800
007EF800
00FCFC00
00FCFC00
00FCFC00
01F87E00
01F87E00
01F87E00
03F87F00
03F03F00
03F03F00
07F03F80
07E01F80
07E01F80
0FFFFFC0
0FFFFFC0
0FFFFFC0
1FFFFFE0
1FFFFFE0
1F8007E0
3F8007F0
3F8007F0
3F8007F0
7F0003F8
7F0003F8
7F0003F8
FF0003FC
FE0001FC
ENDCHAR
STARTCHAR 01DF
ENCODING 479
SWIDTH 600 0
DWIDTH 30 0
BBX 26 43 3 -1
BITMAP
0FFFE000
0FFFE000
0FFFE000
0FFFE000
00000000
00000000
00000000
0F83F000
0F83F000
0F83F000
0F83F000
0F83F000
00000000
00000000
00000000
01FF0000
07FFC000
1FFFE000
1FFFF000
3FEFF800
7F83F800
7F01FC00
7F01FC00
0001FC00
0001FC00
0001FC00
03FFFC00
1FFFFC00
3FFFFC00
7FFFFC00
FF81FC00
FF01FC00
FE01FC00
FE01FC00
FE01FC00
FE03FC00
FE07FC00
FF0FFC00
FFFFFF40
7FFEFFC0
7FFC7FC0
3FF87FC0
0FE01F00
ENDCHAR
STARTCHAR 01E0
ENCODING 480
SWIDTH 600 0
DWIDTH 30 0
BBX 30 45 0 0
BITMAP
00FFFC00
00FFFC00
00FFFC00
00000000
00000000
00078000
00078000
00078000
00078000
00000000
00000000
00000000
001FE000
003FF000
003FF000
003FF000
007FF800
007FF800
007EF800
00FCFC00
00FCFC00
00FCFC00
01F87E00
01F87E00
01F87E00
03F87F00
03F03F00
03F03F00
07F03F80
07E01F80
07E01F80
0FFFFFC0
0FFFFFC0
0FFFFFC0
1FFFFFE0
1FFFFFE0
1F8007E0
3F8007F0
3F8007F0
3F8007F0
7F0003F8
7F0003F8
7F0003F8
FF0003FC
FE0001FC
ENDCHAR
STARTCHAR 01E1
ENCODING 481
SWIDTH 600 0
DWIDTH 30 0
BBX 26 43 3 -1
BITMAP
0FFFE000
0FFFE000
0FFFE000
0FFFE000
00000000
00000000
00000000
00FE0000
00FE0000
00FE0000
00FE0000
00FE0000
00000000
00000000
00000000
01FF0000
07FFC000
1FFFE000
1FFFF000
3FEFF800
7F83F800
7F01FC00
7F01FC00
0001FC00
0001FC00
0001FC00
03FFFC00
1FFFFC00
3FFFFC00
7FFFFC00
FF81FC00
FF01FC00
FE01FC00
FE01FC00
FE01FC00
FE03FC00
FE07FC00
FF0FFC00
FFFFFF40
7FFEFFC0
7FFC7FC0
3FF87FC0
0FE01F00
ENDCHAR
STARTCHAR 01E2
ENCODING 482
SWIDTH 600 0
DWIDTH 30 0
BBX 30 40 0 0
BITMAP
001FFFC0
001FFFC0
001FFFC0
001FFFC0
00000000
00000000
00000000
007FFFF8
007FFFF8
00FFFFF8
00FFFFF8
00FFFFF8
00F9F800
01F9F800
01F9F800
01F9F800
03F9F800
03F1F800
03F1F800
03F1F800
07F1F800
07E1FFF0
07E1FFF0
07E1FFF0
0FE1FFF0
0FC1FFF0
0FFFF800
1FFFF800
1FFFF800
1FFFF800
1FFFF800
3F81F800
3F01F800
3F01F800
3F01F800
7F01FFFC
7E01FFFC
7E01FFFC
FE01FFFC
FE01FFFC
ENDCHAR
STARTCHAR 01E3
ENCODING 483
SWIDTH 600 0
DWIDTH 30 0
BBX 30 35 0 -1
BITMAP
00FFFE00
00FFFE00
00FFFE00
00FFFE00
00000000
00000000
00000000
03F01F00
0FFC7FC0
1FFEFFE0
1FFFFFE0
3FBFF7F0
3E1FE1F0
3E0FC0F8
3E0FC0F8
000F80F8
000F80F8
000F80F8
07FFFFF8
1FFFFFF8
3FFFFFF8
3FFFFFFC
7E0F8000
7C0F8000
7C0F8000
7C0F8000
FC0F8000
FC1FC0E0
7C1FC0F8
7C3FE1F0
7EFDF3F0
7FF9FFE0
3FF0FFE0
1FE07FC0
0F803F00
ENDCHAR
STARTCHAR 01E4
ENCODING 484
SWIDTH 600 0
DWIDTH 30 0
BBX 28 35 2 -1
BITMAP
007F8000
01FFF000
07FFF800
0FFFFC00
1FFFFE00
1FFFFE00
3FE0FF00
3F807F00
7F807F80
7F003F80
7F003800
FF000000
FF000000
FE000000
FE000000
FE000000
FE0FFFC0
FE0FFFC0
FE0FFFC0
FE0FFFC0
FE0FFFC0
FE001FC0
FF001FC0
7F0FFFF0
7F0FFFF0
7F8FFFF0
7F8FFFF0
3FC03FC0
3FE07FC0
1FFFFFC0
0FFFFF80
07FFFE00
03FFFC00
01FFF000
007F8000
ENDCHAR
STARTCHAR 01E5
ENCODING 485
SWIDTH 600 0
DWIDTH 30 0
BBX 28 37 1 -10
BITMAP
007E0000
01FF8FC0
07FFDFC0
07FFDFC0
0FFFFFC0
1FF07FC0
1FE03FC0
1FC03FC0
3FC01FC0
3FC01FC0
3F801FC0
3F801FC0
3F801FC0
3F801FC0
3F801FC0
3F801FC0
3F801FC0
3FC01FC0
1FC03FC0
1FE03FC0
1FF07FC0
0FFFFFC0
0FFFFFC0
07FFDFC0
03FF9FC0
00FE1FC0
00001FC0
FFFFFFF0
FFFFFFF0
00001FC0
03C03F80
1FE07F80
0FFFFF00
0FFFFF00
07FFFE00
01FFF800
007FE000
ENDCHAR
STARTCHAR 01E6
ENCODING 486
SWIDTH 600 0
DWIDTH 30 0
BBX 26 43 2 -1
BITMAP
0F807C00
07C0F800
03F1F000
01FFE000
00FFC000
007F8000
003F0000
00000000
007F8000
01FFF000
07FFF800
0FFFFC00
1FFFFE00
1FFFFF00
3FE0FF00
3F807F00
7F803F80
7F003800
7F000000
FF000000
FF000000
FE000000
FE000000
FE000000
FE0FFFC0
FE0FFFC0
FE0FFFC0
FE0FFFC0
FE0FFFC0
FE001FC0
FF001FC0
7F001FC0
7F001FC0
7F801FC0
7F801FC0
3FC01FC0
3FE07FC0
1FFFFFC0
0FFFFF80
07FFFE00
03FFFC00
01FFF000
007F8000
ENDCHAR
STARTCHAR 01E7
ENCODING 487
SWIDTH 600 0
DWIDTH 30 0
BBX 24 46 3 -10
BITMAP
1E00F8
0F81F0
07E7E0
03FFC0
01FF80
00FF00
007E00
000000
000000
01F800
07FE3F
1FFF7F
1FFFFF
3FFFFF
7FC1FF
7F80FF
7F00FF
FF007F
FF007F
FE007F
FE007F
FE007F
FE007F
FE007F
FE007F
FE007F
FF007F
FF007F
7F00FF
7F80FF
7FC1FF
3FFFFF
3FFF7F
1FFF7F
0FFE7F
03F07F
00007F
00007F
00007F
1F00FE
7F81FE
3FFFFC
3FFFFC
1FFFF8
07FFE0
00FF00
ENDCHAR
STARTCHAR 01E8
ENCODING 488
SWIDTH 600 0
DWIDTH 30 0
BBX 27 42 3 0
BITMAP
1F00F800
0F81F000
07E3E000
03FFC000
01FF8000
00FF0000
007E0000
00000000
00000000
FF003FC0
FF007F80
FF00FF80
FF00FF00
FF01FE00
FF03FC00
FF07F800
FF07F800
FF0FF000
FF1FE000
FF1FC000
FF3F8000
FF7F8000
FFFF0000
FFFF0000
FFFF0000
FFFF8000
FFFF8000
FFFFC000
FFFFE000
FFDFE000
FF8FF000
FF0FF800
FF07F800
FF03FC00
FF03FC00
FF01FE00
FF01FF00
FF00FF00
FF00FF80
FF007F80
FF003FC0
FF003FE0
ENDCHAR
STARTCHAR 01E9
ENCODING 489
SWIDTH 600 0
DWIDTH 30 0
BBX 24 42 4 0
BITMAP
3E00F0
1F83F0
0FC7E0
07FFC0
03FF80
01FF00
00FE00
000000
000000
FE0000
FE0000
FE0000
FE0000
FE0000
FE0000
FE0000
FE00FE
FE01FE
FE03FC
FE07F8
FE07F0
FE0FE0
FE1FC0
FE3F80
FE7F00
FEFE00
FFFE00
FFFE00
FFFF00
FFFF80
FFFF80
FF1FC0
FE1FE0
FE0FE0
FE07F0
FE07F8
FE03F8
FE03FC
FE01FC
FE00FE
FE00FF
FE007F
ENDCHAR
STARTCHAR 01EA
ENCODING 490
SWIDTH 600 0
DWIDTH 30 0
BBX 26 44 2 -10
BITMAP
007F8000
01FFF000
07FFF800
0FFFFC00
1FFFFE00
3FFFFF00
3FC0FF00
7F807F80
7F807F80
7F003F80
FF003FC0
FF003FC0
FE001FC0
FE001FC0
FE001FC0
FE001FC0
FE001FC0
FE001FC0
FE001FC0
FE001FC0
FE001FC0
FE001FC0
FE001FC0
FF003FC0
FF003FC0
7F003F80
7F807F80
7F807F80
3FC0FF00
3FFFFF00
1FFFFE00
0FFFFC00
07FFF800
01FFE000
007F8000
000F0000
001E0000
001E0000
001E0000
001F0000
001FB000
001FF000
000FF000
0003E000
ENDCHAR
STARTCHAR 01EB
ENCODING 491
SWIDTH 600 0
DWIDTH 30 0
BBX 26 37 2 -10
BITMAP
007F8000
03FFF000
07FFFC00
0FFFFE00
1FFFFE00
3FC0FF00
3F807F00
7F803F80
7F003F80
7F003F80
FF003FC0
FF003FC0
FE001FC0
FE001FC0
FE001FC0
FE001FC0
FF003FC0
FF003FC0
7F003F80
7F003F80
7F003F80
3F807F00
3FC0FF00
1FFFFE00
0FFFFC00
07FFF800
03FFF000
007F8000
000F0000
001E0000
001E0000
001E0000
001F0000
001FB000
001FF000
000FF000
0003E000
ENDCHAR
STARTCHAR 01EC
ENCODING 492
SWIDTH 600 0
DWIDTH 30 0
BBX 26 51 2 -10
BITMAP
03FFF800
03FFF800
03FFF800
03FFF800
00000000
00000000
00000000
007F8000
01FFF000
07FFF800
0FFFFC00
1FFFFE00
3FFFFF00
3FC0FF00
7F807F80
7F807F80
7F003F80
FF003FC0
FF003FC0
FE001FC0
FE001FC0
FE001FC0
FE001FC0
FE001FC0
FE001FC0
FE001FC0
FE001FC0
FE001FC0
FE001FC0
FE001FC0
FF003FC0
FF003FC0
7F003F80
7F807F80
7F807F80
3FC0FF00
3FFFFF00
1FFFFE00
0FFFFC00
07FFF800
01FFE000
007F8000
000F0000
001E0000
001E0000
001E0000
001F0000
001FB000
001FF000
000FF000
0003E000
ENDCHAR
STARTCHAR 01ED
ENCODING 493
SWIDTH 600 0
DWIDTH 30 0
BBX 26 44 2 -10
BITMAP
03FFF800
03FFF800
03FFF800
03FFF800
00000000
00000000
00000000
007F8000
03FFF000
07FFFC00
0FFFFE00
1FFFFE00
3FC0FF00
3F807F00
7F803F80
7F003F80
7F003F80
FF003FC0
FF003FC0
FE001FC0
FE001FC0
FE001FC0
FE001FC0
FF003FC0
FF003FC0
7F003F80
7F003F80
7F003F80
3F807F00
3FC0FF00
1FFFFE00
0FFFFC00
07FFF800
03FFF000
007F8000
000F0000
001E0000
001E0000
001E0000
001F0000
001FB000
001FF000
000FF000
0003E000
ENDCHAR
STARTCHAR 01EE
ENCODING 494
SWIDTH 600 0
DWIDTH 30 0
BBX 28 52 1 -10
BITMAP
07C03E00
03E07C00
01F8F800
00FFF000
007FE000
003FC000
001F8000
00000000
00000000
7FFFFFE0
7FFFFFE0
7FFFFFE0
7FFFFFE0
7FFFFFE0
7FFFFFC0
00007F80
0000FF00
0001FE00
0003FC00
0007F800
000FF000
001FE000
003FC000
007F8000
00FF0000
00FFE000
00FFFC00
00FFFE00
00FFFF80
00FFFF80
0001FFC0
00003FE0
00001FE0
00000FE0
00000FF0
00000FF0
000007F0
000007F0
000007F0
000007F0
04000FF0
3E000FE0
FE000FE0
FF001FE0
FF801FE0
7FC07FC0
3FFFFF80
3FFFFF80
1FFFFF00
07FFFC00
03FFF800
007FC000
ENDCHAR
STARTCHAR 01EF
ENCODING 495
SWIDTH 600 0
DWIDTH 30 0
BBX 24 46 3 -10
BITMAP
1F00F8
0F81F0
07E3E0
03FFC0
01FF80
00FF00
007F00
000000
000000
000000
7FFFFE
7FFFFE
7FFFFE
7FFFFE
7FFFFE
0003FC
0007F8
000FF0
001FE0
003FC0
007F80
00FF00
01FE00
03FC00
03FFC0
03FFF0
03FFF8
03FFFC
0007FE
0001FE
0000FF
00007F
00007F
00007F
00007F
00007F
1C007F
FC007F
FE007F
FF00FE
7F81FE
7FFFFC
3FFFF8
1FFFF0
07FFE0
01FF00
ENDCHAR
STARTCHAR 01F0
ENCODING 496
SWIDTH 600 0
DWIDTH 30 0
BBX 23 46 4 -10
BITMAP
07803E
07E0FC
03F1F8
01FFF0
00FFE0
007FC0
003F80
000000
000000
000000
1FFFE0
1FFFE0
1FFFE0
1FFFE0
1FFFE0
000FE0
000FE0
000FE0
000FE0
000FE0
000FE0
000FE0
000FE0
000FE0
000FE0
000FE0
000FE0
000FE0
000FE0
000FE0
000FE0
000FE0
000FE0
000FE0
000FE0
000FE0
000FE0
001FE0
001FC0
003FC0
F8FFC0
FFFF80
FFFF00
FFFE00
FFFC00
1FF000
ENDCHAR
STARTCHAR 01F1
ENCODING 497
SWIDTH 600 0
DWIDTH 30 0
BBX 29 33 1 0
BITMAP
FF01FFF0
FFC1FFF0
FFE1FFF0
FFF1FFF0
FFF1FFF0
FFF9FFF0
F9F803F0
F8F807E0
F8FC07E0
F8FC07E0
F87C0FC0
F87C0FC0
F87C0FC0
F87C1F80
F87C1F80
F87C3F80
F87C3F00
F87C3F00
F87C7E00
F87C7E00
F87C7E00
F87CFC00
F8FCFC00
F8FCFC00
F8FDF800
F8F9F800
F9F9F800
FFFBFFF8
FFF3FFF8
FFF3FFF8
FFE3FFF8
FFC3FFF8
FF83FFF8
ENDCHAR
STARTCHAR 01F2
ENCODING 498
SWIDTH 600 0
DWIDTH 30 0
BBX 28 33 1 0
BITMAP
FF000000
FFC00000
FFE00000
FFF00000
FFF00000
FFF80000
F9F80000
F8F9FFF0
F8FDFFF0
F8FDFFF0
F8FDFFF0
F87DFFF0
F87C07E0
F87C07E0
F87C0FC0
F87C0FC0
F87C0FC0
F87C1F80
F87C1F80
F87C3F00
F87C3F00
F87C7E00
F8FC7E00
F8FC7E00
F8FCFC00
F8F8FC00
F9F9F800
FFF9F800
FFF1FFF0
FFF1FFF0
FFE1FFF0
FFC1FFF0
FF81FFF0
ENDCHAR
STARTCHAR 01F3
ENCODING 499
SWIDTH 600 0
DWIDTH 30 0
BBX 28 37 1 -1
BITMAP
007C0000
007C0000
007C0000
007C0000
007C0000
007C0000
007C0000
007C0000
007C0000
1E7C0000
3F7DFFF0
3FFDFFF0
7FFDFFF0
7FFDFFF0
FCFDFFF0
F8FC03E0
F8FC03E0
F8FC07C0
F8FC07C0
F87C0FC0
F87C0F80
F87C1F80
F87C1F00
F87C3F00
F87C3E00
F87C3E00
F8FC7C00
F8FC7C00
F8FCF800
F8FCF800
F8FDF800
FDFDFFF0
7FFDFFF0
7FFDFFF0
3FFDFFF0
3F7DFFF0
1E000000
ENDCHAR
STARTCHAR 01F4
ENCODING 500
SWIDTH 600 0
DWIDTH 30 0
BBX 26 43 2 -1
BITMAP
0000FE00
0001FC00
0003F800
0007E000
000FC000
001F0000
003E0000
00000000
007F8000
01FFF000
07FFF800
0FFFFC00
1FFFFE00
1FFFFF00
3FE0FF00
3F807F00
7F803F80
7F003800
7F000000
FF000000
FF000000
FE000000
FE000000
FE000000
FE0FFFC0
FE0FFFC0
FE0FFFC0
FE0FFFC0
FE0FFFC0
FE001FC0
FF001FC0
7F001FC0
7F001FC0
7F801FC0
7F801FC0
3FC01FC0
3FE07FC0
1FFFFFC0
0FFFFF80
07FFFE00
03FFFC00
01FFF000
007F8000
ENDCHAR
STARTCHAR 01F5
ENCODING 501
SWIDTH 600 0
DWIDTH 30 0
BBX 24 46 3 -10
BITMAP
0003F8
0007F8
000FE0
001FC0
003F00
003E00
007C00
000000
000000
01F800
07FE3F
1FFF7F
1FFFFF
3FFFFF
7FC1FF
7F80FF
7F00FF
FF007F
FF007F
FE007F
FE007F
FE007F
FE007F
FE007F
FE007F
FE007F
FF007F
FF007F
7F00FF
7F80FF
7FC1FF
3FFFFF
3FFF7F
1FFF7F
0FFE7F
03F07F
00007F
00007F
00007F
1F00FE
7F81FE
3FFFFC
3FFFFC
1FFFF8
07FFE0
00FF00
ENDCHAR
STARTCHAR 01F6
ENCODING 502
SWIDTH 600 0
DWIDTH 30 0
BBX 26 34 2 -1
BITMAP
FC1F0000
FC1F0000
FC1F0000
FC1F0000
FC1F0000
FC1F0000
FC1F0000
FC1F0FC0
FC1F0FC0
FC1F0FC0
FC1F0FC0
FC1F0FC0
FC1F0FC0
FFFF0FC0
FFFF0FC0
FFFF0FC0
FFFF0FC0
FFFF0FC0
FFFF0FC0
FC1F0FC0
FC1F0FC0
FC1F0FC0
FC1F0FC0
FC1F0FC0
FC1F0FC0
FC1F0FC0
FC1F8FC0
FC1F8FC0
FC1FDFC0
FC1FFF80
FC0FFF80
FC0FFF00
FC07FF00
0001FC00
ENDCHAR
STARTCHAR 01F7
ENCODING 503
SWIDTH 600 0
DWIDTH 30 0
BBX 25 44 3 -10
BITMAP
000FC000
FE3FF000
FE7FF800
FEFFFC00
FFFFFE00
FFFFFE00
FFC0FF00
FF807F00
FF007F00
FF007F80
FF003F80
FF003F80
FE003F80
FE003F80
FE003F80
FE003F80
FE003F80
FE003F80
FE007F80
FE007F80
FE007F00
FE00FF00
FE00FF00
FE01FE00
FE01FE00
FE03FC00
FE07FC00
FE0FF800
FE3FF000
FE7FF000
FFFFE000
FFFFC000
FFFF8000
FFFE0000
FFFC0000
FFF00000
FFC00000
FF800000
FE000000
FE000000
FE000000
FE000000
FE000000
FE000000
ENDCHAR
STARTCHAR 01F8
ENCODING 504
SWIDTH 600 0
DWIDTH 30 0
BBX 24 42 3 0
BITMAP
1FC000
0FE000
07F000
01F800
00FC00
003E00
001F00
000000
000000
FF807F
FF807F
FF807F
FFC07F
FFC07F
FFE07F
FFE07F
FFE07F
FFF07F
FFF07F
FDF07F
FDF87F
FDF87F
FCFC7F
FCFC7F
FE7C7F
FE7E7F
FE7E7F
FE3F7F
FE3F3F
FE1F3F
FE1FBF
FE1FBF
FE0FBF
FE0FFF
FE0FFF
FE07FF
FE07FF
FE03FF
FE03FF
FE03FF
FE01FF
FE01FF
ENDCHAR
STARTCHAR 01F9
ENCODING 505
SWIDTH 600 0
DWIDTH 30 0
BBX 24 36 3 0
BITMAP
1FC000
0FE000
07F000
01F800
00FC00
003E00
001F00
000000
000000
0007E0
FE1FF8
FE7FFC
FE7FFE
FEFFFE
FFE1FE
FFC0FF
FF807F
FF007F
FF007F
FF007F
FE007F
FE007F
FE007F
FE007F
FE007F
FE007F
FE007F
FE007F
FE007F
FE007F
FE007F
FE007F
FE007F
FE007F
FE007F
FE007F
ENDCHAR
STARTCHAR 01FA
ENCODING 506
SWIDTH 600 0
DWIDTH 30 0
BBX 30 42 0 0
BITMAP
00003F00
0000FF00
0001FC00
0003F000
0007E000
000F8000
00000000
000FC000
001FE000
003FF000
0078F800
00787800
00707800
00787800
007FF800
003FF000
003FF000
003FF000
007FF800
007FF800
00FCFC00
00FCFC00
00FCFC00
01F87E00
01F87E00
01F87F00
03F03F00
03F03F00
07F03F80
07E01F80
07FFFF80
0FFFFFC0
0FFFFFC0
1FFFFFE0
1FFFFFE0
1F8007E0
3F8007F0
3F8007F0
7F0003F8
7F0003F8
7F0003F8
FE0001FC
ENDCHAR
STARTCHAR 01FB
ENCODING 507
SWIDTH 600 0
DWIDTH 30 0
BBX 26 43 3 -1
BITMAP
0001F800
0003F800
0007F000
000FC000
001F8000
003E0000
007C0000
00000000
007C0000
00FF0000
01FF8000
03E78000
0383C000
0383C000
03C3C000
03FF8000
07FFC000
1FFFE000
1FFFF000
3FEFF800
7F83F800
7F01FC00
7F01FC00
0001FC00
0001FC00
0001FC00
03FFFC00
1FFFFC00
3FFFFC00
7FFFFC00
FF81FC00
FF01FC00
FE01FC00
FE01FC00
FE01FC00
FE03FC00
FE07FC00
FF0FFC00
FFFFFF40
7FFEFFC0
7FFC7FC0
3FF87FC0
0FE01F00
ENDCHAR
STARTCHAR 01FC
ENCODING 508
SWIDTH 600 0
DWIDTH 30 0
BBX 30 42 0 0
BITMAP
000007E0
00000FE0
00001F80
00003F00
00007E00
0000F800
0001F000
00000000
00000000
007FFFF8
007FFFF8
00FFFFF8
00FFFFF8
00FFFFF8
00F9F800
01F9F800
01F9F800
01F9F800
03F9F800
03F1F800
03F1F800
03F1F800
07F1F800
07E1FFF0
07E1FFF0
07E1FFF0
0FE1FFF0
0FC1FFF0
0FFFF800
1FFFF800
1FFFF800
1FFFF800
1FFFF800
3F81F800
3F01F800
3F01F800
3F01F800
7F01FFFC
7E01FFFC
7E01FFFC
FE01FFFC
FE01FFFC
ENDCHAR
STARTCHAR 01FD
ENCODING 509
SWIDTH 600 0
DWIDTH 30 0
BBX 30 37 0 -1
BITMAP
00007F00
0000FF00
0001FC00
0003F800
0007E000
000FC000
000F8000
00000000
00000000
03F01F00
0FFC7FC0
1FFEFFE0
1FFFFFE0
3FBFF7F0
3E1FE1F0
3E0FC0F8
3E0FC0F8
000F80F8
000F80F8
000F80F8
07FFFFF8
1FFFFFF8
3FFFFFF8
3FFFFFFC
7E0F8000
7C0F8000
7C0F8000
7C0F8000
FC0F8000
FC1FC0E0
7C1FC0F8
7C3FE1F0
7EFDF3F0
7FF9FFE0
3FF0FFE0
1FE07FC0
0F803F00
ENDCHAR
STARTCHAR 01FE
ENCODING 510
SWIDTH 600 0
DWIDTH 30 0
BBX 27 44 1 -2
BITMAP
0000FE00
0001FC00
0003F800
0007E000
000FC000
001F8000
003E0000
00000040
003FC0E0
00FFF1E0
03FFFDE0
07FFFFC0
0FFFFF80
1FFFFF80
1FE07F80
3FC03FC0
3FC03FC0
3F803FC0
7F807FE0
7F80FFE0
7F01FFE0
7F01EFE0
7F03CFE0
7F078FE0
7F078FE0
7F0F0FE0
7F1E0FE0
7F3E0FE0
7F3C0FE0
7F780FE0
7FF00FE0
7FF01FE0
7FE01FE0
3FC01FC0
3FC03FC0
3FC03FC0
1FE07F80
1FFFFF80
3FFFFF00
3FFFFE00
7BFFFC00
F8FFF000
703FC000
20000000
ENDCHAR
STARTCHAR 01FF
ENCODING 511
SWIDTH 600 0
DWIDTH 30 0
BBX 26 37 2 -1
BITMAP
0001FC00
0003F800
0007F000
000FC000
001F8000
003F0000
007C0000
00000000
00000000
007F8100
03FFF380
07FFFF80
0FFFFF00
1FFFFE00
3FC0FF00
3F807F00
7F80FF80
7F00FF80
7F01FF80
FF03FFC0
FF07BFC0
FE0F1FC0
FE1E1FC0
FE3E1FC0
FE3C1FC0
FF783FC0
FFF03FC0
7FE03F80
7FC03F80
7F803F80
3F807F00
3FC0FF00
1FFFFE00
3FFFFC00
7FFFF800
73FFF000
207F8000
ENDCHAR
STARTCHAR 0200
ENCODING 512
SWIDTH 600 0
DWIDTH 30 0
BBX 30 42 0 0
BITMAP
3F0FC000
3F8FE000
0FC3F000
07E1F000
03E0F800
01F07C00
00781E00
00000000
00000000
001FE000
003FF000
003FF000
003FF000
007FF800
007FF800
007EF800
00FCFC00
00FCFC00
00FCFC00
01F87E00
01F87E00
01F87E00
03F87F00
03F03F00
03F03F00
07F03F80
07E01F80
07E01F80
0FFFFFC0
0FFFFFC0
0FFFFFC0
1FFFFFE0
1FFFFFE0
1F8007E0
3F8007F0
3F8007F0
3F8007F0
7F0003F8
7F0003F8
7F0003F8
FF0003FC
FE0001FC
ENDCHAR
STARTCHAR 0201
ENCODING 513
SWIDTH 600 0
DWIDTH 30 0
BBX 28 37 1 -1
BITMAP
FC3F0000
7E1F8000
3F0FC000
1F87E000
07C1F000
03E0F800
01E07800
00000000
00000000
007FC000
01FFF000
07FFF800
07FFFC00
0FFBFE00
1FE0FE00
1FC07F00
1FC07F00
00007F00
00007F00
00007F00
00FFFF00
07FFFF00
0FFFFF00
1FFFFF00
3FE07F00
3FC07F00
3F807F00
3F807F00
3F807F00
3F80FF00
3F81FF00
3FC3FF00
3FFFFFD0
1FFFBFF0
1FFF1FF0
0FFE1FF0
03F807C0
ENDCHAR
STARTCHAR 0202
ENCODING 514
SWIDTH 600 0
DWIDTH 30 0
BBX 30 42 0 0
BITMAP
000FC000
003FF000
007FF800
00FFFC00
01F03E00
01E01E00
01E01E00
00000000
00000000
001FE000
003FF000
003FF000
003FF000
007FF800
007FF800
007EF800
00FCFC00
00FCFC00
00FCFC00
01F87E00
01F87E00
01F87E00
03F87F00
03F03F00
03F03F00
07F03F80
07E01F80
07E01F80
0FFFFFC0
0FFFFFC0
0FFFFFC0
1FFFFFE0
1FFFFFE0
1F8007E0
3F8007F0
3F8007F0
3F8007F0
7F0003F8
7F0003F8
7F0003F8
FF0003FC
FE0001FC
ENDCHAR
STARTCHAR 0203
ENCODING 515
SWIDTH 600 0
DWIDTH 30 0
BBX 26 37 3 -1
BITMAP
00FE0000
03FF8000
07FFC000
0FFFE000
0F83E000
1F01E000
1E00F000
00000000
00000000
01FF0000
07FFC000
1FFFE000
1FFFF000
3FEFF800
7F83F800
7F01FC00
7F01FC00
0001FC00
0001FC00
0001FC00
03FFFC00
1FFFFC00
3FFFFC00
7FFFFC00
FF81FC00
FF01FC00
FE01FC00
FE01FC00
FE01FC00
FE03FC00
FE07FC00
FF0FFC00
FFFFFF40
7FFEFFC0
7FFC7FC0
3FF87FC0
0FE01F00
ENDCHAR
STARTCHAR 0204
ENCODING 516
SWIDTH 600 0
DWIDTH 30 0
BBX 25 42 3 0
BITMAP
FC3F0000
FE3F8000
3F0FC000
1F87C000
0F83E000
03C1F000
01E07800
00000000
00000000
FFFFFF00
FFFFFF00
FFFFFF00
FFFFFF00
FFFFFF00
FFFFFF00
FF000000
FF000000
FF000000
FF000000
FF000000
FF000000
FF000000
FFFFFC00
FFFFFC00
FFFFFC00
FFFFFC00
FFFFFC00
FFFFFC00
FF000000
FF000000
FF000000
FF000000
FF000000
FF000000
FF000000
FF000000
FFFFFF80
FFFFFF80
FFFFFF80
FFFFFF80
FFFFFF80
FFFFFF80
ENDCHAR
STARTCHAR 0205
ENCODING 517
SWIDTH 600 0
DWIDTH 30 0
BBX 26 37 2 -1
BITMAP
FC3F0000
7E1F8000
3F0FC000
1F87E000
0FC3F000
03E0F000
01E07800
00000000
00000000
007F8000
01FFF000
07FFF800
0FFFFC00
1FF3FE00
3FC07E00
3F803F00
7F003F00
7F003F80
7F001F80
7F001F80
7FFFFF80
FFFFFF80
FFFFFFC0
FFFFFFC0
FF000000
7F000000
7F000000
7F000000
7F000000
7F801F00
3F803F80
3FE07F00
1FFFFF00
0FFFFE00
07FFFC00
01FFF000
007F8000
ENDCHAR
STARTCHAR 0206
ENCODING 518
SWIDTH 600 0
DWIDTH 30 0
BBX 25 42 3 0
BITMAP
007F0000
01FFC000
03FFE000
07FFF000
07C1F000
0F80F000
0F007800
00000000
00000000
FFFFFF00
FFFFFF00
FFFFFF00
FFFFFF00
FFFFFF00
FFFFFF00
FF000000
FF000000
FF000000
FF000000
FF000000
FF000000
FF000000
FFFFFC00
FFFFFC00
FFFFFC00
FFFFFC00
FFFFFC00
FFFFFC00
FF000000
FF000000
FF000000
FF000000
FF000000
FF000000
FF000000
FF000000
FFFFFF80
FFFFFF80
FFFFFF80
FFFFFF80
FFFFFF80
FFFFFF80
ENDCHAR
STARTCHAR 0207
ENCODING 519
SWIDTH 600 0
DWIDTH 30 0
BBX 26 37 2 -1
BITMAP
003F0000
00FFC000
01FFE000
03FFF000
07C0F800
07807800
07807800
00000000
00000000
007F8000
01FFF000
07FFF800
0FFFFC00
1FF3FE00
3FC07E00
3F803F00
7F003F00
7F003F80
7F001F80
7F001F80
7FFFFF80
FFFFFF80
FFFFFFC0
FFFFFFC0
FF000000
7F000000
7F000000
7F000000
7F000000
7F801F00
3F803F80
3FE07F00
1FFFFF00
0FFFFE00
07FFFC00
01FFF000
007F8000
ENDCHAR
STARTCHAR 0208
ENCODING 520
SWIDTH 600 0
DWIDTH 30 0
BBX 24 42 2 0
BITMAP
FC3F00
FE3F80
3F0FC0
1F87C0
0F83E0
03C1F0
01E078
000000
000000
3FFFFF
3FFFFF
3FFFFF
3FFFFF
3FFFFF
3FFFFF
007F80
007F80
007F80
007F80
007F80
007F80
007F80
007F80
007F80
007F80
007F80
007F80
007F80
007F80
007F80
007F80
007F80
007F80
007F80
007F80
007F80
3FFFFF
3FFFFF
3FFFFF
3FFFFF
3FFFFF
3FFFFF
ENDCHAR
STARTCHAR 0209
ENCODING 521
SWIDTH 600 0
DWIDTH 30 0
BBX 26 36 2 0
BITMAP
FC3F0000
FE3F8000
3F0FC000
1F87C000
0F83E000
03C1F000
01E07800
00000000
00000000
00000000
1FFF8000
1FFF8000
1FFF8000
1FFF8000
1FFF8000
001F8000
001F8000
001F8000
001F8000
001F8000
001F8000
001F8000
001F8000
001F8000
001F8000
001F8000
001F8000
001F8000
001F8000
001F8000
001F8000
7FFFFFC0
7FFFFFC0
7FFFFFC0
7FFFFFC0
7FFFFFC0
ENDCHAR
STARTCHAR 020A
ENCODING 522
SWIDTH 600 0
DWIDTH 30 0
BBX 22 42 4 0
BITMAP
00FC00
03FF00
07FF80
0FFFC0
1F03E0
1E01E0
1E01E0
000000
000000
FFFFFC
FFFFFC
FFFFFC
FFFFFC
FFFFFC
FFFFFC
01FE00
01FE00
01FE00
01FE00
01FE00
01FE00
01FE00
01FE00
01FE00
01FE00
01FE00
01FE00
01FE00
01FE00
01FE00
01FE00
01FE00
01FE00
01FE00
01FE00
01FE00
FFFFFC
FFFFFC
FFFFFC
FFFFFC
FFFFFC
FFFFFC
ENDCHAR
STARTCHAR 020B
ENCODING 523
SWIDTH 600 0
DWIDTH 30 0
BBX 25 36 3 0
BITMAP
007F0000
01FFC000
03FFE000
07FFF000
07C1F000
0F80F000
0F007800
00000000
00000000
00000000
3FFF0000
3FFF0000
3FFF0000
3FFF0000
3FFF0000
003F0000
003F0000
003F0000
003F0000
003F0000
003F0000
003F0000
003F0000
003F0000
003F0000
003F0000
003F0000
003F0000
003F0000
003F0000
003F0000
FFFFFF80
FFFFFF80
FFFFFF80
FFFFFF80
FFFFFF80
ENDCHAR
STARTCHAR 020C
ENCODING 524
SWIDTH 600 0
DWIDTH 30 0
BBX 26 43 2 -1
BITMAP
FC3F0000
7E3F8000
3F0FC000
1F87E000
0FC3F000
03E0F000
01E07800
00000000
007F8000
01FFF000
07FFF800
0FFFFC00
1FFFFE00
3FFFFF00
3FC0FF00
7F807F80
7F807F80
7F003F80
FF003FC0
FF003FC0
FE001FC0
FE001FC0
FE001FC0
FE001FC0
FE001FC0
FE001FC0
FE001FC0
FE001FC0
FE001FC0
FE001FC0
FE001FC0
FF003FC0
FF003FC0
7F003F80
7F807F80
7F807F80
3FC0FF00
3FFFFF00
1FFFFE00
0FFFFC00
07FFF800
01FFE000
007F8000
ENDCHAR
STARTCHAR 020D
ENCODING 525
SWIDTH 600 0
DWIDTH 30 0
BBX 27 37 1 -1
BITMAP
FC3F0000
7E1F8000
3F0FC000
1F87E000
07C1F000
03E0F800
01E07800
00000000
00000000
003FC000
01FFF800
03FFFE00
07FFFF00
0FFFFF00
1FE07F80
1FC03F80
3FC01FC0
3F801FC0
3F801FC0
7F801FE0
7F801FE0
7F000FE0
7F000FE0
7F000FE0
7F000FE0
7F801FE0
7F801FE0
3F801FC0
3F801FC0
3F801FC0
1FC03F80
1FE07F80
0FFFFF00
07FFFE00
03FFFC00
01FFF800
003FC000
ENDCHAR
STARTCHAR 020E
ENCODING 526
SWIDTH 600 0
DWIDTH 30 0
BBX 26 43 2 -1
BITMAP
003F0000
00FFC000
01FFE000
03FFF000
07C0F800
07807800
07807800
00000000
007F8000
01FFF000
07FFF800
0FFFFC00
1FFFFE00
3FFFFF00
3FC0FF00
7F807F80
7F807F80
7F003F80
FF003FC0
FF003FC0
FE001FC0
FE001FC0
FE001FC0
FE001FC0
FE001FC0
FE001FC0
FE001FC0
FE001FC0
FE001FC0
FE001FC0
FE001FC0
FF003FC0
FF003FC0
7F003F80
7F807F80
7F807F80
3FC0FF00
3FFFFF00
1FFFFE00
0FFFFC00
07FFF800
01FFE000
007F8000
ENDCHAR
STARTCHAR 020F
ENCODING 527
SWIDTH 600 0
DWIDTH 30 0
BBX 26 37 2 -1
BITMAP
003F0000
00FFC000
01FFE000
03FFF000
07C0F800
07807800
07807800
00000000
00000000
007F8000
03FFF000
07FFFC00
0FFFFE00
1FFFFE00
3FC0FF00
3F807F00
7F803F80
7F003F80
7F003F80
FF003FC0
FF003FC0
FE001FC0
FE001FC0
FE001FC0
FE001FC0
FF003FC0
FF003FC0
7F003F80
7F003F80
7F003F80
3F807F00
3FC0FF00
1FFFFE00
0FFFFC00
07FFF800
03FFF000
007F8000
ENDCHAR
STARTCHAR 0210
ENCODING 528
SWIDTH 600 0
DWIDTH 30 0
BBX 28 42 2 0
BITMAP
FC3F0000
7E3F8000
3F0FC000
1F87E000
0FC3F000
03E0F000
01E07800
00000000
00000000
7FFFC000
7FFFF800
7FFFFE00
7FFFFF00
7FFFFF80
7FFFFF80
7F807FC0
7F803FC0
7F801FC0
7F801FC0
7F801FC0
7F801FC0
7F803FC0
7F803FC0
7F80FF80
7FFFFF80
7FFFFF00
7FFFFE00
7FFFF800
7FFFF000
7FFFF000
7F87F800
7F83FC00
7F83FC00
7F81FE00
7F80FE00
7F80FF00
7F807F80
7F807F80
7F803FC0
7F803FC0
7F801FE0
7F800FF0
ENDCHAR
STARTCHAR 0211
ENCODING 529
SWIDTH 600 0
DWIDTH 30 0
BBX 25 36 1 0
BITMAP
FC3F0000
7E1F8000
3F0FC000
1F87E000
07C1F000
03E0F800
01E07800
00000000
00000000
00007F80
0FE1FF80
0FE3FF80
0FE7FF80
07EFFF80
07FFFF80
07FF8000
07FE0000
07FC0000
07FC0000
07F80000
07F80000
07F00000
07F00000
07F00000
07F00000
07F00000
07F00000
07F00000
07F00000
07F00000
07F00000
07F00000
07F00000
07F00000
07F00000
07F00000
ENDCHAR
STARTCHAR 0212
ENCODING 530
SWIDTH 600 0
DWIDTH 30 0
BBX 27 42 3 0
BITMAP
007E0000
01FF8000
03FFC000
07FFE000
0F81F000
0F00F000
0F00F000
00000000
00000000
FFFF8000
FFFFF000
FFFFFC00
FFFFFE00
FFFFFF00
FFFFFF00
FF00FF80
FF007F80
FF003F80
FF003F80
FF003F80
FF003F80
FF007F80
FF007F80
FF01FF00
FFFFFF00
FFFFFE00
FFFFFC00
FFFFF000
FFFFE000
FFFFE000
FF0FF000
FF07F800
FF07F800
FF03FC00
FF01FC00
FF01FE00
FF00FF00
FF00FF00
FF007F80
FF007F80
FF003FC0
FF001FE0
ENDCHAR
STARTCHAR 0213
ENCODING 531
SWIDTH 600 0
DWIDTH 30 0
BBX 21 36 5 0
BITMAP
00FC00
03FF00
0FFF80
0FFFC0
1F03C0
1E01E0
1C01E0
000000
000000
0007F8
FE1FF8
FE3FF8
FE7FF8
7EFFF8
7FFFF8
7FF800
7FE000
7FC000
7FC000
7F8000
7F8000
7F0000
7F0000
7F0000
7F0000
7F0000
7F0000
7F0000
7F0000
7F0000
7F0000
7F0000
7F0000
7F0000
7F0000
7F0000
ENDCHAR
STARTCHAR 0214
ENCODING 532
SWIDTH 600 0
DWIDTH 30 0
BBX 25 43 2 -1
BITMAP
FE3F0000
7E1F8000
3F0FC000
0F87E000
07C1F000
03E0F800
01F07800
00000000
00000000
7F003F80
7F003F80
7F003F80
7F003F80
7F003F80
7F003F80
7F003F80
7F003F80
7F003F80
7F003F80
7F003F80
7F003F80
7F003F80
7F003F80
7F003F80
7F003F80
7F003F80
7F003F80
7F003F80
7F003F80
7F003F80
7F003F80
7F003F80
7F807F80
7F807F00
3F807F00
3F80FF00
3FC0FF00
1FFFFE00
1FFFFE00
0FFFFC00
07FFF800
03FFE000
00FF8000
ENDCHAR
STARTCHAR 0215
ENCODING 533
SWIDTH 600 0
DWIDTH 30 0
BBX 25 37 1 -1
BITMAP
FE3F8000
7F1F8000
3F0FC000
0F83E000
07C1F000
03E0F800
00F03C00
00000000
00000000
00000000
3F803F80
3F803F80
3F803F80
3F803F80
3F803F80
3F803F80
3F803F80
3F803F80
3F803F80
3F803F80
3F803F80
3F803F80
3F803F80
3F803F80
3F803F80
3F803F80
3F803F80
3F803F80
3FC03F80
3FC07F80
1FE0FF80
1FF1DF80
1FFFDF80
0FFF9F80
0FFF1F80
07FE1F80
01FC0000
ENDCHAR
STARTCHAR 0216
ENCODING 534
SWIDTH 600 0
DWIDTH 30 0
BBX 24 43 3 -1
BITMAP
007E00
01FF80
03FFC0
07FFE0
0F81F0
0F00F0
0F00F0
000000
000000
FE007F
FE007F
FE007F
FE007F
FE007F
FE007F
FE007F
FE007F
FE007F
FE007F
FE007F
FE007F
FE007F
FE007F
FE007F
FE007F
FE007F
FE007F
FE007F
FE007F
FE007F
FE007F
FE007F
FF00FF
FF00FE
7F00FE
7F01FE
7F81FE
3FFFFC
3FFFFC
1FFFF8
0FFFF0
07FFC0
01FF00
ENDCHAR
STARTCHAR 0217
ENCODING 535
SWIDTH 600 0
DWIDTH 30 0
BBX 23 37 3 -1
BITMAP
00FE00
03FF80
07FFC0
07FFE0
0F81E0
0F00F0
1E00F0
000000
000000
000000
FE00FE
FE00FE
FE00FE
FE00FE
FE00FE
FE00FE
FE00FE
FE00FE
FE00FE
FE00FE
FE00FE
FE00FE
FE00FE
FE00FE
FE00FE
FE00FE
FE00FE
FE00FE
FF00FE
FF01FE
7F83FE
7FC77E
7FFF7E
3FFE7E
3FFC7E
1FF87E
07F000
ENDCHAR
STARTCHAR 0218
ENCODING 536
SWIDTH 600 0
DWIDTH 30 0
BBX 27 45 1 -11
BITMAP
003FE000
01FFF800
07FFFE00
0FFFFF00
1FFFFF80
3FE0FF80
3FC03FC0
3F801FC0
3F801FC0
3F801F00
3F800000
3FC00000
3FE00000
3FFC0000
1FFF8000
0FFFF000
07FFFC00
03FFFF00
00FFFF80
001FFFC0
0001FFE0
00003FE0
00001FE0
00000FE0
00000FE0
1E000FE0
FE000FE0
FF000FE0
7F801FE0
7FF9FFC0
3FFFFFC0
1FFFFF80
0FFFFF00
03FFFC00
007FE000
00000000
001F8000
001F8000
001F8000
001F8000
001F8000
00038000
00038000
00070000
000E0000
ENDCHAR
STARTCHAR 0219
ENCODING 537
SWIDTH 600 0
DWIDTH 30 0
BBX 24 38 3 -11
BITMAP
00FF80
07FFE0
1FFFF8
3FFFFC
3FFFFC
7F00FE
7E007E
7E007C
7F0000
7F8000
7FF000
3FFF00
3FFFE0
1FFFF8
07FFFC
01FFFE
001FFE
0001FF
00007F
00003F
1C003F
FE007F
FF007E
7FFFFE
3FFFFC
1FFFF8
0FFFF0
01FF80
000000
007E00
007E00
007E00
007E00
007E00
000E00
000E00
001C00
003800
ENDCHAR
STARTCHAR 021A
ENCODING 538
SWIDTH 600 0
DWIDTH 30 0
BBX 28 44 1 -11
BITMAP
FFFFFFF0
FFFFFFF0
FFFFFFF0
FFFFFFF0
FFFFFFF0
FFFFFFF0
003FC000
003FC000
003FC000
003FC000
003FC000
003FC000
003FC000
003FC000
003FC000
003FC000
003FC000
003FC000
003FC000
003FC000
003FC000
003FC000
003FC000
003FC000
003FC000
003FC000
003FC000
003FC000
003FC000
003FC000
003FC000
003FC000
003FC000
00000000
00000000
001F8000
001F8000
001F8000
001F8000
001F8000
00038000
00070000
00070000
000E0000
ENDCHAR
STARTCHAR 021B
ENCODING 539
SWIDTH 600 0
DWIDTH 30 0
BBX 21 44 4 -11
BITMAP
03E000
03E000
03E000
07E000
07E000
07E000
0FE000
FFFFF0
FFFFF0
FFFFF0
FFFFF0
FFFFF0
0FE000
0FE000
0FE000
0FE000
0FE000
0FE000
0FE000
0FE000
0FE000
0FE000
0FE000
0FE000
0FE000
0FE000
0FE000
0FE000
0FF000
07FFF8
07FFF8
03FFF8
01FFF8
007FF0
000000
007E00
007E00
007E00
007E00
007C00
001C00
001C00
003800
007800
ENDCHAR
STARTCHAR 021C
ENCODING 540
SWIDTH 600 0
DWIDTH 30 0
BBX 26 44 2 -10
BITMAP
00FF8000
07FFF000
0FFFFC00
3FFFFE00
7FFFFF00
FFFFFF80
FF00FF80
3E007F80
18003FC0
00003FC0
00003FC0
00003FC0
00003FC0
00003F80
00007F80
0000FF00
0001FE00
0007FC00
003FFE00
00FFFF00
07FFFF00
3FFFFF80
7FFE3F80
7FF83F80
7FC03FC0
7E001FC0
60001FC0
00001FC0
00003FC0
00003F80
00003F80
00007F80
0000FF00
0001FF00
0007FE00
001FFC00
00FFF800
0FFFE000
7FFFC000
7FFF0000
7FFC0000
7FE00000
7F000000
70000000
ENDCHAR
STARTCHAR 021D
ENCODING 541
SWIDTH 600 0
DWIDTH 30 0
BBX 23 37 4 -10
BITMAP
01FF00
0FFFC0
1FFFF0
3FFFF8
7FFFFC
7F03FC
FE01FC
7C00FE
0400FE
0000FE
0000FE
0001FC
0001FC
0007F8
001FF8
01FFF0
3FFFF0
FFFFF8
FFFFFC
FFF1FC
FF01FC
E000FE
0000FE
0000FE
0000FE
0001FC
0001FC
0003FC
000FF8
003FF0
00FFF0
3FFFC0
FFFF80
FFFE00
FFF800
FF8000
F00000
ENDCHAR
STARTCHAR 021E
ENCODING 542
SWIDTH 600 0
DWIDTH 30 0
BBX 24 42 3 0
BITMAP
1F00F8
0F81F0
07E3E0
03FFC0
01FF80
00FF00
007E00
000000
000000
FF00FF
FF00FF
FF00FF
FF00FF
FF00FF
FF00FF
FF00FF
FF00FF
FF00FF
FF00FF
FF00FF
FF00FF
FF00FF
FFFFFF
FFFFFF
FFFFFF
FFFFFF
FFFFFF
FFFFFF
FF00FF
FF00FF
FF00FF
FF00FF
FF00FF
FF00FF
FF00FF
FF00FF
FF00FF
FF00FF
FF00FF
FF00FF
FF00FF
FF00FF
ENDCHAR
STARTCHAR 021F
ENCODING 543
SWIDTH 600 0
DWIDTH 30 0
BBX 24 42 3 0
BITMAP
0F007C
0FC0F8
07E3F0
03FFE0
01FFC0
00FF80
007F00
000000
000000
FE0000
FE0000
FE0000
FE0000
FE0000
FE0000
FE07E0
FE1FF8
FE7FFC
FE7FFE
FEFFFE
FFE1FE
FFC0FF
FF807F
FF007F
FF007F
FF007F
FE007F
FE007F
FE007F
FE007F
FE007F
FE007F
FE007F
FE007F
FE007F
FE007F
FE007F
FE007F
FE007F
FE007F
FE007F
FE007F
ENDCHAR
STARTCHAR 0220
ENCODING 544
SWIDTH 600 0
DWIDTH 30 0
BBX 24 44 3 -10
BITMAP
000FC0
FF3FF0
FF7FF8
FFFFFC
FFFFFC
FFFFFE
FFC1FE
FF81FE
FF00FE
FF00FF
FF00FF
FF00FF
FF00FF
FF00FF
FF00FF
FF00FF
FF00FF
FF00FF
FF00FF
FF00FF
FF00FF
FF00FF
FF00FF
FF00FF
FF00FF
FF00FF
FF00FF
FF00FF
FF00FF
FF00FF
FF00FF
FF00FF
FF00FF
FF00FF
0000FF
0000FF
0000FF
0000FF
0000FF
0000FF
0000FF
0000FF
0000FF
0000FF
ENDCHAR
STARTCHAR 0221
ENCODING 545
SWIDTH 600 0
DWIDTH 30 0
BBX 28 46 1 -10
BITMAP
000FC000
000FC000
000FC000
000FC000
000FC000
000FC000
000FC000
000FC000
000FC000
07CFC000
1FEFC000
1FEFC000
3FFFC000
7FFFC000
7E1FC000
7E1FC000
FC0FC000
FC0FC000
FC0FC000
FC0FC000
FC0FC000
FC0FC000
FC0FC000
FC0FC000
FC0FC000
FC0FC000
FC0FC000
FC0FC000
FC0FC000
FC0FC000
7E1FC000
7E1FC000
7FFFDF80
3FFFFFC0
3FE7FFE0
1FE7FFF0
0787FFF0
0007F1F0
0007E1F0
000FE1F0
001FF1F0
001FFFF0
003FFFF0
003FFFE0
001CFFC0
00081F00
ENDCHAR
STARTCHAR 0222
ENCODING 546
SWIDTH 600 0
DWIDTH 30 0
BBX 26 36 2 -1
BITMAP
0003E000
0003F800
01E3FE00
0FE3FF00
1FE3FF00
3FE07F80
7FE03F80
7F803F80
FF003FC0
FE001FC0
FE003FC0
FE003F80
7F003F80
7F007F80
3FC0FF00
1FFFFE00
0FFFFC00
03FFF000
1FFFFE00
3FFFFF00
7F807F80
FF003FC0
FE001FC0
FE001FC0
FE001FC0
FE001FC0
FE001FC0
FE001FC0
FE001FC0
FF003FC0
7F807F80
7FFFFF80
3FFFFF00
1FFFFE00
07FFF800
00FFC000
ENDCHAR
STARTCHAR 0223
ENCODING 547
SWIDTH 600 0
DWIDTH 30 0
BBX 28 36 1 -1
BITMAP
01801800
03C03C00
0FC03F00
1FE07F80
1FC03F80
3F801FC0
3F801FC0
7F000FE0
7F000FE0
7F000FE0
7F000FE0
3F801FC0
3F801FC0
3FC03FC0
1FE07F80
0FFFFF00
03FFFC00
03FFFC00
0FFFFF00
1FFFFF80
3FC03FC0
7F801FE0
7F000FE0
7F000FE0
FF000FF0
FF000FF0
FF000FF0
FF000FE0
7F000FE0
7F801FE0
3FC03FC0
3FFFFFC0
1FFFFF80
0FFFFF00
03FFFC00
007FE000
ENDCHAR
STARTCHAR 0224
ENCODING 548
SWIDTH 600 0
DWIDTH 30 0
BBX 27 40 2 -7
BITMAP
3FFFFF80
3FFFFF80
3FFFFF80
3FFFFF80
3FFFFF80
3FFFFF00
0000FF00
0001FE00
0003FC00
0003FC00
0007F800
000FF000
001FE000
001FE000
003FC000
007F8000
00FF0000
00FF0000
01FE0000
03FC0000
03F80000
07F80000
0FF00000
1FE00000
1FE00000
3FC00000
7F800000
FFFFF000
FFFFFF00
FFFFFF80
FFFFFFC0
FFFFFFC0
FFFFFFE0
00000FE0
000007E0
000007E0
000007E0
000007E0
000007C0
000001C0
ENDCHAR
STARTCHAR 0225
ENCODING 549
SWIDTH 600 0
DWIDTH 30 0
BBX 25 33 3 -7
BITMAP
7FFFFC00
7FFFFC00
7FFFFC00
7FFFFC00
7FFFFC00
0003FC00
0007F800
000FF000
001FE000
003FC000
007F8000
007F0000
00FF0000
01FE0000
03FC0000
07F80000
0FF00000
1FE00000
1FC00000
3FC00000
7F800000
FFFFF800
FFFFFE00
FFFFFF00
FFFFFF80
FFFFFF80
00003F80
00001F80
00000F80
00001F80
00001F80
00001F80
00000700
ENDCHAR
STARTCHAR 0226
ENCODING 550
SWIDTH 600 0
DWIDTH 30 0
BBX 30 40 0 0
BITMAP
000FC000
000FC000
000FC000
000FC000
000FC000
00000000
00000000
001FE000
003FF000
003FF000
003FF000
007FF800
007FF800
007EF800
00FCFC00
00FCFC00
00FCFC00
01F87E00
01F87E00
01F87E00
03F87F00
03F03F00
03F03F00
07F03F80
07E01F80
07E01F80
0FFFFFC0
0FFFFFC0
0FFFFFC0
1FFFFFE0
1FFFFFE0
1F8007E0
3F8007F0
3F8007F0
3F8007F0
7F0003F8
7F0003F8
7F0003F8
FF0003FC
FE0001FC
ENDCHAR
STARTCHAR 0227
ENCODING 551
SWIDTH 600 0
DWIDTH 30 0
BBX 26 37 3 -1
BITMAP
00FE0000
00FE0000
00FE0000
00FE0000
00FE0000
00000000
00000000
00000000
00000000
01FF0000
07FFC000
1FFFE000
1FFFF000
3FEFF800
7F83F800
7F01FC00
7F01FC00
0001FC00
0001FC00
0001FC00
03FFFC00
1FFFFC00
3FFFFC00
7FFFFC00
FF81FC00
FF01FC00
FE01FC00
FE01FC00
FE01FC00
FE03FC00
FE07FC00
FF0FFC00
FFFFFF40
7FFEFFC0
7FFC7FC0
3FF87FC0
0FE01F00
ENDCHAR
STARTCHAR 0228
ENCODING 552
SWIDTH 600 0
DWIDTH 30 0
BBX 25 44 3 -11
BITMAP
FFFFFF00
FFFFFF00
FFFFFF00
FFFFFF00
FFFFFF00
FFFFFF00
FF000000
FF000000
FF000000
FF000000
FF000000
FF000000
FF000000
FFFFFC00
FFFFFC00
FFFFFC00
FFFFFC00
FFFFFC00
FFFFFC00
FF000000
FF000000
FF000000
FF000000
FF000000
FF000000
FF000000
FF000000
FFFFFF80
FFFFFF80
FFFFFF80
FFFFFF80
FFFFFF80
FFFFFF80
000F0000
000F0000
000E0000
001FC000
001FE000
0001F000
0001F000
0001F000
003FE000
003FC000
003F0000
ENDCHAR
STARTCHAR 0229
ENCODING 553
SWIDTH 600 0
DWIDTH 30 0
BBX 26 38 2 -11
BITMAP
007F8000
01FFF000
07FFF800
0FFFFC00
1FF3FE00
3FC07E00
3F803F00
7F003F00
7F003F80
7F001F80
7F001F80
7FFFFF80
FFFFFF80
FFFFFFC0
FFFFFFC0
FF000000
7F000000
7F000000
7F000000
7F000000
7F801F00
3F803F80
3FE07F00
1FFFFF00
0FFFFE00
07FFFC00
01FFF000
007F8000
001C0000
003C0000
003F8000
007FC000
0007C000
0003C000
0007C000
00FFC000
00FF8000
00FE0000
ENDCHAR
STARTCHAR 022A
ENCODING 554
SWIDTH 600 0
DWIDTH 30 0
BBX 26 46 2 -1
BITMAP
03FFF000
03FFF000
03FFF000
00000000
00000000
01C1E000
01C1E000
01C1E000
01C1E000
00000000
00000000
007F8000
01FFF000
07FFF800
0FFFFC00
1FFFFE00
3FFFFF00
3FC0FF00
7F807F80
7F807F80
7F003F80
FF003FC0
FF003FC0
FE001FC0
FE001FC0
FE001FC0
FE001FC0
FE001FC0
FE001FC0
FE001FC0
FE001FC0
FE001FC0
FE001FC0
FE001FC0
FF003FC0
FF003FC0
7F003F80
7F807F80
7F807F80
3FC0FF00
3FFFFF00
1FFFFE00
0FFFFC00
07FFF800
01FFE000
007F8000
ENDCHAR
STARTCHAR 022B
ENCODING 555
SWIDTH 600 0
DWIDTH 30 0
BBX 26 43 2 -1
BITMAP
03FFF000
03FFF000
03FFF000
03FFF000
00000000
00000000
00000000
07E1F800
07E1F800
07E1F800
07E1F800
07E1F800
00000000
00000000
00000000
007F8000
03FFF000
07FFFC00
0FFFFE00
1FFFFE00
3FC0FF00
3F807F00
7F803F80
7F003F80
7F003F80
FF003FC0
FF003FC0
FE001FC0
FE001FC0
FE001FC0
FE001FC0
FF003FC0
FF003FC0
7F003F80
7F003F80
7F003F80
3F807F00
3FC0FF00
1FFFFE00
0FFFFC00
07FFF800
03FFF000
007F8000
ENDCHAR
STARTCHAR 022C
ENCODING 556
SWIDTH 600 0
DWIDTH 30 0
BBX 26 46 2 -1
BITMAP
03FFF000
03FFF000
03FFF000
00000000
01F03800
03FC3000
03FFF000
070FF000
0703E000
00000000
00000000
007F8000
01FFF000
07FFF800
0FFFFC00
1FFFFE00
3FFFFF00
3FC0FF00
7F807F80
7F807F80
7F003F80
FF003FC0
FF003FC0
FE001FC0
FE001FC0
FE001FC0
FE001FC0
FE001FC0
FE001FC0
FE001FC0
FE001FC0
FE001FC0
FE001FC0
FE001FC0
FF003FC0
FF003FC0
7F003F80
7F807F80
7F807F80
3FC0FF00
3FFFFF00
1FFFFE00
0FFFFC00
07FFF800
01FFE000
007F8000
ENDCHAR
STARTCHAR 022D
ENCODING 557
SWIDTH 600 0
DWIDTH 30 0
BBX 26 43 2 -1
BITMAP
03FFF000
03FFF000
03FFF000
03FFF000
00000000
00000000
00000000
01F03C00
03FC3800
07FFF800
07FFF800
070FF000
0F03E000
00000000
00000000
007F8000
03FFF000
07FFFC00
0FFFFE00
1FFFFE00
3FC0FF00
3F807F00
7F803F80
7F003F80
7F003F80
FF003FC0
FF003FC0
FE001FC0
FE001FC0
FE001FC0
FE001FC0
FF003FC0
FF003FC0
7F003F80
7F003F80
7F003F80
3F807F00
3FC0FF00
1FFFFE00
0FFFFC00
07FFF800
03FFF000
007F8000
ENDCHAR
STARTCHAR 022E
ENCODING 558
SWIDTH 600 0
DWIDTH 30 0
BBX 26 42 2 -1
BITMAP
003F0000
003F0000
003F0000
003F0000
003F0000
00000000
00000000
007F8000
01FFF000
07FFF800
0FFFFC00
1FFFFE00
3FFFFF00
3FC0FF00
7F807F80
7F807F80
7F003F80
FF003FC0
FF003FC0
FE001FC0
FE001FC0
FE001FC0
FE001FC0
FE001FC0
FE001FC0
FE001FC0
FE001FC0
FE001FC0
FE001FC0
FE001FC0
FF003FC0
FF003FC0
7F003F80
7F807F80
7F807F80
3FC0FF00
3FFFFF00
1FFFFE00
0FFFFC00
07FFF800
01FFE000
007F8000
ENDCHAR
STARTCHAR 022F
ENCODING 559
SWIDTH 600 0
DWIDTH 30 0
BBX 26 37 2 -1
BITMAP
003F0000
003F0000
003F0000
003F0000
003F0000
00000000
00000000
00000000
00000000
007F8000
03FFF000
07FFFC00
0FFFFE00
1FFFFE00
3FC0FF00
3F807F00
7F803F80
7F003F80
7F003F80
FF003FC0
FF003FC0
FE001FC0
FE001FC0
FE001FC0
FE001FC0
FF003FC0
FF003FC0
7F003F80
7F003F80
7F003F80
3F807F00
3FC0FF00
1FFFFE00
0FFFFC00
07FFF800
03FFF000
007F8000
ENDCHAR
STARTCHAR 0230
ENCODING 560
SWIDTH 600 0
DWIDTH 30 0
BBX 26 46 2 -1
BITMAP
03FFF000
03FFF000
03FFF000
00000000
00000000
001E0000
001E0000
001E0000
001E0000
00000000
00000000
007F8000
01FFF000
07FFF800
0FFFFC00
1FFFFE00
3FFFFF00
3FC0FF00
7F807F80
7F807F80
7F003F80
FF003FC0
FF003FC0
FE001FC0
FE001FC0
FE001FC0
FE001FC0
FE001FC0
FE001FC0
FE001FC0
FE001FC0
FE001FC0
FE001FC0
FE001FC0
FF003FC0
FF003FC0
7F003F80
7F807F80
7F807F80
3FC0FF00
3FFFFF00
1FFFFE00
0FFFFC00
07FFF800
01FFE000
007F8000
ENDCHAR
STARTCHAR 0231
ENCODING 561
SWIDTH 600 0
DWIDTH 30 0
BBX 26 43 2 -1
BITMAP
03FFF000
03FFF000
03FFF000
03FFF000
00000000
00000000
00000000
003F0000
003F0000
003F0000
003F0000
003F0000
00000000
00000000
00000000
007F8000
03FFF000
07FFFC00
0FFFFE00
1FFFFE00
3FC0FF00
3F807F00
7F803F80
7F003F80
7F003F80
FF003FC0
FF003FC0
FE001FC0
FE001FC0
FE001FC0
FE001FC0
FF003FC0
FF003FC0
7F003F80
7F003F80
7F003F80
3F807F00
3FC0FF00
1FFFFE00
0FFFFC00
07FFF800
03FFF000
007F8000
ENDCHAR
STARTCHAR 0232
ENCODING 562
SWIDTH 600 0
DWIDTH 30 0
BBX 30 40 0 0
BITMAP
00FFFC00
00FFFC00
00FFFC00
00FFFC00
00000000
00000000
00000000
FF0003FC
7F0003F8
3F8007F0
3FC00FF0
1FC00FE0
1FE01FE0
0FE01FC0
07F03F80
07F03F80
03F87F00
03F87F00
01FCFE00
00FDFC00
00FFFC00
007FF800
007FF800
003FF000
001FE000
001FE000
001FE000
001FE000
001FE000
001FE000
001FE000
001FE000
001FE000
001FE000
001FE000
001FE000
001FE000
001FE000
001FE000
001FE000
ENDCHAR
STARTCHAR 0233
ENCODING 563
SWIDTH 600 0
DWIDTH 30 0
BBX 28 44 1 -10
BITMAP
01FFFC00
01FFFC00
01FFFC00
01FFFC00
00000000
00000000
00000000
00000000
FF0007F0
7F000FE0
7F000FE0
3F800FE0
3F801FC0
3F801FC0
1FC01F80
1FC03F80
0FC03F80
0FE03F00
0FE07F00
07E07E00
07F0FE00
03F0FE00
03F8FC00
01F8FC00
01F9F800
01F9F800
00FDF800
00FDF000
007FF000
007FE000
003FE000
003FE000
003FC000
001FC000
001F8000
003F8000
003F8000
007F0000
00FF0000
3FFE0000
3FFE0000
3FFC0000
3FF80000
3FE00000
ENDCHAR
STARTCHAR 0234
ENCODING 564
SWIDTH 600 0
DWIDTH 30 0
BBX 26 46 2 -10
BITMAP
0FE00000
0FE00000
0FE00000
0FE00000
0FE00000
0FE00000
0FE00000
0FE00000
0FE00000
0FE00000
0FE00000
0FE00000
0FE00000
0FE00000
0FE00000
0FE00000
0FE00000
0FE00000
0FE00000
0FE00000
0FE00000
0FE00000
0FE00000
0FE00000
0FE00000
0FE00000
0FE00000
0FE00000
0FE00000
0FE00000
0FE00000
0FE00000
0FE3F800
0FEFFE00
0FFFFF00
0FFFFF80
0FFFFF80
0FFC1FC0
0FF00FC0
1FF00FC0
3FF81FC0
7FFFFF80
FFFFFF80
3CFFFF00
1C3FFE00
0807F000
ENDCHAR
STARTCHAR 0235
ENCODING 565
SWIDTH 600 0
DWIDTH 30 0
BBX 28 37 2 -10
BITMAP
007C0000
FCFE0000
FDFF0000
FFFF8000
FFFF8000
FF3F8000
FE1F8000
FE0FC000
FE0FC000
FC0FC000
FC0FC000
FC0FC000
FC0FC000
FC0FC000
FC0FC000
FC0FC000
FC0FC000
FC0FC000
FC0FC000
FC0FC000
FC0FC000
FC0FC000
FC0FC000
FC0FDF00
FC0FFFC0
FC0FFFE0
FC0FFFE0
000FFFE0
000FF3F0
000FE1F0
000FC1F0
001FE3F0
003FFFE0
003FFFE0
007FFFC0
001CFF80
00043F00
ENDCHAR
STARTCHAR 0236
ENCODING 566
SWIDTH 600 0
DWIDTH 30 0
BBX 25 33 4 0
BITMAP
03C00000
07C00000
07C00000
07C00000
0FC00000
0FC00000
0FC00000
FFFFF000
FFFFF000
FFFFF000
FFFFF000
FFFFF000
1FC00000
1FC00000
1FC00000
1FC00000
1FC00000
1FC00000
1FC7F000
1FDFFC00
1FFFFE00
1FFFFF00
0FFFFF00
0FF83F00
0FF01F80
1FE01F80
3FF01F80
7FF83F00
FFFFFF00
FFFFFF00
7CFFFE00
387FFC00
100FF000
ENDCHAR
STARTCHAR 0238
ENCODING 568
SWIDTH 600 0
DWIDTH 30 0
BBX 28 37 1 -1
BITMAP
000F0000
000F0000
000F0000
000F0000
000F0000
000F0000
000F0000
000F0000
000F0000
0F0F0F00
1FCF3F80
3FEF7FC0
7FEF7FE0
7FFFFFE0
7C3FC3E0
FC1F83F0
F81F81F0
F81F81F0
F81F81F0
F81F01F0
F80F01F0
F80F01F0
F80F01F0
F80F01F0
F80F01F0
F80F01F0
F81F01F0
F81F81F0
F81F81F0
F81F81F0
FC3F83F0
7C3FC3E0
7FEFFFE0
7FEF7FE0
3FEF7FC0
1FCF3F80
0F000F00
ENDCHAR
STARTCHAR 0239
ENCODING 569
SWIDTH 600 0
DWIDTH 30 0
BBX 28 37 1 -10
BITMAP
0F000F00
1FCF3F80
3FEF7FC0
7FEF7FE0
7FEFFFE0
7C3FC3E0
FC3F83F0
F81F81F0
F81F81F0
F81F81F0
F81F01F0
F80F01F0
F80F01F0
F80F01F0
F80F01F0
F80F01F0
F80F01F0
F81F01F0
F81F81F0
F81F81F0
F81F81F0
FC3F83F0
7C3FC3E0
7FFFFFE0
7FEF7FE0
3FEF7FC0
1FCF3F80
0F8F0F00
000F0000
000F0000
000F0000
000F0000
000F0000
000F0000
000F0000
000F0000
000F0000
ENDCHAR
STARTCHAR 023A
ENCODING 570
SWIDTH 600 0
DWIDTH 30 0
BBX 30 39 0 -3
BITMAP
000001E0
000001E0
000003C0
001FE3C0
003FF780
003FF780
003FFF00
007FFF00
007FFE00
007FFE00
00FCFC00
00FCFC00
00FCFC00
01F8FE00
01F8FE00
01F9FE00
03FBFF00
03F3FF00
03F7BF00
07F7BF80
07EF1F80
07EF1F80
0FFFFFC0
0FFFFFC0
0FFFFFC0
1FFFFFE0
1FFFFFE0
1FF007E0
3FF007F0
3FE007F0
3FE007F0
7FC003F8
7FC003F8
7F8003F8
FF8003FC
FF0001FC
0F000000
1E000000
1E000000
ENDCHAR
STARTCHAR 023B
ENCODING 571
SWIDTH 600 0
DWIDTH 30 0
BBX 27 40 2 -3
BITMAP
00000780
00000780
00000F00
003FCF00
01FFFE00
07FFFE00
0FFFFE00
1FFFFF00
1FFFFF00
3FE0FF80
3FC0FF80
7F80FFC0
7F01FF80
7F03D800
FF03C000
FF078000
FE078000
FE0F0000
FE0F0000
FE1E0000
FE1E0000
FE3C0000
FE3C0000
FE780000
FF780000
FFF00000
FFF00E00
7FE01FE0
7FE01FC0
7FC03FC0
3FC03F80
3FE07F80
1FFFFF00
0FFFFF00
0FFFFE00
1FFFFC00
1FFFF000
3C3FC000
78000000
78000000
ENDCHAR
STARTCHAR 023C
ENCODING 572
SWIDTH 600 0
DWIDTH 30 0
BBX 26 47 1 -11
BITMAP
000003C0
000003C0
00000780
00000780
00000F00
00000F00
00001E00
00001E00
00003C00
003FFC00
00FFF800
03FFFC00
07FFFE00
0FFFFF00
0FE1FF80
1FC1FF80
1FC3DFC0
3FC3DFC0
3F878000
3F878000
3F878000
3F8F0000
3F8F0000
3F9E0000
3F9E0000
3FBC0000
3FBC0000
3FF81FC0
3FF81FC0
1FF01FC0
1FF03F80
0FF07F80
0FFFFF00
07FFFE00
03FFFC00
07FFF800
07BFC000
0F800000
0F000000
0F000000
1E000000
1E000000
3C000000
3C000000
78000000
78000000
F0000000
ENDCHAR
STARTCHAR 023D
ENCODING 573
SWIDTH 600 0
DWIDTH 30 0
BBX 25 33 2 0
BITMAP
1FC00000
1FC00000
1FC00000
1FC00000
1FC00000
1FC00000
1FC00000
1FC00000
1FC00000
1FC00000
1FC00000
1FC00000
1FC00000
1FC00000
FFFFE000
FFFFE000
FFFFE000
FFFFE000
FFFFE000
1FC00000
1FC00000
1FC00000
1FC00000
1FC00000
1FC00000
1FC00000
1FC00000
1FFFFF80
1FFFFF80
1FFFFF80
1FFFFF80
1FFFFF80
1FFFFF80
ENDCHAR
STARTCHAR 023E
ENCODING 574
SWIDTH 600 0
DWIDTH 30 0
BBX 29 39 1 -3
BITMAP
000000F8
000000F0
000001E0
FFFFFFF0
FFFFFFF0
FFFFFFF0
FFFFFFF0
FFFFFFF0
FFFFFFF0
003FFC00
003FFC00
003FF800
003FF000
003FF000
003FE000
003FC000
003FC000
003FC000
003FC000
003FC000
003FC000
003FC000
003FC000
007FC000
007FC000
00FFC000
01FFC000
01FFC000
03FFC000
07BFC000
07BFC000
0F3FC000
1E3FC000
1E3FC000
3C3FC000
783FC000
78000000
F0000000
F0000000
ENDCHAR
STARTCHAR 023F
ENCODING 575
SWIDTH 600 0
DWIDTH 30 0
BBX 24 37 3 -10
BITMAP
00FF80
07FFE0
0FFFF8
1FFFFC
3FFFFC
7F00FE
7E007E
7E007C
7F0000
7F8000
7FF000
3FFF00
3FFFE0
1FFFF8
07FFFC
01FFFE
001FFE
0001FF
00007F
00003F
08003F
3C007F
7E007E
FFFFFE
7FFFFC
3FFFF8
1FFFF0
0FFF80
07F000
03F800
01FC00
01FF00
00FFF0
007FF0
003FF0
000FF0
0003F0
ENDCHAR
STARTCHAR 0240
ENCODING 576
SWIDTH 600 0
DWIDTH 30 0
BBX 24 36 3 -10
BITMAP
7FFFFC
7FFFFC
7FFFFC
7FFFFC
7FFFFC
0003FC
0007F8
000FF0
001FE0
003FC0
003F80
007F00
00FF00
01FE00
03FC00
07F800
0FF000
0FE000
1FC000
3FC000
7F8000
FFC000
FFE000
FFF800
FFFC00
FFFC00
03FE00
00FF00
007F80
003FC0
001FFF
000FFF
0007FF
0003FF
0001FF
00007F
ENDCHAR
STARTCHAR 0241
ENCODING 577
SWIDTH 600 0
DWIDTH 30 0
BBX 28 35 1 0
BITMAP
007FC000
03FFF800
0FFFFE00
1FFFFF00
3FFFFF80
7FFFFFC0
7F803FE0
FF001FE0
FE000FF0
FC000FF0
0C0007F0
000007F0
000007F0
000007F0
000007F0
000007F0
000007F0
00000FF0
00000FE0
00001FE0
00003FE0
0000FFC0
003FFF80
003FFF00
003FFE00
003FFC00
003FF000
003F8000
003F8000
003F8000
003F8000
003F8000
003F8000
003F8000
003F8000
ENDCHAR
STARTCHAR 0242
ENCODING 578
SWIDTH 600 0
DWIDTH 30 0
BBX 21 27 4 0
BITMAP
01FE00
07FF80
1FFFC0
3FFFE0
7FFFF0
7F07F0
FE03F8
FE03F8
FE03F8
0003F8
0003F8
0003F8
0003F8
0003F8
0007F8
000FF0
01FFE0
01FFC0
01FF80
01FE00
01FC00
01FC00
01FC00
01FC00
01FC00
01FC00
01FC00
ENDCHAR
STARTCHAR 0243
ENCODING 579
SWIDTH 600 0
DWIDTH 30 0
BBX 29 33 0 0
BITMAP
1FFFF800
1FFFFE00
1FFFFF80
1FFFFFC0
1FFFFFC0
1FE07FE0
1FE01FE0
1FE01FE0
1FE00FE0
1FE00FE0
1FE00FE0
1FE01FC0
1FE03FC0
1FFFFF80
1FFFFE00
1FFFF000
1FFFFF00
1FFFFFC0
1FE03FE0
1FE00FF0
FFFE07F0
FFFE03F8
FFFE03F8
FFFE03F8
FFFE03F8
1FE007F8
1FE00FF8
1FE03FF0
1FFFFFF0
1FFFFFE0
1FFFFFC0
1FFFFF00
1FFFFC00
ENDCHAR
STARTCHAR 0244
ENCODING 580
SWIDTH 600 0
DWIDTH 30 0
BBX 30 34 0 -1
BITMAP
1FC00FE0
1FC00FE0
1FC00FE0
1FC00FE0
1FC00FE0
1FC00FE0
1FC00FE0
1FC00FE0
1FC00FE0
1FC00FE0
1FC00FE0
1FC00FE0
1FC00FE0
FFFFFFFC
FFFFFFFC
FFFFFFFC
FFFFFFFC
FFFFFFFC
1FC00FE0
1FC00FE0
1FC00FE0
1FC00FE0
1FC00FE0
1FE01FE0
1FE01FC0
0FE01FC0
0FE03FC0
0FF03FC0
07FFFF80
07FFFF80
03FFFF00
01FFFE00
00FFF800
003FE000
ENDCHAR
STARTCHAR 0245
ENCODING 581
SWIDTH 600 0
DWIDTH 30 0
BBX 28 33 1 0
BITMAP
003FC000
003FC000
007FE000
007FE000
007FE000
00FFF000
00FFF000
00FFF000
01FFF800
01FFF800
01F9F800
01F9F800
03F9FC00
03F8FC00
03F0FC00
07F0FE00
07F0FE00
07E07E00
0FE07F00
0FE07F00
0FE03F00
1FC03F80
1FC03F80
1FC03F80
3F801FC0
3F801FC0
3F801FC0
7F800FE0
7F000FE0
7F000FE0
FF000FF0
FE0007F0
FE0007F0
ENDCHAR
STARTCHAR 0246
ENCODING 582
SWIDTH 600 0
DWIDTH 30 0
BBX 25 39 3 -3
BITMAP
00000780
00000F00
00000F00
FFFFFF00
FFFFFF00
FFFFFF00
FFFFFF00
FFFFFF00
FFFFFF00
FF00F000
FF00F000
FF01E000
FF01E000
FF03C000
FF078000
FF078000
FFFFFC00
FFFFFC00
FFFFFC00
FFFFFC00
FFFFFC00
FFFFFC00
FF3C0000
FF780000
FF780000
FFF00000
FFF00000
FFE00000
FFE00000
FFC00000
FFFFFF80
FFFFFF80
FFFFFF80
FFFFFF80
FFFFFF80
FFFFFF80
1E000000
1E000000
3C000000
ENDCHAR
STARTCHAR 0247
ENCODING 583
SWIDTH 600 0
DWIDTH 30 0
BBX 28 46 0 -10
BITMAP
000001E0
000003C0
000003C0
00000780
00000780
00000F00
00000F00
00001E00
00001E00
001FFC00
007FFC00
01FFFE00
03FFFF00
07FCFF80
0FF0FF80
0FE1FFC0
1FC1EFC0
1FC3CFE0
1FC3C7E0
1FC787E0
1FFFFFE0
3FFFFFE0
3FFFFFF0
3FFFFFF0
1FDE0000
1FFE0000
1FFC0000
1FFC0000
1FF80000
0FF807C0
0FF00FE0
07F81FC0
03FFFFC0
03FFFF80
03FFFF00
07FFFC00
079FE000
0F800000
0F000000
1F000000
1E000000
3E000000
3C000000
7C000000
78000000
F0000000
ENDCHAR
STARTCHAR 0248
ENCODING 584
SWIDTH 600 0
DWIDTH 30 0
BBX 24 34 3 -1
BITMAP
01FFFC
01FFFC
01FFFC
01FFFC
01FFFC
01FFFC
0001FC
0001FC
0001FC
0001FC
0001FC
0001FC
007FFF
007FFF
007FFF
007FFF
007FFF
0001FC
0001FC
0001FC
0001FC
0001FC
1E01FC
FE01FC
FE01FC
FF03FC
FF03F8
7F87F8
7FFFF8
3FFFF0
3FFFE0
1FFFC0
07FF80
01FE00
ENDCHAR
STARTCHAR 0249
ENCODING 585
SWIDTH 600 0
DWIDTH 30 0
BBX 21 46 3 -10
BITMAP
001FC0
001FC0
001FC0
001FC0
001FC0
000000
000000
000000
000000
000000
1FFFC0
1FFFC0
1FFFC0
1FFFC0
1FFFC0
001FC0
001FC0
001FC0
001FC0
001FC0
00FFF8
00FFF8
00FFF8
00FFF8
00FFF8
001FC0
001FC0
001FC0
001FC0
001FC0
001FC0
001FC0
001FC0
001FC0
001FC0
001FC0
001FC0
001FC0
001FC0
003FC0
F1FF80
FFFF80
FFFF00
FFFE00
FFF800
3FE000
ENDCHAR
STARTCHAR 024A
ENCODING 586
SWIDTH 600 0
DWIDTH 30 0
BBX 30 44 2 -10
BITMAP
007F0000
01FFE180
07FFF780
0FFFFF80
1FFFFF80
1FFFFF80
3FC0FF80
3F807F80
7F807F80
7F007F80
7F007F80
FF007F80
FE007F80
FE007F80
FE007F80
FE007F80
FE007F80
FE007F80
FE007F80
FE007F80
FE007F80
FE007F80
FE007F80
FF007F80
FF007F80
7F007F80
7F007F80
7F807F80
3FC0FF80
3FF3FF80
1FFFFF80
0FFFFF80
07FFFF80
03FFFF80
007F3F80
00003F80
00003F80
00003F80
00003FFC
00003FFC
00001FFC
00001FFC
00000FFC
000003FC
ENDCHAR
STARTCHAR 024B
ENCODING 587
SWIDTH 600 0
DWIDTH 30 0
BBX 30 37 2 -10
BITMAP
01F80000
07FE3F80
0FFF3F80
1FFF3F00
3FFFBF00
3FC1FF00
3F80FF00
7F80FF00
7F007F00
7F007F00
7F007F00
FF007F00
FF003F00
FF003F00
FF003F00
FF007F00
FF007F00
7F007F00
7F007F00
7F007F00
7F80FF00
7F80FF00
3FC1FF00
3FFFBF00
1FFFBF00
0FFF3F00
07FE3F00
01F83F00
00003F00
00003F80
00003F80
00003FFC
00003FFC
00003FFC
00001FFC
00000FFC
000007FC
ENDCHAR
STARTCHAR 024C
ENCODING 588
SWIDTH 600 0
DWIDTH 30 0
BBX 30 33 0 0
BITMAP
1FFFF000
1FFFFE00
1FFFFF80
1FFFFFC0
1FFFFFE0
1FFFFFE0
1FE01FF0
1FE00FF0
1FE007F0
1FE007F0
1FE007F0
1FE007F0
1FE00FF0
1FE00FF0
1FE03FE0
FFFFFFE0
FFFFFFC0
FFFFFF80
FFFFFE00
FFFFFC00
FFFFFC00
1FE1FE00
1FE0FF00
1FE0FF00
1FE07F80
1FE03F80
1FE03FC0
1FE01FE0
1FE01FE0
1FE00FF0
1FE00FF0
1FE007F8
1FE003FC
ENDCHAR
STARTCHAR 024D
ENCODING 589
SWIDTH 600 0
DWIDTH 30 0
BBX 23 27 3 0
BITMAP
0001FE
3F87FE
3F8FFE
3F9FFE
1F9FFE
1FBFFE
1FFE00
1FF800
1FF000
1FF000
1FE000
1FE000
1FC000
FFFC00
FFFC00
FFFC00
FFFC00
FFFC00
1FC000
1FC000
1FC000
1FC000
1FC000
1FC000
1FC000
1FC000
1FC000
ENDCHAR
STARTCHAR 024E
ENCODING 590
SWIDTH 600 0
DWIDTH 30 0
BBX 30 33 0 0
BITMAP
FF0003FC
7F8007F8
3F8007F0
FFFFFFFC
FFFFFFFC
FFFFFFFC
FFFFFFFC
FFFFFFFC
07F03F80
03F87F00
03F8FF00
01FCFE00
00FDFC00
00FFFC00
007FF800
007FF800
003FF000
001FE000
001FE000
001FE000
001FE000
001FE000
001FE000
001FE000
001FE000
001FE000
001FE000
001FE000
001FE000
001FE000
001FE000
001FE000
001FE000
ENDCHAR
STARTCHAR 024F
ENCODING 591
SWIDTH 600 0
DWIDTH 30 0
BBX 28 36 1 -10
BITMAP
FE0007F0
7F000FE0
7F000FE0
7F800FE0
3F801FC0
3F801FC0
1FC01F80
FFFFFFF0
FFFFFFF0
FFFFFFF0
FFFFFFF0
FFFFFFF0
07F0FE00
03F0FE00
03F0FC00
01F8FC00
01F9F800
01F9F800
00FDF800
00FDF000
007FF000
007FE000
007FE000
003FE000
003FC000
001FC000
001F8000
003F8000
003F8000
007F0000
00FF0000
3FFE0000
3FFC0000
3FF80000
3FF00000
3FC00000
ENDCHAR
STARTCHAR 0250
ENCODING 592
SWIDTH 600 0
DWIDTH 30 0
BBX 26 28 1 -1
BITMAP
7E01FC00
FF87FF00
FF8FFF80
FFDFFF80
1FFFFFC0
0FFC3FC0
0FF81FC0
0FF01FC0
0FE01FC0
0FE01FC0
0FE01FC0
0FE03FC0
0FE07F80
0FFFFF80
0FFFFF00
0FFFFC00
0FFFE000
0FE00000
0FE00000
0FE00000
0FE03F80
0FE03F80
07F07F00
07FDFF00
03FFFE00
01FFFC00
00FFF800
003FC000
ENDCHAR
STARTCHAR 0251
ENCODING 593
SWIDTH 600 0
DWIDTH 30 0
BBX 25 28 2 -1
BITMAP
01F80000
07FE3F80
0FFF3F00
1FFFBF00
3FFFBF00
3FC1FF00
7F80FF00
7F807F00
7F007F00
7F007F00
7F007F00
FF007F00
FF003F00
FF003F00
FF003F00
FF003F00
FF007F00
7F007F00
7F007F00
7F007F00
7F80FF00
7F80FF00
3FC1FF00
3FFFBF00
1FFFBF00
0FFF3F80
07FE3F80
03F80000
ENDCHAR
STARTCHAR 0252
ENCODING 594
SWIDTH 600 0
DWIDTH 30 0
BBX 25 28 3 -1
BITMAP
000FC000
FE3FF000
7E7FF800
7EFFFC00
7EFFFE00
7FC1FE00
7F80FF00
7F00FF00
7F007F00
7F007F00
7F007F00
7E007F80
7E007F80
7E007F80
7E007F80
7E007F80
7E007F80
7F007F00
7F007F00
7F007F00
7F80FF00
7F80FF00
7FC1FE00
7EFFFE00
7EFFFC00
FE7FF800
FE3FF000
000FE000
ENDCHAR
STARTCHAR 0253
ENCODING 595
SWIDTH 600 0
DWIDTH 30 0
BBX 25 37 3 -1
BITMAP
07F80000
1FF80000
3FF80000
7FF80000
7FF80000
7F800000
7F000000
7F000000
7E000000
7E0FC000
7E3FF000
7E7FF800
7EFFFC00
7EFFFE00
7FC1FE00
7F80FF00
7F80FF00
7F007F00
7F007F00
7F007F00
7E007F80
7E007F80
7E007F80
7E007F80
7E007F80
7F007F80
7F007F00
7F007F00
7F007F00
7F80FF00
7F80FE00
7FC1FE00
7EFFFC00
7EFFFC00
FE7FF800
FE3FF000
000FC000
ENDCHAR
STARTCHAR 0254
ENCODING 596
SWIDTH 600 0
DWIDTH 30 0
BBX 24 28 3 -1
BITMAP
00FF00
07FFC0
0FFFF0
1FFFF8
3FFFFC
7F83FC
7F01FE
FE00FE
FE00FF
00007F
00007F
00007F
00007F
00007F
00007F
00007F
00007F
00007F
FE007F
FE00FF
FE00FE
7F01FE
7F83FC
3FFFFC
1FFFF8
0FFFF0
07FFC0
00FF00
ENDCHAR
STARTCHAR 0255
ENCODING 597
SWIDTH 600 0
DWIDTH 30 0
BBX 26 29 1 -2
BITMAP
003FC000
00FFF800
03FFFC00
07FFFE00
0FFFFF00
0FF07F80
1FE03F80
1FC01FC0
3FC01FC0
3F800000
3F800000
3F800000
3F800000
3F83F800
3F9FFE00
3FFFFF80
3FFFFF80
3FFFFFC0
3FFC1FC0
1FF00FC0
1FE00FC0
1FE00FC0
3FF01FC0
7FFFFF80
FFFFFF00
FFFFFE00
7CFFFC00
381FE000
10000000
ENDCHAR
STARTCHAR 0256
ENCODING 598
SWIDTH 600 0
DWIDTH 30 0
BBX 30 46 2 -10
BITMAP
00003F00
00003F00
00003F00
00003F00
00003F00
00003F00
00003F00
00003F00
00003F00
01F83F00
07FE3F00
0FFF3F00
1FFFBF00
3FFFBF00
3FC1FF00
7F80FF00
7F80FF00
7F007F00
7F007F00
7F007F00
FF007F00
FF003F00
FF003F00
FF003F00
FF003F00
FF007F00
7F007F00
7F007F00
7F007F00
7F80FF00
7F80FF00
3FC1FF00
3FFFBF00
1FFFBF00
0FFF3F00
07FE3F00
01F83F00
00003F00
00003F00
00003F80
00003FC4
00003FFC
00003FFC
00001FFC
00000FFC
000003FC
ENDCHAR
STARTCHAR 0257
ENCODING 599
SWIDTH 600 0
DWIDTH 30 0
BBX 29 37 2 -1
BITMAP
000003F8
00000FF8
00001FF8
00003FF8
00003FF8
00003FC8
00003F80
00003F00
00003F00
01F83F00
07FE3F00
0FFF3F00
1FFFBF00
3FFFBF00
3FC1FF00
7F80FF00
7F80FF00
7F007F00
7F007F00
7F007F00
FF007F00
FF003F00
FF003F00
FF003F00
FF003F00
FF007F00
7F007F00
7F007F00
7F007F00
7F80FF00
7F80FF00
3FC1FF00
3FFFBF00
1FFFBF00
0FFF3F80
07FE3F80
01F80000
ENDCHAR
STARTCHAR 0258
ENCODING 600
SWIDTH 600 0
DWIDTH 30 0
BBX 26 28 2 -1
BITMAP
007F8000
03FFE000
07FFF800
0FFFFC00
1FF3FE00
1F80FF00
3F807F00
3F003F80
7F003F80
7E003F80
7E003F80
7FFFFF80
7FFFFF80
FFFFFFC0
FFFFFFC0
00003FC0
00003F80
00003F80
00003F80
00003F80
1E007F00
7F007F00
3F81FF00
3FFFFE00
1FFFFC00
0FFFF800
03FFE000
007F8000
ENDCHAR
STARTCHAR 0259
ENCODING 601
SWIDTH 600 0
DWIDTH 30 0
BBX 26 28 2 -1
BITMAP
007F8000
03FFE000
0FFFF800
1FFFFC00
3FFFFE00
3F81FF00
7F00FF00
3E007F00
00003F80
00003F80
00003F80
00003F80
00003FC0
FFFFFFC0
FFFFFFC0
7FFFFFC0
7FFFFF80
7E003F80
7E003F80
7E003F80
3F003F80
3F007F00
3F80FF00
1FF3FE00
0FFFFC00
07FFF800
03FFE000
007F8000
ENDCHAR
STARTCHAR 025A
ENCODING 602
SWIDTH 600 0
DWIDTH 30 0
BBX 29 28 1 -1
BITMAP
03F00000
0FFC0000
1FFE0000
3FFF0000
3F7F0000
7E1F8000
7E1F8000
7C0FC000
000FCC00
000FFE00
000FFE00
01FFFE00
3FFFFE00
FFFFFF10
FFFFDFF0
FFFFDFF8
FE0FCFF8
FC0FCFF8
7C0FC1C0
7C0FC000
7C0FC000
7E0F8000
3E1F8000
3FFF8000
1FFF0000
1FFE0000
0FFC0000
03F00000
ENDCHAR
STARTCHAR 025B
ENCODING 603
SWIDTH 600 0
DWIDTH 30 0
BBX 24 28 3 -1
BITMAP
00FFC0
07FFF0
1FFFFC
3FFFFE
3FF3FF
7F807E
7F001C
7F0000
7F0000
3F8000
3FE000
1FFF80
07FF80
01FF80
0FFF80
3FFE00
7FC000
7F0000
FE0000
FE0008
FE001C
FF003E
7F80FF
7FFFFF
3FFFFE
1FFFF8
0FFFE0
01FF00
ENDCHAR
STARTCHAR 025C
ENCODING 604
SWIDTH 600 0
DWIDTH 30 0
BBX 24 28 3 -1
BITMAP
03FF00
0FFFE0
3FFFF8
7FFFFC
FFCFFC
7E01FE
3800FE
0000FE
0000FE
0001FC
0007FC
01FFF8
01FFE0
01FF80
01FFF0
007FFC
0003FE
0000FE
00007F
10007F
38007F
7C00FF
FF01FE
FFFFFE
7FFFFC
1FFFF8
0FFFF0
00FF80
ENDCHAR
STARTCHAR 025D
ENCODING 605
SWIDTH 600 0
DWIDTH 30 0
BBX 29 28 1 -1
BITMAP
03F80000
0FFE0000
1FFF8000
3FFF9800
3FBFF800
7E0FFC00
7C0FFC00
7C0FFC00
000FFC00
000FFE30
003FBFF0
01FF3FF0
01FE1FF8
01FE0FF8
01FF8380
007FC000
001FC000
000FE000
000FE000
1C0FE000
FC0FE000
FC0FE000
7E0FC000
7FFFC000
3FFFC000
1FFF8000
0FFE0000
03F80000
ENDCHAR
STARTCHAR 025E
ENCODING 606
SWIDTH 600 0
DWIDTH 30 0
BBX 25 28 2 -1
BITMAP
007FC000
01FFF000
07FFFC00
0FFFFE00
1FF1FE00
3FC07F00
3F807F00
7F807F00
7F007F00
7F007E00
7F00FE00
FE0FFC00
FE0FF000
FE0FF800
FE0FFE00
FE07FF00
FE007F00
7F007F80
7F003F80
7F003F80
7F803F80
3F807F80
3FC0FF00
1FFFFF00
0FFFFE00
07FFFC00
01FFF800
007FC000
ENDCHAR
STARTCHAR 025F
ENCODING 607
SWIDTH 600 0
DWIDTH 30 0
BBX 24 36 3 -10
BITMAP
001FC0
001FC0
001FC0
001FC0
001FC0
001FC0
001FC0
001FC0
001FC0
001FC0
001FC0
001FC0
001FC0
001FC0
001FC0
001FC0
001FC0
001FC0
001FC0
001FC0
001FC0
FFFFFF
FFFFFF
FFFFFF
FFFFFF
FFFFFF
001FC0
001FC0
001FC0
001FC0
003FC0
FFFF80
FFFF80
FFFF00
FFFC00
7FF000
ENDCHAR
STARTCHAR 0260
ENCODING 608
SWIDTH 600 0
DWIDTH 30 0
BBX 29 46 3 -10
BITMAP
000007F8
00001FF8
00003FF8
00003FF8
00003FF8
00007F88
00007F00
00007F00
00007F00
01F87F00
07FE7F00
1FFF7F00
1FFFFF00
3FFFFF00
7FC1FF00
7F80FF00
7F00FF00
FF007F00
FF007F00
FE007F00
FE007F00
FE007F00
FE007F00
FE007F00
FE007F00
FE007F00
FF007F00
FF007F00
7F00FF00
7F80FF00
7FC1FF00
3FFFFF00
3FFF7F00
1FFF7F00
0FFC7F00
03F87F00
00007F00
00007F00
00007F00
1F00FE00
7F81FE00
3FFFFC00
3FFFFC00
1FFFF800
07FFE000
00FF0000
ENDCHAR
STARTCHAR 0261
ENCODING 609
SWIDTH 600 0
DWIDTH 30 0
BBX 24 37 3 -10
BITMAP
01F800
07FE3F
1FFF7F
1FFFFF
3FFFFF
7FC1FF
7F80FF
7F00FF
FF007F
FF007F
FE007F
FE007F
FE007F
FE007F
FE007F
FE007F
FE007F
FF007F
FF007F
7F00FF
7F80FF
7FC1FF
3FFFFF
3FFF7F
1FFF7F
0FFE7F
03F07F
00007F
00007F
00007F
1F00FE
7F81FE
3FFFFC
3FFFFC
1FFFF8
07FFE0
00FF00
ENDCHAR
STARTCHAR 0262
ENCODING 610
SWIDTH 600 0
DWIDTH 30 0
BBX 25 28 2 -1
BITMAP
007F8000
03FFF000
07FFF800
0FFFFC00
1FFFFE00
3FE1FF00
3FC07F00
7F807F00
7F003C00
7F000000
7F000000
FF000000
FE000000
FE03FF80
FE03FF80
FE03FF80
FF03FF80
FF03FF80
7F003F80
7F003F80
7F803F80
3FC03F80
3FE07F80
1FFFFF80
0FFFFF80
07FFFE00
03FFF800
007FC000
ENDCHAR
STARTCHAR 0263
ENCODING 611
SWIDTH 600 0
DWIDTH 30 0
BBX 26 36 2 -10
BITMAP
FE001FC0
FE001FC0
FF003F80
7F003F80
7F807F80
3F807F00
3F807F00
1FC0FE00
1FC0FE00
0FE1FC00
0FE1FC00
07F3F800
07F3F800
03F7F000
03FFF000
01FFE000
01FFE000
00FFC000
00FFC000
007F8000
00FFC000
00FFE000
01FFE000
01FFF000
03F3F000
03F3F800
07E1F800
07E1F800
07E1F800
07E1F800
07E1F800
07FFF800
03FFF000
01FFF000
00FFE000
003F8000
ENDCHAR
STARTCHAR 0264
ENCODING 612
SWIDTH 600 0
DWIDTH 30 0
BBX 30 28 0 -1
BITMAP
0FC00FC0
3FE01FF0
FFF03FFC
FFF87FFC
7FFC7FF8
7FFCFFF8
20FEFC18
007FF800
007FF800
003FF000
003FF000
001FE000
001FE000
001FF000
003FF000
007FF800
007FF800
00FCFC00
00FCFC00
00F87C00
00F87E00
00F87E00
00F87E00
00FFFC00
00FFFC00
007FFC00
007FF800
001FE000
ENDCHAR
STARTCHAR 0265
ENCODING 613
SWIDTH 600 0
DWIDTH 30 0
BBX 24 36 3 -10
BITMAP
FE007F
FE007F
FE007F
FE007F
FE007F
FE007F
FE007F
FE007F
FE007F
FE007F
FE007F
FE007F
FE007F
FE007F
FE007F
FE007F
FE00FF
FE00FF
FE00FF
FE01FF
FF03FF
7F87FF
7FFF7F
7FFE7F
3FFE7F
1FF87F
07E07F
00007F
00007F
00007F
00007F
00007F
00007F
00007F
00007F
00007F
ENDCHAR
STARTCHAR 0266
ENCODING 614
SWIDTH 600 0
DWIDTH 30 0
BBX 24 36 3 0
BITMAP
07F800
1FF800
3FF800
7FF800
7FF800
7F8000
FF0000
FE0000
FE0000
FE07E0
FE1FF8
FE7FFC
FE7FFE
FEFFFE
FFE1FE
FFC0FF
FF807F
FF007F
FF007F
FF007F
FE007F
FE007F
FE007F
FE007F
FE007F
FE007F
FE007F
FE007F
FE007F
FE007F
FE007F
FE007F
FE007F
FE007F
FE007F
FE007F
ENDCHAR
STARTCHAR 0267
ENCODING 615
SWIDTH 600 0
DWIDTH 30 0
BBX 24 46 3 -10
BITMAP
07F800
1FF800
3FF800
7FF800
7FF800
7F8000
FF0000
FE0000
FE0000
FE07E0
FE1FF8
FE7FFC
FE7FFE
FEFFFE
FFE1FE
FFC0FF
FF807F
FF007F
FF007F
FF007F
FE007F
FE007F
FE007F
FE007F
FE007F
FE007F
FE007F
FE007F
FE007F
FE007F
FE007F
FE007F
FE007F
FE007F
FE007F
FE007F
00007F
00007F
00007F
00007F
0011FF
001FFE
001FFE
001FFC
001FF8
001FE0
ENDCHAR
STARTCHAR 0268
ENCODING 616
SWIDTH 600 0
DWIDTH 30 0
BBX 25 36 3 0
BITMAP
003F0000
003F0000
003F0000
003F0000
003F0000
00000000
00000000
00000000
00000000
00000000
3FFF0000
3FFF0000
3FFF0000
3FFF0000
3FFF0000
003F0000
003F0000
003F0000
003F0000
003F0000
0FFFFC00
0FFFFC00
0FFFFC00
0FFFFC00
0FFFFC00
003F0000
003F0000
003F0000
003F0000
003F0000
003F0000
FFFFFF80
FFFFFF80
FFFFFF80
FFFFFF80
FFFFFF80
ENDCHAR
STARTCHAR 0269
ENCODING 617
SWIDTH 600 0
DWIDTH 30 0
BBX 21 27 3 -1
BITMAP
FFFC00
FFFC00
FFFC00
FFFC00
FFFC00
01FC00
01FC00
01FC00
01FC00
01FC00
01FC00
01FC00
01FC00
01FC00
01FC00
01FC00
01FC00
01FC00
01FC00
01FC00
01FC00
01FFF8
00FFF8
00FFF8
007FF8
003FF8
000FF0
ENDCHAR
STARTCHAR 026A
ENCODING 618
SWIDTH 600 0
DWIDTH 30 0
BBX 22 26 4 0
BITMAP
FFFFFC
FFFFFC
FFFFFC
FFFFFC
FFFFFC
FFFFFC
00FC00
00FC00
00FC00
00FC00
00FC00
00FC00
00FC00
00FC00
00FC00
00FC00
00FC00
00FC00
00FC00
00FC00
FFFFFC
FFFFFC
FFFFFC
FFFFFC
FFFFFC
FFFFFC
ENDCHAR
STARTCHAR 026B
ENCODING 619
SWIDTH 600 0
DWIDTH 30 0
BBX 25 36 3 0
BITMAP
3FFF0000
3FFF0000
3FFF0000
3FFF0000
3FFF0000
003F0000
003F0000
003F0000
003F0000
003F0000
003F0000
003F0000
003F0000
003F0000
01FF3800
03FF3800
07FF7800
07FFF800
07BFF800
073FF000
073FE000
003F0000
003F0000
003F0000
003F0000
003F0000
003F0000
003F0000
003F0000
003F0000
003F0000
FFFFFF80
FFFFFF80
FFFFFF80
FFFFFF80
FFFFFF80
ENDCHAR
STARTCHAR 026C
ENCODING 620
SWIDTH 600 0
DWIDTH 30 0
BBX 25 36 3 0
BITMAP
3FFF0000
3FFF0000
3FFF0000
3FFF0000
3FFF0000
003F0000
003F0000
003F0000
003F0000
003F0000
003F0000
003F0000
03FF0000
07FF0000
0FFF0000
1FFF0000
1F3F0000
1E3F0000
1E3F0000
1E3F0000
1FFFE000
1FFFE000
0FFFE000
03FFE000
003F0000
003F0000
003F0000
003F0000
003F0000
003F0000
003F0000
FFFFFF80
FFFFFF80
FFFFFF80
FFFFFF80
FFFFFF80
ENDCHAR
STARTCHAR 026D
ENCODING 621
SWIDTH 600 0
DWIDTH 30 0
BBX 20 46 5 -10
BITMAP
FFFC00
FFFC00
FFFC00
FFFC00
FFFC00
00FC00
00FC00
00FC00
00FC00
00FC00
00FC00
00FC00
00FC00
00FC00
00FC00
00FC00
00FC00
00FC00
00FC00
00FC00
00FC00
00FC00
00FC00
00FC00
00FC00
00FC00
00FC00
00FC00
00FC00
00FC00
00FC00
00FC00
00FC00
00FC00
00FC00
00FC00
00FC00
00FC00
00FC00
00FE00
00FF10
00FFF0
00FFF0
007FF0
003FF0
000FF0
ENDCHAR
STARTCHAR 026E
ENCODING 622
SWIDTH 600 0
DWIDTH 30 0
BBX 26 46 3 -10
BITMAP
FE000000
FE000000
FE000000
FE000000
FE000000
FE000000
FE000000
FE000000
FE000000
FE000000
FFFFFF00
FFFFFF00
FFFFFF00
FFFFFF00
FFFFFF00
FE007F00
FE00FE00
FE01FC00
FE03F800
FE07F800
FE0FF000
FE0FE000
FE1FC000
FE3F8000
FE3FF000
FE3FFC00
FE3FFE00
FE3FFF00
FE01FF80
FE007F80
FE003F80
FE003FC0
FE001FC0
FE001FC0
FE001FC0
FE001FC0
00001FC0
00001F80
00003F80
3F003F80
7F807F00
3FFFFE00
1FFFFE00
0FFFF800
07FFF000
00FF8000
ENDCHAR
STARTCHAR 026F
ENCODING 623
SWIDTH 600 0
DWIDTH 30 0
BBX 26 26 2 0
BITMAP
F83F07C0
F83F07C0
F83F07C0
F83F07C0
F83F07C0
F83F07C0
F83F07C0
F83F07C0
F83F07C0
F83F07C0
F83F07C0
F83F07C0
F83F07C0
F83F07C0
F83F07C0
F83F07C0
F83F0FC0
F83F0FC0
FC3F0FC0
FC3F0FC0
FC7F1FC0
FEFFFFC0
FFDFFFC0
7FCFF7C0
7F8FE7C0
1F07C7C0
ENDCHAR
STARTCHAR 0270
ENCODING 624
SWIDTH 600 0
DWIDTH 30 0
BBX 26 36 2 -10
BITMAP
F83F07C0
F83F07C0
F83F07C0
F83F07C0
F83F07C0
F83F07C0
F83F07C0
F83F07C0
F83F07C0
F83F07C0
F83F07C0
F83F07C0
F83F07C0
F83F07C0
F83F07C0
F83F07C0
F83F0FC0
F83F0FC0
F83F0FC0
FC3F0FC0
FC3F0FC0
FC7F1FC0
FEFFFFC0
FFDFFFC0
7FCFF7C0
7F8FE7C0
1F07C7C0
000007C0
000007C0
000007C0
000007C0
000007C0
000007C0
000007C0
000007C0
000007C0
ENDCHAR
STARTCHAR 0271
ENCODING 625
SWIDTH 600 0
DWIDTH 30 0
BBX 26 37 2 -10
BITMAP
00F03E00
F9FC7F00
FBFCFF80
FBFEFFC0
FFFFDFC0
FE3F8FC0
FC3F0FC0
FC3F0FC0
FC3F07C0
FC3F07C0
F83F07C0
F83F07C0
F83F07C0
F83F07C0
F83F07C0
F83F07C0
F83F07C0
F83F07C0
F83F07C0
F83F07C0
F83F07C0
F83F07C0
F83F07C0
F83F07C0
F83F07C0
F83F07C0
F83F07C0
000007C0
000007C0
000007C0
00000FC0
00000FC0
0001FFC0
0001FF80
0001FF80
0001FF00
0001FC00
ENDCHAR
STARTCHAR 0272
ENCODING 626
SWIDTH 600 0
DWIDTH 30 0
BBX 29 37 -2 -10
BITMAP
00003F00
07F0FFC0
07F1FFE0
07F3FFF0
07F7FFF0
07F70FF0
07FE07F8
07FC03F8
07F803F8
07F803F8
07F803F8
07F003F8
07F003F8
07F003F8
07F003F8
07F003F8
07F003F8
07F003F8
07F003F8
07F003F8
07F003F8
07F003F8
07F003F8
07F003F8
07F003F8
07F003F8
07F003F8
07F00000
07F00000
07F00000
07F00000
0FF00000
FFF00000
FFE00000
FFE00000
FFC00000
FF000000
ENDCHAR
STARTCHAR 0273
ENCODING 627
SWIDTH 600 0
DWIDTH 30 0
BBX 30 37 3 -10
BITMAP
0007E000
FE1FF800
FE3FFC00
FE7FFE00
FEFFFE00
FEE1FE00
FFC0FF00
FF807F00
FF007F00
FF007F00
FF007F00
FE007F00
FE007F00
FE007F00
FE007F00
FE007F00
FE007F00
FE007F00
FE007F00
FE007F00
FE007F00
FE007F00
FE007F00
FE007F00
FE007F00
FE007F00
FE007F00
00007F00
00007F00
00007F00
00007F00
00007FC4
00003FFC
00003FFC
00001FFC
00000FFC
000007FC
ENDCHAR
STARTCHAR 0274
ENCODING 628
SWIDTH 600 0
DWIDTH 30 0
BBX 24 26 3 0
BITMAP
FF003F
FF003F
FF803F
FFC03F
FFC03F
FFE03F
FFE03F
FFF03F
FDF03F
FDF83F
FCFC3F
FCFC3F
FC7E3F
FC3E3F
FC3F3F
FC1F3F
FC1FBF
FC0FFF
FC07FF
FC07FF
FC03FF
FC03FF
FC01FF
FC00FF
FC00FF
FC007F
ENDCHAR
STARTCHAR 0275
ENCODING 629
SWIDTH 600 0
DWIDTH 30 0
BBX 26 28 2 -1
BITMAP
007F8000
03FFF000
07FFFC00
0FFFFE00
1FFFFE00
3FC0FF00
3F807F00
7F803F80
7F003F80
7F003F80
FF003FC0
FF003FC0
FFFFFFC0
FFFFFFC0
FFFFFFC0
FFFFFFC0
FFFFFFC0
FF003FC0
7F003F80
7F003F80
7F003F80
3F807F00
3FC0FF00
1FFFFE00
0FFFFC00
07FFF800
03FFF000
007F8000
ENDCHAR
STARTCHAR 0276
ENCODING 630
SWIDTH 600 0
DWIDTH 30 0
BBX 28 28 1 -1
BITMAP
03F00000
0FFBFFF0
1FFFFFF0
1FFFFFF0
3FFFFFF0
3F0FFFF0
7E07F000
7E07F000
7E07F000
FE03F000
FE03F000
FC03FFE0
FC03FFE0
FC03FFE0
FC03FFE0
FC03FFE0
FC03F000
FE03F000
7E03F000
7E07F000
7E07F000
7E07F000
3F0FFFF0
3FFFFFF0
1FFFFFF0
1FFFFFF0
0FFBFFF0
03E00000
ENDCHAR
STARTCHAR 0277
ENCODING 631
SWIDTH 600 0
DWIDTH 30 0
BBX 26 28 2 -1
BITMAP
007F8000
03FFF000
0FFFF800
1FFFFE00
3FFFFE00
3FC0FF00
7F807F80
7F003F80
FE001FC0
FE001FC0
FE001FC0
FC000FC0
FC3F0FC0
FC3F0FC0
FC3F0FC0
FC3F0FC0
FC3F0FC0
FC3F0FC0
FC3F0FC0
FC3F0FC0
FC3F0FC0
FE7F9FC0
7E7F9F80
7FFFFF80
3FF3FF00
3FF3FF00
1FE1FE00
07C0F800
ENDCHAR
STARTCHAR 0278
ENCODING 632
SWIDTH 600 0
DWIDTH 30 0
BBX 26 46 2 -10
BITMAP
003F0000
003F0000
003F0000
003F0000
003F0000
003F0000
003F0000
003F0000
003F0000
00FFC000
03FFF000
07FFFC00
0FFFFE00
1FFFFE00
3FBF7F00
3F3F3F80
7F3F3F80
7E3F1F80
7E3F1F80
FE3F1FC0
FE3F1FC0
FE3F1FC0
FE3F1FC0
FE3F1FC0
FE3F1FC0
FE3F1FC0
FE3F1FC0
7E3F1F80
7E3F1F80
7F3F3F80
3F3F3F00
3FBF7F00
1FFFFE00
0FFFFC00
07FFF800
03FFF000
00FFC000
003F0000
003F0000
003F0000
003F0000
003F0000
003F0000
003F0000
003F0000
003F0000
ENDCHAR
STARTCHAR 0279
ENCODING 633
SWIDTH 600 0
DWIDTH 30 0
BBX 21 27 4 -1
BITMAP
0007F0
0007F0
0007F0
0007F0
0007F0
0007F0
0007F0
0007F0
0007F0
0007F0
0007F0
0007F0
0007F0
0007F0
0007F0
000FF0
000FF0
001FF0
001FF0
003FF0
00FFF0
FFFBF0
FFFBF0
FFF3F8
FFE3F8
FFC3F8
FF0000
ENDCHAR
STARTCHAR 027A
ENCODING 634
SWIDTH 600 0
DWIDTH 30 0
BBX 21 37 4 -1
BITMAP
0007F0
0007F0
0007F0
0007F0
0007F0
0007F0
0007F0
0007F0
0007F0
0007F0
0007F0
0007F0
0007F0
0007F0
0007F0
0007F0
0007F0
0007F0
0007F0
0007F0
0007F0
0007F0
0007F0
0007F0
0007F0
000FF0
000FF0
001FF0
001FF0
003FF0
00FFF0
FFFBF0
FFF3F0
FFF3F8
FFE3F8
FFC3F8
FF0000
ENDCHAR
STARTCHAR 027B
ENCODING 635
SWIDTH 600 0
DWIDTH 30 0
BBX 26 36 4 -10
BITMAP
0007F000
0007F000
0007F000
0007F000
0007F000
0007F000
0007F000
0007F000
0007F000
0007F000
0007F000
0007F000
0007F000
0007F000
0007F000
000FF000
000FF000
001FF000
001FF000
003FF000
00FFF000
FFFFF000
FFFFF000
FFF7F000
FFE7F000
FFC7F000
FF07F000
0007F000
0007F000
0007F000
0003FC40
0003FFC0
0003FFC0
0001FFC0
0000FFC0
00007FC0
ENDCHAR
STARTCHAR 027C
ENCODING 636
SWIDTH 600 0
DWIDTH 30 0
BBX 21 37 5 -10
BITMAP
0007F8
FE1FF8
FE3FF8
FE7FF8
7EFFF8
7EFFF8
7FF800
7FE000
7FC000
7FC000
7F8000
7F8000
7F0000
7F0000
7F0000
7F0000
7F0000
7F0000
7F0000
7F0000
7F0000
7F0000
7F0000
7F0000
7F0000
7F0000
7F0000
7F0000
7F0000
7F0000
7F0000
7F0000
7F0000
7F0000
7F0000
7F0000
7F0000
ENDCHAR
STARTCHAR 027D
ENCODING 637
SWIDTH 600 0
DWIDTH 30 0
BBX 21 37 5 -10
BITMAP
0007F8
FE1FF8
FE3FF8
FE7FF8
7EFFF8
7EFFF8
7FF800
7FE000
7FC000
7FC000
7F8000
7F8000
7F0000
7F0000
7F0000
7F0000
7F0000
7F0000
7F0000
7F0000
7F0000
7F0000
7F0000
7F0000
7F0000
7F0000
7F0000
7F0000
7F0000
7F0000
7F0000
7FC400
3FFC00
3FFC00
1FFC00
0FFC00
07FC00
ENDCHAR
STARTCHAR 027E
ENCODING 638
SWIDTH 600 0
DWIDTH 30 0
BBX 20 27 6 0
BITMAP
007FF0
03FFF0
07FFF0
1FFFF0
1FFFF0
3FFFF0
7FE000
7F8000
7F0000
FF0000
FE0000
FE0000
FE0000
FE0000
FE0000
FE0000
FE0000
FE0000
FE0000
FE0000
FE0000
FE0000
FE0000
FE0000
FE0000
FE0000
FE0000
ENDCHAR
STARTCHAR 027F
ENCODING 639
SWIDTH 600 0
DWIDTH 30 0
BBX 20 37 4 -10
BITMAP
FFE000
FFFC00
FFFF00
FFFF80
FFFFC0
FFFFC0
007FE0
001FE0
000FE0
000FF0
0007F0
0007F0
0007F0
0007F0
0007F0
0007F0
0007F0
0007F0
0007F0
0007F0
0007F0
0007F0
0007F0
0007F0
0007F0
0007F0
0007F0
0007F0
0007F0
0007F0
0007F0
0007F0
0007F0
0007F0
0007F0
0007F0
0007F0
ENDCHAR
STARTCHAR 0280
ENCODING 640
SWIDTH 600 0
DWIDTH 30 0
BBX 26 26 3 0
BITMAP
FFFF8000
FFFFF000
FFFFFC00
FFFFFE00
FE03FE00
FE00FF00
FE007F00
FE007F00
FE007F00
FE00FF00
FE01FE00
FFFFFE00
FFFFFC00
FFFFF800
FFFFE000
FE0FE000
FE07E000
FE07F000
FE03F800
FE01FC00
FE01FC00
FE00FE00
FE00FF00
FE007F00
FE003F80
FE003FC0
ENDCHAR
STARTCHAR 0281
ENCODING 641
SWIDTH 600 0
DWIDTH 30 0
BBX 26 26 1 0
BITMAP
FF001FC0
7F801FC0
3F801FC0
3FC01FC0
1FC01FC0
0FE01FC0
0FF01FC0
07F01FC0
03F81FC0
01FC1FC0
01FFFFC0
01FFFFC0
07FFFFC0
0FFFFFC0
1FF01FC0
1FC01FC0
3F801FC0
3F801FC0
3F801FC0
3F801FC0
3FC01FC0
1FF01FC0
1FFFFFC0
0FFFFFC0
03FFFFC0
007FFFC0
ENDCHAR
STARTCHAR 0282
ENCODING 642
SWIDTH 600 0
DWIDTH 30 0
BBX 24 37 3 -10
BITMAP
00FF80
07FFE0
0FFFF8
1FFFFC
3FFFFC
7F00FE
7E007E
7E007C
7F0000
7F8000
7FF000
3FFF00
3FFFE0
1FFFF8
07FFFC
01FFFE
001FFE
0001FF
00007F
00003F
3C003F
FE007F
FF007E
FFFFFE
FFFFFC
FFFFF8
FFFFF0
FCFF80
FC0000
FC0000
FC0000
FE0000
FFF000
7FF000
7FF000
3FF000
0FF000
ENDCHAR
STARTCHAR 0283
ENCODING 643
SWIDTH 600 0
DWIDTH 30 0
BBX 20 46 5 -10
BITMAP
000FF0
003FF0
007FF0
00FFF0
01FFF0
01FE10
01FC00
01FC00
01FC00
01F800
01F800
01F800
01F800
01F800
01F800
01F800
01F800
01F800
01F800
01F800
01F800
01F800
01F800
01F800
01F800
01F800
01F800
01F800
01F800
01F800
01F800
01F800
01F800
01F800
01F800
01F800
01F800
01F800
03F800
03F800
87F800
FFF800
FFF000
FFF000
FFC000
FF0000
ENDCHAR
STARTCHAR 0284
ENCODING 644
SWIDTH 600 0
DWIDTH 30 0
BBX 20 46 5 -10
BITMAP
000FF0
003FF0
007FF0
00FFF0
01FFF0
01FE10
01FC00
01FC00
01FC00
01F800
01F800
01F800
01F800
01F800
01F800
01F800
01F800
01F800
01F800
01F800
01F800
01F800
01F800
01F800
01F800
01F800
01F800
01F800
01F800
01F800
01F800
7FFF80
7FFF80
7FFF80
7FFF80
7FFF80
01F800
01F800
03F800
03F800
87F800
FFF800
FFF000
FFE000
FFC000
FF0000
ENDCHAR
STARTCHAR 0285
ENCODING 645
SWIDTH 600 0
DWIDTH 30 0
BBX 19 37 6 -10
BITMAP
FE0000
FF8000
FFE000
FFE000
FFF000
0FF000
07F000
07F000
03F800
03F800
03F800
03F800
03F800
03F800
03F800
03F800
03F800
03F800
03F800
03F800
03F800
03F800
03F800
03F800
03F800
03F800
03F800
03F800
03F800
03F800
03F800
03FC20
03FFE0
01FFE0
00FFE0
007FE0
001FE0
ENDCHAR
STARTCHAR 0286
ENCODING 646
SWIDTH 600 0
DWIDTH 30 0
BBX 28 46 1 -10
BITMAP
00000FF0
00003FF0
00007FF0
0000FFF0
0000FFF0
0001FF10
0001FC00
0001FC00
0001FC00
0001FC00
0001FC00
0001FC00
0001FC00
0001FC00
0001FC00
0001FC00
0001FC00
0001FC00
0001FC00
0001FC00
0001FC00
0001FC00
0001FC00
0001FC00
0001FC00
0001FC00
0001FC00
0001FC00
0001FC00
0001FC00
0001FC00
07F1FC00
1FFDFC00
3FFFFC00
7FFFFC00
FFFFFC00
FE0FF800
FC07F800
FC03FC00
FC07FE00
FE0FFF00
7FFFFF80
7FFFFF80
3FFF9F00
1FFF0E00
07F80400
ENDCHAR
STARTCHAR 0287
ENCODING 647
SWIDTH 600 0
DWIDTH 30 0
BBX 21 34 5 0
BITMAP
3FF000
FFFC00
FFFE00
FFFF00
FFFF00
007F80
003F80
003F80
003F80
003F80
003F80
003F80
003F80
003F80
003F80
003F80
003F80
003F80
003F80
003F80
003F80
003F80
7FFFF8
7FFFF8
7FFFF8
7FFFF8
7FFFF8
003F00
003F00
003F00
003F00
003E00
003E00
003E00
ENDCHAR
STARTCHAR 0288
ENCODING 648
SWIDTH 600 0
DWIDTH 30 0
BBX 21 43 4 -10
BITMAP
03E000
03E000
03E000
07E000
07E000
07E000
0FE000
FFFFF0
FFFFF0
FFFFF0
FFFFF0
FFFFF0
0FE000
0FE000
0FE000
0FE000
0FE000
0FE000
0FE000
0FE000
0FE000
0FE000
0FE000
0FE000
0FE000
0FE000
0FE000
0FE000
0FE000
0FE000
0FE000
0FE000
0FE000
0FE000
0FE000
0FE000
0FE000
0FF000
0FFFF8
07FFF8
03FFF8
01FFF8
007FF0
ENDCHAR
STARTCHAR 0289
ENCODING 649
SWIDTH 600 0
DWIDTH 30 0
BBX 28 27 1 -1
BITMAP
3F803F80
3F803F80
3F803F80
3F803F80
3F803F80
3F803F80
3F803F80
3F803F80
3F803F80
3F803F80
FFFFFFF0
FFFFFFF0
FFFFFFF0
FFFFFFF0
3F803F80
3F803F80
3F803F80
3F803F80
3FC03F80
3FC07F80
1FE0FF80
1FF1DF80
1FFFDF80
0FFF9F80
0FFF1F80
07FE1F80
01F80000
ENDCHAR
STARTCHAR 028A
ENCODING 650
SWIDTH 600 0
DWIDTH 30 0
BBX 26 27 2 -1
BITMAP
FE001FC0
FF803FC0
FF807FC0
FFC0FFC0
FFC0FFC0
0FC0FC00
0FC0FC00
1F807E00
1F807E00
3F003F00
3F003F00
7F003F80
7E001F80
FE001FC0
FE001FC0
FE001FC0
FE001FC0
FE001FC0
FF003FC0
7F003F80
7F807F80
3FC0FF00
3FFFFF00
1FFFFE00
0FFFFC00
03FFF000
00FF8000
ENDCHAR
STARTCHAR 028B
ENCODING 651
SWIDTH 600 0
DWIDTH 30 0
BBX 24 28 3 -1
BITMAP
001FE0
FE1FF8
FE1FFC
FE1FFE
FE1FFE
FE01FE
FE00FF
FE007F
FE007F
FE007F
FE007F
FE007F
FE007F
FE007F
FE007F
FE007F
FE007F
FE007E
FE007E
FE00FE
7F00FC
7F01FC
7FC3F8
3FFFF8
3FFFF0
1FFFE0
0FFFC0
01FE00
ENDCHAR
STARTCHAR 028C
ENCODING 652
SWIDTH 600 0
DWIDTH 30 0
BBX 28 26 1 0
BITMAP
007FC000
007FC000
007FE000
00FFE000
00FFF000
00FFF000
01FBF000
01F9F800
03F9F800
03F9FC00
03F1FC00
07F0FC00
07F0FE00
07E07E00
0FE07F00
0FE07F00
1FC03F00
1FC03F80
1FC03F80
3F801FC0
3F801FC0
7F801FC0
7F000FE0
7F000FE0
FF000FF0
FE0007F0
ENDCHAR
STARTCHAR 028D
ENCODING 653
SWIDTH 600 0
DWIDTH 30 0
BBX 30 26 0 0
BITMAP
07E01F80
0FE01F80
0FE03FC0
0FF03FC0
0FF03FC0
0FF07FC0
0FF87FC0
1F787BC0
1F787BE0
1F7CFBE0
1F3CF3E0
1F3CF3E0
1F3FF3E0
3F1FE3F0
3E1FE3F0
3E1FE1F0
3E0FC1F0
3E0FC1F0
3E0FC1F0
7E0FC1F8
7E0001F8
7C0000F8
7C0000F8
7C0000F8
7C0000F8
FC0000FC
ENDCHAR
STARTCHAR 028E
ENCODING 654
SWIDTH 600 0
DWIDTH 30 0
BBX 28 37 1 0
BITMAP
00003FC0
0000FFC0
0001FFC0
0003FFC0
0007FFC0
000FF800
000FE000
000FE000
001FC000
001FC000
003F8000
003F8000
003FC000
007FC000
007FE000
00FFE000
00FFF000
00FBF000
01FBF000
01F9F800
03F9F800
03F1FC00
03F0FC00
07F0FC00
07E0FE00
0FE07E00
0FE07F00
0FC07F00
1FC03F80
1FC03F80
3F801F80
3F801FC0
3F801FC0
7F000FE0
7F000FE0
7F000FE0
FE0007F0
ENDCHAR
STARTCHAR 028F
ENCODING 655
SWIDTH 600 0
DWIDTH 30 0
BBX 26 26 2 0
BITMAP
FE001FC0
FE001FC0
7F003F80
3F807F00
3F807F00
1FC0FE00
0FE1FC00
0FE1FC00
07F3F800
03FBF000
03FFF000
01FFE000
00FFC000
00FFC000
007F8000
003F0000
003F0000
003F0000
003F0000
003F0000
003F0000
003F0000
003F0000
003F0000
003F0000
003F0000
ENDCHAR
STARTCHAR 0290
ENCODING 656
SWIDTH 600 0
DWIDTH 30 0
BBX 29 36 3 -10
BITMAP
7FFFFC00
7FFFFC00
7FFFFC00
7FFFFC00
7FFFFC00
0003FC00
0007F800
000FF000
001FE000
003FC000
007F8000
007F0000
00FF0000
01FE0000
03FC0000
07F80000
0FF00000
1FE00000
1FC00000
3FC00000
7F800000
FFFFFE00
FFFFFE00
FFFFFE00
FFFFFE00
FFFFFE00
00007E00
00007E00
00007E00
00007F00
00007F80
00003FF8
00003FF8
00001FF8
00000FF8
000007F8
ENDCHAR
STARTCHAR 0291
ENCODING 657
SWIDTH 600 0
DWIDTH 30 0
BBX 28 31 2 -5
BITMAP
7FFFC000
7FFFC000
7FFFC000
7FFFC000
7FFFC000
001FC000
003F8000
003F8000
007F0000
00FE0000
00FC0000
01FC0000
03F80000
07F03F00
07E0FFC0
0FE1FFE0
1FC3FFE0
3F87FFE0
3F07E3F0
7F0FC3F0
FE1F83E0
FFFFFFE0
FFFFFFE0
FFFFFFC0
FFFFFF80
FFFFFE00
01F80000
01F80000
01F00000
00F00000
00200000
ENDCHAR
STARTCHAR 0292
ENCODING 658
SWIDTH 600 0
DWIDTH 30 0
BBX 24 36 3 -10
BITMAP
7FFFFE
7FFFFE
7FFFFE
7FFFFE
7FFFFE
0003FC
0007F8
000FF0
001FE0
003FC0
007F80
00FF00
01FE00
03FC00
03FFC0
03FFF0
03FFF8
03FFFC
0007FE
0001FE
0000FF
00007F
00007F
00007F
00007F
00007F
1C007F
FC007F
FE007F
FF00FE
7F81FE
7FFFFC
3FFFF8
1FFFF0
07FFE0
01FF00
ENDCHAR
STARTCHAR 0293
ENCODING 659
SWIDTH 600 0
DWIDTH 30 0
BBX 25 36 3 -10
BITMAP
7FFFFE00
7FFFFE00
7FFFFE00
7FFFFE00
7FFFFE00
0003FC00
0007F800
000FF000
001FE000
003FC000
007F8000
00FF0000
01FE0000
03FC0000
03FFC000
03FFF000
03FFF800
03FFFC00
0007FE00
0000FE00
00007F00
07F87F00
1FFE3F00
3FFFBF00
7FFFFF00
FFFFFF00
FE0FFF00
FC03FF00
FC01FE00
FC00FE00
FE03FF00
7FFFFF80
7FFFFF80
3FFFFF00
0FFF8E00
03FE0000
ENDCHAR
STARTCHAR 0294
ENCODING 660
SWIDTH 600 0
DWIDTH 30 0
BBX 25 34 3 0
BITMAP
00FF0000
07FFE000
0FFFF000
3FFFF800
7FFFFC00
7FFFFE00
FF81FE00
FF00FF00
FE007F00
3C007F00
00003F80
00003F80
00003F80
00003F80
00003F80
00007F80
00007F00
0000FF00
0000FF00
0003FE00
00FFFE00
00FFFC00
00FFF800
00FFE000
00FFC000
00FE0000
00FE0000
00FE0000
00FE0000
00FE0000
00FE0000
00FE0000
00FE0000
00FE0000
ENDCHAR
STARTCHAR 0295
ENCODING 661
SWIDTH 600 0
DWIDTH 30 0
BBX 25 34 3 0
BITMAP
007F8000
03FFE000
0FFFF800
1FFFFC00
3FFFFE00
3FFFFF00
7F80FF00
7F007F80
FE003F80
FE003C00
FE000000
FE000000
FE000000
FE000000
FE000000
FE000000
FE000000
FF000000
7F800000
7FC00000
3FFF0000
1FFF0000
0FFF0000
07FF0000
01FF0000
007F0000
007F0000
007F0000
007F0000
007F0000
007F0000
007F0000
007F0000
007F0000
ENDCHAR
STARTCHAR 0296
ENCODING 662
SWIDTH 600 0
DWIDTH 30 0
BBX 25 34 2 -1
BITMAP
007F0000
007F0000
007F0000
007F0000
007F0000
007F0000
007F0000
007F0000
007FC000
007FF000
007FF800
007FFC00
007FFE00
0003FF00
0000FF00
00007F80
00007F80
00003F80
00003F80
00003F80
00003F80
00003F80
00003F80
00003F80
1E003F80
FF003F80
7F007F00
7F80FF00
7FFFFF00
3FFFFE00
1FFFFC00
0FFFF800
03FFE000
00FF8000
ENDCHAR
STARTCHAR 0297
ENCODING 663
SWIDTH 600 0
DWIDTH 30 0
BBX 24 37 3 -10
BITMAP
00FF00
03FFE0
0FFFF0
1FFFF8
3FFFFC
3F81FE
7F00FE
7F007F
FE007F
FE0000
FE0000
FE0000
FE0000
FE0000
FE0000
FE0000
FE0000
FE0000
FE0000
FE0000
FE0000
FE0000
FE0000
FE0000
FE0000
FE0000
FE0000
FE007F
FE007F
7F007F
7F00FE
3F81FE
3FFFFC
1FFFF8
0FFFF0
03FFE0
00FF00
ENDCHAR
STARTCHAR 0298
ENCODING 664
SWIDTH 600 0
DWIDTH 30 0
BBX 26 35 2 -1
BITMAP
007F8000
01FFF000
07FFF800
0FFFFC00
1FFFFE00
3FFFFF00
3FC0FF00
7F807F80
7F807F80
7F003F80
FF003FC0
FF003FC0
FE001FC0
FE001FC0
FE7F9FC0
FE7F9FC0
FE7F9FC0
FE7F9FC0
FE7F9FC0
FE7F9FC0
FE7F9FC0
FE001FC0
FE001FC0
FF003FC0
FF003FC0
7F003F80
7F807F80
7F807F80
3FC0FF00
3FFFFF00
1FFFFE00
0FFFFC00
07FFF800
01FFE000
007F8000
ENDCHAR
STARTCHAR 0299
ENCODING 665
SWIDTH 600 0
DWIDTH 30 0
BBX 25 26 3 0
BITMAP
FFFFE000
FFFFF800
FFFFFE00
FFFFFE00
FFFFFF00
FE00FF00
FE007F00
FE007F00
FE007F00
FE007F00
FE00FE00
FFFFFC00
FFFFF800
FFFFF800
FFFFFE00
FE03FF00
FE007F80
FE003F80
FE003F80
FE003F80
FE007F80
FE03FF80
FFFFFF00
FFFFFE00
FFFFFC00
FFFFF000
ENDCHAR
STARTCHAR 029A
ENCODING 666
SWIDTH 600 0
DWIDTH 30 0
BBX 25 28 3 -1
BITMAP
01FF0000
07FFC000
1FFFF000
3FFFF800
7FCFFC00
7F01FE00
7F00FE00
7F00FF00
7F007F00
7F007F00
3F807F00
1FF83F80
07F83F80
0FF83F80
3FF83F80
7FF03F80
7F003F80
FF007F00
FE007F00
FE007F00
FE00FF00
FF00FE00
7F81FE00
7FFFFC00
3FFFF800
1FFFF000
07FFC000
01FF0000
ENDCHAR
STARTCHAR 029B
ENCODING 667
SWIDTH 600 0
DWIDTH 30 0
BBX 30 33 2 -1
BITMAP
000001FC
000007FC
00000FFC
00000FFC
00001FFC
007F9FC0
01FFFFC0
07FFFF80
0FFFFF80
1FFFFF80
3FE0FF80
3FC07F80
7F803F80
7F003E00
FF000000
FE000000
FE000000
FE000000
FE03FFC0
FE03FFC0
FE03FFC0
FE03FFC0
FF03FFC0
FF001FC0
7F001FC0
7F801FC0
7FC01FC0
3FE07FC0
1FFFFFC0
0FFFFFC0
07FFFF00
01FFFC00
007FE000
ENDCHAR
STARTCHAR 029C
ENCODING 668
SWIDTH 600 0
DWIDTH 30 0
BBX 24 26 3 0
BITMAP
FE007F
FE007F
FE007F
FE007F
FE007F
FE007F
FE007F
FE007F
FE007F
FE007F
FFFFFF
FFFFFF
FFFFFF
FFFFFF
FFFFFF
FE007F
FE007F
FE007F
FE007F
FE007F
FE007F
FE007F
FE007F
FE007F
FE007F
FE007F
ENDCHAR
STARTCHAR 029D
ENCODING 669
SWIDTH 600 0
DWIDTH 30 0
BBX 22 46 3 -10
BITMAP
001FC0
001FC0
001FC0
001FC0
001FC0
000000
000000
000000
000000
000000
1FFFC0
1FFFC0
1FFFC0
1FFFC0
1FFFC0
001FC0
001FC0
001FC0
001FC0
001FC0
001FC0
001FC0
001FC0
001FC0
001FC0
001FC0
001FC0
001FC0
001FC0
001FC0
001FC0
07FFFC
3FFFFC
7FFFFC
FFFFFC
FFFFFC
FC1FC0
F81FC0
F81FC0
F81FC0
FC3F80
FFFF80
7FFF00
7FFF00
1FFC00
07F000
ENDCHAR
STARTCHAR 029E
ENCODING 670
SWIDTH 600 0
DWIDTH 30 0
BBX 24 36 2 -10
BITMAP
FE007F
FF007F
7F007F
3F807F
3FC07F
1FC07F
0FE07F
0FE07F
07F07F
07F87F
03F8FF
01FFFF
01FFFF
00FFFF
007FFF
007FFF
007F7F
00FE7F
01FC7F
03F87F
07F07F
0FE07F
1FE07F
3FC07F
7F807F
7F007F
00007F
00007F
00007F
00007F
00007F
00007F
00007F
00007F
00007F
00007F
ENDCHAR
STARTCHAR 029F
ENCODING 671
SWIDTH 600 0
DWIDTH 30 0
BBX 20 26 5 0
BITMAP
FE0000
FE0000
FE0000
FE0000
FE0000
FE0000
FE0000
FE0000
FE0000
FE0000
FE0000
FE0000
FE0000
FE0000
FE0000
FE0000
FE0000
FE0000
FE0000
FE0000
FE0000
FFFFF0
FFFFF0
FFFFF0
FFFFF0
FFFFF0
ENDCHAR
STARTCHAR 02A0
ENCODING 672
SWIDTH 600 0
DWIDTH 30 0
BBX 29 46 2 -10
BITMAP
000003F8
00000FF8
00001FF8
00003FF8
00003FF8
00003F80
00003F80
00003F00
00003F00
01F83F00
07FE3F00
0FFF3F00
1FFFBF00
3FFFBF00
3FC1FF00
3F80FF00
7F80FF00
7F007F00
7F007F00
7F007F00
FF007F00
FF003F00
FF003F00
FF003F00
FF007F00
FF007F00
7F007F00
7F007F00
7F007F00
7F80FF00
7F80FF00
3FC1FF00
3FFFBF00
1FFFBF00
0FFF3F00
07FE3F00
01F83F00
00003F00
00003F00
00003F00
00003F00
00003F00
00003F00
00003F00
00003F00
00003F00
ENDCHAR
STARTCHAR 02A1
ENCODING 673
SWIDTH 600 0
DWIDTH 30 0
BBX 25 34 3 0
BITMAP
00FF0000
07FFE000
0FFFF000
3FFFF800
7FFFFC00
7FFFFE00
FF81FE00
FF00FF00
FE007F00
1C007F00
00003F80
00003F80
00003F80
00003F80
00003F80
00007F80
00007F00
0000FF00
0000FF00
0003FE00
00FFFE00
00FFFC00
00FFF800
00FFE000
00FFC000
00FE0000
00FE0000
FFFFFE00
FFFFFE00
FFFFFE00
FFFFFE00
FFFFFE00
00FE0000
00FE0000
ENDCHAR
STARTCHAR 02A2
ENCODING 674
SWIDTH 600 0
DWIDTH 30 0
BBX 25 34 3 0
BITMAP
007F8000
03FFE000
0FFFF800
1FFFFC00
3FFFFE00
3FFFFF00
7F80FF00
7F007F80
FE003F80
FE003C00
FE000000
FE000000
FE000000
FE000000
FE000000
FE000000
FE000000
FF000000
7F800000
7FC00000
3FFF0000
1FFF0000
0FFF0000
07FF0000
01FF0000
007F0000
007F0000
7FFFFF00
7FFFFF00
7FFFFF00
7FFFFF00
7FFFFF00
007F0000
007F0000
ENDCHAR
STARTCHAR 02A3
ENCODING 675
SWIDTH 600 0
DWIDTH 30 0
BBX 28 36 1 0
BITMAP
003E0000
003E0000
003E0000
003E0000
003E0000
003E0000
003E0000
003E0000
003E0000
0F3E0000
1FBFFFE0
3FFFFFE0
3FFFFFE0
7FFFFFE0
7C7FFFE0
7C7E03E0
7C3E07C0
783E07C0
F83E0F80
F83E0F80
F83E1F00
F83E1F00
F83E3E00
F83E3E00
F83E7C00
F83E7C00
F83EF800
783EF800
7C3FF000
7C7FF000
7C7FE000
7FFFFFF0
3FFFFFF0
3FFFFFF0
1FFFFFF0
0F3FFFF0
ENDCHAR
STARTCHAR 02A4
ENCODING 676
SWIDTH 600 0
DWIDTH 30 0
BBX 28 46 1 -10
BITMAP
001F0000
001F0000
001F0000
001F0000
001F0000
001F0000
001F0000
001F0000
001F0000
079F0000
1FDFFFE0
3FFFFFE0
3FFFFFE0
7FFFFFE0
7E3FFFE0
7C3F07C0
7C3F07C0
FC1F0F80
FC1F0F80
F81F1F00
F81F1F00
F81F3E00
F81F3E00
F81F7C00
F81F7F00
F81F7F80
F81F7FC0
FC1F7FC0
FC1F0FE0
7C3F07E0
7C3F03E0
7E3F03F0
7FFF03F0
3FFF03F0
3FFF03F0
1FDF03F0
0F8003F0
000003E0
000003E0
000383E0
000F87E0
000FFFC0
0007FFC0
0007FF80
0003FF00
0000FC00
ENDCHAR
STARTCHAR 02A5
ENCODING 677
SWIDTH 600 0
DWIDTH 30 0
BBX 28 42 1 -6
BITMAP
00780000
00780000
00780000
00780000
00780000
00780000
00780000
00780000
00780000
0E780000
1F7FFE00
3FFFFE00
3FFFFE00
7FFFFE00
7CFFFE00
78F81E00
78F83E00
78783C00
F8787C00
F8787800
F878F800
F878F000
F878F000
F879F1C0
F879E3E0
F87BE7E0
F87BCFF0
F87BCFF0
78FFDE70
78FF9E70
78FF9CF0
7CFFFFF0
7FFFFFF0
3FFFFFE0
3FFFFFC0
1F7FFF80
0E007800
00007000
0000F000
0000F000
0000F000
00003000
ENDCHAR
STARTCHAR 02A6
ENCODING 678
SWIDTH 600 0
DWIDTH 30 0
BBX 28 32 1 0
BITMAP
0F000000
0F000000
0F000000
1F000000
1F000000
1F007C00
FFFFFF00
FFFFFF80
FFFFFFC0
FFFFFFE0
FFFF83E0
1F1F03E0
1F1F03C0
1F1F0000
1F1F8000
1F1FE000
1F1FFC00
1F0FFF00
1F07FFC0
1F03FFE0
1F00FFE0
1F001FF0
1F0003F0
1F0001F0
1F0001F0
1F0001F0
1F8003F0
1FFFFFE0
1FFFFFE0
1FFFFFC0
0FFFFF80
07FFFE00
ENDCHAR
STARTCHAR 02A7
ENCODING 679
SWIDTH 600 0
DWIDTH 30 0
BBX 28 46 2 -10
BITMAP
00000FF0
00003FF0
00007FF0
0000FFF0
03C0FFF0
07C1FF10
07C1FC00
07C1FC00
0FC1FC00
0FC1FC00
FFFFFC00
FFFFFC00
FFFFFC00
FFFFFC00
FFFFFC00
1FC1FC00
1FC1FC00
1FC1FC00
1FC1FC00
1FC1FC00
1FC1FC00
1FC1FC00
1FC1FC00
1FC1FC00
1FC1FC00
1FC1FC00
1FC1FC00
1FC1FC00
1FC1FC00
1FC1FC00
1FE1FC00
1FF1FC00
0FFFFC00
0FFFFC00
0FFFFC00
07FFFC00
01FDFC00
0001FC00
0001FC00
0003FC00
0047F800
007FF800
007FF800
007FF000
007FE000
007F8000
ENDCHAR
STARTCHAR 02A8
ENCODING 680
SWIDTH 600 0
DWIDTH 30 0
BBX 28 34 1 -1
BITMAP
0F000000
0F000000
1F000000
1F000000
1F000000
1F000000
1F00FC00
FFE1FF00
FFE7FF80
FFE7FFC0
FFEFFFC0
FFEFC7E0
3F1F87E0
3F1F83E0
3F1F83F0
3F3F0380
3F3F0000
3F3F0000
3F3F0000
3F3F1F00
3F3F7FC0
3F3FFFE0
3F3FFFE0
3F3FFFF0
3F3FE3F0
3F1FC1F0
3F1F81F0
3F3F81F0
3FFFC3E0
3FFFFFE0
1FFFFFE0
1FFBFFC0
0FF1FF80
07E07E00
ENDCHAR
STARTCHAR 02A9
ENCODING 681
SWIDTH 600 0
DWIDTH 30 0
BBX 26 46 2 -10
BITMAP
07E00000
0FE00000
1FE00000
3FE00000
3FE00000
3F000000
3F000000
3E000000
3E000000
3E003C00
FFFEFF00
FFFEFF80
FFFFFF80
FFFFFF80
FFFFFFC0
3E3F8FC0
3E3F0FC0
3E3F0FC0
3E3E07C0
3E3E07C0
3E3E07C0
3E3E07C0
3E3E07C0
3E3E07C0
3E3E07C0
3E3E07C0
3E3E07C0
3E3E07C0
3E3E07C0
3E3E07C0
3E3E07C0
3E3E07C0
3E3E07C0
3E3E07C0
3E3E07C0
3E3E07C0
000007C0
000007C0
000007C0
000007C0
00004FC0
00007FC0
00007F80
00007F80
00007F00
00007E00
ENDCHAR
STARTCHAR 02AA
ENCODING 682
SWIDTH 600 0
DWIDTH 30 0
BBX 27 37 2 -1
BITMAP
FC000000
FC000000
FC000000
FC000000
FC000000
FC000000
FC000000
FC000000
FC000000
FC03F800
FC1FFE00
FC3FFF00
FC7FFF80
FC7FFF80
FCFC0FC0
FCFC0FC0
FCFC0780
FCFC0000
FCFE0000
FCFF8000
FC7FF000
FC7FFE00
FC3FFF00
FC0FFF80
FC03FFC0
FC007FC0
FC001FE0
FC0007E0
FC0007E0
FC0007E0
FF0007E0
FFC00FC0
FFFFFFC0
FFFFFF80
FDFFFF00
FC7FFE00
001FF000
ENDCHAR
STARTCHAR 02AB
ENCODING 683
SWIDTH 600 0
DWIDTH 30 0
BBX 25 36 3 0
BITMAP
FC000000
FC000000
FC000000
FC000000
FC000000
FC000000
FC000000
FC000000
FC000000
FC000000
FFFFFF00
FFFFFF00
FFFFFF00
FFFFFF00
FFFFFF00
FC007E00
FC007E00
FC00FC00
FC01F800
FC03F000
FC03F000
FC07E000
FC0FC000
FC1FC000
FC1F8000
FC3F0000
FC7E0000
FC7E0000
FCFC0000
FDF80000
FFF00000
FFFFFF80
FFFFFF80
FFFFFF80
FFFFFF80
FFFFFF80
ENDCHAR
STARTCHAR 02AC
ENCODING 684
SWIDTH 600 0
DWIDTH 30 0
BBX 26 36 2 0
BITMAP
F83F07C0
783F0780
783F0780
787F8780
787F8780
3C7F8F00
3C738F00
3CF3CF00
3CF3CF00
1EF3DE00
1FE1FE00
1FE1FE00
1FE1FE00
0FC0FC00
0FC0FC00
0FC0FC00
0F807C00
00000000
00000000
F83F07C0
783F0780
783F0780
787F0780
787F8780
3C7F8F00
3C778F00
3CF3CF00
3CF3CF00
1EF3DE00
1FE1DE00
1FE1FE00
1FE1FE00
0FC0FC00
0FC0FC00
0FC0FC00
0F80FC00
ENDCHAR
STARTCHAR 02AD
ENCODING 685
SWIDTH 600 0
DWIDTH 30 0
BBX 22 37 4 0
BITMAP
FFFFFC
FFFFFC
FFFFFC
FFFFFC
FFFFFC
FC00FC
FC00FC
FC00FC
FC00FC
FC00FC
FC00FC
FC00FC
000000
000000
000000
000000
000000
000000
000000
000000
000000
000000
000000
000000
000000
FFFFFC
FFFFFC
FFFFFC
FFFFFC
FFFFFC
FC00FC
FC00FC
FC00FC
FC00FC
FC00FC
FC00FC
FC00FC
ENDCHAR
STARTCHAR 02AE
ENCODING 686
SWIDTH 600 0
DWIDTH 30 0
BBX 28 37 1 -10
BITMAP
7F000000
FFC007F0
FFE007F0
FFF007F0
FFF007F0
C7F007F0
03F807F0
01F807F0
01F807F0
01F807F0
01F807F0
01F807F0
01F807F0
01F807F0
01F807F0
01F807F0
01F807F0
01F807F0
01F807F0
01FC0FF0
01FC0FF0
01FC1FF0
01FF3FF0
00FFFFF0
00FFFFF0
007FF7F0
003FE7F0
001FC7F0
000007F0
000007F0
000007F0
000007F0
000007F0
000007F0
000007F0
000007F0
000007F0
ENDCHAR
STARTCHAR 02AF
ENCODING 687
SWIDTH 600 0
DWIDTH 30 0
BBX 30 37 0 -10
BITMAP
7E000000
FF803F00
FFC03F00
FFC03F00
FFE03F00
CFE03F00
07E03F00
03E03F00
03F03F00
03F03F00
03F03F00
03F03F00
03F03F00
03F03F00
03F03F00
03F03F00
03F03F00
03F03F00
03F03F00
03F03F00
03F07F00
03F87F00
03FCFF00
01FFFF00
01FFFF00
00FFFF00
00FFBF00
003E3F00
00003F00
00003F00
00003F80
00001FCC
00001FFC
00001FFC
00000FFC
000007FC
000001F8
ENDCHAR
STARTCHAR 02B0
ENCODING 688
SWIDTH 600 0
DWIDTH 30 0
BBX 16 26 7 12
BITMAP
F800
F800
F800
F800
F800
F800
F800
F8F8
F3FC
F7FE
F7FF
FC3F
F81F
F81F
F81F
F81F
F81F
F81F
F81F
F81F
F81F
F81F
F81F
F81F
F81F
F81F
ENDCHAR
STARTCHAR 02B1
ENCODING 689
SWIDTH 600 0
DWIDTH 30 0
BBX 16 26 7 12
BITMAP
1F80
7F80
FF80
FF80
F800
F800
F800
F8F8
FBFC
F7FE
F7FF
FC3F
F81F
F81F
F81F
F81F
F81F
F81F
F81F
F81F
F81F
F81F
F81F
F81F
F81F
F81F
ENDCHAR
STARTCHAR 02B2
ENCODING 690
SWIDTH 600 0
DWIDTH 30 0
BBX 8 33 11 5
BITMAP
1F
1F
1F
1F
00
00
00
1F
1F
1F
1F
1F
1F
1F
1F
1F
1F
1F
1F
1F
1F
1F
1F
1F
1F
1F
1F
1F
1F
FF
FE
FE
FC
ENDCHAR
STARTCHAR 02B3
ENCODING 691
SWIDTH 600 0
DWIDTH 30 0
BBX 10 19 10 12
BITMAP
F1C0
F3C0
F7C0
F7C0
FE00
FC00
F800
F800
F800
F800
F800
F800
F800
F800
F800
F800
F800
F800
F800
ENDCHAR
STARTCHAR 02B4
ENCODING 692
SWIDTH 600 0
DWIDTH 30 0
BBX 10 19 10 12
BITMAP
07C0
07C0
07C0
07C0
07C0
07C0
07C0
07C0
07C0
07C0
07C0
07C0
07C0
0FC0
1FC0
FBC0
FBC0
F3C0
E3C0
ENDCHAR
STARTCHAR 02B5
ENCODING 693
SWIDTH 600 0
DWIDTH 30 0
BBX 14 26 8 5
BITMAP
03C0
03C0
03C0
03C0
03C0
03C0
03C0
03C0
03C0
03C0
03C0
07C0
07C0
07C0
0FC0
FBC0
FBC0
F3C0
E3C0
03C0
03C0
03E0
03FC
03FC
01FC
00FC
ENDCHAR
STARTCHAR 02B6
ENCODING 694
SWIDTH 600 0
DWIDTH 30 0
BBX 17 19 6 12
BITMAP
F80F80
F80F80
F81F00
F81F00
F83E00
F87C00
F87C00
F8F800
FFF000
FFFC00
FFFE00
F81F00
F81F00
F81F00
F81F00
F83F00
FFFE00
FFFC00
FFF000
ENDCHAR
STARTCHAR 02B7
ENCODING 695
SWIDTH 600 0
DWIDTH 30 0
BBX 26 19 2 12
BITMAP
F03F03C0
F03F03C0
F83F07C0
783F0780
787F8780
787F8780
78738780
3C738F00
3CF3CF00
3CF3CF00
3CE1CF00
1CE1CE00
1FE1FE00
1FE1FE00
1FC0FE00
1FC0FC00
0FC0FC00
0FC0FC00
0F807C00
ENDCHAR
STARTCHAR 02B8
ENCODING 696
SWIDTH 600 0
DWIDTH 30 0
BBX 18 26 6 5
BITMAP
F807C0
F807C0
7C0780
7C0F80
7C0F80
3C0F00
3E1F00
1E1F00
1E1E00
1F3E00
0F3C00
0F3C00
07BC00
07F800
07F800
03F800
03F000
03F000
01F000
03E000
03E000
07C000
7FC000
7F8000
7F0000
7E0000
ENDCHAR
STARTCHAR 02B9
ENCODING 697
SWIDTH 600 0
DWIDTH 30 0
BBX 6 15 12 21
BITMAP
FC
FC
FC
FC
FC
FC
FC
FC
FC
FC
FC
FC
FC
FC
78
ENDCHAR
STARTCHAR 02BA
ENCODING 698
SWIDTH 600 0
DWIDTH 30 0
BBX 18 15 6 21
BITMAP
FE1FC0
FE1FC0
FE1FC0
FE1FC0
FE0FC0
FC0FC0
7C0FC0
7C0F80
7C0F80
7C0F80
7C0F80
7C0F80
7C0F80
7C0F80
7C0F80
ENDCHAR
STARTCHAR 02BB
ENCODING 699
SWIDTH 600 0
DWIDTH 30 0
BBX 7 14 11 20
BITMAP
1E
3E
3C
78
78
78
70
F0
FE
FE
FE
FE
FE
FE
ENDCHAR
STARTCHAR 02BC
ENCODING 700
SWIDTH 600 0
DWIDTH 30 0
BBX 7 14 12 20
BITMAP
FE
FE
FE
FE
FE
FE
1C
1C
3C
3C
3C
78
F8
F0
ENDCHAR
STARTCHAR 02BD
ENCODING 701
SWIDTH 600 0
DWIDTH 30 0
BBX 7 14 11 20
BITMAP
FE
FE
FE
FE
FE
FE
F0
70
78
78
78
3C
3C
1E
ENDCHAR
STARTCHAR 02BE
ENCODING 702
SWIDTH 600 0
DWIDTH 30 0
BBX 6 10 12 28
BITMAP
E0
F0
F8
3C
1C
1C
3C
F8
F8
E0
ENDCHAR
STARTCHAR 02BF
ENCODING 703
SWIDTH 600 0
DWIDTH 30 0
BBX 6 10 12 28
BITMAP
1C
3C
7C
F0
E0
E0
F0
7C
7C
1C
ENDCHAR
STARTCHAR 02C0
ENCODING 704
SWIDTH 600 0
DWIDTH 30 0
BBX 16 24 7 12
BITMAP
07E0
1FF8
3FFC
7FFE
FC3E
F81F
301F
001F
001F
001F
001F
001F
003E
007E
07FC
07FC
07F0
07C0
07C0
07C0
07C0
07C0
07C0
07C0
ENDCHAR
STARTCHAR 02C1
ENCODING 705
SWIDTH 600 0
DWIDTH 30 0
BBX 16 24 7 12
BITMAP
07E0
1FF8
3FFC
7FFE
7C3F
F81F
F80C
F800
F800
F800
F800
F800
7C00
7E00
7FE0
3FE0
1FE0
03E0
03E0
03E0
03E0
03E0
03E0
03E0
ENDCHAR
STARTCHAR 02C2
ENCODING 706
SWIDTH 600 0
DWIDTH 30 0
BBX 26 27 2 3
BITMAP
000000C0
000003C0
00001FC0
0000FFC0
0003FFC0
001FFFC0
00FFFE00
03FFF800
1FFFC000
7FFE0000
FFF80000
FFC00000
FF000000
F8000000
FF000000
FFC00000
FFF80000
7FFE0000
1FFFC000
03FFF800
007FFE00
001FFFC0
0003FFC0
0000FFC0
00001FC0
000003C0
000000C0
ENDCHAR
STARTCHAR 02C3
ENCODING 707
SWIDTH 600 0
DWIDTH 30 0
BBX 26 27 2 3
BITMAP
C0000000
F0000000
FE000000
FFC00000
FFF00000
FFFE0000
1FFFC000
07FFF000
00FFFE00
001FFF80
0007FFC0
0000FFC0
00003FC0
000007C0
00003FC0
0000FFC0
0007FFC0
001FFF80
00FFFE00
07FFF000
1FFF8000
FFFE0000
FFF00000
FFC00000
FE000000
F0000000
C0000000
ENDCHAR
STARTCHAR 02C4
ENCODING 708
SWIDTH 600 0
DWIDTH 30 0
BBX 26 25 2 5
BITMAP
007F8000
00FF8000
00FFC000
00FFC000
01FFE000
01FFE000
01F3E000
03F3F000
03F3F000
07E1F800
07E1F800
07C0F800
0FC0FC00
0FC0FC00
0F807C00
1F807E00
1F003E00
3F003F00
3F003F00
3E001F00
7E001F80
7C000F80
FC000FC0
FC000FC0
F80007C0
ENDCHAR
STARTCHAR 02C5
ENCODING 709
SWIDTH 600 0
DWIDTH 30 0
BBX 26 25 2 5
BITMAP
F80007C0
FC000FC0
FC000FC0
7C000F80
7E001F80
3E001F00
3F003F00
3F003F00
1F003E00
1F807E00
0F807C00
0FC0FC00
0FC0FC00
07C0F800
07E1F800
07E1F800
03F3F000
03F3F000
01F3E000
01FFE000
01FFE000
00FFC000
00FFC000
00FFC000
007F8000
ENDCHAR
STARTCHAR 02C6
ENCODING 710
SWIDTH 600 0
DWIDTH 30 0
BBX 18 7 6 29
BITMAP
03F000
07F800
0FFC00
1FFE00
3F3F00
7C0F80
F807C0
ENDCHAR
STARTCHAR 02C7
ENCODING 711
SWIDTH 600 0
DWIDTH 30 0
BBX 18 7 6 29
BITMAP
F807C0
7C0F80
3F3F00
1FFE00
0FFC00
07F800
03F000
ENDCHAR
STARTCHAR 02C8
ENCODING 712
SWIDTH 600 0
DWIDTH 30 0
BBX 4 9 13 26
BITMAP
F0
F0
F0
F0
F0
F0
F0
F0
F0
ENDCHAR
STARTCHAR 02C9
ENCODING 713
SWIDTH 600 0
DWIDTH 30 0
BBX 14 4 8 30
BITMAP
FFFC
FFFC
FFFC
FFFC
ENDCHAR
STARTCHAR 02CA
ENCODING 714
SWIDTH 600 0
DWIDTH 30 0
BBX 10 7 10 28
BITMAP
0FC0
1FC0
3F00
3E00
7C00
F800
F000
ENDCHAR
STARTCHAR 02CB
ENCODING 715
SWIDTH 600 0
DWIDTH 30 0
BBX 10 7 10 28
BITMAP
FC00
FE00
7F00
1F00
0F80
07C0
03C0
ENDCHAR
STARTCHAR 02CC
ENCODING 716
SWIDTH 600 0
DWIDTH 30 0
BBX 4 9 13 -11
BITMAP
F0
F0
F0
F0
F0
F0
F0
F0
F0
ENDCHAR
STARTCHAR 02CD
ENCODING 717
SWIDTH 600 0
DWIDTH 30 0
BBX 14 4 8 -8
BITMAP
FFFC
FFFC
FFFC
FFFC
ENDCHAR
STARTCHAR 02CE
ENCODING 718
SWIDTH 600 0
DWIDTH 30 0
BBX 10 7 10 -10
BITMAP
FC00
FE00
3F00
1F00
0F80
07C0
03C0
ENDCHAR
STARTCHAR 02CF
ENCODING 719
SWIDTH 600 0
DWIDTH 30 0
BBX 10 7 10 -10
BITMAP
0FC0
1FC0
3F00
3E00
7C00
F800
F000
ENDCHAR
STARTCHAR 02D0
ENCODING 720
SWIDTH 600 0
DWIDTH 30 0
BBX 8 26 11 0
BITMAP
FF
7E
7E
7E
3C
3C
3C
00
00
00
00
00
00
00
00
00
00
00
00
3C
3C
3C
7E
7E
7E
FF
ENDCHAR
STARTCHAR 02D1
ENCODING 721
SWIDTH 600 0
DWIDTH 30 0
BBX 8 7 11 19
BITMAP
FF
7E
7E
7E
3C
3C
3C
ENDCHAR
STARTCHAR 02D2
ENCODING 722
SWIDTH 600 0
DWIDTH 30 0
BBX 6 10 12 2
BITMAP
E0
F0
F8
3C
1C
1C
3C
F8
F8
E0
ENDCHAR
STARTCHAR 02D3
ENCODING 723
SWIDTH 600 0
DWIDTH 30 0
BBX 6 10 12 2
BITMAP
1C
3C
7C
F0
E0
E0
F0
7C
7C
1C
ENDCHAR
STARTCHAR 02D4
ENCODING 724
SWIDTH 600 0
DWIDTH 30 0
BBX 8 9 11 4
BITMAP
3C
3C
3C
3C
3C
3C
FF
FF
FF
ENDCHAR
STARTCHAR 02D5
ENCODING 725
SWIDTH 600 0
DWIDTH 30 0
BBX 8 9 11 4
BITMAP
FF
FF
FF
3C
3C
3C
3C
3C
3C
ENDCHAR
STARTCHAR 02D6
ENCODING 726
SWIDTH 600 0
DWIDTH 30 0
BBX 8 9 11 4
BITMAP
3C
3C
3C
FF
FF
FF
3C
3C
3C
ENDCHAR
STARTCHAR 02D7
ENCODING 727
SWIDTH 600 0
DWIDTH 30 0
BBX 16 5 7 6
BITMAP
FFFF
FFFF
FFFF
FFFF
FFFF
ENDCHAR
STARTCHAR 02D8
ENCODING 728
SWIDTH 600 0
DWIDTH 30 0
BBX 18 7 6 29
BITMAP
F007C0
780780
7C0F80
7FFF80
3FFF00
1FFE00
07F800
ENDCHAR
STARTCHAR 02D9
ENCODING 729
SWIDTH 600 0
DWIDTH 30 0
BBX 6 5 12 31
BITMAP
FC
FC
FC
FC
FC
ENDCHAR
STARTCHAR 02DA
ENCODING 730
SWIDTH 600 0
DWIDTH 30 0
BBX 12 10 9 28
BITMAP
1F80
3FC0
7FE0
F0F0
F0F0
F0F0
F1F0
7FE0
3FC0
1F80
ENDCHAR
STARTCHAR 02DB
ENCODING 731
SWIDTH 600 0
DWIDTH 30 0
BBX 10 11 10 -10
BITMAP
1E00
3C00
7800
7800
F800
F800
F800
FFC0
7FC0
3FC0
1F80
ENDCHAR
STARTCHAR 02DC
ENCODING 732
SWIDTH 600 0
DWIDTH 30 0
BBX 19 7 5 29
BITMAP
0F00E0
3FC0E0
7FF9E0
7FFFE0
79FFE0
703FC0
F00F00
ENDCHAR
STARTCHAR 02DD
ENCODING 733
SWIDTH 600 0
DWIDTH 30 0
BBX 21 7 0 29
BITMAP
07E1F8
0FE3F8
1F87E0
3F0FC0
7E1F80
783E00
F03C00
ENDCHAR
STARTCHAR 02DE
ENCODING 734
SWIDTH 600 0
DWIDTH 30 0
BBX 16 11 7 9
BITMAP
0E00
FE00
FE00
FF00
7F00
7F00
1FFE
1FFE
0FFF
07FF
03FC
ENDCHAR
STARTCHAR 02DF
ENCODING 735
SWIDTH 600 0
DWIDTH 30 0
BBX 16 17 7 20
BITMAP
2004
700E
F81F
7C3E
3E7C
1FFC
0FF8
0FF0
07E0
0FF0
0FF8
1FFC
3E7C
7C3E
F81F
700E
2004
ENDCHAR
STARTCHAR 02E0
ENCODING 736
SWIDTH 600 0
DWIDTH 30 0
BBX 18 26 6 5
BITMAP
F807C0
F807C0
7C0F80
7C0F80
3C0F00
3E1F00
1E1E00
1F3E00
1F3C00
0F7C00
0FF800
07F800
07F800
03F000
03F000
07F800
07F800
0FBC00
0F3C00
0F3C00
0F3E00
0F3E00
0FBC00
0FFC00
07F800
03F000
ENDCHAR
STARTCHAR 02E1
ENCODING 737
SWIDTH 600 0
DWIDTH 30 0
BBX 4 26 13 12
BITMAP
F0
F0
F0
F0
F0
F0
F0
F0
F0
F0
F0
F0
F0
F0
F0
F0
F0
F0
F0
F0
F0
F0
F0
F0
F0
F0
ENDCHAR
STARTCHAR 02E2
ENCODING 738
SWIDTH 600 0
DWIDTH 30 0
BBX 16 19 7 12
BITMAP
0FF0
3FFC
7FFE
7C3E
781F
7800
7C00
7F80
7FF8
3FFE
07FE
007F
001F
100F
F00F
FC3F
7FFE
3FFC
0FF0
ENDCHAR
STARTCHAR 02E3
ENCODING 739
SWIDTH 600 0
DWIDTH 30 0
BBX 18 19 6 12
BITMAP
F80FC0
7C0F80
3E1F00
3E1E00
1F3E00
0FFC00
07F800
07F800
03F000
03F000
07F800
07F800
0FFC00
1F3E00
1F3E00
3E1F00
7C0F80
7C0F80
F807C0
ENDCHAR
STARTCHAR 02E4
ENCODING 740
SWIDTH 600 0
DWIDTH 30 0
BBX 16 24 7 12
BITMAP
07E0
1FF8
3FFC
7FFE
7C3F
F81F
F80C
F800
F800
F800
F800
F800
7C00
7E00
7FE0
3FE0
1FE0
03E0
03E0
03E0
03E0
03E0
03E0
03E0
ENDCHAR
STARTCHAR 02E5
ENCODING 741
SWIDTH 600 0
DWIDTH 30 0
BBX 12 36 9 0
BITMAP
FFF0
FFF0
FFF0
FFF0
00F0
00F0
00F0
00F0
00F0
00F0
00F0
00F0
00F0
00F0
00F0
00F0
00F0
00F0
00F0
00F0
00F0
00F0
00F0
00F0
00F0
00F0
00F0
00F0
00F0
00F0
00F0
00F0
00F0
00F0
00F0
00F0
ENDCHAR
STARTCHAR 02E6
ENCODING 742
SWIDTH 600 0
DWIDTH 30 0
BBX 12 36 9 0
BITMAP
00F0
00F0
00F0
00F0
00F0
00F0
00F0
00F0
FFF0
FFF0
FFF0
FFF0
00F0
00F0
00F0
00F0
00F0
00F0
00F0
00F0
00F0
00F0
00F0
00F0
00F0
00F0
00F0
00F0
00F0
00F0
00F0
00F0
00F0
00F0
00F0
00F0
ENDCHAR
STARTCHAR 02E7
ENCODING 743
SWIDTH 600 0
DWIDTH 30 0
BBX 12 36 9 0
BITMAP
00F0
00F0
00F0
00F0
00F0
00F0
00F0
00F0
00F0
00F0
00F0
00F0
00F0
00F0
00F0
00F0
FFF0
FFF0
FFF0
FFF0
00F0
00F0
00F0
00F0
00F0
00F0
00F0
00F0
00F0
00F0
00F0
00F0
00F0
00F0
00F0
00F0
ENDCHAR
STARTCHAR 02E8
ENCODING 744
SWIDTH 600 0
DWIDTH 30 0
BBX 12 36 9 0
BITMAP
00F0
00F0
00F0
00F0
00F0
00F0
00F0
00F0
00F0
00F0
00F0
00F0
00F0
00F0
00F0
00F0
00F0
00F0
00F0
00F0
00F0
00F0
00F0
00F0
FFF0
FFF0
FFF0
FFF0
00F0
00F0
00F0
00F0
00F0
00F0
00F0
00F0
ENDCHAR
STARTCHAR 02E9
ENCODING 745
SWIDTH 600 0
DWIDTH 30 0
BBX 12 36 9 0
BITMAP
00F0
00F0
00F0
00F0
00F0
00F0
00F0
00F0
00F0
00F0
00F0
00F0
00F0
00F0
00F0
00F0
00F0
00F0
00F0
00F0
00F0
00F0
00F0
00F0
00F0
00F0
00F0
00F0
00F0
00F0
00F0
00F0
FFF0
FFF0
FFF0
FFF0
ENDCHAR
STARTCHAR 02EA
ENCODING 746
SWIDTH 600 0
DWIDTH 30 0
BBX 12 21 9 0
BITMAP
E000
E000
E000
E000
E000
E000
E000
E000
E000
E000
E000
E000
E000
E000
E000
E000
E000
E000
FFF0
FFF0
FFF0
ENDCHAR
STARTCHAR 02EB
ENCODING 747
SWIDTH 600 0
DWIDTH 30 0
BBX 12 21 9 0
BITMAP
E000
E000
E000
E000
E000
E000
E000
E000
E000
FFF0
FFF0
FFF0
E000
E000
E000
E000
E000
E000
E000
E000
E000
ENDCHAR
STARTCHAR 02EC
ENCODING 748
SWIDTH 600 0
DWIDTH 30 0
BBX 18 7 6 -13
BITMAP
F807C0
7C0F80
3F1F00
1FFE00
0FFC00
07F800
03F000
ENDCHAR
STARTCHAR 02ED
ENCODING 749
SWIDTH 600 0
DWIDTH 30 0
BBX 14 9 8 29
BITMAP
FFFC
FFFC
FFFC
0000
0000
0000
FFFC
FFFC
FFFC
ENDCHAR
STARTCHAR 02EE
ENCODING 750
SWIDTH 600 0
DWIDTH 30 0
BBX 18 14 6 20
BITMAP
FE1FC0
FE1FC0
FE1FC0
FE1FC0
FE1FC0
FE1FC0
1E03C0
1E03C0
1C03C0
3C03C0
3C0780
7C0780
780F80
F00F00
ENDCHAR
STARTCHAR 02EF
ENCODING 751
SWIDTH 600 0
DWIDTH 30 0
BBX 9 7 4 -9
BITMAP
E380
E700
7700
7E00
3E00
1C00
1800
ENDCHAR
STARTCHAR 02F0
ENCODING 752
SWIDTH 600 0
DWIDTH 30 0
BBX 9 7 4 -9
BITMAP
1800
1C00
3E00
7E00
7700
E700
E380
ENDCHAR
STARTCHAR 02F1
ENCODING 753
SWIDTH 600 0
DWIDTH 30 0
BBX 7 10 5 -10
BITMAP
02
0E
1E
7C
F0
F0
7C
1E
0E
02
ENDCHAR
STARTCHAR 02F2
ENCODING 754
SWIDTH 600 0
DWIDTH 30 0
BBX 7 10 5 -10
BITMAP
80
C0
F0
7C
1E
1E
7C
F0
C0
80
ENDCHAR
STARTCHAR 02F3
ENCODING 755
SWIDTH 600 0
DWIDTH 30 0
BBX 9 9 4 -10
BITMAP
3E00
7F00
E780
C380
C180
C380
E780
7F00
3E00
ENDCHAR
STARTCHAR 02F4
ENCODING 756
SWIDTH 600 0
DWIDTH 30 0
BBX 10 7 2 5
BITMAP
FC00
FE00
7F00
3F00
0F80
07C0
03C0
ENDCHAR
STARTCHAR 02F5
ENCODING 757
SWIDTH 600 0
DWIDTH 30 0
BBX 20 7 -2 5
BITMAP
FE7F00
7F3F80
3F1F80
1F8FC0
0FC7E0
03C1E0
01E0F0
ENDCHAR
STARTCHAR 02F6
ENCODING 758
SWIDTH 600 0
DWIDTH 30 0
BBX 20 7 -2 5
BITMAP
0FE7F0
0FC7E0
1F8FC0
3F1F80
3E1F00
7C3E00
F87C00
ENDCHAR
STARTCHAR 02F7
ENCODING 759
SWIDTH 600 0
DWIDTH 30 0
BBX 17 6 0 -9
BITMAP
3E0380
7F8780
FFFF80
FFFF00
E1FF00
E03C00
ENDCHAR
STARTCHAR 02F8
ENCODING 760
SWIDTH 600 0
DWIDTH 30 0
BBX 7 25 5 11
BITMAP
FE
FE
FE
FE
FE
FE
FE
00
00
00
00
00
00
00
00
00
00
00
FE
FE
FE
FE
FE
FE
FE
ENDCHAR
STARTCHAR 02F9
ENCODING 761
SWIDTH 600 0
DWIDTH 30 0
BBX 9 8 4 28
BITMAP
FF80
FF80
FF80
E000
E000
E000
E000
E000
ENDCHAR
STARTCHAR 02FA
ENCODING 762
SWIDTH 600 0
DWIDTH 30 0
BBX 9 8 4 28
BITMAP
FF80
FF80
FF80
0380
0380
0380
0380
0380
ENDCHAR
STARTCHAR 02FB
ENCODING 763
SWIDTH 600 0
DWIDTH 30 0
BBX 9 8 4 -10
BITMAP
E000
E000
E000
E000
E000
FF80
FF80
FF80
ENDCHAR
STARTCHAR 02FC
ENCODING 764
SWIDTH 600 0
DWIDTH 30 0
BBX 9 8 4 -10
BITMAP
0380
0380
0380
0380
0380
FF80
FF80
FF80
ENDCHAR
STARTCHAR 02FD
ENCODING 765
SWIDTH 600 0
DWIDTH 30 0
BBX 18 9 1 -10
BITMAP
F003C0
F003C0
F003C0
F003C0
F003C0
FFFFC0
FFFFC0
FFFFC0
FFFFC0
ENDCHAR
STARTCHAR 02FE
ENCODING 766
SWIDTH 600 0
DWIDTH 30 0
BBX 18 9 1 -10
BITMAP
F00000
F00000
F00000
F00000
F00000
FFFFC0
FFFFC0
FFFFC0
FFFFC0
ENDCHAR
STARTCHAR 02FF
ENCODING 767
SWIDTH 600 0
DWIDTH 30 0
BBX 13 14 2 -10
BITMAP
0E00
1C00
3800
3800
7000
E000
FFF8
FFF8
FFF8
7000
3800
3800
1C00
0E00
ENDCHAR
STARTCHAR 0300
ENCODING 768
SWIDTH 0 0
DWIDTH 0 0
BBX 11 7 -14 38
BITMAP
FE00
7F00
3F00
1F80
0FC0
03C0
01E0
ENDCHAR
STARTCHAR 0301
ENCODING 769
SWIDTH 0 0
DWIDTH 0 0
BBX 10 7 -10 38
BITMAP
0FC0
1FC0
3F80
3E00
7C00
F800
F000
ENDCHAR
STARTCHAR 0302
ENCODING 770
SWIDTH 0 0
DWIDTH 0 0
BBX 18 7 -3 29
BITMAP
03F000
07F800
0FFC00
1FFE00
3F3F00
7C0F80
F807C0
ENDCHAR
STARTCHAR 0303
ENCODING 771
SWIDTH 0 0
DWIDTH 0 0
BBX 17 6 -23 38
BITMAP
1F0380
3FC380
7FFF80
7FFF80
F0FF00
E03E00
ENDCHAR
STARTCHAR 0304
ENCODING 772
SWIDTH 0 0
DWIDTH 0 0
BBX 15 4 -8 32
BITMAP
FFFE
FFFE
FFFE
FFFE
ENDCHAR
STARTCHAR 0305
ENCODING 773
SWIDTH 0 0
DWIDTH 0 0
BBX 29 2 -15 39
BITMAP
FFFFFFF8
FFFFFFF8
ENDCHAR
STARTCHAR 0306
ENCODING 774
SWIDTH 0 0
DWIDTH 0 0
BBX 18 8 -9 29
BITMAP
F003C0
780780
780780
7E1F80
3FFF00
1FFE00
0FFC00
03F000
ENDCHAR
STARTCHAR 0307
ENCODING 775
SWIDTH 0 0
DWIDTH 0 0
BBX 6 5 -3 31
BITMAP
FC
FC
FC
FC
FC
ENDCHAR
STARTCHAR 0308
ENCODING 776
SWIDTH 0 0
DWIDTH 0 0
BBX 16 5 -8 31
BITMAP
F81F
F81F
F81F
F81F
F81F
ENDCHAR
STARTCHAR 0309
ENCODING 777
SWIDTH 0 0
DWIDTH 0 0
BBX 11 8 -12 35
BITMAP
FF00
FFC0
FFE0
03E0
03E0
1FC0
1E00
1E00
ENDCHAR
STARTCHAR 030A
ENCODING 778
SWIDTH 0 0
DWIDTH 0 0
BBX 10 9 -5 28
BITMAP
1E00
7F80
7380
E1C0
E1C0
E1C0
7380
7F80
1E00
ENDCHAR
STARTCHAR 030B
ENCODING 779
SWIDTH 0 0
DWIDTH 0 0
BBX 21 7 -11 29
BITMAP
07E1F8
0FC3F0
1F87E0
3F0FC0
7C1F00
F83E00
F07C00
ENDCHAR
STARTCHAR 030C
ENCODING 780
SWIDTH 0 0
DWIDTH 0 0
BBX 18 7 -3 29
BITMAP
F807C0
7C0F80
3F3F00
1FFE00
0FFC00
07F800
03F000
ENDCHAR
STARTCHAR 030D
ENCODING 781
SWIDTH 0 0
DWIDTH 0 0
BBX 4 9 -2 27
BITMAP
F0
F0
F0
F0
F0
F0
F0
F0
F0
ENDCHAR
STARTCHAR 030E
ENCODING 782
SWIDTH 0 0
DWIDTH 0 0
BBX 10 9 -5 27
BITMAP
F3C0
F3C0
F3C0
F3C0
F3C0
F3C0
F3C0
F3C0
F3C0
ENDCHAR
STARTCHAR 030F
ENCODING 783
SWIDTH 0 0
DWIDTH 0 0
BBX 21 7 -11 29
BITMAP
FC7F00
FE3F80
3F1F80
1F07C0
0F83E0
07C1F0
01E078
ENDCHAR
STARTCHAR 0310
ENCODING 784
SWIDTH 0 0
DWIDTH 0 0
BBX 16 13 -8 29
BITMAP
07E0
07E0
07E0
07E0
07E0
F00F
F00F
F81F
FC3E
7FFE
3FFC
1FF8
07E0
ENDCHAR
STARTCHAR 0311
ENCODING 785
SWIDTH 0 0
DWIDTH 0 0
BBX 16 7 -8 29
BITMAP
07E0
1FF8
3FFC
7FFE
F81F
F00F
F00F
ENDCHAR
STARTCHAR 0312
ENCODING 786
SWIDTH 0 0
DWIDTH 0 0
BBX 7 14 -4 20
BITMAP
1E
3C
3C
78
78
78
70
F0
FE
FE
FE
FE
FE
FE
ENDCHAR
STARTCHAR 0313
ENCODING 787
SWIDTH 0 0
DWIDTH 0 0
BBX 7 14 -3 20
BITMAP
FE
FE
FE
FE
FE
FE
1C
3C
3C
3C
3C
78
F8
F0
ENDCHAR
STARTCHAR 0314
ENCODING 788
SWIDTH 0 0
DWIDTH 0 0
BBX 7 14 -4 20
BITMAP
FE
FE
FE
FE
FE
FE
F0
70
78
78
78
3C
3C
1E
ENDCHAR
STARTCHAR 0315
ENCODING 789
SWIDTH 0 0
DWIDTH 0 0
BBX 7 14 1 20
BITMAP
FE
FE
FE
FE
FE
FE
1E
1C
3C
3C
3C
78
78
F0
ENDCHAR
STARTCHAR 0316
ENCODING 790
SWIDTH 0 0
DWIDTH 0 0
BBX 10 7 -5 -10
BITMAP
FC00
FE00
7F00
1F00
0F80
07C0
03C0
ENDCHAR
STARTCHAR 0317
ENCODING 791
SWIDTH 0 0
DWIDTH 0 0
BBX 10 7 -5 -10
BITMAP
0FC0
1FC0
3F00
3E00
7C00
F800
F000
ENDCHAR
STARTCHAR 0318
ENCODING 792
SWIDTH 0 0
DWIDTH 0 0
BBX 9 9 -5 -10
BITMAP
0380
0380
0380
FF80
FF80
FF80
0380
0380
0380
ENDCHAR
STARTCHAR 0319
ENCODING 793
SWIDTH 0 0
DWIDTH 0 0
BBX 9 9 -4 -10
BITMAP
E000
E000
E000
FF80
FF80
FF80
E000
E000
E000
ENDCHAR
STARTCHAR 031A
ENCODING 794
SWIDTH 0 0
DWIDTH 0 0
BBX 18 12 -9 30
BITMAP
FFFFC0
FFFFC0
FFFFC0
FFFFC0
0003C0
0003C0
0003C0
0003C0
0003C0
0003C0
0003C0
0003C0
ENDCHAR
STARTCHAR 031B
ENCODING 795
SWIDTH 0 0
DWIDTH 0 0
BBX 8 16 0 19
BITMAP
3F
3F
3F
3F
3F
3F
07
07
07
0F
1E
3E
FC
F8
F0
C0
ENDCHAR
STARTCHAR 031C
ENCODING 796
SWIDTH 0 0
DWIDTH 0 0
BBX 6 10 -3 -11
BITMAP
1C
3C
7C
F0
E0
E0
F0
7C
7C
1C
ENDCHAR
STARTCHAR 031D
ENCODING 797
SWIDTH 0 0
DWIDTH 0 0
BBX 8 9 -4 -11
BITMAP
1C
1C
1C
1C
1C
1C
FF
FF
FF
ENDCHAR
STARTCHAR 031E
ENCODING 798
SWIDTH 0 0
DWIDTH 0 0
BBX 8 9 -4 -11
BITMAP
FF
FF
FF
1C
1C
1C
1C
1C
1C
ENDCHAR
STARTCHAR 031F
ENCODING 799
SWIDTH 0 0
DWIDTH 0 0
BBX 10 9 -5 -11
BITMAP
1C00
1C00
1C00
FFC0
FFC0
FFC0
1C00
1C00
1C00
ENDCHAR
STARTCHAR 0320
ENCODING 800
SWIDTH 0 0
DWIDTH 0 0
BBX 20 5 -10 -8
BITMAP
FFFFF0
FFFFF0
FFFFF0
FFFFF0
FFFFF0
ENDCHAR
STARTCHAR 0321
ENCODING 801
SWIDTH 0 0
DWIDTH 0 0
BBX 13 13 -6 -11
BITMAP
03F8
03F8
03F8
03F8
03F8
03F8
03F8
8FF8
FFF0
FFF0
FFE0
FFC0
FF00
ENDCHAR
STARTCHAR 0322
ENCODING 802
SWIDTH 0 0
DWIDTH 0 0
BBX 13 13 0 -11
BITMAP
FE00
FE00
FE00
FE00
FE00
FE00
FE00
FF88
7FF8
7FF8
3FF8
1FF8
0FF8
ENDCHAR
STARTCHAR 0323
ENCODING 803
SWIDTH 0 0
DWIDTH 0 0
BBX 6 5 -3 -9
BITMAP
FC
FC
FC
FC
FC
ENDCHAR
STARTCHAR 0324
ENCODING 804
SWIDTH 0 0
DWIDTH 0 0
BBX 16 5 -8 -9
BITMAP
F81F
F81F
F81F
F81F
F81F
ENDCHAR
STARTCHAR 0325
ENCODING 805
SWIDTH 0 0
DWIDTH 0 0
BBX 10 9 -5 -10
BITMAP
1E00
7F80
7380
E1C0
E1C0
E1C0
7380
7F80
1E00
ENDCHAR
STARTCHAR 0326
ENCODING 806
SWIDTH 0 0
DWIDTH 0 0
BBX 6 9 -3 -11
BITMAP
FC
FC
FC
FC
FC
1C
38
38
70
ENDCHAR
STARTCHAR 0327
ENCODING 807
SWIDTH 0 0
DWIDTH 0 0
BBX 13 10 -6 -10
BITMAP
3F80
3FE0
3FF0
01F8
00F8
00F8
03F0
FFF0
FFE0
FF00
ENDCHAR
STARTCHAR 0328
ENCODING 808
SWIDTH 0 0
DWIDTH 0 0
BBX 10 10 -5 -10
BITMAP
1E00
3C00
7800
7800
7800
F800
7FC0
7FC0
3FC0
1F80
ENDCHAR
STARTCHAR 0329
ENCODING 809
SWIDTH 0 0
DWIDTH 0 0
BBX 4 9 -2 -11
BITMAP
F0
F0
F0
F0
F0
F0
F0
F0
F0
ENDCHAR
STARTCHAR 032A
ENCODING 810
SWIDTH 0 0
DWIDTH 0 0
BBX 18 9 -9 -10
BITMAP
FFFFC0
FFFFC0
FFFFC0
FFFFC0
F003C0
F003C0
F003C0
F003C0
F003C0
ENDCHAR
STARTCHAR 032B
ENCODING 811
SWIDTH 0 0
DWIDTH 0 0
BBX 16 5 -8 -8
BITMAP
C183
E187
F3C7
7FFE
3F7C
ENDCHAR
STARTCHAR 032C
ENCODING 812
SWIDTH 0 0
DWIDTH 0 0
BBX 18 7 -9 -12
BITMAP
F807C0
7C0F80
3F1F00
1FFE00
0FFC00
07F800
03F000
ENDCHAR
STARTCHAR 032D
ENCODING 813
SWIDTH 0 0
DWIDTH 0 0
BBX 18 7 -9 -12
BITMAP
03F000
07F800
0FFC00
1FFE00
3F3F00
7C0F80
F807C0
ENDCHAR
STARTCHAR 032E
ENCODING 814
SWIDTH 0 0
DWIDTH 0 0
BBX 17 7 -9 -12
BITMAP
F00780
F80780
7C0F80
7FFF00
3FFF00
1FFE00
07F800
ENDCHAR
STARTCHAR 032F
ENCODING 815
SWIDTH 0 0
DWIDTH 0 0
BBX 16 7 -8 -10
BITMAP
07E0
1FF8
3FFC
7FFE
F81F
F00F
F00F
ENDCHAR
STARTCHAR 0330
ENCODING 816
SWIDTH 0 0
DWIDTH 0 0
BBX 19 7 -4 -9
BITMAP
1F00E0
3FC0E0
7FF9E0
7FFFE0
79FFC0
F07FC0
F00F00
ENDCHAR
STARTCHAR 0331
ENCODING 817
SWIDTH 0 0
DWIDTH 0 0
BBX 15 4 -7 -8
BITMAP
FFFE
FFFE
FFFE
FFFE
ENDCHAR
STARTCHAR 0332
ENCODING 818
SWIDTH 0 0
DWIDTH 0 0
BBX 30 2 -14 -5
BITMAP
FFFFFFFC
FFFFFFFC
ENDCHAR
STARTCHAR 0333
ENCODING 819
SWIDTH 0 0
DWIDTH 0 0
BBX 16 14 -8 -19
BITMAP
FFFF
FFFF
FFFF
FFFF
FFFF
0000
0000
0000
0000
FFFF
FFFF
FFFF
FFFF
FFFF
ENDCHAR
STARTCHAR 0334
ENCODING 820
SWIDTH 0 0
DWIDTH 0 0
BBX 19 7 -4 5
BITMAP
1F00E0
3FC0E0
7FF1E0
7FFFE0
79FFC0
F07FC0
F00F00
ENDCHAR
STARTCHAR 0335
ENCODING 821
SWIDTH 0 0
DWIDTH 0 0
BBX 16 5 -8 6
BITMAP
FFFF
FFFF
FFFF
FFFF
FFFF
ENDCHAR
STARTCHAR 0336
ENCODING 822
SWIDTH 0 0
DWIDTH 0 0
BBX 28 5 -14 6
BITMAP
FFFFFFF0
FFFFFFF0
FFFFFFF0
FFFFFFF0
FFFFFFF0
ENDCHAR
STARTCHAR 0337
ENCODING 823
SWIDTH 0 0
DWIDTH 0 0
BBX 24 23 -12 -1
BITMAP
000008
00001C
00003E
00007F
0000FE
0001FC
0003F8
0007F0
001FE0
003FC0
007F80
00FF00
01FE00
03FC00
07F800
0FF000
1FE000
3FC000
7F0000
FE0000
7C0000
380000
100000
ENDCHAR
STARTCHAR 0338
ENCODING 824
SWIDTH 0 0
DWIDTH 0 0
BBX 12 37 -6 -1
BITMAP
01F0
01F0
01F0
03E0
03E0
03E0
03E0
03E0
07E0
07C0
07C0
07C0
07C0
0FC0
0F80
0F80
0F80
0F80
1F80
1F00
1F00
1F00
1F00
3F00
3F00
3E00
3E00
3E00
3E00
7E00
7C00
7C00
7C00
7C00
FC00
F800
F800
ENDCHAR
STARTCHAR 0339
ENCODING 825
SWIDTH 0 0
DWIDTH 0 0
BBX 6 10 -3 -11
BITMAP
E0
F0
F8
3C
1C
1C
3C
F8
F0
E0
ENDCHAR
STARTCHAR 033A
ENCODING 826
SWIDTH 0 0
DWIDTH 0 0
BBX 18 9 -9 -10
BITMAP
F003C0
F003C0
F003C0
F003C0
F003C0
FFFFC0
FFFFC0
FFFFC0
FFFFC0
ENDCHAR
STARTCHAR 033B
ENCODING 827
SWIDTH 0 0
DWIDTH 0 0
BBX 10 9 -5 -10
BITMAP
FFC0
FFC0
E1C0
E1C0
E1C0
E1C0
E1C0
FFC0
FFC0
ENDCHAR
STARTCHAR 033C
ENCODING 828
SWIDTH 0 0
DWIDTH 0 0
BBX 16 5 -8 -8
BITMAP
3E7C
7FFE
FFFF
E3C7
0180
ENDCHAR
STARTCHAR 033D
ENCODING 829
SWIDTH 0 0
DWIDTH 0 0
BBX 10 9 -5 29
BITMAP
6180
F3C0
7F80
3F00
1E00
3F00
7F80
F3C0
6180
ENDCHAR
STARTCHAR 033E
ENCODING 830
SWIDTH 0 0
DWIDTH 0 0
BBX 4 13 -2 28
BITMAP
30
F0
F0
C0
C0
E0
E0
70
70
70
F0
F0
C0
ENDCHAR
STARTCHAR 033F
ENCODING 831
SWIDTH 0 0
DWIDTH 0 0
BBX 28 6 -14 38
BITMAP
FFFFFFF0
FFFFFFF0
00000000
00000000
FFFFFFF0
FFFFFFF0
ENDCHAR
STARTCHAR 0340
ENCODING 832
SWIDTH 0 0
DWIDTH 0 0
BBX 11 7 -11 29
BITMAP
FE00
7F00
3F00
1F80
07C0
03C0
01E0
ENDCHAR
STARTCHAR 0341
ENCODING 833
SWIDTH 0 0
DWIDTH 0 0
BBX 11 7 0 29
BITMAP
0FE0
1FC0
1F80
3F00
7C00
7800
F000
ENDCHAR
STARTCHAR 0342
ENCODING 834
SWIDTH 0 0
DWIDTH 0 0
BBX 18 6 -9 29
BITMAP
1F01C0
3FC380
7FFF80
7FFF80
70FF00
F03E00
ENDCHAR
STARTCHAR 0343
ENCODING 835
SWIDTH 0 0
DWIDTH 0 0
BBX 7 14 -3 22
BITMAP
FE
FE
FE
FE
FE
FE
1C
3C
3C
3C
3C
78
F8
F0
ENDCHAR
STARTCHAR 0344
ENCODING 836
SWIDTH 0 0
DWIDTH 0 0
BBX 22 8 -11 29
BITMAP
007F00
007E00
F87C7C
F8FC7C
F8F87C
F8F07C
F8E07C
F8E07C
ENDCHAR
STARTCHAR 0345
ENCODING 837
SWIDTH 0 0
DWIDTH 0 0
BBX 6 7 -2 -10
BITMAP
F0
F0
F0
F0
FC
FC
7C
ENDCHAR
STARTCHAR 0346
ENCODING 838
SWIDTH 0 0
DWIDTH 0 0
BBX 18 9 -9 29
BITMAP
FFFFC0
FFFFC0
FFFFC0
FFFFC0
F003C0
F003C0
F003C0
F003C0
F003C0
ENDCHAR
STARTCHAR 0347
ENCODING 839
SWIDTH 0 0
DWIDTH 0 0
BBX 24 7 -12 -10
BITMAP
FFFFFF
FFFFFF
FFFFFF
000000
FFFFFF
FFFFFF
FFFFFF
ENDCHAR
STARTCHAR 0348
ENCODING 840
SWIDTH 0 0
DWIDTH 0 0
BBX 10 9 -5 -11
BITMAP
F3C0
F3C0
F3C0
F3C0
F3C0
F3C0
F3C0
F3C0
F3C0
ENDCHAR
STARTCHAR 0349
ENCODING 841
SWIDTH 0 0
DWIDTH 0 0
BBX 9 8 -5 -10
BITMAP
FF80
FF80
FF80
0380
0380
0380
0380
0380
ENDCHAR
STARTCHAR 034A
ENCODING 842
SWIDTH 0 0
DWIDTH 0 0
BBX 18 9 -9 28
BITMAP
003000
1F71C0
3FE3C0
7FFF80
7FFF80
71FF00
F3BE00
038000
010000
ENDCHAR
STARTCHAR 034B
ENCODING 843
SWIDTH 0 0
DWIDTH 0 0
BBX 14 14 -7 31
BITMAP
0780
0780
0780
0780
3C1C
7E1C
7F9C
E7F8
E1F8
E0F0
0780
0780
0780
0780
ENDCHAR
STARTCHAR 034C
ENCODING 844
SWIDTH 0 0
DWIDTH 0 0
BBX 18 13 -9 29
BITMAP
1F01C0
3FC380
7FFF80
7FFF80
70FF00
F03E00
000000
1F01C0
3FC380
7FFF80
7FFF80
70FF00
F03E00
ENDCHAR
STARTCHAR 034D
ENCODING 845
SWIDTH 0 0
DWIDTH 0 0
BBX 12 7 -6 -9
BITMAP
2040
6060
FFE0
FFF0
FFF0
6060
2040
ENDCHAR
STARTCHAR 034E
ENCODING 846
SWIDTH 0 0
DWIDTH 0 0
BBX 8 9 -4 -10
BITMAP
18
3C
7E
99
18
18
18
18
18
ENDCHAR
STARTCHAR 034F
ENCODING 847
SWIDTH 0 0
DWIDTH 0 0
BBX 36 36 -18 0
BITMAP
FF03FC0FF0
FF03FC0FF0
FF03FC0FF0
C000000030
C000000030
C000000030
C000600030
C006660030
000E070000
0066026000
0060006000
0020004000
0000000000
0180001800
C380001C30
C100000830
C000000030
C300000C30
C300000E30
C200000430
C000000030
C180001830
0380001C00
0100000800
0000000000
0060006000
0060006000
0026060000
C00E670030
C004620030
C000000030
C000000030
C000000030
FF03FC0FF0
FF03FC0FF0
FF03FC0FF0
ENDCHAR
STARTCHAR 0350
ENCODING 848
SWIDTH 0 0
DWIDTH 0 0
BBX 8 10 -4 28
BITMAP
80
E0
F8
7C
1F
1F
7C
F8
E0
80
ENDCHAR
STARTCHAR 0351
ENCODING 849
SWIDTH 0 0
DWIDTH 0 0
BBX 6 10 -3 28
BITMAP
1C
3C
7C
F0
E0
E0
F0
7C
7C
1C
ENDCHAR
STARTCHAR 0352
ENCODING 850
SWIDTH 0 0
DWIDTH 0 0
BBX 16 13 -8 30
BITMAP
07E0
1FF8
3FFC
7FFE
781E
F00F
F00F
0000
07E0
07E0
07E0
07E0
07E0
ENDCHAR
STARTCHAR 0353
ENCODING 851
SWIDTH 0 0
DWIDTH 0 0
BBX 10 10 -5 -10
BITMAP
2100
7380
FFC0
7F80
3F00
3F00
7F80
FFC0
7380
2100
ENDCHAR
STARTCHAR 0354
ENCODING 852
SWIDTH 0 0
DWIDTH 0 0
BBX 8 10 -4 -10
BITMAP
01
07
1F
3E
F8
F8
3E
1F
07
01
ENDCHAR
STARTCHAR 0355
ENCODING 853
SWIDTH 0 0
DWIDTH 0 0
BBX 8 10 -4 -10
BITMAP
80
E0
F8
7C
1F
1F
7C
F8
E0
80
ENDCHAR
STARTCHAR 0356
ENCODING 854
SWIDTH 0 0
DWIDTH 0 0
BBX 17 10 -7 -10
BITMAP
800000
C01800
F03C00
7C3C00
1E7E00
1E6700
7CE700
F1C380
C00000
800000
ENDCHAR
STARTCHAR 0357
ENCODING 855
SWIDTH 0 0
DWIDTH 0 0
BBX 6 10 -3 28
BITMAP
E0
F0
F8
3C
1C
1C
3C
F8
F8
E0
ENDCHAR
STARTCHAR 0358
ENCODING 856
SWIDTH 0 0
DWIDTH 0 0
BBX 4 4 6 29
BITMAP
70
F0
F0
70
ENDCHAR
STARTCHAR 0359
ENCODING 857
SWIDTH 0 0
DWIDTH 0 0
BBX 8 9 -4 -10
BITMAP
18
18
99
FF
FF
3C
7E
E7
24
ENDCHAR
STARTCHAR 035A
ENCODING 858
SWIDTH 0 0
DWIDTH 0 0
BBX 16 9 -8 -10
BITMAP
3E7C
7FFE
F7EF
C3C3
C183
C3C3
E7E7
7FFE
3E7C
ENDCHAR
STARTCHAR 035B
ENCODING 859
SWIDTH 0 0
DWIDTH 0 0
BBX 10 12 -5 28
BITMAP
3800
3800
7000
7000
7000
7FC0
FFC0
FF80
0380
0380
0700
0700
ENDCHAR
STARTCHAR 035C
ENCODING 860
SWIDTH 0 0
DWIDTH 0 0
BBX 38 9 -4 -10
BITMAP
F80000003C
7C0000007C
7E000000F8
3F800003F0
1FE0001FE0
07FFFFFFC0
01FFFFFF00
007FFFF800
0007FFC000
ENDCHAR
STARTCHAR 035D
ENCODING 861
SWIDTH 0 0
DWIDTH 0 0
BBX 38 9 -4 30
BITMAP
F80000003C
7C0000007C
7E000000F8
3F800003F0
1FE0001FE0
07FFFFFFC0
01FFFFFF00
007FFFF800
0007FFC000
ENDCHAR
STARTCHAR 035E
ENCODING 862
SWIDTH 0 0
DWIDTH 0 0
BBX 30 4 -4 29
BITMAP
FFFFFFFC
FFFFFFFC
FFFFFFFC
FFFFFFFC
ENDCHAR
STARTCHAR 035F
ENCODING 863
SWIDTH 0 0
DWIDTH 0 0
BBX 30 4 -4 -8
BITMAP
FFFFFFFC
FFFFFFFC
FFFFFFFC
FFFFFFFC
ENDCHAR
STARTCHAR 0360
ENCODING 864
SWIDTH 0 0
DWIDTH 0 0
BBX 38 8 -4 30
BITMAP
03F800003C
0FFF80003C
3FFFF8007C
3FFFFF80F8
7E07FFFFF8
F8007FFFF0
F80007FFE0
F000007F80
ENDCHAR
STARTCHAR 0361
ENCODING 865
SWIDTH 0 0
DWIDTH 0 0
BBX 38 9 -4 30
BITMAP
0007FF8000
007FFFF800
01FFFFFF00
07FFFFFF80
1FE0001FE0
3F800003F0
7E000000F8
7C0000007C
F80000003C
ENDCHAR
STARTCHAR 0362
ENCODING 866
SWIDTH 0 0
DWIDTH 0 0
BBX 28 9 -4 -10
BITMAP
00000080
000000C0
000000C0
FFFFFFE0
FFFFFFF0
FFFFFFE0
000000C0
000000C0
00000080
ENDCHAR
STARTCHAR 0363
ENCODING 867
SWIDTH 0 0
DWIDTH 0 0
BBX 18 19 -9 12
BITMAP
07F000
1FF800
3FFC00
7E3E00
7C1E00
7C1F00
001F00
001F00
0FFF00
3FFF00
7FFF00
F81F00
F81F00
F83F00
F83F00
FCFF00
7FEFC0
7FCFC0
1F07C0
ENDCHAR
STARTCHAR 0364
ENCODING 868
SWIDTH 0 0
DWIDTH 0 0
BBX 16 19 -8 12
BITMAP
07E0
1FF8
3FFC
7C3E
781E
F81F
F80F
FFFF
FFFF
FFFF
F800
F800
F800
F800
7C1F
7E3E
3FFE
1FF8
07E0
ENDCHAR
STARTCHAR 0365
ENCODING 869
SWIDTH 0 0
DWIDTH 0 0
BBX 4 26 -2 12
BITMAP
F0
F0
F0
F0
00
00
00
F0
F0
F0
F0
F0
F0
F0
F0
F0
F0
F0
F0
F0
F0
F0
F0
F0
F0
F0
ENDCHAR
STARTCHAR 0366
ENCODING 870
SWIDTH 0 0
DWIDTH 0 0
BBX 18 19 -9 12
BITMAP
03F800
0FFE00
3FFF00
3F3F80
7C0F80
7C07C0
F807C0
F807C0
F807C0
F807C0
F807C0
F807C0
F807C0
7C0F80
7C0F80
3F3F00
3FFF00
0FFC00
03F000
ENDCHAR
STARTCHAR 0367
ENCODING 871
SWIDTH 0 0
DWIDTH 0 0
BBX 16 19 -8 12
BITMAP
F01F
F01F
F01F
F01F
F01F
F01F
F01F
F01F
F01F
F01F
F01F
F81F
F81F
F81F
FC3F
FFEF
7FEF
3FCF
1F0F
ENDCHAR
STARTCHAR 0368
ENCODING 872
SWIDTH 0 0
DWIDTH 0 0
BBX 16 19 -8 12
BITMAP
07F0
1FFC
3FFE
7F7E
7C1F
F81F
F800
F800
F800
F800
F800
F800
F80F
F81F
7C1F
7F7E
3FFC
1FF8
07E0
ENDCHAR
STARTCHAR 0369
ENCODING 873
SWIDTH 0 0
DWIDTH 0 0
BBX 18 26 -9 12
BITMAP
000780
000780
000780
000780
000780
000780
000780
07C780
1FF780
3FF780
3F3F80
7E0F80
7C0F80
7C0780
780780
F80780
F80780
F80780
780780
7C0F80
7C0F80
7C0F80
3F3F80
3FF780
1FF7C0
07C7C0
ENDCHAR
STARTCHAR 036A
ENCODING 874
SWIDTH 0 0
DWIDTH 0 0
BBX 16 26 -8 12
BITMAP
F800
F800
F800
F800
F800
F800
F800
F8F8
F3FC
F7FE
F7FF
FC3F
F81F
F81F
F81F
F80F
F80F
F80F
F80F
F80F
F80F
F80F
F80F
F80F
F80F
F80F
ENDCHAR
STARTCHAR 036B
ENCODING 875
SWIDTH 0 0
DWIDTH 0 0
BBX 26 19 -13 12
BITMAP
F8F83E00
FBFC7F00
FFFCFF80
FFFFFF80
FC3F8FC0
FC3F07C0
F81F07C0
F81F07C0
F81E07C0
F81E07C0
F81E07C0
F81E07C0
F81E07C0
F81E07C0
F81E07C0
F81E07C0
F81E07C0
F81E07C0
F81E07C0
ENDCHAR
STARTCHAR 036C
ENCODING 876
SWIDTH 0 0
DWIDTH 0 0
BBX 10 19 -5 12
BITMAP
F1C0
F3C0
F7C0
F7C0
FE00
FC00
F800
F800
F800
F800
F800
F800
F800
F800
F800
F800
F800
F800
F800
ENDCHAR
STARTCHAR 036D
ENCODING 877
SWIDTH 0 0
DWIDTH 0 0
BBX 10 23 -5 12
BITMAP
0E00
1E00
1E00
3E00
FFC0
FFC0
FFC0
3E00
3E00
3E00
3E00
3E00
3E00
3E00
3E00
3E00
3E00
3E00
3E00
3F00
3FC0
1FC0
0FC0
ENDCHAR
STARTCHAR 036E
ENCODING 878
SWIDTH 0 0
DWIDTH 0 0
BBX 18 19 -9 12
BITMAP
F807C0
F807C0
780780
7C0F80
7C0F80
3C0F00
3E1F00
3E1F00
1E1E00
1E1E00
1F3E00
0F3C00
0F3C00
0FFC00
07F800
07F800
07F800
03F000
03F000
ENDCHAR
STARTCHAR 036F
ENCODING 879
SWIDTH 0 0
DWIDTH 0 0
BBX 18 19 -9 12
BITMAP
F80FC0
7C0F80
3E1F00
3E1E00
1F3E00
0FFC00
07F800
07F800
03F000
03F000
07F800
07F800
0FFC00
1F3E00
1F3E00
3E1F00
7C0F80
7C0F80
F807C0
ENDCHAR
STARTCHAR 0374
ENCODING 884
SWIDTH 0 0
DWIDTH 0 0
BBX 10 7 5 29
BITMAP
1FC0
3F80
3F00
3E00
7C00
7800
F000
ENDCHAR
STARTCHAR 0375
ENCODING 885
SWIDTH 0 0
DWIDTH 0 0
BBX 9 7 2 -10
BITMAP
0780
0F80
1F80
1F00
3F00
7E00
FE00
ENDCHAR
STARTCHAR 037A
ENCODING 890
SWIDTH 0 0
DWIDTH 0 0
BBX 6 7 5 -10
BITMAP
F0
F0
F0
F8
FC
7C
3C
ENDCHAR
STARTCHAR 037B
ENCODING 891
SWIDTH 600 0
DWIDTH 30 0
BBX 24 28 3 -1
BITMAP
00FF00
07FFC0
0FFFF0
1FFFF8
3FFFFC
7F83FC
7F01FE
FE00FE
FE00FF
00007F
00007F
00007F
00007F
00007F
00007F
00007F
00007F
00007F
FE007F
FE00FF
FE00FE
7F01FE
7F83FC
3FFFFC
1FFFF8
0FFFF0
07FFC0
00FF00
ENDCHAR
STARTCHAR 037C
ENCODING 892
SWIDTH 600 0
DWIDTH 30 0
BBX 24 28 3 -1
BITMAP
00FF00
03FFE0
0FFFF0
1FFFF8
3FFFFC
3FC1FE
7F80FE
7F007F
FF007F
FE0000
FE3F00
FE3F00
FE3F00
FE3F00
FE3F00
FE3F00
FE3F00
FE0000
FE007F
FF007F
7F007F
7F80FE
3FC1FE
3FFFFC
1FFFF8
0FFFF0
03FFE0
00FF00
ENDCHAR
STARTCHAR 037D
ENCODING 893
SWIDTH 600 0
DWIDTH 30 0
BBX 24 28 3 -1
BITMAP
00FF00
07FFC0
0FFFF0
1FFFF8
3FFFFC
7F83FC
7F01FE
FE00FE
FE00FF
00007F
00FE7F
00FE7F
00FE7F
00FE7F
00FE7F
00FE7F
00FE7F
00007F
FE007F
FE00FF
FE00FE
7F01FE
7F83FC
3FFFFC
1FFFF8
0FFFF0
07FFC0
00FF00
ENDCHAR
STARTCHAR 037E
ENCODING 894
SWIDTH 600 0
DWIDTH 30 0
BBX 12 35 8 -9
BITMAP
0FE0
0FE0
0FE0
0FE0
0FE0
0FE0
0FE0
0000
0000
0000
0000
0000
0000
0000
0000
0000
0000
0000
0000
0FF0
0FE0
1FE0
1FC0
1FC0
1F80
3F80
3F00
3F00
3E00
7E00
7C00
7C00
7800
F800
F000
ENDCHAR
STARTCHAR 0384
ENCODING 900
SWIDTH 600 0
DWIDTH 30 0
BBX 7 9 12 29
BITMAP
7E
7E
FC
FC
F8
F0
F0
E0
C0
ENDCHAR
STARTCHAR 0385
ENCODING 901
SWIDTH 600 0
DWIDTH 30 0
BBX 18 11 6 29
BITMAP
00FC00
00FC00
00F800
00F800
01F000
F9F7C0
F9E7C0
F9E7C0
F9E7C0
F9C7C0
01C000
ENDCHAR
STARTCHAR 0386
ENCODING 902
SWIDTH 600 0
DWIDTH 30 0
BBX 30 33 0 0
BITMAP
7F1FE000
7E3FF000
7E3FF000
7C3FF000
787FF800
F87FF800
F07EF800
F0FCFC00
E0FCFC00
00FCFC00
01F87E00
01F87E00
01F87E00
03F87F00
03F03F00
03F03F00
07F03F80
07E01F80
07E01F80
0FFFFFC0
0FFFFFC0
0FFFFFC0
1FFFFFE0
1FFFFFE0
1F8007E0
3F8007F0
3F8007F0
3F8007F0
7F0003F8
7F0003F8
7F0003F8
FF0003FC
FE0001FC
ENDCHAR
STARTCHAR 0387
ENCODING 903
SWIDTH 600 0
DWIDTH 30 0
BBX 8 7 11 10
BITMAP
FF
FF
FF
FF
FF
FF
FF
ENDCHAR
STARTCHAR 0388
ENCODING 904
SWIDTH 600 0
DWIDTH 30 0
BBX 30 33 -1 0
BITMAP
7E7FFFF8
7E7FFFF8
7C7FFFF8
FC7FFFF8
F87FFFF8
F07FFFF8
F07F0000
E07F0000
E07F0000
007F0000
007F0000
007F0000
007F0000
007F0000
007FFFE0
007FFFE0
007FFFE0
007FFFE0
007FFFE0
007FFFE0
007F0000
007F0000
007F0000
007F0000
007F0000
007F0000
007F0000
007FFFFC
007FFFFC
007FFFFC
007FFFFC
007FFFFC
007FFFFC
ENDCHAR
STARTCHAR 0389
ENCODING 905
SWIDTH 600 0
DWIDTH 30 0
BBX 30 33 -1 0
BITMAP
7E7F01FC
7E7F01FC
7C7F01FC
FC7F01FC
F87F01FC
F07F01FC
F07F01FC
E07F01FC
E07F01FC
007F01FC
007F01FC
007F01FC
007F01FC
007FFFFC
007FFFFC
007FFFFC
007FFFFC
007FFFFC
007FFFFC
007F01FC
007F01FC
007F01FC
007F01FC
007F01FC
007F01FC
007F01FC
007F01FC
007F01FC
007F01FC
007F01FC
007F01FC
007F01FC
007F01FC
ENDCHAR
STARTCHAR 038A
ENCODING 906
SWIDTH 600 0
DWIDTH 30 0
BBX 30 33 -1 0
BITMAP
7EFFFFFC
7EFFFFFC
7CFFFFFC
FCFFFFFC
F8FFFFFC
F0FFFFFC
F001FE00
E001FE00
E001FE00
0001FE00
0001FE00
0001FE00
0001FE00
0001FE00
0001FE00
0001FE00
0001FE00
0001FE00
0001FE00
0001FE00
0001FE00
0001FE00
0001FE00
0001FE00
0001FE00
0001FE00
0001FE00
00FFFFFC
00FFFFFC
00FFFFFC
00FFFFFC
00FFFFFC
00FFFFFC
ENDCHAR
STARTCHAR 038C
ENCODING 908
SWIDTH 600 0
DWIDTH 30 0
BBX 30 35 -1 -1
BITMAP
0003FC00
7E0FFF00
7E1FFF80
7C3FFFC0
FC7FFFE0
F8FFFFF0
F0FF0FF0
F1FE07F8
E1FC03F8
E1FC03F8
03FC03FC
03FC01FC
03F801FC
03F801FC
03F801FC
03F801FC
03F801FC
03F801FC
03F801FC
03F801FC
03F801FC
03F801FC
03F801FC
03FC01FC
03FC03FC
01FC03F8
01FC03F8
01FE07F8
00FF0FF0
00FFFFF0
007FFFE0
003FFFC0
001FFF80
000FFF00
0003FC00
ENDCHAR
STARTCHAR 038E
ENCODING 910
SWIDTH 600 0
DWIDTH 30 0
BBX 31 33 -1 0
BITMAP
7EFE00FE
7EFE01FC
7C7F01FC
FC7F01FC
F87F01F8
F03F03F8
F03F83F8
E01F83F0
E01F87F0
001FC7F0
000FC7E0
000FCFE0
000FEFC0
0007EFC0
0007FFC0
0007FF80
0003FF80
0003FF80
0001FF00
0001FF00
0001FE00
0000FE00
0000FE00
0000FE00
0000FE00
0000FE00
0000FE00
0000FE00
0000FE00
0000FE00
0000FE00
0000FE00
0000FE00
ENDCHAR
STARTCHAR 038F
ENCODING 911
SWIDTH 600 0
DWIDTH 30 0
BBX 31 34 -1 0
BITMAP
0001FC00
7E0FFF00
7E1FFFC0
7C3FFFE0
FC7FFFF0
F8FFFFF0
F1FE07F8
F1FC03F8
E1FC01FC
E3F801FC
03F801FC
03F800FC
03F800FE
03F000FE
03F000FE
03F000FE
03F000FE
03F000FC
03F800FC
03F800FC
01F801FC
01F801F8
01FC01F8
00FC03F0
00FE03F0
007E07E0
003F0FE0
001F8FC0
078F8F8E
07FF8FFE
07FF8FFE
07FF8FFE
07FF8FFE
07FF8FFE
ENDCHAR
STARTCHAR 0390
ENCODING 912
SWIDTH 600 0
DWIDTH 30 0
BBX 25 41 3 -1
BITMAP
001F8000
003F0000
003F0000
003E0000
003E0000
1F3EF800
1F3CF800
1F3CF800
1F38F800
1F78F800
00700000
00000000
00000000
00000000
FFFC0000
FFFC0000
FFFC0000
FFFC0000
FFFC0000
01FC0000
01FC0000
01FC0000
01FC0000
01FC0000
01FC0000
01FC0000
01FC0000
01FC0000
01FC0000
01FC0000
01FC0000
01FC0000
01FC0000
01FC0400
01FC0E00
01FE1F00
00FFFF80
00FFFF00
007FFE00
003FFC00
0007F000
ENDCHAR
STARTCHAR 0391
ENCODING 913
SWIDTH 600 0
DWIDTH 30 0
BBX 30 33 0 0
BITMAP
001FE000
003FF000
003FF000
003FF000
007FF800
007FF800
007EF800
00FCFC00
00FCFC00
00FCFC00
01F87E00
01F87E00
01F87E00
03F87F00
03F03F00
03F03F00
07F03F80
07E01F80
07E01F80
0FFFFFC0
0FFFFFC0
0FFFFFC0
1FFFFFE0
1FFFFFE0
1F8007E0
3F8007F0
3F8007F0
3F8007F0
7F0003F8
7F0003F8
7F0003F8
FF0003FC
FE0001FC
ENDCHAR
STARTCHAR 0392
ENCODING 914
SWIDTH 600 0
DWIDTH 30 0
BBX 26 33 3 0
BITMAP
FFFFC000
FFFFF000
FFFFFC00
FFFFFE00
FFFFFE00
FF03FF00
FF00FF00
FF00FF00
FF007F00
FF007F00
FF007F00
FF00FE00
FF01FE00
FFFFFC00
FFFFF000
FFFF8000
FFFFF800
FFFFFE00
FF01FF00
FF007F80
FF003F80
FF001FC0
FF001FC0
FF001FC0
FF001FC0
FF003FC0
FF007FC0
FF01FF80
FFFFFF80
FFFFFF00
FFFFFE00
FFFFF800
FFFFE000
ENDCHAR
STARTCHAR 0393
ENCODING 915
SWIDTH 600 0
DWIDTH 30 0
BBX 24 33 4 0
BITMAP
FFFFFF
FFFFFF
FFFFFF
FFFFFF
FFFFFF
FFFFFF
FF0000
FF0000
FF0000
FF0000
FF0000
FF0000
FF0000
FF0000
FF0000
FF0000
FF0000
FF0000
FF0000
FF0000
FF0000
FF0000
FF0000
FF0000
FF0000
FF0000
FF0000
FF0000
FF0000
FF0000
FF0000
FF0000
FF0000
ENDCHAR
STARTCHAR 0394
ENCODING 916
SWIDTH 600 0
DWIDTH 30 0
BBX 30 33 0 0
BITMAP
001FF000
003FF000
003FF000
003FF800
007FF800
007FF800
00FFFC00
00FCFC00
00FCFC00
01FCFE00
01FC7E00
01F87F00
03F87F00
03F83F00
07F03F80
07F03F80
07F01F80
0FE01FC0
0FE01FC0
1FC00FE0
1FC00FE0
1FC00FE0
3F8007F0
3F8007F0
3F8007F0
7F0003F8
7F0003F8
FFFFFFFC
FFFFFFFC
FFFFFFFC
FFFFFFFC
FFFFFFFC
FFFFFFFC
ENDCHAR
STARTCHAR 0395
ENCODING 917
SWIDTH 600 0
DWIDTH 30 0
BBX 25 33 3 0
BITMAP
FFFFFF00
FFFFFF00
FFFFFF00
FFFFFF00
FFFFFF00
FFFFFF00
FF000000
FF000000
FF000000
FF000000
FF000000
FF000000
FF000000
FFFFFC00
FFFFFC00
FFFFFC00
FFFFFC00
FFFFFC00
FFFFFC00
FF000000
FF000000
FF000000
FF000000
FF000000
FF000000
FF000000
FF000000
FFFFFF80
FFFFFF80
FFFFFF80
FFFFFF80
FFFFFF80
FFFFFF80
ENDCHAR
STARTCHAR 0396
ENCODING 918
SWIDTH 600 0
DWIDTH 30 0
BBX 26 33 2 0
BITMAP
3FFFFF80
3FFFFF80
3FFFFF80
3FFFFF80
3FFFFF80
3FFFFF00
0000FF00
0001FE00
0003FC00
0003FC00
0007F800
000FF000
001FE000
001FE000
003FC000
007F8000
00FF0000
00FF0000
01FE0000
03FC0000
03F80000
07F80000
0FF00000
1FE00000
1FE00000
3FC00000
7F800000
FFFFFFC0
FFFFFFC0
FFFFFFC0
FFFFFFC0
FFFFFFC0
FFFFFFC0
ENDCHAR
STARTCHAR 0397
ENCODING 919
SWIDTH 600 0
DWIDTH 30 0
BBX 24 33 3 0
BITMAP
FF00FF
FF00FF
FF00FF
FF00FF
FF00FF
FF00FF
FF00FF
FF00FF
FF00FF
FF00FF
FF00FF
FF00FF
FF00FF
FFFFFF
FFFFFF
FFFFFF
FFFFFF
FFFFFF
FFFFFF
FF00FF
FF00FF
FF00FF
FF00FF
FF00FF
FF00FF
FF00FF
FF00FF
FF00FF
FF00FF
FF00FF
FF00FF
FF00FF
FF00FF
ENDCHAR
STARTCHAR 0398
ENCODING 920
SWIDTH 600 0
DWIDTH 30 0
BBX 26 35 2 -1
BITMAP
007F8000
03FFF000
07FFF800
0FFFFC00
1FFFFE00
3FFFFF00
3FC0FF00
7F807F80
7F003F80
FF003F80
FE001FC0
FE001FC0
FE001FC0
FE001FC0
FE001FC0
FE7F9FC0
FE7F9FC0
FE7F9FC0
FE7F9FC0
FE7F9FC0
FE001FC0
FE001FC0
FE001FC0
FE001FC0
FF003FC0
7F003F80
7F003F80
7F807F80
3FC0FF00
3FFFFF00
1FFFFE00
0FFFFC00
07FFF800
03FFF000
007F8000
ENDCHAR
STARTCHAR 0399
ENCODING 921
SWIDTH 600 0
DWIDTH 30 0
BBX 22 33 4 0
BITMAP
FFFFFC
FFFFFC
FFFFFC
FFFFFC
FFFFFC
FFFFFC
01FE00
01FE00
01FE00
01FE00
01FE00
01FE00
01FE00
01FE00
01FE00
01FE00
01FE00
01FE00
01FE00
01FE00
01FE00
01FE00
01FE00
01FE00
01FE00
01FE00
01FE00
FFFFFC
FFFFFC
FFFFFC
FFFFFC
FFFFFC
FFFFFC
ENDCHAR
STARTCHAR 039A
ENCODING 922
SWIDTH 600 0
DWIDTH 30 0
BBX 27 33 3 0
BITMAP
FF003FC0
FF007F80
FF00FF80
FF00FF00
FF01FE00
FF03FC00
FF07F800
FF07F800
FF0FF000
FF1FE000
FF1FC000
FF3F8000
FF7F8000
FFFF0000
FFFF0000
FFFF0000
FFFF8000
FFFF8000
FFFFC000
FFFFE000
FFDFE000
FF8FF000
FF0FF800
FF07F800
FF03FC00
FF03FC00
FF01FE00
FF01FF00
FF00FF00
FF00FF80
FF007F80
FF003FC0
FF003FE0
ENDCHAR
STARTCHAR 039B
ENCODING 923
SWIDTH 600 0
DWIDTH 30 0
BBX 28 33 1 0
BITMAP
003FC000
003FC000
007FE000
007FE000
007FE000
00FFF000
00FFF000
00FFF000
01FFF800
01FFF800
01F9F800
01F9F800
03F9FC00
03F8FC00
03F0FC00
07F0FE00
07F0FE00
07E07E00
0FE07F00
0FE07F00
0FE03F00
1FC03F80
1FC03F80
1FC03F80
3F801FC0
3F801FC0
3F801FC0
7F800FE0
7F000FE0
7F000FE0
FF000FF0
FE0007F0
FE0007F0
ENDCHAR
STARTCHAR 039C
ENCODING 924
SWIDTH 600 0
DWIDTH 30 0
BBX 26 33 2 0
BITMAP
FF807FC0
FF807FC0
FFC07FC0
FFC0FFC0
FFC0FFC0
FFC0FFC0
FFE0FFC0
FFE1FFC0
FFE1FFC0
FDE1EFC0
FDF1EFC0
FDF3EFC0
FDF3EFC0
FCF3EFC0
FCFBCFC0
FCFFCFC0
FCFFCFC0
FC7F8FC0
FC7F8FC0
FC7F8FC0
FC7F8FC0
FC3F0FC0
FC3F0FC0
FC3F0FC0
FC000FC0
FC000FC0
FC000FC0
FC000FC0
FC000FC0
FC000FC0
FC000FC0
FC000FC0
FC000FC0
ENDCHAR
STARTCHAR 039D
ENCODING 925
SWIDTH 600 0
DWIDTH 30 0
BBX 24 33 3 0
BITMAP
FF807F
FF807F
FF807F
FFC07F
FFC07F
FFE07F
FFE07F
FFE07F
FFF07F
FFF07F
FDF07F
FDF87F
FDF87F
FCFC7F
FCFC7F
FE7C7F
FE7E7F
FE7E7F
FE3F7F
FE3F3F
FE1F3F
FE1FBF
FE1FBF
FE0FBF
FE0FFF
FE0FFF
FE07FF
FE07FF
FE03FF
FE03FF
FE03FF
FE01FF
FE01FF
ENDCHAR
STARTCHAR 039E
ENCODING 926
SWIDTH 600 0
DWIDTH 30 0
BBX 24 33 3 0
BITMAP
FFFFFF
FFFFFF
FFFFFF
FFFFFF
FFFFFF
FFFFFF
000000
000000
000000
000000
000000
000000
000000
1FFFF8
1FFFF8
1FFFF8
1FFFF8
1FFFF8
1FFFF8
000000
000000
000000
000000
000000
000000
000000
000000
FFFFFF
FFFFFF
FFFFFF
FFFFFF
FFFFFF
FFFFFF
ENDCHAR
STARTCHAR 039F
ENCODING 927
SWIDTH 600 0
DWIDTH 30 0
BBX 26 35 2 -1
BITMAP
007F8000
01FFF000
07FFF800
0FFFFC00
1FFFFE00
3FFFFF00
3FC0FF00
7F807F80
7F807F80
7F003F80
FF003FC0
FF003FC0
FE001FC0
FE001FC0
FE001FC0
FE001FC0
FE001FC0
FE001FC0
FE001FC0
FE001FC0
FE001FC0
FE001FC0
FE001FC0
FF003FC0
FF003FC0
7F003F80
7F807F80
7F807F80
3FC0FF00
3FFFFF00
1FFFFE00
0FFFFC00
07FFF800
01FFE000
007F8000
ENDCHAR
STARTCHAR 03A0
ENCODING 928
SWIDTH 600 0
DWIDTH 30 0
BBX 24 33 3 0
BITMAP
FFFFFF
FFFFFF
FFFFFF
FFFFFF
FFFFFF
FFFFFF
FF00FF
FF00FF
FF00FF
FF00FF
FF00FF
FF00FF
FF00FF
FF00FF
FF00FF
FF00FF
FF00FF
FF00FF
FF00FF
FF00FF
FF00FF
FF00FF
FF00FF
FF00FF
FF00FF
FF00FF
FF00FF
FF00FF
FF00FF
FF00FF
FF00FF
FF00FF
FF00FF
ENDCHAR
STARTCHAR 03A1
ENCODING 929
SWIDTH 600 0
DWIDTH 30 0
BBX 25 33 3 0
BITMAP
FFFF8000
FFFFF000
FFFFF800
FFFFFE00
FFFFFE00
FFFFFF00
FF00FF00
FF007F80
FF007F80
FF003F80
FF003F80
FF003F80
FF007F80
FF007F00
FF00FF00
FFFFFF00
FFFFFE00
FFFFFC00
FFFFF800
FFFFE000
FFFF8000
FF000000
FF000000
FF000000
FF000000
FF000000
FF000000
FF000000
FF000000
FF000000
FF000000
FF000000
FF000000
ENDCHAR
STARTCHAR 03A3
ENCODING 931
SWIDTH 600 0
DWIDTH 30 0
BBX 26 33 2 0
BITMAP
7FFFFF80
7FFFFF80
7FFFFF80
7FFFFF80
7FFFFF80
7FFFFF80
7FC00000
1FE00000
0FF00000
07F80000
03FC0000
01FE0000
00FF0000
007F8000
003FC000
001FC000
001FC000
003FC000
007F8000
00FF0000
01FE0000
03FC0000
07F80000
0FF00000
1FE00000
3FC00000
7F800000
FFFFFFC0
FFFFFFC0
FFFFFFC0
FFFFFFC0
FFFFFFC0
FFFFFFC0
ENDCHAR
STARTCHAR 03A4
ENCODING 932
SWIDTH 600 0
DWIDTH 30 0
BBX 28 33 1 0
BITMAP
FFFFFFF0
FFFFFFF0
FFFFFFF0
FFFFFFF0
FFFFFFF0
FFFFFFF0
003FC000
003FC000
003FC000
003FC000
003FC000
003FC000
003FC000
003FC000
003FC000
003FC000
003FC000
003FC000
003FC000
003FC000
003FC000
003FC000
003FC000
003FC000
003FC000
003FC000
003FC000
003FC000
003FC000
003FC000
003FC000
003FC000
003FC000
ENDCHAR
STARTCHAR 03A5
ENCODING 933
SWIDTH 600 0
DWIDTH 30 0
BBX 30 33 0 0
BITMAP
FF0003FC
7F0003F8
3F8007F0
3FC00FF0
1FC00FE0
1FE01FE0
0FE01FC0
07F03F80
07F03F80
03F87F00
03F87F00
01FCFE00
00FDFC00
00FFFC00
007FF800
007FF800
003FF000
001FE000
001FE000
001FE000
001FE000
001FE000
001FE000
001FE000
001FE000
001FE000
001FE000
001FE000
001FE000
001FE000
001FE000
001FE000
001FE000
ENDCHAR
STARTCHAR 03A6
ENCODING 934
SWIDTH 600 0
DWIDTH 30 0
BBX 30 35 0 -1
BITMAP
000FC000
000FC000
000FC000
000FC000
007FF800
03FFFF00
0FFFFFC0
1FFFFFE0
3FFFFFF0
3FCFCFF0
7F0FC3F8
7F0FC3F8
7E0FC1F8
FE0FC1FC
FE0FC1FC
FE0FC1FC
FE0FC0FC
FE0FC1FC
FE0FC1FC
FE0FC1FC
7E0FC1F8
7E0FC1F8
7F0FC3F8
3F0FC3F0
3FCFCFF0
1FFFFFE0
0FFFFFC0
07FFFF80
03FFFF00
007FFC00
000FC000
000FC000
000FC000
000FC000
000FC000
ENDCHAR
STARTCHAR 03A7
ENCODING 935
SWIDTH 600 0
DWIDTH 30 0
BBX 30 33 0 0
BITMAP
7F8007F8
3FC007F0
1FC00FE0
1FE01FE0
0FE01FC0
07F03F80
07F87F80
03F87F00
01FCFE00
01FCFE00
00FFFC00
007FF800
007FF800
003FF000
003FE000
001FE000
001FE000
003FF000
007FF000
007FF800
00FFFC00
01FFFC00
01FCFE00
03F87F00
07F87F00
07F03F80
0FF03FC0
0FE01FC0
1FC00FE0
3FC00FF0
3F8007F0
7F8003F8
FF0003FC
ENDCHAR
STARTCHAR 03A8
ENCODING 936
SWIDTH 600 0
DWIDTH 30 0
BBX 28 33 1 0
BITMAP
FC1F83F0
FC1F83F0
FC1F83F0
FC1F83F0
FC1F83F0
FC1F83F0
FC1F83F0
FC1F83F0
FC1F83F0
FC1F83F0
FC1F83F0
FC1F83F0
FC1F83F0
FC1F83F0
FC1F83F0
7E1F87E0
7E1F87E0
7F1F8FE0
3FFFFFC0
3FFFFFC0
1FFFFF80
0FFFFF00
03FFFC00
001F8000
001F8000
001F8000
001F8000
001F8000
001F8000
001F8000
001F8000
001F8000
001F8000
ENDCHAR
STARTCHAR 03A9
ENCODING 937
SWIDTH 600 0
DWIDTH 30 0
BBX 28 34 1 0
BITMAP
003FC000
00FFF000
03FFFC00
07FFFE00
0FFFFF00
1FFFFF80
1FE07F80
3FC03FC0
3F801FC0
7F801FE0
7F000FE0
7F000FE0
7F000FE0
7F000FE0
7F000FE0
7F000FE0
7F000FE0
7F000FE0
7F000FE0
7F000FE0
3F000FC0
3F801FC0
3F801FC0
1FC03F80
1FC03F00
0FE07F00
07F0FE00
03F0FC00
F9F0F8F0
FFF0FFF0
FFF0FFF0
FFF0FFF0
FFF0FFF0
FFF0FFF0
ENDCHAR
STARTCHAR 03AA
ENCODING 938
SWIDTH 600 0
DWIDTH 30 0
BBX 22 42 4 0
BITMAP
1F87E0
1F87E0
1F87E0
1F87E0
1F87E0
000000
000000
000000
000000
FFFFFC
FFFFFC
FFFFFC
FFFFFC
FFFFFC
FFFFFC
01FE00
01FE00
01FE00
01FE00
01FE00
01FE00
01FE00
01FE00
01FE00
01FE00
01FE00
01FE00
01FE00
01FE00
01FE00
01FE00
01FE00
01FE00
01FE00
01FE00
01FE00
FFFFFC
FFFFFC
FFFFFC
FFFFFC
FFFFFC
FFFFFC
ENDCHAR
STARTCHAR 03AB
ENCODING 939
SWIDTH 600 0
DWIDTH 30 0
BBX 30 42 0 0
BITMAP
01F87E00
01F87E00
01F87E00
01F87E00
01F87E00
00000000
00000000
00000000
00000000
FF0003FC
7F0003F8
3F8007F0
3FC00FF0
1FC00FE0
1FE01FE0
0FE01FC0
07F03F80
07F03F80
03F87F00
03F87F00
01FCFE00
00FDFC00
00FFFC00
007FF800
007FF800
003FF000
001FE000
001FE000
001FE000
001FE000
001FE000
001FE000
001FE000
001FE000
001FE000
001FE000
001FE000
001FE000
001FE000
001FE000
001FE000
001FE000
ENDCHAR
STARTCHAR 03AC
ENCODING 940
SWIDTH 600 0
DWIDTH 30 0
BBX 28 39 2 -1
BITMAP
000FE000
000FC000
000FC000
000F8000
000F0000
001F0000
001E0000
001E0000
001C0000
00000000
00000000
01FC0000
07FF07F0
1FFF87E0
3FFFCFE0
3FFFEFC0
7F83EFC0
7F01FFC0
FF01FF80
FE00FF80
FE00FF80
FE00FF00
FE007F00
FE007F00
FE007F00
FE007F00
FE007F00
FE007F00
FE00FF00
FE00FF80
FE00FF80
FF01FF80
7F01FF80
7F83DFC0
3FFFDFC0
3FFF8FC0
1FFF0FE0
0FFE0FE0
03F80000
ENDCHAR
STARTCHAR 03AD
ENCODING 941
SWIDTH 600 0
DWIDTH 30 0
BBX 25 39 3 -1
BITMAP
000FC000
000FC000
001F8000
001F8000
001F0000
001E0000
001E0000
001C0000
00180000
00000000
00000000
00FF8000
07FFF000
1FFFFC00
3FFFFE00
3FF3FF00
7F807E00
7F003C00
7F001800
7F000000
3F800000
3FE00000
1FFF8000
07FF8000
01FF8000
0FFF8000
3FFE0000
7FC00000
7F000000
FE000000
FE000800
FE001C00
FF003E00
7F80FF80
7FFFFF00
3FFFFE00
1FFFF800
0FFFE000
01FF8000
ENDCHAR
STARTCHAR 03AE
ENCODING 942
SWIDTH 600 0
DWIDTH 30 0
BBX 24 48 3 -10
BITMAP
000FC0
000FC0
001F80
001F80
001F00
001E00
001E00
001C00
001800
000000
000000
000FE0
FC3FF8
FE7FFC
FEFFFE
FEFFFE
7FE1FF
7FC0FF
7F807F
7F007F
7F007F
7F007F
7F007F
7E007F
7E007F
7E007F
7E007F
7E007F
7E007F
7E007F
7E007F
7E007F
7E007F
7E007F
7E007F
7E007F
7E007F
7E007F
00007F
00007F
00007F
00007F
00007F
00007F
00007F
00007F
00007F
00007F
ENDCHAR
STARTCHAR 03AF
ENCODING 943
SWIDTH 600 0
DWIDTH 30 0
BBX 25 39 3 -1
BITMAP
001F8000
003F8000
003F0000
003E0000
003E0000
003C0000
00380000
00780000
00700000
00000000
00000000
00000000
FFFC0000
FFFC0000
FFFC0000
FFFC0000
FFFC0000
01FC0000
01FC0000
01FC0000
01FC0000
01FC0000
01FC0000
01FC0000
01FC0000
01FC0000
01FC0000
01FC0000
01FC0000
01FC0000
01FC0000
01FC0400
01FC0E00
01FE1F00
00FFFF80
00FFFF00
007FFE00
003FFC00
0007F000
ENDCHAR
STARTCHAR 03B0
ENCODING 944
SWIDTH 600 0
DWIDTH 30 0
BBX 24 41 3 -1
BITMAP
001F00
003F00
003F00
003E00
003E00
1F3CF8
1F3CF8
1F3CF8
1F78F8
1F78F8
007000
000000
000000
000000
FE01FC
FE01FC
FE00FE
FE00FE
FE00FE
FE007E
FE007F
FE007F
FE007F
FE007F
FE003F
FE003F
FE003F
FE007F
FE007F
FE007F
FE007F
7E007F
7F007F
7F00FE
7F80FE
7FC3FE
3FFFFC
1FFFF8
1FFFF0
07FFE0
01FF00
ENDCHAR
STARTCHAR 03B1
ENCODING 945
SWIDTH 600 0
DWIDTH 30 0
BBX 28 28 2 -1
BITMAP
01FC0000
07FF07F0
1FFF87E0
3FFFCFE0
3FFFEFC0
7F83EFC0
7F01FFC0
FF01FF80
FE00FF80
FE00FF80
FE00FF00
FE007F00
FE007F00
FE007F00
FE007F00
FE007F00
FE007F00
FE00FF00
FE00FF80
FE00FF80
FF01FF80
7F01FF80
7F83DFC0
3FFFDFC0
3FFF8FC0
1FFF0FE0
0FFE0FE0
03F80000
ENDCHAR
STARTCHAR 03B2
ENCODING 946
SWIDTH 600 0
DWIDTH 30 0
BBX 26 46 3 -10
BITMAP
00FF8000
07FFE000
0FFFF800
1FFFFC00
3FFFFC00
7FC1FE00
7F80FE00
7F00FE00
7F007E00
7F007E00
FE007E00
FE00FE00
FE00FC00
FE01FC00
FE07F800
FE1FF000
FE1FE000
FE1FF000
FE1FFC00
FE1FFE00
FE01FF00
FE007F00
FE003F80
FE003F80
FE001F80
FE001FC0
FE001FC0
FE001FC0
FE001F80
FE003F80
FF003F80
FFC07F80
FFFFFF00
FFFFFF00
FFFFFE00
FE7FF800
FE1FE000
FE000000
FE000000
FE000000
FE000000
FE000000
FE000000
FE000000
FE000000
FE000000
ENDCHAR
STARTCHAR 03B3
ENCODING 947
SWIDTH 600 0
DWIDTH 30 0
BBX 28 36 1 -10
BITMAP
FE0007F0
FF000FE0
7F000FE0
7F000FE0
3F801FC0
3F801FC0
1FC01F80
1FC03F80
1FC03F80
0FE03F00
0FE07F00
07E07E00
07F0FE00
07F0FE00
03F0FC00
03F9FC00
01F9F800
01F9F800
01FDF800
00FFF000
00FFF000
007FE000
007FE000
007FE000
003FC000
003FC000
003F8000
003F8000
003F8000
007F0000
007F0000
007F0000
007F0000
00FE0000
00FE0000
00FE0000
ENDCHAR
STARTCHAR 03B4
ENCODING 948
SWIDTH 600 0
DWIDTH 30 0
BBX 26 37 2 -1
BITMAP
0FFFFF00
0FFFFF00
0FFFFF00
0FFFFF00
0FF7FF00
07F80000
03FC0000
01FE0000
00FF8000
007FC000
003FE000
001FF000
00FFF800
01FFFC00
07FFFE00
0FF1FE00
1FC0FF00
3F807F00
7F807F80
7F003F80
FF003FC0
FE001FC0
FE001FC0
FE001FC0
FE001FC0
FE001FC0
FE001FC0
FE001FC0
FF003F80
7F003F80
7F807F80
7FC0FF00
3FFFFE00
1FFFFE00
0FFFF800
03FFF000
00FF8000
ENDCHAR
STARTCHAR 03B5
ENCODING 949
SWIDTH 600 0
DWIDTH 30 0
BBX 25 28 3 -1
BITMAP
00FF8000
07FFF000
1FFFFC00
3FFFFE00
3FF3FF00
7F807E00
7F003C00
7F001800
7F000000
3F800000
3FE00000
1FFF8000
07FF8000
01FF8000
0FFF8000
3FFE0000
7FC00000
7F000000
FE000000
FE000800
FE001C00
FF003E00
7F80FF80
7FFFFF00
3FFFFE00
1FFFF800
0FFFE000
01FF8000
ENDCHAR
STARTCHAR 03B6
ENCODING 950
SWIDTH 600 0
DWIDTH 30 0
BBX 24 46 4 -10
BITMAP
3FFFFE
3FFFFE
3FFFFE
3FFFFE
3FFEFE
0001FC
0003F8
0007F0
000FE0
001FC0
003F00
007F00
00FE00
01FC00
03F800
07F000
0FE000
0FE000
1FC000
3F8000
3F8000
7F0000
7F0000
7F0000
FE0000
FE0000
FE0000
FE0000
FF0000
FF8000
7FE000
7FFC00
3FFFC0
1FFFF0
0FFFFC
03FFFE
007FFE
0007FE
0000FF
00003F
00003E
00003E
00003E
00007E
00007C
00000C
ENDCHAR
STARTCHAR 03B7
ENCODING 951
SWIDTH 600 0
DWIDTH 30 0
BBX 24 37 3 -10
BITMAP
000FE0
FC3FF8
FE7FFC
FEFFFE
FEFFFE
7FE1FF
7FC0FF
7F807F
7F007F
7F007F
7F007F
7F007F
7E007F
7E007F
7E007F
7E007F
7E007F
7E007F
7E007F
7E007F
7E007F
7E007F
7E007F
7E007F
7E007F
7E007F
7E007F
00007F
00007F
00007F
00007F
00007F
00007F
00007F
00007F
00007F
00007F
ENDCHAR
STARTCHAR 03B8
ENCODING 952
SWIDTH 600 0
DWIDTH 30 0
BBX 24 37 3 -1
BITMAP
007F00
03FFC0
07FFE0
0FFFF0
1FFFF8
1FC3F8
3F81FC
3F00FC
7F00FE
7F00FE
7E007E
7E007E
7E007E
FE007F
FE007F
FE007F
FFFFFF
FFFFFF
FFFFFF
FFFFFF
FFFFFF
FE007F
FE007F
FE007E
7E007E
7E007E
7E007E
7F00FE
7F00FC
3F00FC
3F81FC
1FC3F8
1FFFF8
0FFFF0
07FFE0
03FF80
007E00
ENDCHAR
STARTCHAR 03B9
ENCODING 953
SWIDTH 600 0
DWIDTH 30 0
BBX 25 27 3 -1
BITMAP
FFFC0000
FFFC0000
FFFC0000
FFFC0000
FFFC0000
01FC0000
01FC0000
01FC0000
01FC0000
01FC0000
01FC0000
01FC0000
01FC0000
01FC0000
01FC0000
01FC0000
01FC0000
01FC0000
01FC0000
01FC0400
01FC0E00
01FE1F00
00FFFF80
00FFFF00
007FFE00
003FFC00
0007F000
ENDCHAR
STARTCHAR 03BA
ENCODING 954
SWIDTH 600 0
DWIDTH 30 0
BBX 24 26 4 0
BITMAP
FE00FE
FE01FE
FE03FC
FE03F8
FE07F0
FE0FE0
FE1FC0
FE3F80
FE7F00
FE7F00
FEFE00
FFFE00
FFFF00
FFFF00
FFFF80
FF9FC0
FE1FC0
FE0FE0
FE0FF0
FE07F0
FE03F8
FE03FC
FE01FC
FE00FE
FE00FF
FE007F
ENDCHAR
STARTCHAR 03BB
ENCODING 955
SWIDTH 600 0
DWIDTH 30 0
BBX 26 36 2 0
BITMAP
0FE00000
1FF80000
1FFC0000
1FFC0000
0FFE0000
00FE0000
007F0000
007F0000
003F8000
003F8000
001F8000
001FC000
001FC000
003FC000
003FE000
007FE000
007FF000
00FFF000
00FFF000
01FBF800
01F9F800
03F9F800
03F1FC00
03F1FC00
07F0FC00
07E0FE00
0FE0FE00
0FE07E00
1FC07F00
1FC07F00
3F803F80
3F803F80
7F003F80
7F001FC0
FF001FC0
FE001FC0
ENDCHAR
STARTCHAR 03BC
ENCODING 956
SWIDTH 600 0
DWIDTH 30 0
BBX 24 36 3 -10
BITMAP
FE007F
FE007F
FE007F
FE007F
FE007F
FE007F
FE007F
FE007F
FE007F
FE007F
FE007F
FE007F
FE007F
FE007F
FE007F
FE007F
FE007F
FE007F
FF00FF
FF00FF
FF81FF
FFC7FF
FFFFFF
FFFF7F
FFFF7F
FEFE7F
FE7C00
FE0000
FE0000
FE0000
FE0000
FE0000
FE0000
FE0000
FE0000
FE0000
ENDCHAR
STARTCHAR 03BD
ENCODING 957
SWIDTH 600 0
DWIDTH 30 0
BBX 26 26 1 0
BITMAP
FE003F80
7F003F80
7F001FC0
7F001FC0
3F801FC0
3F801FC0
3F801FC0
1FC01FC0
1FC01FC0
0FC01F80
0FE01F80
0FE03F80
07E03F00
07F03F00
07F07F00
03F07E00
03F8FE00
01F8FC00
01F9FC00
01FFF800
00FFF000
00FFF000
00FFE000
007FC000
007FC000
003F8000
ENDCHAR
STARTCHAR 03BE
ENCODING 958
SWIDTH 600 0
DWIDTH 30 0
BBX 24 46 4 -10
BITMAP
7FFFF8
7FFFF8
7FFFF8
7FFFF8
7FDFF8
00FC00
03F000
0FC000
1FC000
1FC000
1FC000
1FC000
1FF000
0FFE00
07FFF0
01FFF0
000FF0
00FFF0
03FFF0
0FFE00
1FE000
3F8000
7F0000
7E0000
FE0000
FE0000
FE0000
FE0000
FF0000
FFC000
FFF800
7FFFC0
3FFFF0
1FFFF8
07FFFC
00FFFE
000FFE
0000FF
00003F
00003F
00003E
00003E
00003E
00007E
00003C
00000C
ENDCHAR
STARTCHAR 03BF
ENCODING 959
SWIDTH 600 0
DWIDTH 30 0
BBX 26 28 2 -1
BITMAP
007F8000
03FFF000
07FFFC00
0FFFFE00
1FFFFE00
3FC0FF00
3F807F00
7F803F80
7F003F80
7F003F80
FF003FC0
FF003FC0
FE001FC0
FE001FC0
FE001FC0
FE001FC0
FF003FC0
FF003FC0
7F003F80
7F003F80
7F003F80
3F807F00
3FC0FF00
1FFFFE00
0FFFFC00
07FFF800
03FFF000
007F8000
ENDCHAR
STARTCHAR 03C0
ENCODING 960
SWIDTH 600 0
DWIDTH 30 0
BBX 28 27 1 -1
BITMAP
FFFFFFF0
FFFFFFF0
FFFFFFF0
FFFFFFF0
FFFFFFF0
0FE07F00
0FE07F00
0FE07F00
0FE07F00
0FE07F00
0FE07F00
0FE07F00
0FE07F00
0FE07F00
0FE07F00
0FE07F00
0FE07F00
0FE07F00
0FE07F00
1FC07F00
1FC07F00
1FC07F00
1FC07FF0
1FC07FF0
3F803FF0
3F801FF0
00000FE0
ENDCHAR
STARTCHAR 03C1
ENCODING 961
SWIDTH 600 0
DWIDTH 30 0
BBX 25 37 3 -10
BITMAP
00FF0000
03FFC000
0FFFF000
1FFFF800
3FFFFC00
3FC1FC00
7F80FE00
7F00FE00
7F007F00
FF007F00
FE007F00
FE007F00
FE007F00
FE007F80
FE007F80
FE007F80
FE007F00
FE007F00
FE007F00
FE007F00
FF00FF00
FF80FE00
FFC1FE00
FFFFFC00
FFFFF800
FEFFF800
FE7FE000
FE1F8000
FE000000
FE000000
FE000000
FE000000
FE000000
FE000000
FE000000
FE000000
FE000000
ENDCHAR
STARTCHAR 03C2
ENCODING 962
SWIDTH 600 0
DWIDTH 30 0
BBX 23 37 4 -10
BITMAP
007F80
01FFE0
03FFF8
0FFFFC
0FFFFC
1FC0F8
3F8078
3F0010
7F0000
7E0000
7E0000
FE0000
FC0000
FC0000
FC0000
FC0000
FC0000
FE0000
FE0000
FF0000
FFC000
7FF800
7FFF80
3FFFE0
1FFFF8
07FFFC
01FFFE
000FFE
0001FE
00007E
00007E
00007E
00007E
00007C
0000FC
000078
000018
ENDCHAR
STARTCHAR 03C3
ENCODING 963
SWIDTH 600 0
DWIDTH 30 0
BBX 28 27 2 -1
BITMAP
003FFFF0
01FFFFF0
07FFFFF0
0FFFFFF0
1FFFFFF0
3FE0FC00
3FC07E00
7F807E00
7F003F00
FF003F00
FF003F80
FE003F80
FE003F80
FE003F80
FE003FC0
FE003FC0
FE003FC0
FF003F80
7F003F80
7F007F80
7F807F80
3FC0FF00
3FFFFE00
1FFFFE00
0FFFF800
03FFF000
00FF8000
ENDCHAR
STARTCHAR 03C4
ENCODING 964
SWIDTH 600 0
DWIDTH 30 0
BBX 23 27 3 -1
BITMAP
7FFFFE
FFFFFE
FFFFFE
FFFFFE
FFFFFE
00FE00
00FE00
00FE00
00FE00
00FE00
00FE00
00FE00
00FE00
00FE00
00FE00
00FE00
00FE00
00FE00
00FE00
00FE00
00FE00
00FF00
00FFF0
00FFF0
007FF0
003FF0
000FF0
ENDCHAR
STARTCHAR 03C5
ENCODING 965
SWIDTH 600 0
DWIDTH 30 0
BBX 24 27 3 -1
BITMAP
FE01FC
FE01FC
FE00FE
FE00FE
FE00FE
FE007E
FE007F
FE007F
FE007F
FE007F
FE003F
FE003F
FE003F
FE007F
FE007F
FE007F
FE007F
7E007F
7F007F
7F00FE
7F80FE
7FC3FE
3FFFFC
1FFFF8
1FFFF0
07FFE0
01FF00
ENDCHAR
STARTCHAR 03C6
ENCODING 966
SWIDTH 600 0
DWIDTH 30 0
BBX 28 37 1 -10
BITMAP
00C0FC00
03C3FF00
07C7FF80
1FC7FFC0
1FCFCFC0
3F0F87E0
7F1F87E0
7E1F83E0
7E1F83F0
FC1F03F0
FC1F03F0
FC1F03F0
FC1F03F0
FC1F03F0
FC1F03F0
FC1F03F0
FC1F03F0
FC1F03F0
FC1F03E0
7C1F07E0
7E1F07E0
7E1F0FC0
3F9F1FC0
3FFFFF80
1FFFFF00
0FFFFE00
03FFFC00
00FFE000
001F0000
001F0000
001F0000
001F0000
001F0000
001F0000
001F0000
001F0000
001F0000
ENDCHAR
STARTCHAR 03C7
ENCODING 967
SWIDTH 600 0
DWIDTH 30 0
BBX 28 37 1 -10
BITMAP
7F000000
FF800FE0
FFC01FC0
7FE01FC0
7FE03F80
07F03F80
03F07F00
03F87F00
01F8FE00
01FCFE00
00FDFC00
00FFF800
007FF800
007FF000
003FF000
003FE000
001FE000
001FC000
003FE000
003FE000
007FF000
007FF000
00FFF800
00FDF800
01F9FC00
03F8FC00
03F8FE00
07F07E00
07F07F00
0FE07F00
0FE03F80
1FC03F80
3FC01FC0
3F801FC0
7F800FE0
7F000FE0
FF0007F0
ENDCHAR
STARTCHAR 03C8
ENCODING 968
SWIDTH 600 0
DWIDTH 30 0
BBX 26 43 2 -10
BITMAP
003F0000
003F0000
003F0000
003F0000
003F0000
003F0000
003F0000
FC3F0FC0
FC3F0FC0
FC3F0FC0
FC3F0FC0
FC3F0FC0
FC3F0FC0
FC3F0FC0
FC3F0FC0
FC3F0FC0
FC3F0FC0
FC3F0FC0
FC3F0FC0
FC3F0FC0
FC3F0FC0
FC3F0FC0
FC3F0FC0
FC3F0FC0
FC3F0FC0
FC3F0FC0
FC3F0FC0
FE3F1FC0
7F3F3F80
7FFFFF80
3FFFFF00
1FFFFE00
0FFFFC00
03FFF000
003F0000
003F0000
003F0000
003F0000
003F0000
003F0000
003F0000
003F0000
003F0000
ENDCHAR
STARTCHAR 03C9
ENCODING 969
SWIDTH 600 0
DWIDTH 30 0
BBX 28 28 1 -1
BITMAP
01801800
07801E00
0F801F00
1F801F80
1F801F80
3F000FC0
3E0007C0
7E0007E0
7E0007E0
7C1F83E0
FC1F83F0
FC1F83F0
FC1F83F0
FC1F83F0
FC1F83F0
FC1F83F0
FC1F83F0
FC1F83F0
FC1F83F0
7C1F83F0
7E1F87E0
7E3FC7E0
7E3FC7E0
3FF9FFC0
3FF9FFC0
1FF0FF80
0FF0FF00
07C03E00
ENDCHAR
STARTCHAR 03CA
ENCODING 970
SWIDTH 600 0
DWIDTH 30 0
BBX 25 36 3 -1
BITMAP
1F83E000
1F83E000
1F83E000
1F83E000
1F83E000
00000000
00000000
00000000
00000000
FFFC0000
FFFC0000
FFFC0000
FFFC0000
FFFC0000
01FC0000
01FC0000
01FC0000
01FC0000
01FC0000
01FC0000
01FC0000
01FC0000
01FC0000
01FC0000
01FC0000
01FC0000
01FC0000
01FC0000
01FC0400
01FC0E00
01FE1F00
00FFFF80
00FFFF00
007FFE00
003FFC00
0007F000
ENDCHAR
STARTCHAR 03CB
ENCODING 971
SWIDTH 600 0
DWIDTH 30 0
BBX 24 36 3 -1
BITMAP
1F83E0
1F83E0
1F83E0
1F83E0
1F83E0
000000
000000
000000
000000
FE01FC
FE01FC
FE00FE
FE00FE
FE00FE
FE007E
FE007F
FE007F
FE007F
FE007F
FE003F
FE003F
FE003F
FE007F
FE007F
FE007F
FE007F
7E007F
7F007F
7F00FE
7F80FE
7FC3FE
3FFFFC
1FFFF8
1FFFF0
07FFE0
01FF00
ENDCHAR
STARTCHAR 03CC
ENCODING 972
SWIDTH 600 0
DWIDTH 30 0
BBX 26 39 2 -1
BITMAP
000FE000
000FC000
000FC000
000F8000
000F0000
001F0000
001E0000
001E0000
001C0000
00000000
00000000
007F8000
03FFF000
07FFFC00
0FFFFE00
1FFFFE00
3FC0FF00
3F807F00
7F803F80
7F003F80
7F003F80
FF003FC0
FF003FC0
FE001FC0
FE001FC0
FE001FC0
FE001FC0
FF003FC0
FF003FC0
7F003F80
7F003F80
7F003F80
3F807F00
3FC0FF00
1FFFFE00
0FFFFC00
07FFF800
03FFF000
007F8000
ENDCHAR
STARTCHAR 03CD
ENCODING 973
SWIDTH 600 0
DWIDTH 30 0
BBX 24 39 3 -1
BITMAP
001F80
003F80
003F00
003E00
003E00
003C00
003800
007800
007000
000000
000000
000000
FE01FC
FE01FC
FE00FE
FE00FE
FE00FE
FE007E
FE007F
FE007F
FE007F
FE007F
FE003F
FE003F
FE003F
FE007F
FE007F
FE007F
FE007F
7E007F
7F007F
7F00FE
7F80FE
7FC3FE
3FFFFC
1FFFF8
1FFFF0
07FFE0
01FF00
ENDCHAR
STARTCHAR 03CE
ENCODING 974
SWIDTH 600 0
DWIDTH 30 0
BBX 28 39 1 -1
BITMAP
0007F000
0007E000
0007E000
0007C000
00078000
000F8000
000F0000
000E0000
000E0000
00000000
00000000
01801800
07801E00
0F801F00
1F801F80
1F801F80
3F000FC0
3E0007C0
7E0007E0
7E0007E0
7C1F83E0
FC1F83F0
FC1F83F0
FC1F83F0
FC1F83F0
FC1F83F0
FC1F83F0
FC1F83F0
FC1F83F0
FC1F83F0
7C1F83F0
7E1F87E0
7E3FC7E0
7E3FC7E0
3FF9FFC0
3FF9FFC0
1FF0FF80
0FF0FF00
07C03E00
ENDCHAR
STARTCHAR 03D0
ENCODING 976
SWIDTH 600 0
DWIDTH 30 0
BBX 25 37 3 -1
BITMAP
001FE000
00FFF800
01FFFC00
07FFFC00
0FFCFE00
1FE03E00
1FC03E00
3FF9FE00
7FFFFC00
7FFFFC00
7EFFF000
FE3FC000
FE000000
FC000000
FC000000
FC000000
FC1FC000
FCFFF000
FDFFFC00
FFFFFE00
FFFFFF00
FFE1FF00
FF807F00
FF003F80
FF003F80
FF003F80
FE001F80
7F003F80
7F003F80
7F003F80
3F807F00
3FC0FF00
1FFFFE00
0FFFFE00
07FFF800
01FFF000
007F8000
ENDCHAR
STARTCHAR 03D1
ENCODING 977
SWIDTH 600 0
DWIDTH 30 0
BBX 28 37 1 -1
BITMAP
000FE000
007FF800
00FFFC00
01FFFE00
03FFFE00
03F87F00
03F03F00
03F03F80
07F01F80
07F01F80
03F01F80
03F81F80
03FC1F80
01FF1F80
01FFFFF0
00FFFFF0
007FFFF0
001FFFF0
0003FFF0
7E001F80
FF801F80
FF801F80
FFC01F80
FFC01F80
9FC03F80
0F803F00
0F803F00
1F807F00
1F807E00
1F80FE00
1F80FC00
1FC3FC00
1FFFF800
0FFFF000
0FFFE000
07FFC000
00FF0000
ENDCHAR
STARTCHAR 03D2
ENCODING 978
SWIDTH 600 0
DWIDTH 30 0
BBX 29 34 1 0
BITMAP
000007C0
FE001FF0
FE001FF8
7F003FF8
7F007FF0
3F007FF0
3F80FE20
1F80FC00
1FC0FC00
0FC1F800
0FE1F800
07E3F800
07F3F000
03F7F000
03FFE000
01FFE000
01FFC000
00FFC000
00FF8000
007F8000
007F0000
007F0000
007F0000
007F0000
007F0000
007F0000
007F0000
007F0000
007F0000
007F0000
007F0000
007F0000
007F0000
007F0000
ENDCHAR
STARTCHAR 03D3
ENCODING 979
SWIDTH 600 0
DWIDTH 30 0
BBX 39 36 -9 0
BITMAP
3F80000000
3F80000000
3F000001F0
7E3F8007FC
7C3F8007FE
F81FC00FFE
F01FC01FFC
000FC01FFC
000FE03F88
0007E03F00
0007F03F00
0003F07E00
0003F87E00
0001F8FE00
0001FCFC00
0000FDFC00
0000FFF800
00007FF800
00007FF000
00003FF000
00003FE000
00001FE000
00001FC000
00001FC000
00001FC000
00001FC000
00001FC000
00001FC000
00001FC000
00001FC000
00001FC000
00001FC000
00001FC000
00001FC000
00001FC000
00001FC000
ENDCHAR
STARTCHAR 03D4
ENCODING 980
SWIDTH 600 0
DWIDTH 30 0
BBX 29 41 1 0
BITMAP
03F0FC00
03F0FC00
03F0FC00
03F0FC00
03F0FC00
00000000
00000000
000007C0
FE001FF0
FE001FF8
7F003FF8
7F007FF0
3F007FF0
3F80FE20
1F80FC00
1FC0FC00
0FC1F800
0FE1F800
07E3F800
07F3F000
03F7F000
03FFE000
01FFE000
01FFC000
00FFC000
00FF8000
007F8000
007F0000
007F0000
007F0000
007F0000
007F0000
007F0000
007F0000
007F0000
007F0000
007F0000
007F0000
007F0000
007F0000
007F0000
ENDCHAR
STARTCHAR 03D5
ENCODING 981
SWIDTH 600 0
DWIDTH 30 0
BBX 26 46 2 -10
BITMAP
003F0000
003F0000
003F0000
003F0000
003F0000
003F0000
003F0000
003F0000
003F0000
00FFC000
03FFF000
07FFFC00
0FFFFE00
1FFFFE00
3FBF7F00
3F3F3F80
7F3F3F80
7E3F1F80
7E3F1F80
FE3F1FC0
FE3F1FC0
FE3F1FC0
FE3F1FC0
FE3F1FC0
FE3F1FC0
FE3F1FC0
FE3F1FC0
7E3F1F80
7E3F1F80
7F3F3F80
3F3F3F00
3FBF7F00
1FFFFE00
0FFFFC00
07FFF800
03FFF000
00FFC000
003F0000
003F0000
003F0000
003F0000
003F0000
003F0000
003F0000
003F0000
003F0000
ENDCHAR
STARTCHAR 03D6
ENCODING 982
SWIDTH 600 0
DWIDTH 30 0
BBX 28 27 1 -1
BITMAP
FFFFFFF0
FFFFFFF0
FFFFFFF0
FFFFFFF0
FFFFFFF0
3F000FC0
3F000FC0
7E0007E0
7E0007E0
7C0003E0
FC0003F0
FC1F83F0
FC1F83F0
FC1F83F0
FC1F83F0
FC1F83F0
FC1F83F0
FC1F83F0
FC1F83F0
7E1F87E0
7E3FC7E0
7E3FC7E0
3FF9FFC0
3FF9FFC0
1FF0FF80
0FF0FF00
07C03E00
ENDCHAR
STARTCHAR 03D7
ENCODING 983
SWIDTH 600 0
DWIDTH 30 0
BBX 28 36 1 -10
BITMAP
FC001FE0
FF001FE0
FF803FC0
FF807FC0
FFC07F80
7FC0FF80
0FC1FF00
07C1FF00
07C3FF00
07C7FE00
07C7FE00
07CFDE00
07DF9E00
079FBE00
07BF3E00
07FE3E00
077E3E00
0FFC3E00
0FF83E00
0FF83E00
1FF03FB0
1FE03FF0
1FC03FF0
3FC01FF0
3F800FF0
7F0007F0
000003F0
000003F0
000003F0
000003F0
00008FF0
0000FFF0
0000FFE0
0000FFE0
0000FFC0
0000FF00
ENDCHAR
STARTCHAR 03D8
ENCODING 984
SWIDTH 600 0
DWIDTH 30 0
BBX 26 44 2 -10
BITMAP
007F8000
01FFF000
07FFF800
0FFFFC00
1FFFFE00
3FFFFF00
3FC0FF00
7F807F80
7F807F80
7F003F80
FF003FC0
FF003FC0
FE001FC0
FE001FC0
FE001FC0
FE001FC0
FE001FC0
FE001FC0
FE001FC0
FE001FC0
FE001FC0
FE001FC0
FF003FC0
FF003FC0
7F003F80
7F003F80
7F807F80
3FC0FF00
3FF3FF00
1FFFFE00
0FFFFC00
07FFFC00
03FFF000
00FFC000
007F8000
007F8000
007F8000
007F8000
007F8000
007F8000
007F8000
007F8000
007F8000
007F8000
ENDCHAR
STARTCHAR 03D9
ENCODING 985
SWIDTH 600 0
DWIDTH 30 0
BBX 26 37 2 -10
BITMAP
007F8000
03FFF000
07FFFC00
0FFFFE00
1FFFFE00
3FC0FF00
3F807F80
7F003F80
7F003F80
7F003F80
FF003FC0
FF003FC0
FE001FC0
FE001FC0
FE001FC0
FF003FC0
FF003FC0
7F003F80
7F003F80
7F003F80
7F807F00
3FC0FF00
1FF3FE00
1FFFFE00
0FFFFC00
03FFF000
00FFC000
003F0000
003F0000
003F0000
003F0000
003F0000
003F0000
003F0000
003F0000
003F0000
003F0000
ENDCHAR
STARTCHAR 03DA
ENCODING 986
SWIDTH 600 0
DWIDTH 30 0
BBX 26 34 2 0
BITMAP
007FC000
01FFF000
07FFFC00
0FFFFE00
1FFFFF00
3FFFFF80
3FC07F80
7F803FC0
7F801FC0
FF001FC0
FF000F00
FE000000
FE000000
FE000000
FE000000
FE000000
FF000000
FF000000
7F000000
7F800000
7FC00000
3FF00000
3FFFC000
1FFFC000
0FFFC000
07FFC000
01FFC000
001FC000
001FC000
001FC000
001FC000
001FC000
001FC000
001FC000
ENDCHAR
STARTCHAR 03DB
ENCODING 987
SWIDTH 600 0
DWIDTH 30 0
BBX 24 37 3 -10
BITMAP
00FF00
03FFE0
0FFFF0
1FFFF8
3FFFFC
3F81FE
7F00FE
7F007F
FE007F
FE0000
FE0000
FE0000
FE0000
FE0000
FE0000
FE0000
FF0000
FF0000
FF8000
7FE000
7FFC00
3FFF80
1FFFF0
07FFF8
01FFFC
003FFE
0003FE
0000FF
00007F
00007F
2000FE
3F03FE
3FFFFE
3FFFFC
3FFFF8
3FFFE0
07FF00
ENDCHAR
STARTCHAR 03DC
ENCODING 988
SWIDTH 600 0
DWIDTH 30 0
BBX 23 33 4 0
BITMAP
FFFFFE
FFFFFE
FFFFFE
FFFFFE
FFFFFE
FFFFFE
FE0000
FE0000
FE0000
FE0000
FE0000
FE0000
FE0000
FE0000
FE0000
FFFFFC
FFFFFC
FFFFFC
FFFFFC
FFFFFC
FFFFFC
FE01FC
FE01FC
FE01FC
FE01FC
FE0000
FE0000
FE0000
FE0000
FE0000
FE0000
FE0000
FE0000
ENDCHAR
STARTCHAR 03DD
ENCODING 989
SWIDTH 600 0
DWIDTH 30 0
BBX 24 36 3 -10
BITMAP
FFFFFF
FFFFFF
FFFFFF
FFFFFF
FFFFFF
FE0000
FE0000
FE0000
FE0000
FE0000
FE0000
FE0000
FE0000
FE0000
FFFFFC
FFFFFC
FFFFFC
FFFFFC
FFFFFC
FE003C
FE003C
FE003C
FE003C
FE003C
FE0000
FE0000
FE0000
FE0000
FE0000
FE0000
FE0000
FE0000
FE0000
FE0000
FE0000
FE0000
ENDCHAR
STARTCHAR 03DE
ENCODING 990
SWIDTH 600 0
DWIDTH 30 0
BBX 28 35 1 -1
BITMAP
FE000000
FF000000
FF800000
FFC00060
FFC000E0
9FC001E0
0FC007C0
0FC00FC0
0FC01FC0
0FC03FC0
0FC0FFC0
0FC1FFC0
0FC3FF80
0FC7FF80
0F9FFF80
1FBFFF80
1FFFDF80
1FFF9F80
1FFF1F80
1FFE1F00
1FFC3F00
1FF03F00
3FE03F00
3FC03F00
3F803F00
3F003F00
3C003F00
38003F00
70003F00
60003F90
00003FF0
00003FF0
00001FF0
00001FF0
000007F0
ENDCHAR
STARTCHAR 03DF
ENCODING 991
SWIDTH 600 0
DWIDTH 30 0
BBX 28 36 1 0
BITMAP
01F80000
01F80000
01F00000
03F00000
03F00000
07E00000
07E00000
07C00000
0FC00000
0FC00000
0F800000
1F800000
1F800000
3F000000
3F000000
3FFFFFF0
7FFFFFF0
7FFFFFE0
7FFFFFE0
FFFFFFE0
FFFFFFC0
00000FC0
00000F80
00001F80
00001F80
00001F00
00003F00
00003F00
00007E00
00007E00
00007E00
0000FC00
0000FC00
0000F800
0001F800
0001F800
ENDCHAR
STARTCHAR 03E0
ENCODING 992
SWIDTH 600 0
DWIDTH 30 0
BBX 27 44 1 -10
BITMAP
00FE0000
07FFC000
0FFFE000
3FFFF000
7FFFF800
FFFFFC00
FF8FFE00
7E03FE00
7801FF00
3000FF80
0001FF80
0007FF80
001FFFC0
007FFFC0
00FFFFC0
03FF1FC0
07FC1FE0
03F80FE0
03E00FE0
01801FE0
00007FE0
0000FFE0
0003FFE0
000FFFE0
001FFFE0
003FEFE0
001F8FE0
001E0FE0
000C0FE0
00000FE0
00000FE0
00000FC0
00001FC0
00001FC0
00003F80
00007F80
0000FF00
0001FE00
001FFE00
007FFC00
007FF800
007FE000
007F8000
007C0000
ENDCHAR
STARTCHAR 03E1
ENCODING 993
SWIDTH 600 0
DWIDTH 30 0
BBX 27 46 1 -10
BITMAP
18000000
1E000000
3FC00000
7FE00000
FFF80000
3FFE0000
0FFF0000
03FFC000
00FFE000
003FF000
001FF800
000FF800
0007FC00
001FFE00
007FFF00
01FFFF00
07FFFF80
07FC7F80
07F03F80
03C03FC0
03001FC0
00003FC0
0000FFE0
0003FFE0
000FFFE0
003FFFE0
007FFFE0
003FC7E0
003F07E0
001C07E0
000007E0
000007E0
000007E0
000007E0
000007E0
000007E0
000007E0
000007E0
000007E0
00000FE0
00000FE0
00000FE0
00000FC0
00000FC0
00001F00
00001800
ENDCHAR
STARTCHAR 03E2
ENCODING 994
SWIDTH 600 0
DWIDTH 30 0
BBX 26 43 2 -10
BITMAP
FC3F0FC0
FC3F0FC0
FC3F0FC0
FC3F0FC0
FC3F0FC0
FC3F0FC0
FC3F0FC0
FC3F0FC0
FC3F0FC0
FC3F0FC0
FC3F0FC0
FC3F0FC0
FC3F0FC0
FC3F0FC0
FC3F0FC0
FC3F0FC0
FC3F0FC0
FC3F0FC0
FC3F0FC0
FC3F0FC0
FC3F0FC0
FC3F0FC0
FC3F0FC0
FC3F0FC0
FC3F0FC0
FC3F0FC0
FC3F0FC0
FC7F0FC0
FC7F1FC0
FEFFFFC0
7FEFFFC0
7FCFFBC0
3F87F3C0
1F03E3C0
000003C0
000007C0
000007C0
FFFFFFC0
FFFFFFC0
FFFFFF80
FFFFFF80
FFFFFF00
FFFFFE00
ENDCHAR
STARTCHAR 03E3
ENCODING 995
SWIDTH 600 0
DWIDTH 30 0
BBX 26 36 2 -10
BITMAP
F83F07C0
F83F07C0
F83F07C0
F83F07C0
F83F07C0
F83F07C0
F83F07C0
F83F07C0
F83F07C0
F83F07C0
F83F07C0
F83F07C0
F83F07C0
F83F07C0
F83F07C0
F83F07C0
F83F0FC0
FC3F0FC0
FC3F0FC0
FC3F0FC0
FC7F0FC0
FEFF9FC0
FFFFFFC0
7FCFFBC0
7FCFFBC0
3F87F3C0
1F03E3C0
000003C0
000007C0
000007C0
00000FC0
FFFFFFC0
FFFFFF80
FFFFFF80
FFFFFF00
FFFFFE00
ENDCHAR
STARTCHAR 03E4
ENCODING 996
SWIDTH 600 0
DWIDTH 30 0
BBX 25 34 2 0
BITMAP
01FC0000
07F87F80
1FF87F80
3FF87F80
3FF87F80
7FE87F80
7F007F80
FF007F80
FF007F80
FE007F80
FE007F80
FE007F80
FE007F80
FE007F80
FF007F80
7F007F80
7F807F80
7FF3FF80
3FFFFF80
3FFFFF80
1FFFFF80
07FFFF80
01FC7F80
00007F80
00007F80
00007F80
00007F80
00007F80
00007F80
00007F80
00007F80
00007F80
00007F80
00007F80
ENDCHAR
STARTCHAR 03E5
ENCODING 997
SWIDTH 600 0
DWIDTH 30 0
BBX 23 36 3 0
BITMAP
07F8FE
1FF8FE
3FF8FE
7FF8FE
7FF8FE
7FD8FE
FF00FE
FE00FE
FE00FE
FE00FE
FE00FE
FE00FE
FE00FE
FE00FE
FE00FE
FE00FE
FE00FE
FE00FE
FF00FE
FF01FE
7F03FE
7FC7FE
7FFFFE
3FFEFE
3FFCFE
1FF8FE
07E0FE
0000FE
0000FE
0000FE
0000FE
0000FE
0000FE
0000FE
0000FE
0000FE
ENDCHAR
STARTCHAR 03E6
ENCODING 998
SWIDTH 600 0
DWIDTH 30 0
BBX 24 43 4 -10
BITMAP
FE0000
FE0000
FE0000
FE0000
FE0000
FE0000
FE0000
FE0000
FE0000
FE0000
FE0000
FE3F80
FFFFE0
FFFFF0
FFFFF8
FFFFFC
FFC7FC
FE01FE
FE00FE
FE00FF
FE00FF
FE007F
FE007F
FE007F
FE007F
FE007F
FE007F
FE007F
FE007F
FE007F
FE00FF
FE00FF
FE00FE
0000FE
0001FE
0003FC
0007FC
000FF8
FFFFF8
FFFFF0
FFFFC0
FFFF80
FFFC00
ENDCHAR
STARTCHAR 03E7
ENCODING 999
SWIDTH 600 0
DWIDTH 30 0
BBX 28 29 1 -1
BITMAP
00000080
007F81C0
01FFF1E0
07FFFFF0
0FFFFFF0
1FFFFFE0
1F80FFE0
1F807FC0
3F003F80
3F80FFC0
3FC1FFC0
1FFFFFC0
1FFFFFE0
0FFFEFE0
07FF8FE0
01FE0FE0
00001FE0
00001FE0
00001FE0
00001FC0
0F801FC0
3FC01FC0
7FF03FC0
7FFCFF80
FFFFFF80
FFFFFF00
F87FFE00
F81FFC00
0007F000
ENDCHAR
STARTCHAR 03E8
ENCODING 1000
SWIDTH 600 0
DWIDTH 30 0
BBX 27 35 2 -1
BITMAP
00FF8000
03FFF000
0FFFFC00
1FFFFE00
3FFFFF00
3FE0FF80
7F807F80
7F003F80
7F003F80
0F003F80
00003F80
00007F80
0000FF80
0007FF80
003FFF00
01FFFE00
07FFFC00
1FFFF800
3FFFE000
7FFE0000
FFF007C0
FF801FC0
FF001FC0
FE000FE0
FE000FE0
FE000FE0
FE000FE0
FE001FE0
FF003FC0
7FF3FFC0
7FFFFF80
3FFFFF00
1FFFFE00
07FFF800
00FFC000
ENDCHAR
STARTCHAR 03E9
ENCODING 1001
SWIDTH 600 0
DWIDTH 30 0
BBX 26 35 2 -1
BITMAP
007FC000
03FFF800
07FFFE00
0FFFFF00
1FFFFF80
3FF07F80
3FC03FC0
3F801FC0
7F801FC0
07001FC0
00001FC0
00003FC0
00007FC0
0003FF80
001FFF80
01FFFF00
07FFFE00
0FFFF800
1FFFE000
3FFF0000
7FF80000
7FC00000
FF000000
FF000000
FE000000
FE000000
FE000000
7F000080
7F800380
7FF87F80
3FFFFF80
1FFFFF80
0FFFFF80
03FFFF00
007FF000
ENDCHAR
STARTCHAR 03EA
ENCODING 1002
SWIDTH 600 0
DWIDTH 30 0
BBX 30 34 0 0
BITMAP
0FC00FC0
3FF03FF0
FFF87FFC
7FF87FF8
7FFCFFF8
79FCFE78
20FFFC10
007FF800
003FF000
003FF000
001FE000
001FE000
000FC000
001FE000
001FE000
003FF000
003FF000
007FF800
007FF800
00FCFC00
00FCFC00
01F87E00
01F87E00
03F03F00
03F03F80
07E01F80
0FE01FC0
0FC00FC0
1FC00FE0
1FFFFFE0
1FFFFFE0
1FFFFFE0
1FFFFFE0
1FFFFFE0
ENDCHAR
STARTCHAR 03EB
ENCODING 1003
SWIDTH 600 0
DWIDTH 30 0
BBX 30 27 0 0
BITMAP
0F8007E0
3FE01FF8
FFF03FFC
FFF87FFC
7FFCFFF8
7FFCFFF8
60FFFC18
007FF800
003FF000
001FF000
001FE000
001FE000
001FF000
003FF000
007FF800
00FFFC00
00FEFC00
01FCFE00
03F87F00
07F83F80
07F03F80
0FE01FC0
1FFFFFE0
1FFFFFE0
1FFFFFE0
1FFFFFE0
1FFFFFE0
ENDCHAR
STARTCHAR 03EC
ENCODING 1004
SWIDTH 600 0
DWIDTH 30 0
BBX 26 37 2 -1
BITMAP
0007FE00
007FFE00
01FFFE00
07FFFE00
0FFFFE00
1FFFFE00
1FF00000
3F800000
3F000000
7E000000
7E3FC000
7EFFF000
7FFFFC00
FFFFFE00
FFFFFF00
FFFFFF00
FF807F80
FF003F80
FE001FC0
FE001FC0
FC001FC0
FC000FC0
FC000FC0
FC000FC0
FC000FC0
FC000FC0
FE001FC0
7E001FC0
7E001FC0
7F003F80
3F807F80
3FFFFF00
1FFFFF00
0FFFFE00
07FFF800
03FFF000
007F8000
ENDCHAR
STARTCHAR 03ED
ENCODING 1005
SWIDTH 600 0
DWIDTH 30 0
BBX 25 28 2 -1
BITMAP
0003FF80
003FFF80
01FFFF80
03FFFF80
0FFFFF80
1FFC0000
3FE00000
3FC00000
7F800000
7F1FE000
7F1FFC00
FE1FFE00
FE1FFF00
FE1FFF00
FE007F80
FE003F80
FE003F80
FE001F80
7E001F80
7F001F80
7F003F80
3F803F80
3FC07F00
1FFFFF00
0FFFFE00
07FFFC00
03FFF000
00FF8000
ENDCHAR
STARTCHAR 03EE
ENCODING 1006
SWIDTH 600 0
DWIDTH 30 0
BBX 24 34 3 0
BITMAP
00FF00
00FF00
00FF00
00FF00
00FF00
00FF00
00FF00
00FF00
0FFFF0
3FFFFC
7FFFFE
FFFFFF
FFFFFF
FFFFFF
F8FF1F
F0FF0F
F0FF0F
F0FF0F
E0FF07
00FF00
00FF00
00FF00
00FF00
00FF00
00FF00
00FF00
00FF00
00FF00
00FF00
00FF00
00FF00
00FF00
00FF00
00FF00
ENDCHAR
STARTCHAR 03EF
ENCODING 1007
SWIDTH 600 0
DWIDTH 30 0
BBX 20 36 5 0
BITMAP
03FC00
03FC00
03FC00
03FC00
03F800
01F800
01F800
01F800
01F800
01F800
FFFFF0
FFFFF0
FFFFF0
FFFFF0
FFFFF0
F1F8F0
01F800
01F800
01F800
01F800
01F800
01F800
01F800
01F800
01F800
01F800
01F800
01F800
01F800
01F800
01F800
01F800
01F800
01F800
01F800
01F800
ENDCHAR
STARTCHAR 03F0
ENCODING 1008
SWIDTH 600 0
DWIDTH 30 0
BBX 28 27 1 -1
BITMAP
FC001FE0
FF001FE0
FF803FC0
FF807FC0
FFC07F80
7FC0FF80
0FC1FF00
07C1FF00
07C3FF00
07C7FF00
07C7FE00
07CFDE00
07DF9E00
079FBE00
07BF3E00
07FE3E00
077E3E00
0FFC3E00
0FF83E00
0FF83E00
1FF03F00
1FE03FE0
1FC03FF0
3FC01FF0
3F801FF0
7F000FF0
000003F0
ENDCHAR
STARTCHAR 03F1
ENCODING 1009
SWIDTH 600 0
DWIDTH 30 0
BBX 26 37 2 -10
BITMAP
007F8000
03FFF000
07FFFC00
0FFFFE00
1FFFFF00
3FC0FF00
3F807F80
7F003F80
7F003F80
7E001FC0
7E001FC0
FE001FC0
FE001FC0
FE001FC0
FE001FC0
FE001FC0
FE001FC0
FE001FC0
FF003F80
FF003F80
FF807F80
FFC0FF00
7FFFFE00
7FFFFE00
7DFFFC00
7CFFF000
7E3FC000
3E000000
3F000000
3FC00000
1FFFF000
0FFFFE00
07FFFF00
03FFFF80
00FFFF80
0007FFC0
00000FC0
ENDCHAR
STARTCHAR 03F2
ENCODING 1010
SWIDTH 600 0
DWIDTH 30 0
BBX 24 28 3 -1
BITMAP
00FF00
03FFE0
0FFFF0
1FFFF8
3FFFFC
3FC1FE
7F80FE
7F007F
FF007F
FE0000
FE0000
FE0000
FE0000
FE0000
FE0000
FE0000
FE0000
FE0000
FE007F
FF007F
7F007F
7F80FE
3FC1FE
3FFFFC
1FFFF8
0FFFF0
03FFE0
00FF00
ENDCHAR
STARTCHAR 03F3
ENCODING 1011
SWIDTH 600 0
DWIDTH 30 0
BBX 18 46 3 -10
BITMAP
001FC0
001FC0
001FC0
001FC0
001FC0
000000
000000
000000
000000
000000
1FFFC0
1FFFC0
1FFFC0
1FFFC0
1FFFC0
001FC0
001FC0
001FC0
001FC0
001FC0
001FC0
001FC0
001FC0
001FC0
001FC0
001FC0
001FC0
001FC0
001FC0
001FC0
001FC0
001FC0
001FC0
001FC0
001FC0
001FC0
001FC0
001FC0
001FC0
003FC0
F1FF80
FFFF80
FFFF00
FFFE00
FFF800
3FE000
ENDCHAR
STARTCHAR 03F4
ENCODING 1012
SWIDTH 600 0
DWIDTH 30 0
BBX 26 35 2 -1
BITMAP
007F8000
01FFF000
07FFF800
0FFFFC00
1FFFFE00
3FFFFF00
3FC0FF00
7F807F80
7F807F80
7F003F80
FF003FC0
FF003FC0
FE001FC0
FE001FC0
FFFFFFC0
FFFFFFC0
FFFFFFC0
FFFFFFC0
FFFFFFC0
FFFFFFC0
FE001FC0
FE001FC0
FE003FC0
FF003FC0
FF003FC0
7F003F80
7F807F80
7F807F80
3FC0FF00
3FFFFF00
1FFFFE00
0FFFFC00
07FFF800
01FFE000
007F8000
ENDCHAR
STARTCHAR 03F5
ENCODING 1013
SWIDTH 600 0
DWIDTH 30 0
BBX 25 26 2 0
BITMAP
007FFF80
03FFFF80
07FFFF80
1FFFFF80
1FFFFF80
3FE00000
7F800000
7F000000
7F000000
7F000000
FE000000
FFFFF800
FFFFF800
FFFFF800
FFFFF800
FFFFF800
7F000000
7F000000
7F000000
7F800000
3FE00000
1FFFFF80
1FFFFF80
07FFFF80
03FFFF80
007FFF80
ENDCHAR
STARTCHAR 03F6
ENCODING 1014
SWIDTH 600 0
DWIDTH 30 0
BBX 25 26 3 0
BITMAP
FFFF0000
FFFFE000
FFFFF000
FFFFFC00
FFFFFC00
0003FE00
0000FF00
00007F00
00007F00
00007F00
00003F80
0FFFFF80
0FFFFF80
0FFFFF80
0FFFFF80
0FFFFF80
00007F00
00007F00
00007F00
0000FF00
0003FE00
FFFFFC00
FFFFFC00
FFFFF000
FFFFE000
FFFF0000
ENDCHAR
STARTCHAR 03F7
ENCODING 1015
SWIDTH 600 0
DWIDTH 30 0
BBX 25 33 3 0
BITMAP
FF000000
FF000000
FF000000
FF000000
FF000000
FF000000
FFFF8000
FFFFF000
FFFFFC00
FFFFFE00
FFFFFF00
FF03FF00
FF00FF80
FF007F80
FF003F80
FF003F80
FF003F80
FF003F80
FF003F80
FF007F80
FF00FF80
FF03FF00
FFFFFE00
FFFFFC00
FFFFF800
FFFFF000
FFFF8000
FF000000
FF000000
FF000000
FF000000
FF000000
FF000000
ENDCHAR
STARTCHAR 03F8
ENCODING 1016
SWIDTH 600 0
DWIDTH 30 0
BBX 25 46 3 -10
BITMAP
FE000000
FE000000
FE000000
FE000000
FE000000
FE000000
FE000000
FE000000
FE000000
FE0FC000
FE3FF000
FE7FF800
FEFFFC00
FEFFFE00
FFC1FE00
FF80FE00
FF007F00
FF007F00
FF007F00
FF007F00
FE007F00
FE003F00
FE003F80
FE003F80
FE003F00
FE007F00
FE007F00
FF007F00
FF007F00
FF007F00
FF80FE00
FFC1FE00
FFFFFC00
FEFFFC00
FE7FF800
FE3FF000
FE0FC000
FE000000
FE000000
FE000000
FE000000
FE000000
FE000000
FE000000
FE000000
FE000000
ENDCHAR
STARTCHAR 03F9
ENCODING 1017
SWIDTH 600 0
DWIDTH 30 0
BBX 27 35 2 -1
BITMAP
003FC000
01FFF000
07FFFC00
0FFFFE00
1FFFFF00
1FFFFF00
3FE0FF80
3FC03F80
7F803FC0
7F001FC0
7F001800
FF000000
FF000000
FE000000
FE000000
FE000000
FE000000
FE000000
FE000000
FE000000
FE000000
FF000000
FF000000
FF000E00
7F001FE0
7F801FC0
7F803FC0
3FC03F80
3FE07F80
1FFFFF00
0FFFFF00
0FFFFE00
03FFFC00
01FFF000
003FC000
ENDCHAR
STARTCHAR 03FA
ENCODING 1018
SWIDTH 600 0
DWIDTH 30 0
BBX 26 33 2 0
BITMAP
FF807FC0
FF807FC0
FFC07FC0
FFC0FFC0
FFC0FFC0
FFC0FFC0
FFE0FFC0
FFE1FFC0
FFE1FFC0
FDE1EFC0
FDF1EFC0
FDF3EFC0
FDF3EFC0
FCF3EFC0
FCFBCFC0
FCFFCFC0
FCFFCFC0
FC7F8FC0
FC7F8FC0
FC7F8FC0
FC7F8FC0
FC3F0FC0
FC3F0FC0
FC3F0FC0
FC000FC0
FC000FC0
FC000FC0
FC000FC0
FC000FC0
FC000FC0
FC000FC0
FC000FC0
FC000FC0
ENDCHAR
STARTCHAR 03FB
ENCODING 1019
SWIDTH 600 0
DWIDTH 30 0
BBX 28 36 1 -10
BITMAP
FF801FF0
FFC03FF0
FFC03FF0
FFC03FF0
FFE03FF0
FFE07FF0
FFE07FF0
FDE07FF0
FDF07BF0
FDF0FBF0
FDF0FBF0
FCF0FBF0
FCF9F3F0
FCF9F3F0
FCF9F3F0
FC79E3F0
FC7DE3F0
FC7DE3F0
FC3FE3F0
FC3FC3F0
FC3FC3F0
FC3FC3F0
FC1FC3F0
FC1F83F0
FC1F83F0
FC1F83F0
FC000000
FC000000
FC000000
FC000000
FC000000
FC000000
FC000000
FC000000
FC000000
FC000000
ENDCHAR
STARTCHAR 03FC
ENCODING 1020
SWIDTH 600 0
DWIDTH 30 0
BBX 29 37 0 -10
BITMAP
001FE000
007FFC00
01FFFE00
03FFFF80
07FFFFC0
07F83FC0
0FF01FE0
0FE00FE0
1FE007F0
1FC007F0
1FC007F0
1FC003F8
1FC003F8
1FC003F8
1FC003F8
1FC003F8
1FC003F8
1FC003F8
1FC007F8
1FC007F0
1FE007F0
1FF00FF0
1FF81FE0
1FFFFFE0
1FFFFFC0
1FDFFF80
1FCFFE00
1FC3F800
1FC00000
1FC00000
FFFE0000
FFFE0000
FFFE0000
FFFE0000
FFFE0000
1FC00000
1FC00000
ENDCHAR
STARTCHAR 03FD
ENCODING 1021
SWIDTH 600 0
DWIDTH 30 0
BBX 27 35 2 -1
BITMAP
007F8000
03FFF000
07FFF800
0FFFFC00
1FFFFE00
3FFFFF00
3FC0FF80
7F807F80
7F003F80
7F003FC0
06003FC0
00001FC0
00001FC0
00001FC0
00001FE0
00001FE0
00001FE0
00001FE0
00001FE0
00001FE0
00001FC0
00001FC0
00001FC0
0E001FC0
FE003FC0
FF003FC0
7F007F80
7F807F80
7FC0FF00
3FFFFF00
1FFFFE00
1FFFFC00
0FFFF800
03FFE000
00FF8000
ENDCHAR
STARTCHAR 03FE
ENCODING 1022
SWIDTH 600 0
DWIDTH 30 0
BBX 27 35 2 -1
BITMAP
003FC000
01FFF000
07FFFC00
0FFFFE00
1FFFFF00
1FFFFF00
3FE0FF80
3FC03F80
7F803FC0
7F001FC0
7F001800
FF000000
FF000000
FE000000
FE3FC000
FE3FC000
FE3FC000
FE3FC000
FE3FC000
FE3FC000
FE3FC000
FF000000
FF000000
FF000E00
7F001FE0
7F801FC0
7F803FC0
3FC03F80
3FE07F80
1FFFFF00
0FFFFF00
0FFFFE00
03FFFC00
01FFF000
003FC000
ENDCHAR
STARTCHAR 03FF
ENCODING 1023
SWIDTH 600 0
DWIDTH 30 0
BBX 27 35 2 -1
BITMAP
007F8000
03FFF000
07FFF800
0FFFFC00
1FFFFE00
3FFFFF00
3FC0FF80
7F807F80
7F003F80
7F003FC0
06003FC0
00001FC0
00001FC0
00001FC0
007F1FE0
007F1FE0
007F1FE0
007F1FE0
007F1FE0
007F1FE0
007F1FC0
00001FC0
00001FC0
0E001FC0
FE003FC0
FF003FC0
7F007F80
7F807F80
7FC0FF00
3FFFFF00
1FFFFE00
1FFFFC00
0FFFF800
03FFE000
00FF8000
ENDCHAR
STARTCHAR 0400
ENCODING 1024
SWIDTH 600 0
DWIDTH 30 0
BBX 25 42 3 0
BITMAP
0FE00000
0FF00000
03F80000
01FC0000
00FE0000
003F0000
001F0000
00000000
00000000
FFFFFF00
FFFFFF00
FFFFFF00
FFFFFF00
FFFFFF00
FFFFFF00
FF000000
FF000000
FF000000
FF000000
FF000000
FF000000
FF000000
FFFFFC00
FFFFFC00
FFFFFC00
FFFFFC00
FFFFFC00
FFFFFC00
FF000000
FF000000
FF000000
FF000000
FF000000
FF000000
FF000000
FF000000
FFFFFF80
FFFFFF80
FFFFFF80
FFFFFF80
FFFFFF80
FFFFFF80
ENDCHAR
STARTCHAR 0401
ENCODING 1025
SWIDTH 600 0
DWIDTH 30 0
BBX 25 41 3 0
BITMAP
0FC3F000
0FC3F000
0FC3F000
0FC3F000
0FC3F000
00000000
00000000
00000000
FFFFFF00
FFFFFF00
FFFFFF00
FFFFFF00
FFFFFF00
FFFFFF00
FF000000
FF000000
FF000000
FF000000
FF000000
FF000000
FF000000
FFFFFC00
FFFFFC00
FFFFFC00
FFFFFC00
FFFFFC00
FFFFFC00
FF000000
FF000000
FF000000
FF000000
FF000000
FF000000
FF000000
FF000000
FFFFFF80
FFFFFF80
FFFFFF80
FFFFFF80
FFFFFF80
FFFFFF80
ENDCHAR
STARTCHAR 0402
ENCODING 1026
SWIDTH 600 0
DWIDTH 30 0
BBX 29 34 0 -1
BITMAP
FFFFF800
FFFFF800
FFFFF800
FFFFF800
FFFFF800
FFFFF800
01F80000
01F80000
01F80000
01F80000
01F80000
01F83F00
01F9FFC0
01FFFFE0
01FFFFF0
01FFFFF0
01FFEFF0
01FC03F8
01F803F8
01F801F8
01F801F8
01F801F8
01F801F8
01F801F8
01F801F8
01F801F8
01F821F8
01F9F3F8
01FBFFF0
01F9FFF0
01F9FFF0
01F8FFE0
01F87FC0
00001F00
ENDCHAR
STARTCHAR 0403
ENCODING 1027
SWIDTH 600 0
DWIDTH 30 0
BBX 24 42 4 0
BITMAP
0003F8
0007F0
000FE0
001F80
003F00
007E00
00F800
000000
000000
FFFFFF
FFFFFF
FFFFFF
FFFFFF
FFFFFF
FFFFFF
FF0000
FF0000
FF0000
FF0000
FF0000
FF0000
FF0000
FF0000
FF0000
FF0000
FF0000
FF0000
FF0000
FF0000
FF0000
FF0000
FF0000
FF0000
FF0000
FF0000
FF0000
FF0000
FF0000
FF0000
FF0000
FF0000
FF0000
ENDCHAR
STARTCHAR 0404
ENCODING 1028
SWIDTH 600 0
DWIDTH 30 0
BBX 27 35 2 -1
BITMAP
003FC000
01FFF000
07FFFC00
0FFFFE00
1FFFFF00
1FFFFF00
3FE0FF80
3FC03F80
7F803FC0
7F801FC0
7F001800
FF000000
FF000000
FE000000
FE000000
FFFF8000
FFFF8000
FFFF8000
FFFF8000
FFFF8000
FFFF8000
FE000000
FF000000
FF000E00
7F001FE0
7F001FC0
7F803FC0
3FC03F80
3FE07F80
1FFFFF00
0FFFFF00
0FFFFE00
03FFFC00
01FFF000
003FC000
ENDCHAR
STARTCHAR 0405
ENCODING 1029
SWIDTH 600 0
DWIDTH 30 0
BBX 27 35 1 -1
BITMAP
003FE000
01FFF800
07FFFE00
0FFFFF00
1FFFFF80
3FE0FF80
3FC03FC0
3F801FC0
3F801FC0
3F801F00
3F800000
3FC00000
3FE00000
3FFC0000
1FFF8000
0FFFF000
07FFFC00
03FFFF00
00FFFF80
001FFFC0
0001FFE0
00003FE0
00001FE0
00000FE0
00000FE0
1E000FE0
FE000FE0
FF000FE0
7F801FE0
7FF9FFC0
3FFFFFC0
1FFFFF80
0FFFFF00
03FFFC00
007FE000
ENDCHAR
STARTCHAR 0406
ENCODING 1030
SWIDTH 600 0
DWIDTH 30 0
BBX 22 33 4 0
BITMAP
FFFFFC
FFFFFC
FFFFFC
FFFFFC
FFFFFC
FFFFFC
01FE00
01FE00
01FE00
01FE00
01FE00
01FE00
01FE00
01FE00
01FE00
01FE00
01FE00
01FE00
01FE00
01FE00
01FE00
01FE00
01FE00
01FE00
01FE00
01FE00
01FE00
FFFFFC
FFFFFC
FFFFFC
FFFFFC
FFFFFC
FFFFFC
ENDCHAR
STARTCHAR 0407
ENCODING 1031
SWIDTH 600 0
DWIDTH 30 0
BBX 22 41 4 0
BITMAP
1F87E0
1F87E0
1F87E0
1F87E0
1F87E0
000000
000000
000000
FFFFFC
FFFFFC
FFFFFC
FFFFFC
FFFFFC
FFFFFC
01FE00
01FE00
01FE00
01FE00
01FE00
01FE00
01FE00
01FE00
01FE00
01FE00
01FE00
01FE00
01FE00
01FE00
01FE00
01FE00
01FE00
01FE00
01FE00
01FE00
01FE00
FFFFFC
FFFFFC
FFFFFC
FFFFFC
FFFFFC
FFFFFC
ENDCHAR
STARTCHAR 0408
ENCODING 1032
SWIDTH 600 0
DWIDTH 30 0
BBX 22 34 3 -1
BITMAP
01FFFC
01FFFC
01FFFC
01FFFC
01FFFC
01FFFC
0001FC
0001FC
0001FC
0001FC
0001FC
0001FC
0001FC
0001FC
0001FC
0001FC
0001FC
0001FC
0001FC
0001FC
0001FC
0001FC
0001FC
1E01FC
FE01FC
FE03FC
FF03F8
FF87F8
7FFFF8
7FFFF0
3FFFE0
1FFFC0
07FF80
01FE00
ENDCHAR
STARTCHAR 0409
ENCODING 1033
SWIDTH 600 0
DWIDTH 30 0
BBX 30 34 0 -1
BITMAP
07FFE000
07FFE000
07FFE000
07FFE000
07FFE000
07E3E000
07E3E000
07C3E000
07C3E000
07C3E000
07C3E000
07C3E000
07C3E000
07C3FE00
07C3FF80
07C3FFE0
07C3FFF0
0FC3FFF0
0FC3E3F8
0FC3E1F8
0FC3E0F8
0FC3E0FC
0FC3E0FC
0FC3E0FC
0F83E0FC
0F83E0F8
1F83E1F8
1F83E3F8
FF83FFF0
FF03FFE0
FF03FFC0
FF03FF80
FE03FE00
F8000000
ENDCHAR
STARTCHAR 040A
ENCODING 1034
SWIDTH 600 0
DWIDTH 30 0
BBX 27 33 2 0
BITMAP
FC1F8000
FC1F8000
FC1F8000
FC1F8000
FC1F8000
FC1F8000
FC1F8000
FC1F8000
FC1F8000
FC1F8000
FC1F8000
FC1F8000
FC1F8000
FFFFF800
FFFFFE00
FFFFFF80
FFFFFF80
FFFFFFC0
FC1F8FE0
FC1F87E0
FC1F83E0
FC1F83E0
FC1F83E0
FC1F83E0
FC1F83E0
FC1F83E0
FC1F87E0
FC1F9FE0
FC1FFFC0
FC1FFF80
FC1FFF00
FC1FFE00
FC1FF000
ENDCHAR
STARTCHAR 040B
ENCODING 1035
SWIDTH 600 0
DWIDTH 30 0
BBX 29 33 0 0
BITMAP
FFFFF800
FFFFF800
FFFFF800
FFFFF800
FFFFF800
FFFFF800
01F80000
01F80000
01F80000
01F80000
01F83F00
01F9FFC0
01FFFFE0
01FFFFF0
01FFFFF0
01FFEFF0
01FE03F8
01F803F8
01F801F8
01F801F8
01F801F8
01F801F8
01F801F8
01F801F8
01F801F8
01F801F8
01F801F8
01F801F8
01F801F8
01F801F8
01F801F8
01F801F8
01F801F8
ENDCHAR
STARTCHAR 040C
ENCODING 1036
SWIDTH 600 0
DWIDTH 30 0
BBX 27 42 3 0
BITMAP
0001FC00
0003F800
0007F000
000FC000
001F8000
003E0000
007C0000
00000000
00000000
FF003FC0
FF003F80
FF007F00
FF00FF00
FF00FE00
FF01FE00
FF01FC00
FF03F800
FF07F800
FF07F000
FF0FE000
FF1FC000
FF7FC000
FFFF8000
FFFF0000
FFFF8000
FFFF8000
FFFFC000
FF1FC000
FF1FE000
FF0FF000
FF0FF000
FF07F800
FF03F800
FF03FC00
FF01FC00
FF01FE00
FF00FF00
FF00FF00
FF007F80
FF007F80
FF003FC0
FF001FE0
ENDCHAR
STARTCHAR 040D
ENCODING 1037
SWIDTH 600 0
DWIDTH 30 0
BBX 24 42 3 0
BITMAP
0FE000
0FF000
03F800
01FC00
00FE00
003F00
001F00
000000
000000
FE01FF
FE01FF
FE01FF
FE03FF
FE03FF
FE07FF
FE07FF
FE07FF
FE0FFF
FE0FFF
FE0FBF
FE1FBF
FE1FBF
FE3F3F
FE3F3F
FE3E7F
FE7E7F
FE7E7F
FEFC7F
FCFC7F
FCFC7F
FDF87F
FDF87F
FDF07F
FFF07F
FFF07F
FFE07F
FFE07F
FFC07F
FFC07F
FFC07F
FF807F
FF807F
ENDCHAR
STARTCHAR 040E
ENCODING 1038
SWIDTH 600 0
DWIDTH 30 0
BBX 30 43 0 -1
BITMAP
07E00F80
07E01F80
03F01F80
03FEFF00
01FFFF00
00FFFE00
003FF000
00000000
00000000
FF0003FC
7F0003F8
3F8007F8
3F8007F0
1FC007F0
1FE00FE0
0FE00FE0
0FF01FC0
07F01FC0
03F81F80
03F83F80
01FC3F00
01FC7F00
00FE7F00
00FE7E00
007FFE00
003FFC00
003FFC00
001FF800
001FF800
000FF000
000FF000
0007E000
000FE000
001FE000
001FC000
003FC000
1EFF8000
1FFF8000
1FFF0000
3FFE0000
3FFC0000
3FF80000
0FE00000
ENDCHAR
STARTCHAR 040F
ENCODING 1039
SWIDTH 600 0
DWIDTH 30 0
BBX 24 43 3 -10
BITMAP
FF00FF
FF00FF
FF00FF
FF00FF
FF00FF
FF00FF
FF00FF
FF00FF
FF00FF
FF00FF
FF00FF
FF00FF
FF00FF
FF00FF
FF00FF
FF00FF
FF00FF
FF00FF
FF00FF
FF00FF
FF00FF
FF00FF
FF00FF
FF00FF
FF00FF
FF00FF
FF00FF
FFFFFF
FFFFFF
FFFFFF
FFFFFF
FFFFFF
FFFFFF
007E00
007E00
007E00
007E00
007E00
007E00
007E00
007E00
007E00
007E00
ENDCHAR
STARTCHAR 0410
ENCODING 1040
SWIDTH 600 0
DWIDTH 30 0
BBX 30 33 0 0
BITMAP
001FE000
003FF000
003FF000
003FF000
007FF800
007FF800
007EF800
00FCFC00
00FCFC00
00FCFC00
01F87E00
01F87E00
01F87E00
03F87F00
03F03F00
03F03F00
07F03F80
07E01F80
07E01F80
0FFFFFC0
0FFFFFC0
0FFFFFC0
1FFFFFE0
1FFFFFE0
1F8007E0
3F8007F0
3F8007F0
3F8007F0
7F0003F8
7F0003F8
7F0003F8
FF0003FC
FE0001FC
ENDCHAR
STARTCHAR 0411
ENCODING 1041
SWIDTH 600 0
DWIDTH 30 0
BBX 26 33 3 0
BITMAP
FFFFFE00
FFFFFE00
FFFFFE00
FFFFFE00
FFFFFE00
FFFFFE00
FF000000
FF000000
FF000000
FF000000
FF000000
FF000000
FF000000
FFFFC000
FFFFF800
FFFFFE00
FFFFFF00
FFFFFF00
FFFFFF80
FF007F80
FF003FC0
FF003FC0
FF003FC0
FF003FC0
FF003FC0
FF003F80
FF007F80
FFFFFF80
FFFFFF00
FFFFFE00
FFFFFC00
FFFFF800
FFFFC000
ENDCHAR
STARTCHAR 0412
ENCODING 1042
SWIDTH 600 0
DWIDTH 30 0
BBX 26 33 3 0
BITMAP
FFFFC000
FFFFF000
FFFFFC00
FFFFFE00
FFFFFE00
FF03FF00
FF00FF00
FF00FF00
FF007F00
FF007F00
FF007F00
FF00FE00
FF01FE00
FFFFFC00
FFFFF000
FFFF8000
FFFFF800
FFFFFE00
FF01FF00
FF007F80
FF003F80
FF001FC0
FF001FC0
FF001FC0
FF001FC0
FF003FC0
FF007FC0
FF01FF80
FFFFFF80
FFFFFF00
FFFFFE00
FFFFF800
FFFFE000
ENDCHAR
STARTCHAR 0413
ENCODING 1043
SWIDTH 600 0
DWIDTH 30 0
BBX 24 33 4 0
BITMAP
FFFFFF
FFFFFF
FFFFFF
FFFFFF
FFFFFF
FFFFFF
FF0000
FF0000
FF0000
FF0000
FF0000
FF0000
FF0000
FF0000
FF0000
FF0000
FF0000
FF0000
FF0000
FF0000
FF0000
FF0000
FF0000
FF0000
FF0000
FF0000
FF0000
FF0000
FF0000
FF0000
FF0000
FF0000
FF0000
ENDCHAR
STARTCHAR 0414
ENCODING 1044
SWIDTH 600 0
DWIDTH 30 0
BBX 29 43 0 -10
BITMAP
007FFF80
007FFF80
007FFF80
007FFF80
007FFF80
007C1F80
007C1F80
007C1F80
00FC1F80
00FC1F80
00FC1F80
00FC1F80
00FC1F80
00FC1F80
00FC1F80
00F81F80
01F81F80
01F81F80
01F81F80
01F81F80
01F81F80
03F01F80
03F01F80
03F01F80
07E01F80
07E01F80
0FE01F80
1FC01F80
FFFFFFF8
FFFFFFF8
FFFFFFF8
FFFFFFF8
FFFFFFF8
FC0001F8
FC0001F8
FC0001F8
FC0001F8
FC0001F8
FC0001F8
FC0001F8
FC0001F8
FC0001F8
FC0001F8
ENDCHAR
STARTCHAR 0415
ENCODING 1045
SWIDTH 600 0
DWIDTH 30 0
BBX 25 33 3 0
BITMAP
FFFFFF00
FFFFFF00
FFFFFF00
FFFFFF00
FFFFFF00
FFFFFF00
FF000000
FF000000
FF000000
FF000000
FF000000
FF000000
FF000000
FFFFFC00
FFFFFC00
FFFFFC00
FFFFFC00
FFFFFC00
FFFFFC00
FF000000
FF000000
FF000000
FF000000
FF000000
FF000000
FF000000
FF000000
FFFFFF80
FFFFFF80
FFFFFF80
FFFFFF80
FFFFFF80
FFFFFF80
ENDCHAR
STARTCHAR 0416
ENCODING 1046
SWIDTH 600 0
DWIDTH 30 0
BBX 30 33 0 0
BITMAP
FC0FC0FC
7E0FC1F8
7E0FC1F8
7E0FC1F8
3E0FC1F0
3F0FC3F0
3F0FC3F0
1F0FC3F0
1F8FC7E0
1F8FC7E0
1F8FC7E0
0FCFCFC0
0FCFCFC0
07EFDF80
07FFFF80
03FFFF00
03FFFF00
03FFFF00
07FFFF80
07CFCF80
07CFCF80
0FCFCFC0
0FCFC7C0
1F8FC7E0
1F8FC7E0
1F8FC7E0
3F0FC3F0
3F0FC3F0
3F0FC3F0
7E0FC1F8
7E0FC1F8
7E0FC1F8
FE0FC1FC
ENDCHAR
STARTCHAR 0417
ENCODING 1047
SWIDTH 600 0
DWIDTH 30 0
BBX 27 35 1 -1
BITMAP
003FC000
01FFF800
07FFFE00
0FFFFF00
1FFFFF80
3FF1FF80
3FC03FC0
7F801FC0
7F001FC0
FF001FC0
06001FC0
00001FC0
00003F80
0000FF00
003FFE00
003FFC00
003FE000
003FFC00
003FFF00
003FFF80
00003FC0
00001FC0
00000FE0
00000FE0
04000FE0
3E000FE0
FE001FE0
FF001FE0
7FC03FC0
7FFFFFC0
3FFFFF80
1FFFFF00
0FFFFE00
03FFF800
007FC000
ENDCHAR
STARTCHAR 0418
ENCODING 1048
SWIDTH 600 0
DWIDTH 30 0
BBX 24 33 3 0
BITMAP
FE01FF
FE01FF
FE01FF
FE03FF
FE03FF
FE07FF
FE07FF
FE07FF
FE0FFF
FE0FFF
FE0FBF
FE1FBF
FE1FBF
FE3F3F
FE3F3F
FE3E7F
FE7E7F
FE7E7F
FEFC7F
FCFC7F
FCFC7F
FDF87F
FDF87F
FDF07F
FFF07F
FFF07F
FFE07F
FFE07F
FFC07F
FFC07F
FFC07F
FF807F
FF807F
ENDCHAR
STARTCHAR 0419
ENCODING 1049
SWIDTH 600 0
DWIDTH 30 0
BBX 24 42 3 0
BITMAP
3F00FC
3F00FC
3F00FC
1FE7F8
1FFFF0
07FFE0
01FF80
000000
000000
FE01FF
FE01FF
FE01FF
FE03FF
FE03FF
FE07FF
FE07FF
FE07FF
FE0FFF
FE0FFF
FE0FBF
FE1FBF
FE1FBF
FE3F3F
FE3F3F
FE3E7F
FE7E7F
FE7E7F
FEFC7F
FCFC7F
FCFC7F
FDF87F
FDF87F
FDF07F
FFF07F
FFF07F
FFE07F
FFE07F
FFC07F
FFC07F
FFC07F
FF807F
FF807F
ENDCHAR
STARTCHAR 041A
ENCODING 1050
SWIDTH 600 0
DWIDTH 30 0
BBX 27 33 3 0
BITMAP
FF003FC0
FF003F80
FF007F00
FF00FF00
FF00FE00
FF01FE00
FF01FC00
FF03F800
FF07F800
FF07F000
FF0FE000
FF1FC000
FF7FC000
FFFF8000
FFFF0000
FFFF8000
FFFF8000
FFFFC000
FF1FC000
FF1FE000
FF0FF000
FF0FF000
FF07F800
FF03F800
FF03FC00
FF01FC00
FF01FE00
FF00FF00
FF00FF00
FF007F80
FF007F80
FF003FC0
FF001FE0
ENDCHAR
STARTCHAR 041B
ENCODING 1051
SWIDTH 600 0
DWIDTH 30 0
BBX 27 34 0 -1
BITMAP
00FFFFE0
00FFFFE0
00FFFFE0
00FFFFE0
00FFFFE0
00FFFFE0
00FE0FE0
01FE0FE0
01FC0FE0
01FC0FE0
01FC0FE0
01FC0FE0
01FC0FE0
01FC0FE0
03FC0FE0
03FC0FE0
03F80FE0
03F80FE0
03F80FE0
03F80FE0
07F80FE0
07F80FE0
07F00FE0
07F00FE0
0FF00FE0
0FF00FE0
0FE00FE0
3FE00FE0
FFE00FE0
FFC00FE0
FFC00FE0
FF800FE0
FF000FE0
FC000000
ENDCHAR
STARTCHAR 041C
ENCODING 1052
SWIDTH 600 0
DWIDTH 30 0
BBX 26 33 2 0
BITMAP
FF807FC0
FF807FC0
FFC07FC0
FFC0FFC0
FFC0FFC0
FFC0FFC0
FFE0FFC0
FFE1FFC0
FFE1FFC0
FDE1EFC0
FDF1EFC0
FDF3EFC0
FDF3EFC0
FCF3EFC0
FCFBCFC0
FCFFCFC0
FCFFCFC0
FC7F8FC0
FC7F8FC0
FC7F8FC0
FC7F8FC0
FC3F0FC0
FC3F0FC0
FC3F0FC0
FC000FC0
FC000FC0
FC000FC0
FC000FC0
FC000FC0
FC000FC0
FC000FC0
FC000FC0
FC000FC0
ENDCHAR
STARTCHAR 041D
ENCODING 1053
SWIDTH 600 0
DWIDTH 30 0
BBX 24 33 3 0
BITMAP
FF00FF
FF00FF
FF00FF
FF00FF
FF00FF
FF00FF
FF00FF
FF00FF
FF00FF
FF00FF
FF00FF
FF00FF
FF00FF
FFFFFF
FFFFFF
FFFFFF
FFFFFF
FFFFFF
FFFFFF
FF00FF
FF00FF
FF00FF
FF00FF
FF00FF
FF00FF
FF00FF
FF00FF
FF00FF
FF00FF
FF00FF
FF00FF
FF00FF
FF00FF
ENDCHAR
STARTCHAR 041E
ENCODING 1054
SWIDTH 600 0
DWIDTH 30 0
BBX 26 35 2 -1
BITMAP
007F8000
01FFF000
07FFF800
0FFFFC00
1FFFFE00
3FFFFF00
3FC0FF00
7F807F80
7F807F80
7F003F80
FF003FC0
FF003FC0
FE001FC0
FE001FC0
FE001FC0
FE001FC0
FE001FC0
FE001FC0
FE001FC0
FE001FC0
FE001FC0
FE001FC0
FE001FC0
FF003FC0
FF003FC0
7F003F80
7F807F80
7F807F80
3FC0FF00
3FFFFF00
1FFFFE00
0FFFFC00
07FFF800
01FFE000
007F8000
ENDCHAR
STARTCHAR 041F
ENCODING 1055
SWIDTH 600 0
DWIDTH 30 0
BBX 24 33 3 0
BITMAP
FFFFFF
FFFFFF
FFFFFF
FFFFFF
FFFFFF
FFFFFF
FF00FF
FF00FF
FF00FF
FF00FF
FF00FF
FF00FF
FF00FF
FF00FF
FF00FF
FF00FF
FF00FF
FF00FF
FF00FF
FF00FF
FF00FF
FF00FF
FF00FF
FF00FF
FF00FF
FF00FF
FF00FF
FF00FF
FF00FF
FF00FF
FF00FF
FF00FF
FF00FF
ENDCHAR
STARTCHAR 0420
ENCODING 1056
SWIDTH 600 0
DWIDTH 30 0
BBX 25 33 3 0
BITMAP
FFFF8000
FFFFF000
FFFFF800
FFFFFE00
FFFFFE00
FFFFFF00
FF00FF00
FF007F80
FF007F80
FF003F80
FF003F80
FF003F80
FF007F80
FF007F00
FF00FF00
FFFFFF00
FFFFFE00
FFFFFC00
FFFFF800
FFFFE000
FFFF8000
FF000000
FF000000
FF000000
FF000000
FF000000
FF000000
FF000000
FF000000
FF000000
FF000000
FF000000
FF000000
ENDCHAR
STARTCHAR 0421
ENCODING 1057
SWIDTH 600 0
DWIDTH 30 0
BBX 27 35 2 -1
BITMAP
003FC000
01FFF000
07FFFC00
0FFFFE00
1FFFFF00
1FFFFF00
3FE0FF80
3FC03F80
7F803FC0
7F001FC0
7F001800
FF000000
FF000000
FE000000
FE000000
FE000000
FE000000
FE000000
FE000000
FE000000
FE000000
FF000000
FF000000
FF000E00
7F001FE0
7F801FC0
7F803FC0
3FC03F80
3FE07F80
1FFFFF00
0FFFFF00
0FFFFE00
03FFFC00
01FFF000
003FC000
ENDCHAR
STARTCHAR 0422
ENCODING 1058
SWIDTH 600 0
DWIDTH 30 0
BBX 28 33 1 0
BITMAP
FFFFFFF0
FFFFFFF0
FFFFFFF0
FFFFFFF0
FFFFFFF0
FFFFFFF0
003FC000
003FC000
003FC000
003FC000
003FC000
003FC000
003FC000
003FC000
003FC000
003FC000
003FC000
003FC000
003FC000
003FC000
003FC000
003FC000
003FC000
003FC000
003FC000
003FC000
003FC000
003FC000
003FC000
003FC000
003FC000
003FC000
003FC000
ENDCHAR
STARTCHAR 0423
ENCODING 1059
SWIDTH 600 0
DWIDTH 30 0
BBX 30 34 0 -1
BITMAP
FF0003FC
7F0003F8
3F8007F8
3F8007F0
1FC007F0
1FE00FE0
0FE00FE0
0FF01FC0
07F01FC0
03F81F80
03F83F80
01FC3F00
01FC7F00
00FE7F00
00FE7E00
007FFE00
003FFC00
003FFC00
001FF800
001FF800
000FF000
000FF000
0007E000
000FE000
001FE000
001FC000
003FC000
1EFF8000
1FFF8000
1FFF0000
3FFE0000
3FFC0000
3FF80000
0FE00000
ENDCHAR
STARTCHAR 0424
ENCODING 1060
SWIDTH 600 0
DWIDTH 30 0
BBX 30 35 0 -1
BITMAP
000FC000
000FC000
000FC000
000FC000
007FF800
03FFFF00
0FFFFFC0
1FFFFFE0
3FFFFFF0
3FCFCFF0
7F0FC3F8
7F0FC3F8
7E0FC1F8
FE0FC1FC
FE0FC1FC
FE0FC1FC
FE0FC0FC
FE0FC1FC
FE0FC1FC
FE0FC1FC
7E0FC1F8
7E0FC1F8
7F0FC3F8
3F0FC3F0
3FCFCFF0
1FFFFFE0
0FFFFFC0
07FFFF80
03FFFF00
007FFC00
000FC000
000FC000
000FC000
000FC000
000FC000
ENDCHAR
STARTCHAR 0425
ENCODING 1061
SWIDTH 600 0
DWIDTH 30 0
BBX 30 33 0 0
BITMAP
7F8007F8
3FC007F0
1FC00FE0
1FE01FE0
0FE01FC0
07F03F80
07F87F80
03F87F00
01FCFE00
01FCFE00
00FFFC00
007FF800
007FF800
003FF000
003FE000
001FE000
001FE000
003FF000
007FF000
007FF800
00FFFC00
01FFFC00
01FCFE00
03F87F00
07F87F00
07F03F80
0FF03FC0
0FE01FC0
1FC00FE0
3FC00FF0
3F8007F0
7F8003F8
FF0003FC
ENDCHAR
STARTCHAR 0426
ENCODING 1062
SWIDTH 600 0
DWIDTH 30 0
BBX 27 43 3 -10
BITMAP
FF01FE00
FF01FE00
FF01FE00
FF01FE00
FF01FE00
FF01FE00
FF01FE00
FF01FE00
FF01FE00
FF01FE00
FF01FE00
FF01FE00
FF01FE00
FF01FE00
FF01FE00
FF01FE00
FF01FE00
FF01FE00
FF01FE00
FF01FE00
FF01FE00
FF01FE00
FF01FE00
FF01FE00
FF01FE00
FF01FE00
FF01FE00
FFFFFFE0
FFFFFFE0
FFFFFFE0
FFFFFFE0
FFFFFFE0
FFFFFFE0
000007E0
000007E0
000007E0
000007E0
000007E0
000007E0
000007E0
000007E0
000007E0
000007E0
ENDCHAR
STARTCHAR 0427
ENCODING 1063
SWIDTH 600 0
DWIDTH 30 0
BBX 25 33 2 0
BITMAP
FE007F80
FE007F80
FE007F80
FE007F80
FE007F80
FE007F80
FE007F80
FE007F80
FE007F80
FE007F80
FE007F80
FE007F80
FE007F80
FE007F80
FE007F80
FF007F80
FF80FF80
7FFFFF80
7FFFFF80
3FFFFF80
1FFFFF80
0FFE7F80
00007F80
00007F80
00007F80
00007F80
00007F80
00007F80
00007F80
00007F80
00007F80
00007F80
00007F80
ENDCHAR
STARTCHAR 0428
ENCODING 1064
SWIDTH 600 0
DWIDTH 30 0
BBX 26 33 2 0
BITMAP
FC3F0FC0
FC3F0FC0
FC3F0FC0
FC3F0FC0
FC3F0FC0
FC3F0FC0
FC3F0FC0
FC3F0FC0
FC3F0FC0
FC3F0FC0
FC3F0FC0
FC3F0FC0
FC3F0FC0
FC3F0FC0
FC3F0FC0
FC3F0FC0
FC3F0FC0
FC3F0FC0
FC3F0FC0
FC3F0FC0
FC3F0FC0
FC3F0FC0
FC3F0FC0
FC3F0FC0
FC3F0FC0
FC3F0FC0
FC3F0FC0
FC3F0FC0
FFFFFFC0
FFFFFFC0
FFFFFFC0
FFFFFFC0
FFFFFFC0
ENDCHAR
STARTCHAR 0429
ENCODING 1065
SWIDTH 600 0
DWIDTH 30 0
BBX 28 43 2 -10
BITMAP
FC3F0FC0
FC3F0FC0
FC3F0FC0
FC3F0FC0
FC3F0FC0
FC3F0FC0
FC3F0FC0
FC3F0FC0
FC3F0FC0
FC3F0FC0
FC3F0FC0
FC3F0FC0
FC3F0FC0
FC3F0FC0
FC3F0FC0
FC3F0FC0
FC3F0FC0
FC3F0FC0
FC3F0FC0
FC3F0FC0
FC3F0FC0
FC3F0FC0
FC3F0FC0
FC3F0FC0
FC3F0FC0
FC3F0FC0
FC3F0FC0
FC3F0FC0
FFFFFFF0
FFFFFFF0
FFFFFFF0
FFFFFFF0
FFFFFFF0
000001F0
000001F0
000001F0
000001F0
000001F0
000001F0
000001F0
000001F0
000001F0
000001F0
ENDCHAR
STARTCHAR 042A
ENCODING 1066
SWIDTH 600 0
DWIDTH 30 0
BBX 29 33 0 0
BITMAP
FFFC0000
FFFC0000
FFFC0000
FFFC0000
FFFC0000
FFFC0000
03FC0000
03FC0000
03FC0000
03FC0000
03FC0000
03FC0000
03FFF000
03FFFE00
03FFFF80
03FFFFC0
03FFFFE0
03FC7FF0
03FC0FF0
03FC07F8
03FC07F8
03FC03F8
03FC03F8
03FC03F8
03FC07F8
03FC07F8
03FC0FF0
03FCFFF0
03FFFFE0
03FFFFC0
03FFFF80
03FFFE00
03FFF000
ENDCHAR
STARTCHAR 042B
ENCODING 1067
SWIDTH 600 0
DWIDTH 30 0
BBX 26 33 2 0
BITMAP
FC000FC0
FC000FC0
FC000FC0
FC000FC0
FC000FC0
FC000FC0
FC000FC0
FC000FC0
FC000FC0
FC000FC0
FC000FC0
FC000FC0
FC000FC0
FFE00FC0
FFFC0FC0
FFFE0FC0
FFFF0FC0
FFFF8FC0
FC3F8FC0
FC1F8FC0
FC1FCFC0
FC0FCFC0
FC0FCFC0
FC0FCFC0
FC0FCFC0
FC1FCFC0
FC1F8FC0
FC3F8FC0
FFFF0FC0
FFFF0FC0
FFFE0FC0
FFF80FC0
FFE00FC0
ENDCHAR
STARTCHAR 042C
ENCODING 1068
SWIDTH 600 0
DWIDTH 30 0
BBX 26 33 3 0
BITMAP
FF000000
FF000000
FF000000
FF000000
FF000000
FF000000
FF000000
FF000000
FF000000
FF000000
FF000000
FF000000
FF000000
FFFFC000
FFFFF800
FFFFFC00
FFFFFE00
FFFFFF00
FFFFFF80
FF00FF80
FF003FC0
FF003FC0
FF003FC0
FF003FC0
FF003FC0
FF003F80
FF00FF80
FFFFFF80
FFFFFF00
FFFFFE00
FFFFFC00
FFFFF000
FFFF8000
ENDCHAR
STARTCHAR 042D
ENCODING 1069
SWIDTH 600 0
DWIDTH 30 0
BBX 27 35 1 -1
BITMAP
007F8000
01FFF000
07FFFC00
0FFFFE00
1FFFFF00
1FFFFF00
3FC0FF80
3F807F80
7F803FC0
7F003FC0
03001FC0
00001FE0
00001FE0
00000FE0
00000FE0
003FFFE0
003FFFE0
003FFFE0
003FFFE0
003FFFE0
003FFFE0
00000FE0
00001FE0
06001FC0
FF001FC0
7F003FC0
7F803FC0
3F807F80
3FC0FF80
1FFFFF00
1FFFFE00
0FFFFE00
07FFF800
01FFF000
007F8000
ENDCHAR
STARTCHAR 042E
ENCODING 1070
SWIDTH 600 0
DWIDTH 30 0
BBX 27 35 2 -1
BITMAP
0001F000
FC07FC00
FC0FFE00
FC1FFF00
FC3FFF00
FC3F1F80
FC3E1F80
FC7E0F80
FC7E0FC0
FC7C0FC0
FC7C0FC0
FCFC07C0
FCFC07C0
FCFC07C0
FCFC07C0
FFFC07E0
FFFC07E0
FFFC07E0
FFFC07E0
FFFC07E0
FCFC07C0
FCFC07C0
FCFC07C0
FCFC0FC0
FC7C0FC0
FC7C0FC0
FC7E0FC0
FC7E0F80
FC3E1F80
FC3F1F80
FC1FFF00
FC1FFF00
FC0FFE00
FC07FC00
0001F000
ENDCHAR
STARTCHAR 042F
ENCODING 1071
SWIDTH 600 0
DWIDTH 30 0
BBX 27 33 0 0
BITMAP
003FFFE0
01FFFFE0
07FFFFE0
0FFFFFE0
1FFFFFE0
1FFFFFE0
3FE01FE0
3FC01FE0
3F801FE0
3F801FE0
3F801FE0
3F801FE0
3F801FE0
3FC01FE0
1FF01FE0
1FFFFFE0
0FFFFFE0
07FFFFE0
01FFFFE0
00FFFFE0
00FFFFE0
01FE1FE0
03FC1FE0
03FC1FE0
07F81FE0
07F01FE0
0FF01FE0
1FE01FE0
1FE01FE0
3FC01FE0
3FC01FE0
7F801FE0
FF001FE0
ENDCHAR
STARTCHAR 0430
ENCODING 1072
SWIDTH 600 0
DWIDTH 30 0
BBX 26 28 3 -1
BITMAP
01FF0000
07FFC000
1FFFE000
1FFFF000
3FEFF800
7F83F800
7F01FC00
7F01FC00
0001FC00
0001FC00
0001FC00
03FFFC00
1FFFFC00
3FFFFC00
7FFFFC00
FF81FC00
FF01FC00
FE01FC00
FE01FC00
FE01FC00
FE03FC00
FE07FC00
FF0FFC00
FFFFFF40
7FFEFFC0
7FFC7FC0
3FF87FC0
0FE01F00
ENDCHAR
STARTCHAR 0431
ENCODING 1073
SWIDTH 600 0
DWIDTH 30 0
BBX 26 38 2 -1
BITMAP
00000780
0001FF80
001FFF80
007FFF80
01FFFF80
03FFFF80
07FFE000
0FFC0000
1FC00000
1F000000
3E000000
3C000000
7C1FE000
787FF800
78FFFE00
79FFFF00
7BFFFF00
7FE0FF80
7F807F80
FF803F80
FF003FC0
FF001FC0
FF001FC0
7F001FC0
7F001FC0
7F001FC0
7F001FC0
7F001FC0
7F001FC0
7F003FC0
3F803F80
3F807F80
1FC0FF00
1FFFFF00
0FFFFE00
07FFFC00
01FFF000
007FC000
ENDCHAR
STARTCHAR 0432
ENCODING 1074
SWIDTH 600 0
DWIDTH 30 0
BBX 25 26 3 0
BITMAP
FFFFC000
FFFFF800
FFFFFC00
FFFFFE00
FE03FF00
FE00FF00
FE007F00
FE007F00
FE00FE00
FE01FE00
FFFFFC00
FFFFE000
FFFFF000
FFFFFC00
FE01FE00
FE007F00
FE007F00
FE003F80
FE003F80
FE007F80
FE007F00
FE01FF00
FFFFFE00
FFFFFE00
FFFFF800
FFFFC000
ENDCHAR
STARTCHAR 0433
ENCODING 1075
SWIDTH 600 0
DWIDTH 30 0
BBX 20 26 6 0
BITMAP
FFFFF0
FFFFF0
FFFFF0
FFFFF0
FFFFF0
FE0000
FE0000
FE0000
FE0000
FE0000
FE0000
FE0000
FE0000
FE0000
FE0000
FE0000
FE0000
FE0000
FE0000
FE0000
FE0000
FE0000
FE0000
FE0000
FE0000
FE0000
ENDCHAR
STARTCHAR 0434
ENCODING 1076
SWIDTH 600 0
DWIDTH 30 0
BBX 29 36 0 -10
BITMAP
007FFF80
007FFF80
00FFFF80
00FFFF80
00FFFF80
00FC1F80
00FC1F80
00FC1F80
01FC1F80
01FC1F80
01F81F80
01F81F80
01F81F80
03F81F80
03F81F80
03F01F80
03F01F80
07F01F80
07F01F80
0FE01F80
0FE01F80
FFFFFFF8
FFFFFFF8
FFFFFFF8
FFFFFFF8
FFFFFFF8
FC0001F8
FC0001F8
FC0001F8
FC0001F8
FC0001F8
FC0001F8
FC0001F8
FC0001F8
FC0001F8
FC0001F8
ENDCHAR
STARTCHAR 0435
ENCODING 1077
SWIDTH 600 0
DWIDTH 30 0
BBX 26 28 2 -1
BITMAP
007F8000
01FFF000
07FFF800
0FFFFC00
1FF3FE00
3FC07E00
3F803F00
7F003F00
7F003F80
7F001F80
7F001F80
7FFFFF80
FFFFFF80
FFFFFFC0
FFFFFFC0
FF000000
7F000000
7F000000
7F000000
7F000000
7F801F00
3F803F80
3FE07F00
1FFFFF00
0FFFFE00
07FFFC00
01FFF000
007F8000
ENDCHAR
STARTCHAR 0436
ENCODING 1078
SWIDTH 600 0
DWIDTH 30 0
BBX 30 26 0 0
BITMAP
FC0FC0FC
7E0FC1F8
7E0FC1F8
3F0FC1F0
3F0FC3F0
1F0FC3F0
1F8FC7E0
1F8FC7E0
0F8FC7C0
0FCFCFC0
07EFDF80
07FFFF80
03FFFF00
03FFFF00
07FFFF80
07CFCF80
0FCFCFC0
0FCFCFC0
0F8FC7E0
1F8FC7E0
1F0FC3E0
3F0FC3F0
3F0FC1F0
7E0FC1F8
7E0FC1F8
FC0FC0FC
ENDCHAR
STARTCHAR 0437
ENCODING 1079
SWIDTH 600 0
DWIDTH 30 0
BBX 25 28 2 -1
BITMAP
00FFC000
07FFF000
0FFFFC00
1FFFFE00
3FE3FE00
3F00FF00
7E007F00
7E007F00
00007F00
0000FE00
0003FE00
007FFC00
007FF000
007FF000
007FFC00
000FFE00
0000FF00
00007F00
00003F80
0C003F80
FE003F80
7F007F80
7F80FF00
3FFFFF00
1FFFFE00
0FFFFC00
07FFF000
00FF8000
ENDCHAR
STARTCHAR 0438
ENCODING 1080
SWIDTH 600 0
DWIDTH 30 0
BBX 24 26 3 0
BITMAP
FE00FF
FE00FF
FE01FF
FE01FF
FE03FF
FE03FF
FE07FF
FE0FFF
FE0FBF
FE1FFF
FE1F7F
FE3F7F
FE3E7F
FE7E7F
FEFC7F
FEF87F
FDF87F
FDF07F
FFF07F
FFE07F
FFE07F
FFC07F
FFC07F
FF807F
FF807F
FF007F
ENDCHAR
STARTCHAR 0439
ENCODING 1081
SWIDTH 600 0
DWIDTH 30 0
BBX 24 36 3 0
BITMAP
3F00FC
3F00FC
3F00FC
1FE7F8
1FFFF0
07FFE0
01FF80
000000
000000
000000
FE00FF
FE00FF
FE01FF
FE01FF
FE03FF
FE03FF
FE07FF
FE0FFF
FE0FBF
FE1FFF
FE1F7F
FE3F7F
FE3E7F
FE7E7F
FEFC7F
FEF87F
FDF87F
FDF07F
FFF07F
FFE07F
FFE07F
FFC07F
FFC07F
FF807F
FF807F
FF007F
ENDCHAR
STARTCHAR 043A
ENCODING 1082
SWIDTH 600 0
DWIDTH 30 0
BBX 25 26 3 0
BITMAP
FE003F80
FE007F00
FE00FE00
FE00FE00
FE01FC00
FE01FC00
FE03F800
FE07F000
FE07F000
FE0FE000
FE3FC000
FFFFC000
FFFF8000
FFFF8000
FFFF8000
FFDFC000
FE0FE000
FE0FE000
FE07F000
FE03F800
FE03FC00
FE01FC00
FE00FE00
FE00FF00
FE007F00
FE003F80
ENDCHAR
STARTCHAR 043B
ENCODING 1083
SWIDTH 600 0
DWIDTH 30 0
BBX 27 27 0 -1
BITMAP
00FFFFE0
00FFFFE0
00FFFFE0
00FFFFE0
01FFFFE0
01FC0FE0
01F80FE0
01F80FE0
01F80FE0
01F80FE0
03F80FE0
03F80FE0
03F80FE0
03F00FE0
03F00FE0
03F00FE0
03F00FE0
07F00FE0
07F00FE0
07E00FE0
0FE00FE0
0FE00FE0
FFC00FE0
FFC00FE0
FF800FE0
FF800FE0
FE000000
ENDCHAR
STARTCHAR 043C
ENCODING 1084
SWIDTH 600 0
DWIDTH 30 0
BBX 26 26 2 0
BITMAP
FF803FC0
FF807FC0
FF807FC0
FF807FC0
FFC07FC0
FFC0FFC0
FBC0F7C0
FBC0F7C0
FBE0F7C0
FBE1F7C0
F9E1E7C0
F9E1E7C0
F9F1E7C0
F8F3E7C0
F8F3C7C0
F8F3C7C0
F8FBC7C0
F87BC7C0
F87F87C0
F87F87C0
F87F87C0
F83F87C0
F83F07C0
F83F07C0
F83F07C0
F81F07C0
ENDCHAR
STARTCHAR 043D
ENCODING 1085
SWIDTH 600 0
DWIDTH 30 0
BBX 24 26 3 0
BITMAP
FE007F
FE007F
FE007F
FE007F
FE007F
FE007F
FE007F
FE007F
FE007F
FE007F
FFFFFF
FFFFFF
FFFFFF
FFFFFF
FFFFFF
FE007F
FE007F
FE007F
FE007F
FE007F
FE007F
FE007F
FE007F
FE007F
FE007F
FE007F
ENDCHAR
STARTCHAR 043E
ENCODING 1086
SWIDTH 600 0
DWIDTH 30 0
BBX 26 28 2 -1
BITMAP
007F8000
03FFF000
07FFFC00
0FFFFE00
1FFFFE00
3FC0FF00
3F807F00
7F803F80
7F003F80
7F003F80
FF003FC0
FF003FC0
FE001FC0
FE001FC0
FE001FC0
FE001FC0
FF003FC0
FF003FC0
7F003F80
7F003F80
7F003F80
3F807F00
3FC0FF00
1FFFFE00
0FFFFC00
07FFF800
03FFF000
007F8000
ENDCHAR
STARTCHAR 043F
ENCODING 1087
SWIDTH 600 0
DWIDTH 30 0
BBX 24 26 3 0
BITMAP
FFFFFF
FFFFFF
FFFFFF
FFFFFF
FFFFFF
FE007F
FE007F
FE007F
FE007F
FE007F
FE007F
FE007F
FE007F
FE007F
FE007F
FE007F
FE007F
FE007F
FE007F
FE007F
FE007F
FE007F
FE007F
FE007F
FE007F
FE007F
ENDCHAR
STARTCHAR 0440
ENCODING 1088
SWIDTH 600 0
DWIDTH 30 0
BBX 25 37 3 -10
BITMAP
000FC000
FE3FF000
FE7FF800
7EFFFC00
7EFFFE00
7FC1FE00
7F80FE00
7F80FF00
7F007F00
7F007F00
7F007F00
7F007F80
7E007F80
7E007F80
7E007F80
7E007F80
7E007F80
7F007F00
7F007F00
7F007F00
7F80FF00
7F80FE00
7FC1FE00
7EFFFE00
7EFFFC00
7E7FF800
7E3FF000
7E0FC000
7E000000
7E000000
7E000000
7E000000
7E000000
7E000000
7E000000
7E000000
7E000000
ENDCHAR
STARTCHAR 0441
ENCODING 1089
SWIDTH 600 0
DWIDTH 30 0
BBX 24 28 3 -1
BITMAP
00FF00
03FFE0
0FFFF0
1FFFF8
3FFFFC
3FC1FE
7F80FE
7F007F
FF007F
FE0000
FE0000
FE0000
FE0000
FE0000
FE0000
FE0000
FE0000
FE0000
FE007F
FF007F
7F007F
7F80FE
3FC1FE
3FFFFC
1FFFF8
0FFFF0
03FFE0
00FF00
ENDCHAR
STARTCHAR 0442
ENCODING 1090
SWIDTH 600 0
DWIDTH 30 0
BBX 24 26 3 0
BITMAP
FFFFFF
FFFFFF
FFFFFF
FFFFFF
FFFFFF
007E00
007E00
007E00
007E00
007E00
007E00
007E00
007E00
007E00
007E00
007E00
007E00
007E00
007E00
007E00
007E00
007E00
007E00
007E00
007E00
007E00
ENDCHAR
STARTCHAR 0443
ENCODING 1091
SWIDTH 600 0
DWIDTH 30 0
BBX 28 36 1 -10
BITMAP
FF0007F0
7F000FE0
7F000FE0
3F800FE0
3F801FC0
3F801FC0
1FC01F80
1FC03F80
0FC03F80
0FE03F00
0FE07F00
07E07E00
07F0FE00
03F0FE00
03F8FC00
01F8FC00
01F9F800
01F9F800
00FDF800
00FDF000
007FF000
007FE000
003FE000
003FE000
003FC000
001FC000
001F8000
003F8000
003F8000
007F0000
00FF0000
3FFE0000
3FFE0000
3FFC0000
3FF80000
3FE00000
ENDCHAR
STARTCHAR 0444
ENCODING 1092
SWIDTH 600 0
DWIDTH 30 0
BBX 28 46 1 -10
BITMAP
001F8000
001F8000
001F8000
001F8000
001F8000
001F8000
001F8000
001F8000
001F8000
007FE000
03FFFC00
07FFFE00
0FFFFF00
1FFFFF80
3F9F9FC0
3F1F8FC0
7E1F87E0
7E1F87E0
7E1F87E0
FC1F83F0
FC1F83F0
FC1F83F0
FC1F83F0
FC1F83F0
FC1F83F0
FC1F83F0
FC1F83F0
7E1F87E0
7E1F87E0
7E1F87E0
3F1F8FC0
3F9F9FC0
1FFFFF80
0FFFFF00
07FFFE00
03FFFC00
007FE000
001F8000
001F8000
001F8000
001F8000
001F8000
001F8000
001F8000
001F8000
001F8000
ENDCHAR
STARTCHAR 0445
ENCODING 1093
SWIDTH 600 0
DWIDTH 30 0
BBX 26 26 2 0
BITMAP
FE003FC0
7F003F80
3F807F00
3F80FF00
1FC0FE00
0FE1FC00
07F3F800
07F3F800
03FFF000
01FFE000
00FFC000
00FFC000
007F8000
00FFC000
00FFC000
01FFE000
03FFF000
07F3F800
07F3F800
0FE1FC00
1FC0FE00
1FC0FE00
3F807F00
7F003F80
FF003FC0
FE001FC0
ENDCHAR
STARTCHAR 0446
ENCODING 1094
SWIDTH 600 0
DWIDTH 30 0
BBX 26 36 3 -10
BITMAP
FE00FE00
FE00FE00
FE00FE00
FE00FE00
FE00FE00
FE00FE00
FE00FE00
FE00FE00
FE00FE00
FE00FE00
FE00FE00
FE00FE00
FE00FE00
FE00FE00
FE00FE00
FE00FE00
FE00FE00
FE00FE00
FE00FE00
FE00FE00
FE00FE00
FFFFFFC0
FFFFFFC0
FFFFFFC0
FFFFFFC0
FFFFFFC0
00000FC0
00000FC0
00000FC0
00000FC0
00000FC0
00000FC0
00000FC0
00000FC0
00000FC0
00000FC0
ENDCHAR
STARTCHAR 0447
ENCODING 1095
SWIDTH 600 0
DWIDTH 30 0
BBX 24 26 3 0
BITMAP
FE007F
FE007F
FE007F
FE007F
FE007F
FE007F
FE007F
FE007F
FE007F
FE007F
FE007F
FE007F
FF03FF
FFFFFF
7FFFFF
7FFFFF
3FFE7F
0FF07F
00007F
00007F
00007F
00007F
00007F
00007F
00007F
00007F
ENDCHAR
STARTCHAR 0448
ENCODING 1096
SWIDTH 600 0
DWIDTH 30 0
BBX 26 26 2 0
BITMAP
F83F07C0
F83F07C0
F83F07C0
F83F07C0
F83F07C0
F83F07C0
F83F07C0
F83F07C0
F83F07C0
F83F07C0
F83F07C0
F83F07C0
F83F07C0
F83F07C0
F83F07C0
F83F07C0
F83F07C0
F83F07C0
F83F07C0
F83F07C0
F83F07C0
F83F07C0
FFFFFFC0
FFFFFFC0
FFFFFFC0
FFFFFFC0
ENDCHAR
STARTCHAR 0449
ENCODING 1097
SWIDTH 600 0
DWIDTH 30 0
BBX 28 36 2 -10
BITMAP
F83F07C0
F83F07C0
F83F07C0
F83F07C0
F83F07C0
F83F07C0
F83F07C0
F83F07C0
F83F07C0
F83F07C0
F83F07C0
F83F07C0
F83F07C0
F83F07C0
F83F07C0
F83F07C0
F83F07C0
F83F07C0
F83F07C0
F83F07C0
F83F07C0
F83F07C0
FFFFFFF0
FFFFFFF0
FFFFFFF0
FFFFFFF0
000001F0
000001F0
000001F0
000001F0
000001F0
000001F0
000001F0
000001F0
000001F0
000001F0
ENDCHAR
STARTCHAR 044A
ENCODING 1098
SWIDTH 600 0
DWIDTH 30 0
BBX 29 26 0 0
BITMAP
FFFC0000
FFFC0000
FFFC0000
FFFC0000
FFFC0000
01FC0000
01FC0000
01FC0000
01FC0000
01FC0000
01FFFE00
01FFFF80
01FFFFE0
01FFFFF0
01FC1FF0
01FC07F0
01FC07F8
01FC03F8
01FC03F8
01FC07F8
01FC07F0
01FC1FF0
01FFFFE0
01FFFFC0
01FFFF80
01FFFC00
ENDCHAR
STARTCHAR 044B
ENCODING 1099
SWIDTH 600 0
DWIDTH 30 0
BBX 26 26 2 0
BITMAP
FC001FC0
FC001FC0
FC001FC0
FC001FC0
FC001FC0
FC001FC0
FC001FC0
FC001FC0
FC001FC0
FC001FC0
FFF01FC0
FFFE1FC0
FFFF1FC0
FFFF9FC0
FC7F9FC0
FC1F9FC0
FC1F9FC0
FC1FDFC0
FC1FDFC0
FC1F9FC0
FC1F9FC0
FC7F9FC0
FFFF1FC0
FFFF1FC0
FFFC1FC0
FFF01FC0
ENDCHAR
STARTCHAR 044C
ENCODING 1100
SWIDTH 600 0
DWIDTH 30 0
BBX 25 26 3 0
BITMAP
FE000000
FE000000
FE000000
FE000000
FE000000
FE000000
FE000000
FE000000
FE000000
FE000000
FFFFE000
FFFFF800
FFFFFE00
FFFFFF00
FE01FF00
FE007F80
FE003F80
FE003F80
FE003F80
FE003F80
FE007F00
FE01FF00
FFFFFE00
FFFFFC00
FFFFF800
FFFFC000
ENDCHAR
STARTCHAR 044D
ENCODING 1101
SWIDTH 600 0
DWIDTH 30 0
BBX 25 28 2 -1
BITMAP
00FF0000
03FFE000
0FFFF000
1FFFF800
3FFFFC00
3FC1FE00
7F80FE00
7F007F00
7F007F00
00007F00
00007F80
003FFF80
003FFF80
003FFF80
003FFF80
003FFF80
00007F80
00007F80
FE007F00
7F007F00
7F007F00
7F80FE00
3FC1FE00
3FFFFC00
1FFFF800
0FFFF000
03FFE000
00FF0000
ENDCHAR
STARTCHAR 044E
ENCODING 1102
SWIDTH 600 0
DWIDTH 30 0
BBX 27 28 2 -1
BITMAP
0001F800
FC07FE00
FC0FFF00
FC1FFF00
FC1FFF80
FC3F0FC0
FC3E0FC0
FC7E07C0
FC7E07C0
FC7E07E0
FC7E07E0
FFFE07E0
FFFC07E0
FFFC07E0
FFFC07E0
FFFC07E0
FC7E07E0
FC7E07E0
FC7E07E0
FC7E07E0
FC7E07C0
FC3E0FC0
FC3F0FC0
FC1FFF80
FC1FFF80
FC0FFF00
FC07FE00
0001F800
ENDCHAR
STARTCHAR 044F
ENCODING 1103
SWIDTH 600 0
DWIDTH 30 0
BBX 26 26 1 0
BITMAP
00FFFFC0
03FFFFC0
0FFFFFC0
1FFFFFC0
3FF01FC0
3FC01FC0
3F801FC0
3F801FC0
3F801FC0
3F801FC0
1FE01FC0
1FFFFFC0
0FFFFFC0
07FFFFC0
00FFFFC0
01FC1FC0
03F81FC0
07F81FC0
07F01FC0
0FE01FC0
1FE01FC0
1FC01FC0
3F801FC0
7F801FC0
7F001FC0
FF001FC0
ENDCHAR
STARTCHAR 0450
ENCODING 1104
SWIDTH 600 0
DWIDTH 30 0
BBX 26 37 2 -1
BITMAP
07E00000
07F00000
01F80000
00FC0000
007E0000
001F0000
000F8000
00000000
00000000
007F8000
01FFF000
07FFF800
0FFFFC00
1FF3FE00
3FC07E00
3F803F00
7F003F00
7F003F80
7F001F80
7F001F80
7FFFFF80
FFFFFF80
FFFFFFC0
FFFFFFC0
FF000000
7F000000
7F000000
7F000000
7F000000
7F801F00
3F803F80
3FE07F00
1FFFFF00
0FFFFE00
07FFFC00
01FFF000
007F8000
ENDCHAR
STARTCHAR 0451
ENCODING 1105
SWIDTH 600 0
DWIDTH 30 0
BBX 26 36 2 -1
BITMAP
07E1F800
07E1F800
07E1F800
07E1F800
07E1F800
00000000
00000000
00000000
007F8000
01FFF000
07FFF800
0FFFFC00
1FF3FE00
3FC07E00
3F803F00
7F003F00
7F003F80
7F001F80
7F001F80
7FFFFF80
FFFFFF80
FFFFFFC0
FFFFFFC0
FF000000
7F000000
7F000000
7F000000
7F000000
7F801F00
3F803F80
3FE07F00
1FFFFF00
0FFFFE00
07FFFC00
01FFF000
007F8000
ENDCHAR
STARTCHAR 0452
ENCODING 1106
SWIDTH 600 0
DWIDTH 30 0
BBX 27 46 0 -10
BITMAP
1FC00000
1FC00000
1FC00000
FFFFC000
FFFFC000
FFFFC000
FFFFC000
1FC00000
1FC00000
1FC00000
1FC0FC00
1FC3FF00
1FCFFF80
1FCFFFC0
1FDFFFC0
1FFC3FC0
1FF81FE0
1FF01FE0
1FE00FE0
1FE00FE0
1FE00FE0
1FC00FE0
1FC00FE0
1FC00FE0
1FC00FE0
1FC00FE0
1FC00FE0
1FC00FE0
1FC00FE0
1FC00FE0
1FC00FE0
1FC00FE0
1FC00FE0
1FC00FE0
1FC00FE0
1FC00FE0
00000FE0
00000FE0
00000FE0
00000FE0
00001FE0
0000FFE0
0000FFC0
0000FFC0
0000FF80
0000FE00
ENDCHAR
STARTCHAR 0453
ENCODING 1107
SWIDTH 600 0
DWIDTH 30 0
BBX 20 36 6 0
BITMAP
000FE0
001FC0
003F80
007F00
00FC00
01F800
01E000
000000
000000
000000
FFFFF0
FFFFF0
FFFFF0
FFFFF0
FFFFF0
FE0000
FE0000
FE0000
FE0000
FE0000
FE0000
FE0000
FE0000
FE0000
FE0000
FE0000
FE0000
FE0000
FE0000
FE0000
FE0000
FE0000
FE0000
FE0000
FE0000
FE0000
ENDCHAR
STARTCHAR 0454
ENCODING 1108
SWIDTH 600 0
DWIDTH 30 0
BBX 24 28 3 -1
BITMAP
007F80
03FFE0
07FFF8
0FFFFC
1FFFFE
3FC1FE
3F80FF
7F007F
7F007F
7F0000
FF0000
FFFE00
FFFE00
FFFE00
FFFE00
FFFE00
FE0000
FF0000
7F003F
7F007F
7F007F
3F80FF
3FC1FE
1FFFFC
0FFFFC
07FFF8
03FFE0
007F00
ENDCHAR
STARTCHAR 0455
ENCODING 1109
SWIDTH 600 0
DWIDTH 30 0
BBX 24 28 3 -1
BITMAP
00FF80
07FFE0
1FFFF8
3FFFFC
3FFFFC
7F00FE
7E007E
7E007C
7F0000
7F8000
7FF000
3FFF00
3FFFE0
1FFFF8
07FFFC
01FFFE
001FFE
0001FF
00007F
00003F
1C003F
FE007F
FF007E
7FFFFE
3FFFFC
1FFFF8
0FFFF0
01FF80
ENDCHAR
STARTCHAR 0456
ENCODING 1110
SWIDTH 600 0
DWIDTH 30 0
BBX 25 36 3 0
BITMAP
003F0000
003F0000
003F0000
003F0000
003F0000
00000000
00000000
00000000
00000000
00000000
3FFF0000
3FFF0000
3FFF0000
3FFF0000
3FFF0000
003F0000
003F0000
003F0000
003F0000
003F0000
003F0000
003F0000
003F0000
003F0000
003F0000
003F0000
003F0000
003F0000
003F0000
003F0000
003F0000
FFFFFF80
FFFFFF80
FFFFFF80
FFFFFF80
FFFFFF80
ENDCHAR
STARTCHAR 0457
ENCODING 1111
SWIDTH 600 0
DWIDTH 30 0
BBX 25 35 3 0
BITMAP
07E1F800
07E1F800
07E1F800
07E1F800
07E1F800
00000000
00000000
00000000
00000000
3FFF0000
3FFF0000
3FFF0000
3FFF0000
3FFF0000
003F0000
003F0000
003F0000
003F0000
003F0000
003F0000
003F0000
003F0000
003F0000
003F0000
003F0000
003F0000
003F0000
003F0000
003F0000
003F0000
FFFFFF80
FFFFFF80
FFFFFF80
FFFFFF80
FFFFFF80
ENDCHAR
STARTCHAR 0458
ENCODING 1112
SWIDTH 600 0
DWIDTH 30 0
BBX 18 46 3 -10
BITMAP
001FC0
001FC0
001FC0
001FC0
001FC0
000000
000000
000000
000000
000000
1FFFC0
1FFFC0
1FFFC0
1FFFC0
1FFFC0
001FC0
001FC0
001FC0
001FC0
001FC0
001FC0
001FC0
001FC0
001FC0
001FC0
001FC0
001FC0
001FC0
001FC0
001FC0
001FC0
001FC0
001FC0
001FC0
001FC0
001FC0
001FC0
001FC0
001FC0
003FC0
F1FF80
FFFF80
FFFF00
FFFE00
FFF800
3FE000
ENDCHAR
STARTCHAR 0459
ENCODING 1113
SWIDTH 600 0
DWIDTH 30 0
BBX 30 27 0 -1
BITMAP
03FFE000
07FFE000
07FFE000
07FFE000
07FFE000
07C7E000
07C7E000
07C7E000
07C7E000
07C7E000
07C7E000
07C7FF80
0FC7FFE0
0FC7FFF0
0FC7FFF8
0F87E3FC
0F87E0FC
0F87E0FC
0F87E0FC
0F87E0FC
1F87E1FC
1F87E3F8
3F07FFF8
FF07FFF0
FF07FFE0
FE07FF00
F8000000
ENDCHAR
STARTCHAR 045A
ENCODING 1114
SWIDTH 600 0
DWIDTH 30 0
BBX 28 26 2 0
BITMAP
FC1F8000
FC1F8000
FC1F8000
FC1F8000
FC1F8000
FC1F8000
FC1F8000
FC1F8000
FC1F8000
FC1F8000
FFFFFE00
FFFFFF80
FFFFFFC0
FFFFFFE0
FC1F8FE0
FC1F87F0
FC1F83F0
FC1F83F0
FC1F83F0
FC1F83F0
FC1F87F0
FC1F8FE0
FC1FFFE0
FC1FFFC0
FC1FFF80
FC1FFC00
ENDCHAR
STARTCHAR 045B
ENCODING 1115
SWIDTH 600 0
DWIDTH 30 0
BBX 27 36 0 0
BITMAP
1FC00000
1FC00000
1FC00000
FFFFC000
FFFFC000
FFFFC000
FFFFC000
1FC00000
1FC00000
1FC00000
1FC0FC00
1FC3FF00
1FCFFF80
1FCFFFC0
1FDFFFC0
1FFC3FC0
1FF81FE0
1FF00FE0
1FE00FE0
1FE00FE0
1FE00FE0
1FC00FE0
1FC00FE0
1FC00FE0
1FC00FE0
1FC00FE0
1FC00FE0
1FC00FE0
1FC00FE0
1FC00FE0
1FC00FE0
1FC00FE0
1FC00FE0
1FC00FE0
1FC00FE0
1FC00FE0
ENDCHAR
STARTCHAR 045C
ENCODING 1116
SWIDTH 600 0
DWIDTH 30 0
BBX 25 36 3 0
BITMAP
0003F800
0007F000
000FE000
001F8000
003F0000
007E0000
00F80000
00000000
00000000
00000000
FE003F80
FE007F00
FE00FE00
FE00FE00
FE01FC00
FE01FC00
FE03F800
FE07F000
FE07F000
FE0FE000
FE3FC000
FFFFC000
FFFF8000
FFFF8000
FFFF8000
FFDFC000
FE0FE000
FE0FE000
FE07F000
FE03F800
FE03FC00
FE01FC00
FE00FE00
FE00FF00
FE007F00
FE003F80
ENDCHAR
STARTCHAR 045D
ENCODING 1117
SWIDTH 600 0
DWIDTH 30 0
BBX 24 36 3 0
BITMAP
1FC000
0FE000
07F000
03F800
00FC00
007E00
001F00
000000
000000
000000
FE00FF
FE00FF
FE01FF
FE01FF
FE03FF
FE03FF
FE07FF
FE0FFF
FE0FBF
FE1FFF
FE1F7F
FE3F7F
FE3E7F
FE7E7F
FEFC7F
FEF87F
FDF87F
FDF07F
FFF07F
FFE07F
FFE07F
FFC07F
FFC07F
FF807F
FF807F
FF007F
ENDCHAR
STARTCHAR 045E
ENCODING 1118
SWIDTH 600 0
DWIDTH 30 0
BBX 28 46 1 -10
BITMAP
0FC01F00
0FC03F00
07E03F00
07FDFE00
03FFFE00
01FFFC00
007FE000
00000000
00000000
00000000
FF0007F0
7F000FE0
7F000FE0
3F800FE0
3F801FC0
3F801FC0
1FC01F80
1FC03F80
0FC03F80
0FE03F00
0FE07F00
07E07E00
07F0FE00
03F0FE00
03F8FC00
01F8FC00
01F9F800
01F9F800
00FDF800
00FDF000
007FF000
007FE000
003FE000
003FE000
003FC000
001FC000
001F8000
003F8000
003F8000
007F0000
00FF0000
3FFE0000
3FFE0000
3FFC0000
3FF80000
3FE00000
ENDCHAR
STARTCHAR 045F
ENCODING 1119
SWIDTH 600 0
DWIDTH 30 0
BBX 24 36 3 -10
BITMAP
FE007F
FE007F
FE007F
FE007F
FE007F
FE007F
FE007F
FE007F
FE007F
FE007F
FE007F
FE007F
FE007F
FE007F
FE007F
FE007F
FE007F
FE007F
FE007F
FE007F
FE007F
FFFFFF
FFFFFF
FFFFFF
FFFFFF
FFFFFF
007E00
007E00
007E00
007E00
007E00
007E00
007E00
007E00
007E00
007E00
ENDCHAR
STARTCHAR 0460
ENCODING 1120
SWIDTH 600 0
DWIDTH 30 0
BBX 26 35 2 -1
BITMAP
0F807C00
1FE1FE00
3FF3FF00
3FF3FF00
7FE1FF80
7FC0FF80
FEC0DF80
FC000FC0
FC000FC0
FC000FC0
FC000FC0
FC000FC0
FC000FC0
FC000FC0
FC000FC0
FC000FC0
FC000FC0
FC000FC0
FC000FC0
FC3F0FC0
FC3F0FC0
FC3F0FC0
FC3F0FC0
FC3F0FC0
FC3F0FC0
FC3F0FC0
FC3F1FC0
7E3F1F80
7E7F9F80
7FFFFF80
3FFFFF00
3FFFFF00
1FFBFE00
0FF1FC00
07C0F800
ENDCHAR
STARTCHAR 0461
ENCODING 1121
SWIDTH 600 0
DWIDTH 30 0
BBX 28 26 0 0
BITMAP
FC1F03E0
FC1F83F0
7C1F83F0
7E1F81F0
7E0F81F0
7E0F81F0
3E0FC1F0
3E0FC1F0
3F07C1F0
3F07C1F0
1F0FC1F0
1F0FE1F0
1F0FE3E0
1F8FE3E0
0F8FE3E0
0F9FE3E0
0F9FF7C0
0F9FF7C0
07FFF7C0
07FFFF80
07FDFF80
07FCFF00
03F8FF00
03F8FE00
03F0FE00
03F07C00
ENDCHAR
STARTCHAR 0462
ENCODING 1122
SWIDTH 600 0
DWIDTH 30 0
BBX 29 33 0 0
BITMAP
07F00000
07F00000
07F00000
07F00000
FFFFC000
FFFFC000
FFFFC000
FFFFC000
FFFFC000
07F00000
07F00000
07F00000
07F00000
07FFFC00
07FFFF00
07FFFFC0
07FFFFE0
07FFFFF0
07FFFFF0
07F00FF0
07F007F8
07F007F8
07F003F8
07F003F8
07F007F8
07F007F8
07F00FF0
07FFFFF0
07FFFFE0
07FFFFC0
07FFFF80
07FFFF00
07FFF800
ENDCHAR
STARTCHAR 0463
ENCODING 1123
SWIDTH 600 0
DWIDTH 30 0
BBX 27 36 1 0
BITMAP
03F80000
03F80000
03F80000
03F80000
03F80000
03F80000
03F80000
03F80000
03F80000
03F80000
FFFFF800
FFFFF800
FFFFF800
FFFFF800
FFFFF800
03F80000
03F80000
03F80000
03F80000
03F80000
03FFF800
03FFFF00
03FFFF80
03FFFFC0
03F87FE0
03F81FE0
03F80FE0
03F80FE0
03F80FE0
03F80FE0
03F81FE0
03F87FC0
03FFFFC0
03FFFF80
03FFFE00
03FFF800
ENDCHAR
STARTCHAR 0464
ENCODING 1124
SWIDTH 600 0
DWIDTH 30 0
BBX 27 35 2 -1
BITMAP
0001F800
FC03FE00
FC0FFF00
FC0FFF80
FC1FFF80
FC1FFFC0
FC3F8FC0
FC3F07C0
FC3E07E0
FC7E07E0
FC7E03C0
FC7E0200
FC7C0000
FC7C0000
FFFC0000
FFFC0000
FFFC0000
FFFC0000
FFFC0000
FFFC0000
FC7C0000
FC7C0000
FC7E0000
FC7E0300
FC7E03E0
FC7E03E0
FC3E07E0
FC3F07E0
FC3F8FC0
FC1FFFC0
FC1FFF80
FC0FFF80
FC07FF00
FC03FE00
0000F800
ENDCHAR
STARTCHAR 0465
ENCODING 1125
SWIDTH 600 0
DWIDTH 30 0
BBX 27 28 2 -1
BITMAP
0001F800
F807FC00
F81FFF00
F81FFF00
F83FFF80
F87F1F80
F87E0FC0
F87C0FC0
F8FC07C0
F8FC07E0
F8FC0000
F8FC0000
FFFFE000
FFFFE000
FFFFE000
FFFFE000
FFFFE000
F8FC0000
F8FC07E0
F8FC07E0
F8FC0FC0
F87E0FC0
F87F1FC0
F83FFF80
F83FFF00
F81FFF00
F807FC00
0003F000
ENDCHAR
STARTCHAR 0466
ENCODING 1126
SWIDTH 600 0
DWIDTH 30 0
BBX 30 33 0 0
BITMAP
001FE000
003FF000
003FF000
003FF000
007FF800
007FF800
007FF800
00FCFC00
00FCFC00
00FCFC00
01FCFE00
01F87E00
01F87E00
03F87F00
03F03F00
03F03F00
07FFFF80
07FFFF80
07FFFF80
0FFFFFC0
0FFFFFC0
0FCFCFC0
1FCFCFE0
1FCFCFE0
1FCFCFE0
3F8FC7F0
3F8FC7F0
3F8FC7F0
7F8FC3F8
7F0FC3F8
7F0FC3F8
FF0FC3FC
FE0FC1FC
ENDCHAR
STARTCHAR 0467
ENCODING 1127
SWIDTH 600 0
DWIDTH 30 0
BBX 28 26 1 0
BITMAP
003FC000
007FE000
007FE000
007FF000
00FFF000
00FFF000
00FFF800
01F9F800
01F9F800
03F9FC00
03F0FC00
03F0FC00
07F07E00
07FFFE00
07FFFF00
0FFFFF00
0FFFFF00
1FFFFF80
1F9F9F80
1F9F9F80
3F9F9FC0
3F9F9FC0
3F1F8FC0
7F1F8FE0
7F1F8FE0
FE1F87F0
ENDCHAR
STARTCHAR 0468
ENCODING 1128
SWIDTH 600 0
DWIDTH 30 0
BBX 28 33 2 0
BITMAP
F803F000
F803F800
F803F800
F807F800
F807F800
F807FC00
F807BC00
F80FBC00
F80FBC00
F80F3C00
F80F3E00
F81F3E00
F81F1E00
F81F1E00
F81E1F00
F81E1F00
FFFFFF00
FFFFFF00
FFFFFF80
FFFFFF80
FFFFFF80
F87DEF80
F87DE7C0
F87DE7C0
F8F9E7C0
F8F9E7C0
F8F9E7C0
F8F9E3E0
F9F1E3E0
F9F1E3E0
F9F1E3E0
F9F1E1F0
F9F1E1F0
ENDCHAR
STARTCHAR 0469
ENCODING 1129
SWIDTH 600 0
DWIDTH 30 0
BBX 27 26 2 0
BITMAP
F803F000
F807F000
F807F800
F807F800
F80FF800
F80FF800
F80F7C00
F80F7C00
F81F3C00
F81F3E00
F81E3E00
F83E3E00
F83E1E00
FFFFFF00
FFFFFF00
FFFFFF00
FFFFFF80
FFFFFF80
F8F9EF80
F8F9EF80
F8F9E7C0
F8F9E7C0
F9F1E7C0
F9F1E7C0
F9F1E3E0
FBF1E3E0
ENDCHAR
STARTCHAR 046A
ENCODING 1130
SWIDTH 600 0
DWIDTH 30 0
BBX 26 33 2 0
BITMAP
7FFFFF80
7FFFFF80
3FFFFF00
3FFFFF00
1FFFFE00
0F807C00
0F80FC00
07C0F800
07E1F800
03E1F000
03F3F000
01F3E000
01FFE000
00FFC000
03FFF000
0FFFFC00
1FFFFE00
3FFFFF00
7FFFFF00
7FBF7F80
7E3F1F80
FE3F1F80
FC3F0FC0
FC3F0FC0
FC3F0FC0
FC3F0FC0
FC3F0FC0
FC3F0FC0
FC3F0FC0
FC3F0FC0
FC3F0FC0
FC3F0FC0
FC3F0FC0
ENDCHAR
STARTCHAR 046B
ENCODING 1131
SWIDTH 600 0
DWIDTH 30 0
BBX 26 26 2 0
BITMAP
3FFFFF00
3FFFFF00
1FFFFE00
1FFFFE00
0FFFFC00
0F807C00
07C0F800
03C0F000
03E1F000
01E1E000
01F3E000
00FFC000
03FFF000
0FFFFC00
3FFFFF00
3FFFFF00
7FFFFF80
FE3F1F80
FC3F0FC0
FC3F0FC0
F83F07C0
F83F07C0
F83F07C0
F83F07C0
F83F07C0
F83F07C0
ENDCHAR
STARTCHAR 046C
ENCODING 1132
SWIDTH 600 0
DWIDTH 30 0
BBX 28 33 1 0
BITMAP
F87FFFF0
F87FFFE0
F83FFFE0
F83FFFE0
F83FFFC0
F81E07C0
F81F0780
F80F0F80
F80F8F80
F8079F00
F807DF00
F807FE00
F803FE00
FFFFFC00
FFFFFF00
FFFFFFC0
FFFFFFC0
FFFFFFE0
FFFFFFE0
F87EFBF0
F87CF9F0
F8FCF9F0
F8F8F9F0
F8F8F9F0
F8F8F9F0
F8F8F9F0
F8F8F9F0
F8F8F9F0
F8F8F9F0
F8F8F9F0
F8F8F9F0
F8F8F9F0
F8F8F9F0
ENDCHAR
STARTCHAR 046D
ENCODING 1133
SWIDTH 600 0
DWIDTH 30 0
BBX 27 26 2 0
BITMAP
F0FFFFC0
F0FFFFC0
F07FFF80
F07FFF80
F03FFF00
F03C0F00
F01E1E00
F01E1E00
F01F3E00
F00F3C00
F00F7C00
F007F800
FFFFFE00
FFFFFF00
FFFFFF80
FFFFFFC0
FFFFFFE0
F1F1E7E0
F1F1E3E0
F1F1E3E0
F1E1E1E0
F1E1E1E0
F1E1E1E0
F1E1E1E0
F1E1E1E0
F1E1E1E0
ENDCHAR
STARTCHAR 046E
ENCODING 1134
SWIDTH 600 0
DWIDTH 30 0
BBX 27 52 2 -10
BITMAP
07C03C00
03C07E00
03E0FE00
01E1F400
00F1E000
00F3E000
007BC000
007F8000
00FFE000
03FFF800
0FFFFE00
1FFFFF00
3FFFFF00
3FC0FF80
7F803F80
7F003F80
FE003F80
FE001F80
0C003F80
00003F80
00007F00
0001FF00
003FFE00
003FF800
003FE000
003FFC00
003FFF00
0007FF80
00003F80
00001FC0
00001FC0
00001FC0
00001FC0
00001FC0
00003FC0
0000FFC0
007FFF80
0FFFFF80
1FFFFF00
7FFFFC00
7FFFF000
FFFC0000
FE000000
FC000000
FC00FC00
FC07FF00
FFFFFF80
FFFFFFC0
7FFFFFC0
3FFF9FC0
1FFC0FC0
07E00FE0
ENDCHAR
STARTCHAR 046F
ENCODING 1135
SWIDTH 600 0
DWIDTH 30 0
BBX 23 45 4 -10
BITMAP
1E00F0
1F03F8
0F03F8
0F87F0
078780
07CF80
03CF00
03FF00
03FE00
07FF00
1FFFC0
3FFFE0
7FFFF0
7F07F0
FC03F8
FC03F8
0003F0
0007F0
000FE0
01FFC0
01FF00
01FF80
01FFE0
007FF0
0007F8
0003F8
0003F8
0003F8
0003F8
000FF8
00FFF0
0FFFF0
3FFFC0
7FFF00
7FF800
FF0000
FC0000
FC0000
FC03F0
FC1FF8
FFFFFC
7FFFFC
7FFFFE
3FF87E
0FE07E
ENDCHAR
STARTCHAR 0470
ENCODING 1136
SWIDTH 600 0
DWIDTH 30 0
BBX 29 33 0 0
BITMAP
FC0FC1F8
FC0FC1F8
FC0FC1F8
7E0FC1F8
7E0FC1F8
7E0FC1F8
7E0FC1F8
7E0FC1F8
3E0FC1F8
3F0FC1F8
3F0FC1F8
3F0FC1F8
3F0FC1F8
1F8FC1F8
1F8FC1F8
1F8FC3F0
0F8FC3F0
0FCFC7F0
0FFFFFE0
07FFFFE0
07FFFFC0
03FFFF80
00FFFE00
000FC000
000FC000
000FC000
000FC000
000FC000
000FC000
000FC000
000FC000
000FC000
000FC000
ENDCHAR
STARTCHAR 0471
ENCODING 1137
SWIDTH 600 0
DWIDTH 30 0
BBX 28 36 0 -10
BITMAP
FC0FC3F0
FC0FC3F0
FC0FC3F0
7C0FC3F0
7E0FC3F0
7E0FC3F0
7E0FC3F0
7E0FC3F0
7E0FC3F0
7E0FC3F0
7E0FC3F0
7E0FC3F0
3E0FC3F0
3F0FC3F0
3F0FC3F0
3F0FC3F0
3F0FC3F0
3F0FC3F0
3F0FC3F0
1F8FC3F0
1F8FC7F0
1FCFC7E0
0FFFFFE0
07FFFFC0
07FFFFC0
01FFFF00
007FFC00
000FC000
000FC000
000FC000
000FC000
000FC000
000FC000
000FC000
000FC000
000FC000
ENDCHAR
STARTCHAR 0472
ENCODING 1138
SWIDTH 600 0
DWIDTH 30 0
BBX 26 35 2 -1
BITMAP
007F8000
01FFE000
07FFF800
0FFFFC00
1FFFFE00
3FFFFF00
3FC0FF00
7F807F80
7F807F80
7F003F80
FF003FC0
FF003FC0
FE001FC0
FEF01FC0
FFF81FC0
FFFE3FC0
FFFFFFC0
FFFFFFC0
FFFFFFC0
FE0FFFC0
FE07FFC0
FE01DFC0
FE001FC0
FF003FC0
FF003FC0
7F003F80
7F807F80
7F807F80
3FC0FF00
3FFFFF00
1FFFFE00
0FFFFC00
07FFF800
01FFE000
007F8000
ENDCHAR
STARTCHAR 0473
ENCODING 1139
SWIDTH 600 0
DWIDTH 30 0
BBX 26 28 2 -1
BITMAP
007F8000
03FFF000
0FFFF800
1FFFFC00
1FFFFE00
3FC0FF00
3F807F00
7F003F80
7F003F80
7F003F80
FF003F80
FFF83FC0
FFFFFFC0
FFFFFFC0
FFFFFFC0
FFFFFFC0
FE07FFC0
FF003FC0
7F003F80
7F003F80
7F007F80
3F807F00
3FC0FF00
1FFFFE00
0FFFFC00
07FFF800
03FFF000
007F8000
ENDCHAR
STARTCHAR 0474
ENCODING 1140
SWIDTH 600 0
DWIDTH 30 0
BBX 32 34 0 0
BITMAP
000003F0
FF0007FC
7F000FFE
7F001FFF
7F803FFF
7F803FFE
3F803F8C
3F803F80
3FC07F00
1FC07F00
1FC07F00
1FC07E00
0FE0FE00
0FE0FE00
0FE0FE00
0FE0FC00
07F1FC00
07F1FC00
07F1FC00
03F1F800
03F9F800
03FBF800
03FBF000
01FBF000
01FBF000
01FFF000
00FFE000
00FFE000
00FFE000
007FC000
007FC000
007FC000
007FC000
003F8000
ENDCHAR
STARTCHAR 0475
ENCODING 1141
SWIDTH 600 0
DWIDTH 30 0
BBX 32 27 0 0
BITMAP
FF0003FE
7F0007FF
7F000FFE
7F800FFE
3F801FFC
3F801FFC
3F803F80
1FC03F80
1FC03F00
0FC07F00
0FE07F00
0FE07E00
07E0FE00
07F0FE00
07F0FC00
03F1FC00
03F1FC00
03F9F800
01F9F800
01FBF000
01FFF000
00FFF000
00FFE000
00FFE000
007FE000
007FC000
007FC000
ENDCHAR
STARTCHAR 0476
ENCODING 1142
SWIDTH 600 0
DWIDTH 30 0
BBX 32 42 0 0
BITMAP
3F0FC000
3F8FE000
0FC3F000
07E1F800
03F0F800
00F03C00
00781E00
00000000
000003F0
FF0007FC
7F000FFE
7F001FFF
7F803FFF
7F803FFE
3F803F8C
3F803F80
3FC07F00
1FC07F00
1FC07F00
1FC07E00
0FE0FE00
0FE0FE00
0FE0FE00
0FE0FC00
07F1FC00
07F1FC00
07F1FC00
03F1F800
03F9F800
03FBF800
03FBF000
01FBF000
01FBF000
01FFF000
00FFE000
00FFE000
00FFE000
007FC000
007FC000
007FC000
007FC000
003F8000
ENDCHAR
STARTCHAR 0477
ENCODING 1143
SWIDTH 600 0
DWIDTH 30 0
BBX 32 36 0 0
BITMAP
3F0FC000
3F8FE000
0FC3F000
07E1F000
03E0F800
01F07C00
00781E00
00000000
00000000
FF0003FE
7F0007FF
7F000FFE
7F800FFE
3F801FFC
3F801FFC
3F803F80
1FC03F80
1FC03F00
0FC07F00
0FE07F00
0FE07E00
07E0FE00
07F0FE00
07F0FC00
03F1FC00
03F1FC00
03F9F800
01F9F800
01FBF000
01FFF000
00FFF000
00FFE000
00FFE000
007FE000
007FC000
007FC000
ENDCHAR
STARTCHAR 0478
ENCODING 1144
SWIDTH 600 0
DWIDTH 30 0
BBX 30 44 0 -10
BITMAP
07C00000
0FE00000
1FF00000
1FF80000
3FF80000
3FF80000
7C7C0000
7C7C0000
7C7CF87C
7C3CF878
783CF878
783EF8F8
F83E78F8
F83E78F8
F83E78F8
F83E7CF0
F83E7CF0
F83E3CF0
F83E3CF0
F83E3CF0
F83E3CE0
F83E3DE0
783E1DE0
783E1FE0
783C1FE0
7C3C1FE0
7C7C1FC0
7C7C1FC0
3C7C0FC0
3FF80FC0
3FF80FC0
1FF00FC0
1FF00F80
0FE00780
07C00F80
00000F80
00000F80
00000F00
00001F00
0000FF00
0000FE00
0000FE00
0000FC00
0000F800
ENDCHAR
STARTCHAR 0479
ENCODING 1145
SWIDTH 600 0
DWIDTH 30 0
BBX 30 37 0 -10
BITMAP
07800000
0FE7C07C
1FE7C078
3FF3C0F8
3FF3E0F8
7CFBE0F8
7C7BE0F0
7879E0F0
7879E0F0
787DF1F0
F87DF1E0
F87CF1E0
F87CF1E0
F87CF1E0
F87CF1E0
F87C7BC0
F87C7BC0
F87C7BC0
787C7BC0
78783B80
78783F80
7C783F80
7CF83F80
3FF01F80
3FF01F00
1FE01F00
0FC01F00
07801F00
00001E00
00003E00
00003E00
00007C00
0003FC00
0003F800
0003F800
0003F000
0003E000
ENDCHAR
STARTCHAR 047A
ENCODING 1146
SWIDTH 600 0
DWIDTH 30 0
BBX 26 39 2 -3
BITMAP
001E0000
007F8000
00FF8000
01FFE000
07FFF800
0FFFFC00
1FFFFE00
1FFFFF00
3FFFFF00
7F9E7F80
7F003F80
7F003F80
FF003FC0
FF003FC0
FE001FC0
FE001FC0
FE001FC0
FE001FC0
FE001FC0
FE001FC0
FE001FC0
FE001FC0
FE001FC0
FE001FC0
FE001FC0
FF003FC0
FF003FC0
7F003F80
7F003F80
7F9E7F80
3FFFFF00
3FFFFE00
1FFFFE00
0FFFFC00
07FFF800
01FFE000
00FFC000
007F8000
001E0000
ENDCHAR
STARTCHAR 047B
ENCODING 1147
SWIDTH 600 0
DWIDTH 30 0
BBX 26 32 2 -3
BITMAP
001E0000
003F0000
00FFC000
03FFF800
0FFFFC00
1FFFFE00
1FFFFF00
3FFF7F00
7F9E7F80
7F003F80
7F003F80
7F003F80
FF003FC0
FF001FC0
FE001FC0
FE001FC0
FE001FC0
FF003FC0
FF003FC0
7F003F80
7F003F80
7F003F80
7F9E7F80
3FFFFF00
1FFFFF00
1FFFFE00
0FFFFC00
07FFF000
01FFE000
007F8000
003F0000
001E0000
ENDCHAR
STARTCHAR 047C
ENCODING 1148
SWIDTH 600 0
DWIDTH 30 0
BBX 26 51 2 -1
BITMAP
01F80000
07FF0000
0FFF8000
1FFFE000
3F07FC00
3E01FF80
3C007F80
7C7C1F80
7C7C0780
007C0000
007C0000
001C0000
001C0000
001C0000
00380000
00000000
0F807C00
1FE1FE00
3FF3FF00
3FF3FF00
7FE1FF80
7FC0FF80
FE805F80
FC000FC0
FC000FC0
FC000FC0
FC000FC0
FC000FC0
FC000FC0
FC000FC0
FC000FC0
FC000FC0
FC000FC0
FC000FC0
FC000FC0
FC000FC0
FC000FC0
FC000FC0
FC000FC0
FC000FC0
FC000FC0
FC0C0FC0
FE0C1FC0
7E1E1F80
7E3F1F80
7FFFFF80
3FFFFF00
3FFFFF00
1FFFFE00
0FF3FC00
07C0F800
ENDCHAR
STARTCHAR 047D
ENCODING 1149
SWIDTH 600 0
DWIDTH 30 0
BBX 26 44 2 -1
BITMAP
01F80000
07FF0000
0FFFC000
1FFFE000
3F07FC00
3E01FF80
3C007F80
7C7C1F80
7C7C0780
007C0000
007C0000
001C0000
001C0000
001C0000
00380000
00000000
01C0E000
07C0F800
1FC0FE00
1FC0FE00
3FC0FF00
7FC0FF80
7E001F80
FC000F80
FC000FC0
FC000FC0
FC000FC0
F80007C0
F80007C0
F80007C0
F80007C0
F80007C0
F80007C0
F8000FC0
FC000FC0
FC000FC0
FC000FC0
7E0C1F80
7F1F3F80
3FFFFF00
3FFFFF00
1FFFFE00
0FFFFC00
03E1F000
ENDCHAR
STARTCHAR 047E
ENCODING 1150
SWIDTH 600 0
DWIDTH 30 0
BBX 26 41 2 -1
BITMAP
3FFFFF00
1FFFFE00
1FFFFE00
1C0C0E00
080C0400
00000000
0F807C00
1FE1FE00
3FF3FF00
3FF3FF00
7FE1FF80
7FC0FF80
FEC0DF80
FC000FC0
FC000FC0
FC000FC0
FC000FC0
FC000FC0
FC000FC0
FC000FC0
FC000FC0
FC000FC0
FC000FC0
FC000FC0
FC000FC0
FC3F0FC0
FC3F0FC0
FC3F0FC0
FC3F0FC0
FC3F0FC0
FC3F0FC0
FC3F0FC0
FC3F1FC0
7E3F1F80
7E7F9F80
7FFFFF80
3FFFFF00
3FFFFF00
1FFBFE00
0FF1FC00
07C0F800
ENDCHAR
STARTCHAR 047F
ENCODING 1151
SWIDTH 600 0
DWIDTH 30 0
BBX 28 34 0 0
BITMAP
0FFFFF80
0FFFFF80
07FFFF80
06070300
06020300
00000000
00000000
00000000
FC1F03E0
FC1F83F0
7C1F83F0
7E1F81F0
7E0F81F0
7E0F81F0
3E0FC1F0
3E0FC1F0
3F07C1F0
3F07C1F0
1F0FC1F0
1F0FE1F0
1F0FE3E0
1F8FE3E0
0F8FE3E0
0F9FE3E0
0F9FF7C0
0F9FF7C0
07FFF7C0
07FFFF80
07FDFF80
07FCFF00
03F8FF00
03F8FE00
03F0FE00
03F07C00
ENDCHAR
STARTCHAR 0480
ENCODING 1152
SWIDTH 600 0
DWIDTH 30 0
BBX 26 44 3 -10
BITMAP
003FC000
01FFF000
07FFFC00
0FFFFE00
1FFFFF00
1FFFFF00
3FE07F80
3FC03F80
7F803FC0
7F801FC0
7F001C00
7F000000
FF000000
FF000000
FF000000
FE000000
FE000000
FE000000
FE000000
FE000000
FF000000
FF000000
7F000000
7F000000
7F800000
7F800000
3FC00000
3FE00000
1FF08000
1FFF8000
0FFF8000
07FF8000
03FF8000
007F8000
003F8000
003F8000
003F8000
003F8000
003F8000
003F8000
003F8000
003F8000
003F8000
003F8000
ENDCHAR
STARTCHAR 0481
ENCODING 1153
SWIDTH 600 0
DWIDTH 30 0
BBX 24 37 4 -10
BITMAP
00FF00
03FFE0
0FFFF0
1FFFF8
3FFFFC
7F81FE
7F00FE
7F00FE
FE007F
FE0000
FE0000
FE0000
FE0000
FE0000
FE0000
FE0000
FE0000
FE0000
FE0000
FF0000
7F8000
7FC000
3FFF00
1FFF00
0FFF00
07FF00
01FF00
007F00
007F00
007F00
007F00
007F00
007F00
007F00
007F00
007F00
007F00
ENDCHAR
STARTCHAR 0482
ENCODING 1154
SWIDTH 600 0
DWIDTH 30 0
BBX 28 36 1 0
BITMAP
0000FC00
0001F800
0001F800
0001F800
0001F800
0003F000
0003F000
0003F000
1C07F000
1FC7E000
1FFFE000
1FFFE000
3FFFFC00
0FFFFFC0
00FFFFF0
000FFFF0
000FFFF0
001F8FE0
401F80E0
7C1F8000
FFFF8000
FFFF0000
FFFFC000
FFFFFC00
0FFFFFC0
00FFFF80
007FFF80
007EFF80
007E0F80
00FC0100
00FC0000
00FC0000
00FC0000
01F80000
01F80000
01F80000
ENDCHAR
STARTCHAR 0483
ENCODING 1155
SWIDTH 0 0
DWIDTH 0 0
BBX 18 9 -9 27
BITMAP
000700
000F80
000FC0
3FFFC0
7FFF80
FFFF00
FC0000
7C0000
380000
ENDCHAR
STARTCHAR 0484
ENCODING 1156
SWIDTH 0 0
DWIDTH 0 0
BBX 18 7 -9 30
BITMAP
007C00
03FF00
FFFF80
FFFF80
FFC380
FF01C0
FC01C0
ENDCHAR
STARTCHAR 0485
ENCODING 1157
SWIDTH 0 0
DWIDTH 0 0
BBX 6 9 -3 27
BITMAP
FC
FC
FC
FC
FC
E0
70
70
38
ENDCHAR
STARTCHAR 0486
ENCODING 1158
SWIDTH 0 0
DWIDTH 0 0
BBX 6 9 -3 27
BITMAP
FC
FC
FC
FC
FC
1C
38
38
70
ENDCHAR
STARTCHAR 0487
ENCODING 1159
SWIDTH 0 0
DWIDTH 0 0
BBX 28 9 -14 34
BITMAP
01FC0000
0FFF8000
1FFFE000
3FFFFC00
7F03FF80
7C00FFF0
F8003FF0
F80007F0
F80000F0
ENDCHAR
STARTCHAR 0488
ENCODING 1160
SWIDTH 0 0
DWIDTH 0 0
BBX 48 44 -24 -8
BITMAP
000007C00000
00000FF00000
00001FF00000
00001C380000
000018380000
000038180000
03E0000007C0
0FF000000FF0
1FF800001FF0
1C3800001C38
1C1800001838
181800001818
000000000000
000000000000
000000000000
000000000000
000000000000
000000000000
1F00000000F8
7F80000001FE
7FC0000003FE
E1C000000387
E0C000000307
C0C000000703
000000000000
000000000000
000000000000
000000000000
000000000000
000000000000
000000000000
000000000000
03E0000007C0
0FF000000FF0
1FF800001FF0
1C3800001C38
1C1800001838
181800001818
000007C00000
00000FF00000
00001FF00000
00001C380000
000018380000
000038180000
ENDCHAR
STARTCHAR 0489
ENCODING 1161
SWIDTH 0 0
DWIDTH 0 0
BBX 45 46 -22 -9
BITMAP
000006000000
00000C000000
00000C000000
00000C000000
00000F000000
00000F000000
00000F000300
04000F000F80
060000001E00
060000003800
07C000007800
03E000007C00
03F000003800
01E000001000
00C000000000
000000000000
000000000000
000000000000
000000000000
000000000000
000000000000
0000000007E0
0F00000007F8
8F00000007B8
FF0000000788
7F0000000000
000000000000
000000000000
000000000000
000000000000
000000000000
000000001000
000000003800
008000007C00
01C000007E00
03E000003600
01E000000700
01C000000300
07800F000200
0F000F000000
00000F000000
00000F000000
000007000000
000006000000
000006000000
00000E000000
ENDCHAR
STARTCHAR 048A
ENCODING 1162
SWIDTH 600 0
DWIDTH 30 0
BBX 27 52 3 -10
BITMAP
3F00FC00
3F00FC00
3F00FC00
1FE7F800
1FFFF800
07FFE000
01FF8000
00000000
00000000
FE01FF00
FE01FF00
FE01FF00
FE03FF00
FE03FF00
FE07FF00
FE07FF00
FE07FF00
FE0FFF00
FE0FFF00
FE0FBF00
FE1FBF00
FE1FBF00
FE3F3F00
FE3F3F00
FE3E7F00
FE7E7F00
FE7E7F00
FEFC7F00
FCFC7F00
FCFC7F00
FDF87F00
FDF87F00
FDF07F00
FFF07F00
FFF07F00
FFE07F00
FFE07FE0
FFC07FC0
FFC07FC0
FFC07F80
FF807F80
FF807F80
00001F00
00003F00
00003F00
00007E00
00007E00
00007E00
0000FC00
0000FC00
0000FC00
0001F800
ENDCHAR
STARTCHAR 048B
ENCODING 1163
SWIDTH 600 0
DWIDTH 30 0
BBX 27 46 3 -10
BITMAP
3F00FC00
3F00FC00
3F00FC00
1F81F800
1FFFF800
07FFE000
01FF8000
00000000
00000000
00000000
FE00FF00
FE00FF00
FE01FF00
FE01FF00
FE03FF00
FE03FF00
FE07FF00
FE0FFF00
FE0FBF00
FE1FFF00
FE1F7F00
FE3F7F00
FE3E7F00
FE7E7F00
FEFC7F00
FEF87F00
FDF87F00
FDF07F00
FFF07F00
FFE07F00
FFE07F00
FFC07FE0
FFC07FC0
FF807FC0
FF807FC0
FF007F80
00001F80
00001F80
00001F00
00003F00
00003E00
00007E00
00007E00
00007C00
0000FC00
0000FC00
ENDCHAR
STARTCHAR 048C
ENCODING 1164
SWIDTH 600 0
DWIDTH 30 0
BBX 29 33 0 0
BITMAP
1FE00000
1FE00000
1FE00000
1FE00000
1FE00000
FFFC0000
FFFC0000
FFFC0000
FFFC0000
1FE00000
1FE00000
1FE00000
1FE00000
1FFFFC00
1FFFFF80
1FFFFFC0
1FFFFFE0
1FFFFFF0
1FFFFFF0
1FE00FF8
1FE007F8
1FE003F8
1FE003F8
1FE003F8
1FE003F8
1FE007F8
1FE00FF8
1FFFFFF0
1FFFFFF0
1FFFFFE0
1FFFFFC0
1FFFFF00
1FFFF800
ENDCHAR
STARTCHAR 048D
ENCODING 1165
SWIDTH 600 0
DWIDTH 30 0
BBX 29 36 0 0
BITMAP
1FC00000
1FC00000
1FC00000
FFFC0000
FFFC0000
FFFC0000
FFFC0000
1FC00000
1FC00000
1FC00000
1FC00000
1FC00000
1FC00000
1FC00000
1FC00000
1FC00000
1FC00000
1FC00000
1FC00000
1FC00000
1FFFFC00
1FFFFF80
1FFFFFC0
1FFFFFE0
1FC01FF0
1FC007F0
1FC007F8
1FC003F8
1FC003F8
1FC007F8
1FC007F0
1FC03FF0
1FFFFFE0
1FFFFFC0
1FFFFF80
1FFFFC00
ENDCHAR
STARTCHAR 048E
ENCODING 1166
SWIDTH 600 0
DWIDTH 30 0
BBX 25 33 3 0
BITMAP
FFFF8000
FFFFF000
FFFFF800
FFFFFC00
FFFFFE00
FFFFFF00
FF00FF00
FF007F80
FF007F80
FF063F80
FF0F3F80
FF1FBF80
FF1FFF80
FF0FFF80
FF07FF00
FF03FF00
FFFFFE00
FFFFFE00
FFFFFF00
FFFFFF80
FFFFDF80
FFF80F00
FF000400
FF000000
FF000000
FF000000
FF000000
FF000000
FF000000
FF000000
FF000000
FF000000
FF000000
ENDCHAR
STARTCHAR 048F
ENCODING 1167
SWIDTH 600 0
DWIDTH 30 0
BBX 26 37 3 -10
BITMAP
000FC000
FE3FF000
FE7FF800
7EFFFC00
7EFFFE00
7FC1FE00
7F80FF00
7F80FF00
7F007F00
7F007F00
7F007F00
7F007F80
7E007F80
7E007F80
7E007F80
7E007F80
7E037F80
7F07FF00
7F0FFF00
7F0FFF00
7F87FF00
7F83FE00
7FC1FE00
7EFFFE00
7EFFFF00
7E7FFF80
7E3FFFC0
7E0FCF80
7E000700
7E000200
7E000000
7E000000
7E000000
7E000000
7E000000
7E000000
7E000000
ENDCHAR
STARTCHAR 0490
ENCODING 1168
SWIDTH 600 0
DWIDTH 30 0
BBX 23 42 5 0
BITMAP
00007E
00007E
00007E
00007E
00007E
00007E
00007E
00007E
FFFFFE
FFFFFE
FFFFFE
FFFFFE
FFFFFE
FFFFFE
FE0000
FE0000
FE0000
FE0000
FE0000
FE0000
FE0000
FE0000
FE0000
FE0000
FE0000
FE0000
FE0000
FE0000
FE0000
FE0000
FE0000
FE0000
FE0000
FE0000
FE0000
FE0000
FE0000
FE0000
FE0000
FE0000
FE0000
FE0000
ENDCHAR
STARTCHAR 0491
ENCODING 1169
SWIDTH 600 0
DWIDTH 30 0
BBX 21 36 5 0
BITMAP
0001F8
0001F8
0001F8
0001F8
0001F8
0001F8
0001F8
0001F8
0001F8
0001F8
FFFFF8
FFFFF8
FFFFF8
FFFFF8
FFFFF8
FE0000
FE0000
FE0000
FE0000
FE0000
FE0000
FE0000
FE0000
FE0000
FE0000
FE0000
FE0000
FE0000
FE0000
FE0000
FE0000
FE0000
FE0000
FE0000
FE0000
FE0000
ENDCHAR
STARTCHAR 0492
ENCODING 1170
SWIDTH 600 0
DWIDTH 30 0
BBX 27 33 1 0
BITMAP
1FFFFFE0
1FFFFFE0
1FFFFFE0
1FFFFFE0
1FFFFFE0
1FFFFFE0
1FE00000
1FE00000
1FE00000
1FE00000
1FE00000
1FE00000
1FE00000
1FE00000
FFFFC000
FFFFC000
FFFFC000
FFFFC000
FFFFC000
1FE00000
1FE00000
1FE00000
1FE00000
1FE00000
1FE00000
1FE00000
1FE00000
1FE00000
1FE00000
1FE00000
1FE00000
1FE00000
1FE00000
ENDCHAR
STARTCHAR 0493
ENCODING 1171
SWIDTH 600 0
DWIDTH 30 0
BBX 23 26 3 0
BITMAP
1FFFFE
1FFFFE
1FFFFE
1FFFFE
1FFFFE
1FC000
1FC000
1FC000
1FC000
1FC000
1FC000
FFFC00
FFFC00
FFFC00
FFFC00
FFFC00
1FC000
1FC000
1FC000
1FC000
1FC000
1FC000
1FC000
1FC000
1FC000
1FC000
ENDCHAR
STARTCHAR 0494
ENCODING 1172
SWIDTH 600 0
DWIDTH 30 0
BBX 25 43 3 -10
BITMAP
FFFFFE00
FFFFFE00
FFFFFE00
FFFFFE00
FFFFFE00
FFFFFE00
FF000000
FF000000
FF000000
FF000000
FF000000
FF1FC000
FFFFF000
FFFFF800
FFFFFC00
FFFFFE00
FFFFFE00
FF81FF00
FF00FF00
FF007F00
FF007F80
FF007F80
FF003F80
FF003F80
FF003F80
FF003F80
FF003F80
FF003F80
FF003F80
FF003F80
FF003F80
FF003F80
FF007F80
00007F00
00007F00
0000FF00
0301FE00
0FC7FE00
1FFFFC00
1FFFF800
0FFFF000
03FFE000
007F0000
ENDCHAR
STARTCHAR 0495
ENCODING 1173
SWIDTH 600 0
DWIDTH 30 0
BBX 25 36 3 -10
BITMAP
FFFFF000
FFFFF000
FFFFF000
FFFFF000
FFFFF000
FFFFF000
FE000000
FE000000
FE000000
FE000000
FE000000
FE7F8000
FFFFE000
FFFFF800
FFFFFC00
FFFFFE00
FF83FE00
FE00FF00
FE007F00
FE007F00
FE007F80
FE007F80
FE003F80
FE003F80
FE003F80
FE007F80
00007F80
00007F00
00007F00
0200FF00
0F83FE00
3FFFFC00
3FFFFC00
0FFFF800
07FFE000
00FF0000
ENDCHAR
STARTCHAR 0496
ENCODING 1174
SWIDTH 600 0
DWIDTH 30 0
BBX 30 43 0 -10
BITMAP
FC0FC0FC
7E0FC1F8
7E0FC1F8
7E0FC1F8
3E0FC1F0
3F0FC3F0
3F0FC3F0
1F0FC3F0
1F8FC7E0
1F8FC7E0
1F8FC7E0
0FCFCFC0
0FCFCFC0
07EFDF80
07FFFF80
03FFFF00
03FFFF00
03FFFF00
07FFFF80
07CFCF80
07CFCF80
0FCFCFC0
0FCFC7C0
1F8FC7E0
1F8FC7E0
1F8FC7E0
3F0FC3F0
3F0FC3FC
3F0FC3FC
7E0FC1FC
7E0FC1FC
7E0FC1FC
FE0FC1FC
0000007C
0000007C
0000007C
0000007C
0000007C
0000007C
0000007C
0000007C
0000007C
0000007C
ENDCHAR
STARTCHAR 0497
ENCODING 1175
SWIDTH 600 0
DWIDTH 30 0
BBX 30 36 0 -10
BITMAP
7C0FC0FC
7E0FC1F8
7E0FC1F8
3F0FC1F0
3F0FC3F0
1F0FC3E0
1F8FC7E0
1F8FC7E0
0F8FC7C0
0FCFCFC0
07EFDF80
03FFFF00
03FFFF00
03FFFF00
07FFFF80
07CFCF80
0FCFCFC0
0FCFCFC0
1F8FC7E0
1F8FC7E0
3F0FC3F0
3F0FC3FC
3F0FC1FC
7E0FC1FC
7E0FC1FC
FC0FC0FC
0000007C
0000007C
0000007C
0000007C
0000007C
0000007C
0000007C
0000007C
0000007C
0000007C
ENDCHAR
STARTCHAR 0498
ENCODING 1176
SWIDTH 600 0
DWIDTH 30 0
BBX 27 44 1 -10
BITMAP
003FC000
01FFF800
07FFFE00
0FFFFF00
1FFFFF80
3FF1FF80
3FC03FC0
7F801FC0
7F001FC0
7E001FC0
06001FC0
00001FC0
00003F80
0000FF00
003FFE00
003FFC00
003FE000
003FFC00
003FFF00
003FFF80
00007FC0
00001FC0
00000FE0
00000FE0
04000FE0
3E000FE0
FE001FE0
FF001FE0
7F803FC0
7FF9FFC0
3FFFFF80
1FFFFF00
0FFFFE00
03FFF800
007FE000
00078000
00078000
00078000
00078000
000F8000
03FF8000
03FF8000
03FF0000
01FC0000
ENDCHAR
STARTCHAR 0499
ENCODING 1177
SWIDTH 600 0
DWIDTH 30 0
BBX 25 37 2 -10
BITMAP
00FFC000
07FFF000
0FFFFC00
1FFFFE00
3FE3FE00
3F00FF00
7E007F00
7E007F00
00007F00
0000FE00
0003FE00
007FFC00
007FF000
007FF000
007FFC00
000FFE00
0000FF00
00007F00
00007F80
0C003F80
FE003F80
7E007F80
7F80FF00
3FF7FF00
1FFFFE00
0FFFFC00
07FFF800
00FFC000
000E0000
000F0000
000F0000
000F0000
001F0000
07FF0000
07FE0000
07FE0000
03F80000
ENDCHAR
STARTCHAR 049A
ENCODING 1178
SWIDTH 600 0
DWIDTH 30 0
BBX 27 43 3 -10
BITMAP
FF003FC0
FF003F80
FF007F00
FF00FF00
FF00FE00
FF01FE00
FF01FC00
FF03F800
FF07F800
FF07F000
FF0FE000
FF1FE000
FF7FC000
FFFF8000
FFFF0000
FFFF0000
FFFF8000
FFFFC000
FF9FC000
FF1FE000
FF0FE000
FF0FF000
FF07F800
FF03F800
FF03FC00
FF01FC00
FF01FE00
FF00FF00
FF00FFE0
FF007FE0
FF007FE0
FF003FE0
FF001FE0
000007E0
000007E0
000007E0
000007E0
000007E0
000007E0
000007E0
000007E0
000007E0
000007E0
ENDCHAR
STARTCHAR 049B
ENCODING 1179
SWIDTH 600 0
DWIDTH 30 0
BBX 26 36 3 -10
BITMAP
FE003F80
FE007F00
FE00FE00
FE00FE00
FE01FC00
FE01F800
FE03F800
FE07F000
FE07F000
FE0FE000
FE3FC000
FFFF8000
FFFF0000
FFFF8000
FFFFC000
FFDFC000
FE0FE000
FE0FF000
FE07F000
FE03F800
FE03FC00
FE01FFC0
FE00FFC0
FE00FFC0
FE007FC0
FE003FC0
000007C0
000007C0
000007C0
000007C0
000007C0
000007C0
000007C0
000007C0
000007C0
000007C0
ENDCHAR
STARTCHAR 049C
ENCODING 1180
SWIDTH 600 0
DWIDTH 30 0
BBX 27 33 3 0
BITMAP
FF003FC0
FF003F80
FF007F80
FF307F00
FF30FE00
FF31FE00
FF31FC00
FF33F800
FF33F800
FF37F000
FF3FE000
FF3FE000
FF7FC000
FFFF8000
FFFF0000
FFFF0000
FFFF8000
FFFF8000
FF3FC000
FF3FE000
FF3FE000
FF3FF000
FF37F800
FF37F800
FF33FC00
FF31FC00
FF31FE00
FF30FF00
FF00FF00
FF007F80
FF007F80
FF003FC0
FF001FE0
ENDCHAR
STARTCHAR 049D
ENCODING 1181
SWIDTH 600 0
DWIDTH 30 0
BBX 25 26 3 0
BITMAP
FE003F80
FE007F00
FE00FE00
FE60FE00
FE61FC00
FE61F800
FE63F800
FE67F000
FE67F000
FE6FE000
FE7FC000
FFFF8000
FFFF0000
FFFF8000
FFFFC000
FFFFC000
FE6FE000
FE6FF000
FE67F000
FE63F800
FE63FC00
FE61FC00
FE60FE00
FE00FF00
FE007F00
FE003F80
ENDCHAR
STARTCHAR 049E
ENCODING 1182
SWIDTH 600 0
DWIDTH 30 0
BBX 30 33 0 0
BITMAP
1FE007F8
1FE007F0
1FE00FE0
FFFC0FE0
FFFC1FC0
FFFC3F80
FFFC3F80
1FE07F00
1FE0FF00
1FE0FE00
1FE1FC00
1FE3FC00
1FE7F800
1FEFF000
1FFFE000
1FFFE000
1FFFF000
1FFFF000
1FFBF800
1FE3FC00
1FE1FC00
1FE1FE00
1FE0FE00
1FE07F00
1FE07F80
1FE03F80
1FE03FC0
1FE01FE0
1FE00FE0
1FE00FF0
1FE007F0
1FE007F8
1FE003FC
ENDCHAR
STARTCHAR 049F
ENCODING 1183
SWIDTH 600 0
DWIDTH 30 0
BBX 25 36 2 0
BITMAP
1FC00000
1FC00000
1FC00000
FFFC0000
FFFC0000
FFFC0000
FFFC0000
1FC00000
1FC00000
1FC00000
1FC03F00
1FC07F00
1FC07E00
1FC0FE00
1FC0FC00
1FC1FC00
1FC1F800
1FC3F000
1FC3F000
1FC7E000
1FCFE000
1FFFC000
1FFF8000
1FFFC000
1FFFC000
1FCFE000
1FC7E000
1FC7F000
1FC3F800
1FC3F800
1FC1FC00
1FC1FC00
1FC0FE00
1FC0FE00
1FC07F00
1FC03F80
ENDCHAR
STARTCHAR 04A0
ENCODING 1184
SWIDTH 600 0
DWIDTH 30 0
BBX 30 33 0 0
BITMAP
FFF803F8
FFF803F0
FFF807F0
FFF807E0
FFF80FE0
FFF80FC0
03F81FC0
03F83F80
03F83F00
03F87F00
03F87E00
03F8FE00
03F9FC00
03FFF800
03FFF000
03FFF000
03FFF800
03FFFC00
03FFFC00
03F8FE00
03F8FE00
03F87F00
03F87F00
03F83F80
03F83F80
03F81FC0
03F81FC0
03F80FE0
03F80FF0
03F807F0
03F807F8
03F803F8
03F803FC
ENDCHAR
STARTCHAR 04A1
ENCODING 1185
SWIDTH 600 0
DWIDTH 30 0
BBX 30 26 0 0
BITMAP
FFFE01FC
FFFE03F8
FFFE03F0
FFFE07F0
FFFE07E0
FFFE0FE0
00FE0FC0
00FE1FC0
00FE1F80
00FE3F80
00FE7F00
00FFFE00
00FFFC00
00FFFE00
00FFFF00
00FE3F00
00FE3F80
00FE1F80
00FE1FC0
00FE0FC0
00FE0FE0
00FE07E0
00FE07F0
00FE03F8
00FE03F8
00FE01FC
ENDCHAR
STARTCHAR 04A2
ENCODING 1186
SWIDTH 600 0
DWIDTH 30 0
BBX 27 43 3 -10
BITMAP
FF00FF00
FF00FF00
FF00FF00
FF00FF00
FF00FF00
FF00FF00
FF00FF00
FF00FF00
FF00FF00
FF00FF00
FF00FF00
FF00FF00
FF00FF00
FFFFFF00
FFFFFF00
FFFFFF00
FFFFFF00
FFFFFF00
FFFFFF00
FF00FF00
FF00FF00
FF00FF00
FF00FF00
FF00FF00
FF00FF00
FF00FF00
FF00FF00
FF00FF00
FF00FFE0
FF00FFE0
FF00FFE0
FF00FFE0
FF00FFE0
00000FE0
00000FE0
00000FE0
00000FE0
00000FE0
00000FE0
00000FE0
00000FE0
00000FE0
00000FE0
ENDCHAR
STARTCHAR 04A3
ENCODING 1187
SWIDTH 600 0
DWIDTH 30 0
BBX 27 36 3 -10
BITMAP
FE007F00
FE007F00
FE007F00
FE007F00
FE007F00
FE007F00
FE007F00
FE007F00
FE007F00
FE007F00
FFFFFF00
FFFFFF00
FFFFFF00
FFFFFF00
FFFFFF00
FE007F00
FE007F00
FE007F00
FE007F00
FE007F00
FE007F00
FE007FE0
FE007FE0
FE007FE0
FE007FE0
FE007FE0
000007E0
000007E0
000007E0
000007E0
000007E0
000007E0
000007E0
000007E0
000007E0
000007E0
ENDCHAR
STARTCHAR 04A4
ENCODING 1188
SWIDTH 600 0
DWIDTH 30 0
BBX 27 33 3 0
BITMAP
FE07FFE0
FE07FFE0
FE07FFE0
FE07FFE0
FE07FFE0
FE07FFE0
FE07F800
FE07F800
FE07F800
FE07F800
FE07F800
FE07F800
FE07F800
FFFFF800
FFFFF800
FFFFF800
FFFFF800
FFFFF800
FFFFF800
FE07F800
FE07F800
FE07F800
FE07F800
FE07F800
FE07F800
FE07F800
FE07F800
FE07F800
FE07F800
FE07F800
FE07F800
FE07F800
FE07F800
ENDCHAR
STARTCHAR 04A5
ENCODING 1189
SWIDTH 600 0
DWIDTH 30 0
BBX 27 26 3 0
BITMAP
FE03FFE0
FE03FFE0
FE03FFE0
FE03FFE0
FE03FFE0
FE03FFE0
FE03F800
FE03F800
FE03F800
FE03F800
FFFFF800
FFFFF800
FFFFF800
FFFFF800
FFFFF800
FE03F800
FE03F800
FE03F800
FE03F800
FE03F800
FE03F800
FE03F800
FE03F800
FE03F800
FE03F800
FE03F800
ENDCHAR
STARTCHAR 04A6
ENCODING 1190
SWIDTH 600 0
DWIDTH 30 0
BBX 27 43 2 -10
BITMAP
FFFF0000
FFFF0000
FFFF0000
FFFF0000
FFFF0000
FC3F0000
FC3F0000
FC3F0000
FC3F0000
FC3F0000
FC3F7C00
FC3FFE00
FC3FFF00
FC3FFF80
FC3FFF80
FC3F0FC0
FC3F0FC0
FC3F07C0
FC3F07E0
FC3F07E0
FC3F07E0
FC3F07E0
FC3F07E0
FC3F07E0
FC3F07E0
FC3F07E0
FC3F07E0
FC3F07E0
FC3F07E0
FC3F07E0
FC3F07E0
FC3F07E0
FC3F07E0
000007E0
000007C0
00000FC0
00020FC0
000F1F80
003FFF80
001FFF00
001FFE00
0007FC00
0001F000
ENDCHAR
STARTCHAR 04A7
ENCODING 1191
SWIDTH 600 0
DWIDTH 30 0
BBX 27 36 2 -10
BITMAP
FFFE0000
FFFE0000
FFFE0000
FFFE0000
FFFE0000
F83E0000
F83E0000
F83E0000
F83E0000
F83E0000
F83E0000
F83EFC00
F83FFF00
F83FFF80
F83FFF80
F83FFFC0
F83E0FC0
F83E0FC0
F83E07E0
F83E07E0
F83E07E0
F83E07E0
F83E07E0
F83E07E0
F83E07E0
F83E07E0
000007E0
000007E0
000007E0
00000FC0
00060FC0
000FFF80
001FFF80
001FFF00
000FFE00
0003F800
ENDCHAR
STARTCHAR 04A8
ENCODING 1192
SWIDTH 600 0
DWIDTH 30 0
BBX 29 35 2 -1
BITMAP
007F0000
01FF8000
07FF0000
0FFF0000
1FFE0000
1FFE0000
3FC00000
3F807C00
7F01FE00
7F03FF00
7E07FF80
FE07FF80
FE0FFFC0
FE0FCFC0
FC0F87C0
FC0F87C0
FC0F87C0
FC0F87C0
FC0F87C0
FC0F87C0
FC0F87C0
FE0F87C0
FE0F87C0
FE0F87C0
7E0FC7C0
7F07CF80
7F07CF80
3F87EF80
3FC3FF08
1FFBFFF8
0FFFFFF8
0FFFFFF8
03FFFFF8
01FFFFF8
007F87F0
ENDCHAR
STARTCHAR 04A9
ENCODING 1193
SWIDTH 600 0
DWIDTH 30 0
BBX 26 28 3 -1
BITMAP
01FC0000
07FC0000
0FFC0000
1FFC0000
3FF80000
3FC80000
7F81F000
7F07F800
7E0FFC00
FE0FFE00
FE1F3E00
FE1F1E00
FE1F1F00
FE1F1F00
FE1F1F00
FE1F1F00
FE1F1F00
FE1F1F00
FE1F1E00
7F1F3E00
7F0FBE00
7F8FBE00
3FC7FC00
1FFFFFC0
1FFFFFC0
0FFFFFC0
03FFFFC0
00FF3F80
ENDCHAR
STARTCHAR 04AA
ENCODING 1194
SWIDTH 600 0
DWIDTH 30 0
BBX 27 44 2 -10
BITMAP
003FC000
01FFF000
07FFFC00
0FFFFE00
1FFFFE00
1FFFFF00
3FE0FF80
3FC03F80
7F803FC0
7F001FC0
7F001800
FF000000
FF000000
FF000000
FE000000
FE000000
FE000000
FE000000
FE000000
FE000000
FE000000
FF000000
FF000000
FF000E00
7F001FE0
7F801FC0
7F803FC0
3FC03F80
3FE07F80
1FFFFF00
1FFFFF00
0FFFFE00
07FFFC00
01FFF000
007FC000
000F0000
000F0000
00070000
000F8000
000F8000
03FF0000
03FF0000
03FE0000
01FC0000
ENDCHAR
STARTCHAR 04AB
ENCODING 1195
SWIDTH 600 0
DWIDTH 30 0
BBX 24 37 3 -10
BITMAP
00FF00
03FFE0
0FFFF0
1FFFF8
3FFFFC
3F81FE
7F00FE
7F007F
FF007F
FE0000
FE0000
FE0000
FE0000
FE0000
FE0000
FE0000
FE0000
FE0000
FE007F
FF007F
7F00FF
7F81FE
3FF7FC
3FFFFC
1FFFF8
0FFFE0
03FF80
00FE00
000F00
000F00
000F00
000F00
001F00
07FE00
07FE00
07FC00
03F000
ENDCHAR
STARTCHAR 04AC
ENCODING 1196
SWIDTH 600 0
DWIDTH 30 0
BBX 28 43 1 -10
BITMAP
FFFFFFF0
FFFFFFF0
FFFFFFF0
FFFFFFF0
FFFFFFF0
FFFFFFF0
003FC000
003FC000
003FC000
003FC000
003FC000
003FC000
003FC000
003FC000
003FC000
003FC000
003FC000
003FC000
003FC000
003FC000
003FC000
003FC000
003FC000
003FC000
003FC000
003FC000
003FC000
003FF800
003FF800
003FF800
003FF800
003FF800
003FF800
0001F800
0001F800
0001F800
0001F800
0001F800
0001F800
0001F800
0001F800
0001F800
0001F800
ENDCHAR
STARTCHAR 04AD
ENCODING 1197
SWIDTH 600 0
DWIDTH 30 0
BBX 24 36 3 -10
BITMAP
FFFFFF
FFFFFF
FFFFFF
FFFFFF
FFFFFF
007E00
007E00
007E00
007E00
007E00
007E00
007E00
007E00
007E00
007E00
007E00
007E00
007E00
007E00
007E00
007E00
007FC0
007FC0
007FC0
007FC0
007FC0
0007C0
0007C0
0007C0
0007C0
0007C0
0007C0
0007C0
0007C0
0007C0
0007C0
ENDCHAR
STARTCHAR 04AE
ENCODING 1198
SWIDTH 600 0
DWIDTH 30 0
BBX 30 33 0 0
BITMAP
FF0003FC
7F0003F8
3F8007F0
3FC00FF0
1FC00FE0
1FE01FE0
0FE01FC0
07F03F80
07F03F80
03F87F00
03F87F00
01FCFE00
00FDFC00
00FFFC00
007FF800
007FF800
003FF000
001FE000
001FE000
001FE000
001FE000
001FE000
001FE000
001FE000
001FE000
001FE000
001FE000
001FE000
001FE000
001FE000
001FE000
001FE000
001FE000
ENDCHAR
STARTCHAR 04AF
ENCODING 1199
SWIDTH 600 0
DWIDTH 30 0
BBX 27 36 1 -10
BITMAP
FF000FE0
7F000FE0
7F000FE0
3F801FC0
3F801FC0
3F801F80
1FC03F80
1FC03F80
0FC03F00
0FE07F00
0FE07E00
07E07E00
07F0FE00
03F0FC00
03F0FC00
03F9F800
01F9F800
01F9F800
00FBF000
00FFF000
00FFE000
007FE000
007FE000
007FC000
003FC000
003F8000
003F8000
003F8000
003F8000
003F8000
003F8000
003F8000
003F8000
003F8000
003F8000
003F8000
ENDCHAR
STARTCHAR 04B0
ENCODING 1200
SWIDTH 600 0
DWIDTH 30 0
BBX 30 33 0 0
BITMAP
FF0003FC
7F0003F8
3F8007F0
3F800FF0
1FC00FE0
1FE01FE0
0FE01FC0
0FF03FC0
07F03F80
03F87F00
03F87F00
01FCFE00
01FCFE00
00FFFC00
3FFFFFF0
3FFFFFF0
3FFFFFF0
3FFFFFF0
3FFFFFF0
3FFFFFF0
001FE000
001FE000
001FE000
001FE000
001FE000
001FE000
001FE000
001FE000
001FE000
001FE000
001FE000
001FE000
001FE000
ENDCHAR
STARTCHAR 04B1
ENCODING 1201
SWIDTH 600 0
DWIDTH 30 0
BBX 27 36 1 -10
BITMAP
FF000FE0
7F000FE0
7F000FE0
3F801FC0
3F801FC0
3F801F80
1FC03F80
1FC03F80
0FC03F00
0FE07F00
0FE07E00
07E07E00
07F0FE00
03F0FC00
03F0FC00
03F9F800
01F9F800
01F9F800
01FBF000
00FFF000
00FFE000
007FE000
007FE000
007FC000
003FC000
003F8000
1FFFFF80
1FFFFF80
1FFFFF80
1FFFFF80
1FFFFF80
003F8000
003F8000
003F8000
003F8000
003F8000
ENDCHAR
STARTCHAR 04B2
ENCODING 1202
SWIDTH 600 0
DWIDTH 30 0
BBX 30 43 0 -10
BITMAP
7F8007F8
3FC007F0
1FC00FE0
1FE01FE0
0FE01FC0
07F03F80
07F03F80
03F87F00
01FCFE00
01FCFE00
00FFFC00
007FF800
007FF800
003FF000
003FE000
001FE000
001FE000
003FF000
007FF000
007FF800
00FFFC00
01FFFC00
01FCFE00
03FC7F00
07F87F00
07F03F80
0FF03FC0
0FE01FFC
1FC00FFC
3FC00FFC
3F8007FC
7F8003FC
FF0003FC
000000FC
000000FC
000000FC
000000FC
000000FC
000000FC
000000FC
000000FC
000000FC
000000FC
ENDCHAR
STARTCHAR 04B3
ENCODING 1203
SWIDTH 600 0
DWIDTH 30 0
BBX 26 36 2 -10
BITMAP
FF003FC0
7F007F80
3F807F00
3FC0FF00
1FC1FE00
0FE1FC00
0FF3F800
07FFF800
03FFF000
01FFE000
01FFE000
00FFC000
007F8000
007F8000
00FFC000
01FFE000
03FFF000
03FFF000
07F3F800
0FE1FC00
1FE1FE00
1FC0FFC0
3F807FC0
7F007FC0
7F003FC0
FE001FC0
000007C0
000007C0
000007C0
000007C0
000007C0
000007C0
000007C0
000007C0
000007C0
000007C0
ENDCHAR
STARTCHAR 04B4
ENCODING 1204
SWIDTH 600 0
DWIDTH 30 0
BBX 30 43 0 -10
BITMAP
FFFF9FC0
FFFF9FC0
FFFF9FC0
FFFF9FC0
FFFF9FC0
FFFF9FC0
07F81FC0
07F81FC0
07F81FC0
07F81FC0
07F81FC0
07F81FC0
07F81FC0
07F81FC0
07F81FC0
07F81FC0
07F81FC0
07F81FC0
07F81FC0
07F81FC0
07F81FC0
07F81FC0
07F81FC0
07F81FC0
07F81FC0
07F81FC0
07F81FC0
07FFFFFC
07FFFFFC
07FFFFFC
07FFFFFC
07FFFFFC
07FFFFFC
000000FC
000000FC
000000FC
000000FC
000000FC
000000FC
000000FC
000000FC
000000FC
000000FC
ENDCHAR
STARTCHAR 04B5
ENCODING 1205
SWIDTH 600 0
DWIDTH 30 0
BBX 30 36 0 -10
BITMAP
FFFF1FC0
FFFF1FC0
FFFF1FC0
FFFF1FC0
FFFF1FC0
07E01FC0
07E01FC0
07E01FC0
07E01FC0
07E01FC0
07E01FC0
07E01FC0
07E01FC0
07E01FC0
07E01FC0
07E01FC0
07E01FC0
07E01FC0
07E01FC0
07E01FC0
07E01FC0
07FFFFFC
07FFFFFC
07FFFFFC
07FFFFFC
07FFFFFC
000000FC
000000FC
000000FC
000000FC
000000FC
000000FC
000000FC
000000FC
000000FC
000000FC
ENDCHAR
STARTCHAR 04B6
ENCODING 1206
SWIDTH 600 0
DWIDTH 30 0
BBX 28 43 2 -10
BITMAP
FE007F80
FE007F80
FE007F80
FE007F80
FE007F80
FE007F80
FE007F80
FE007F80
FE007F80
FE007F80
FE007F80
FE007F80
FE007F80
FE007F80
FE007F80
FF007F80
FF80FF80
7FFFFF80
7FFFFF80
3FFFFF80
1FFFFF80
0FFE7F80
00007F80
00007F80
00007F80
00007F80
00007F80
00007FF0
00007FF0
00007FF0
00007FF0
00007FF0
00007FF0
000003F0
000003F0
000003F0
000003F0
000003F0
000003F0
000003F0
000003F0
000003F0
000003F0
ENDCHAR
STARTCHAR 04B7
ENCODING 1207
SWIDTH 600 0
DWIDTH 30 0
BBX 27 36 2 -10
BITMAP
FE007F00
FE007F00
FE007F00
FE007F00
FE007F00
FE007F00
FE007F00
FE007F00
FE007F00
FE007F00
FE007F00
FE007F00
FF01FF00
FFFFFF00
7FFFFF00
7FFFFF00
3FFE7F00
0FF07F00
00007F00
00007F00
00007F00
00007FE0
00007FE0
00007FE0
00007FE0
00007FE0
000007E0
000007E0
000007E0
000007E0
000007E0
000007E0
000007E0
000007E0
000007E0
000007E0
ENDCHAR
STARTCHAR 04B8
ENCODING 1208
SWIDTH 600 0
DWIDTH 30 0
BBX 25 33 2 0
BITMAP
FE007F80
FE007F80
FE007F80
FE007F80
FE007F80
FE187F80
FE187F80
FE187F80
FE187F80
FE187F80
FE187F80
FE187F80
FE187F80
FE187F80
FE187F80
FF187F80
FF987F80
7FFFFF80
7FFFFF80
3FFFFF80
1FFFFF80
0FFF7F80
00187F80
00187F80
00187F80
00187F80
00187F80
00187F80
00187F80
00007F80
00007F80
00007F80
00007F80
ENDCHAR
STARTCHAR 04B9
ENCODING 1209
SWIDTH 600 0
DWIDTH 30 0
BBX 24 26 3 0
BITMAP
FE007F
FE007F
FE007F
FE007F
FE007F
FE387F
FE387F
FE387F
FE387F
FE387F
FE387F
FE387F
FF39FF
FFFFFF
FFFFFF
7FFFFF
3FFE7F
0FF87F
00387F
00387F
00387F
00387F
00007F
00007F
00007F
00007F
ENDCHAR
STARTCHAR 04BA
ENCODING 1210
SWIDTH 600 0
DWIDTH 30 0
BBX 25 33 3 0
BITMAP
FF000000
FF000000
FF000000
FF000000
FF000000
FF000000
FF000000
FF000000
FF000000
FF000000
FF0FF000
FF7FFC00
FFFFFE00
FFFFFF00
FFFFFF00
FFF1FF80
FF007F80
FF003F80
FF003F80
FF003F80
FF003F80
FF003F80
FF003F80
FF003F80
FF003F80
FF003F80
FF003F80
FF003F80
FF003F80
FF003F80
FF003F80
FF003F80
FF003F80
ENDCHAR
STARTCHAR 04BB
ENCODING 1211
SWIDTH 600 0
DWIDTH 30 0
BBX 24 36 3 0
BITMAP
FE0000
FE0000
FE0000
FE0000
FE0000
FE0000
FE0000
FE0000
FE0000
FE07E0
FE1FF8
FE7FFC
FE7FFE
FEFFFE
FFE1FE
FFC0FF
FF807F
FF007F
FF007F
FF007F
FE007F
FE007F
FE007F
FE007F
FE007F
FE007F
FE007F
FE007F
FE007F
FE007F
FE007F
FE007F
FE007F
FE007F
FE007F
FE007F
ENDCHAR
STARTCHAR 04BC
ENCODING 1212
SWIDTH 600 0
DWIDTH 30 0
BBX 30 35 0 -1
BITMAP
0003F800
000FFF00
001FFF80
003FFFC0
007FFFE0
00FFFFE0
00FF0FF0
E1FE07F0
F9FC03F8
F9FC03F8
F9FC03F8
FBFC03F8
FBF801F8
FBF801FC
FFFFFFFC
7FFFFFFC
7FFFFFFC
3FFFFFFC
1FFFFFF8
07FFFFF8
03F80000
03F80000
03F80000
03F80000
01FC0380
01FC03F8
01FC03F0
01FE07F0
00FE0FF0
00FFFFE0
007FFFE0
003FFFC0
003FFF80
000FFF00
0003FC00
ENDCHAR
STARTCHAR 04BD
ENCODING 1213
SWIDTH 600 0
DWIDTH 30 0
BBX 28 28 0 -1
BITMAP
0003F800
000FFE00
001FFF00
003FFF80
007FBFC0
60FE0FE0
78FE07E0
78FC07E0
F9FC07F0
F9FC03F0
F9FC03F0
FFFFFFF0
7FFFFFF0
7FFFFFF0
1FFFFFF0
01FC0000
01FC0000
01FC0000
01FC0000
01FC0000
01FE07E0
00FE07F0
00FF0FE0
007FFFE0
003FFFC0
003FFF80
000FFF00
0003F800
ENDCHAR
STARTCHAR 04BE
ENCODING 1214
SWIDTH 600 0
DWIDTH 30 0
BBX 30 41 0 -7
BITMAP
0003F800
000FFF00
001FFF80
003FFFC0
007FFFE0
00FFFFE0
00FF0FF0
E1FE07F0
F9FC03F8
F9FC03F8
F9FC03F8
FBFC03F8
FBF801F8
FBF801FC
FFFFFFFC
7FFFFFFC
7FFFFFFC
3FFFFFFC
1FFFFFF8
07FFFFF8
03F80000
03F80000
03F80000
03F80000
01FC0380
01FC03F8
01FC07F0
01FE07F0
00FF1FF0
00FFFFE0
007FFFE0
007FFFC0
003FFF80
000FFE00
0003F800
0000F800
0000F800
0000F800
0000F800
0000F800
0000F800
ENDCHAR
STARTCHAR 04BF
ENCODING 1215
SWIDTH 600 0
DWIDTH 30 0
BBX 28 33 0 -6
BITMAP
0003F800
000FFE00
001FFF00
003FFF80
607FBFC0
7CFE0FE0
78FE07E0
F8FC07E0
F9FC07F0
F9FC03F0
FDFC03F0
7FFFFFF0
7FFFFFF0
3FFFFFF0
1FFFFFF0
01FC0000
01FC0000
01FC0000
01FC0000
01FC0000
00FE07F0
00FE07F0
007FDFE0
007FFFC0
003FFF80
001FFF00
0007FC00
0001F000
0001F000
0001F000
0001F000
0001F000
0001F000
ENDCHAR
STARTCHAR 04C0
ENCODING 1216
SWIDTH 600 0
DWIDTH 30 0
BBX 22 33 4 0
BITMAP
FFFFFC
FFFFFC
FFFFFC
FFFFFC
FFFFFC
FFFFFC
01FE00
01FE00
01FE00
01FE00
01FE00
01FE00
01FE00
01FE00
01FE00
01FE00
01FE00
01FE00
01FE00
01FE00
01FE00
01FE00
01FE00
01FE00
01FE00
01FE00
01FE00
FFFFFC
FFFFFC
FFFFFC
FFFFFC
FFFFFC
FFFFFC
ENDCHAR
STARTCHAR 04C1
ENCODING 1217
SWIDTH 600 0
DWIDTH 30 0
BBX 30 43 0 0
BITMAP
07E01F80
07E01F80
07E01F80
03F03F00
03FFFF00
01FFFE00
00FFFC00
001FE000
00000000
00000000
FC0FC0FC
7E0FC1F8
7E0FC1F8
7E0FC1F8
3E0FC1F0
3F0FC3F0
3F0FC3F0
1F0FC3F0
1F8FC7E0
1F8FC7E0
1F8FC7E0
0FCFCFC0
0FCFCFC0
07EFDF80
07FFFF80
03FFFF00
03FFFF00
03FFFF00
07FFFF80
07CFCF80
07CFCF80
0FCFCFC0
0FCFC7C0
1F8FC7E0
1F8FC7E0
1F8FC7E0
3F0FC3F0
3F0FC3F0
3F0FC3F0
7E0FC1F8
7E0FC1F8
7E0FC1F8
FE0FC1FC
ENDCHAR
STARTCHAR 04C2
ENCODING 1218
SWIDTH 600 0
DWIDTH 30 0
BBX 30 37 0 0
BITMAP
07E01F80
07E01F80
07E01F80
03F03F00
03FFFF00
01FFFE00
00FFFC00
001FE000
00000000
00000000
00000000
FC0FC0FC
7E0FC1F8
7E0FC1F8
3F0FC1F0
3F0FC3F0
1F0FC3F0
1F8FC7E0
1F8FC7E0
0F8FC7C0
0FCFCFC0
07EFDF80
07FFFF80
03FFFF00
03FFFF00
07FFFF80
07CFCF80
0FCFCFC0
0FCFCFC0
0F8FC7E0
1F8FC7E0
1F0FC3E0
3F0FC3F0
3F0FC1F0
7E0FC1F8
7E0FC1F8
FC0FC0FC
ENDCHAR
STARTCHAR 04C3
ENCODING 1219
SWIDTH 600 0
DWIDTH 30 0
BBX 27 43 3 -10
BITMAP
FF003FC0
FF003F80
FF007F00
FF00FF00
FF00FE00
FF01FE00
FF01FC00
FF03F800
FF07F800
FF07F000
FF0FE000
FF1FC000
FF7FC000
FFFF8000
FFFE0000
FFFFC000
FFFFF800
FFFFFC00
FFFFFE00
FF03FF00
FF00FF80
FF007F80
FF003FC0
FF001FC0
FF001FC0
FF001FE0
FF000FE0
FF000FE0
FF000FE0
FF000FE0
FF001FE0
FF001FC0
FF001FC0
00001FC0
00003FC0
00007F80
0E00FF80
3FC3FF00
7FFFFE00
7FFFFC00
3FFFF800
0FFFE000
01FF8000
ENDCHAR
STARTCHAR 04C4
ENCODING 1220
SWIDTH 600 0
DWIDTH 30 0
BBX 26 36 3 -10
BITMAP
FE01FC00
FE03F800
FE03F000
FE07F000
FE07E000
FE0FE000
FE0FC000
FE1FC000
FE1F8000
FE3F8000
FE7F0000
FFFE0000
FFFFE000
FFFFF800
FFFFFC00
FE03FE00
FE00FF00
FE007F80
FE003F80
FE001F80
FE001F80
FE001FC0
FE001FC0
FE001FC0
FE001FC0
FE001FC0
00001F80
00003F80
00003F80
00007F00
0380FF00
0FFFFE00
1FFFFC00
0FFFF800
03FFE000
00FF8000
ENDCHAR
STARTCHAR 04C5
ENCODING 1221
SWIDTH 600 0
DWIDTH 30 0
BBX 30 43 0 -10
BITMAP
00FFFFE0
00FFFFE0
00FFFFE0
00FFFFE0
00FFFFE0
00FFFFE0
00FE0FE0
01FE0FE0
01FC0FE0
01FC0FE0
01FC0FE0
01FC0FE0
01FC0FE0
01FC0FE0
03FC0FE0
03F80FE0
03F80FE0
03F80FE0
03F80FE0
03F80FE0
07F80FE0
07F80FE0
07F00FE0
07F00FE0
0FF00FE0
0FF00FE0
3FE00FE0
FFE00FFC
FFC00FF8
FFC00FF8
FF800FF8
FF000FF0
FC000FF0
000003F0
000007E0
000007E0
000007E0
00000FC0
00000FC0
00000FC0
00001F80
00001F80
00003F80
ENDCHAR
STARTCHAR 04C6
ENCODING 1222
SWIDTH 600 0
DWIDTH 30 0
BBX 29 36 1 -10
BITMAP
01FFFFC0
01FFFFC0
01FFFFC0
01FFFFC0
03FFFFC0
03F81FC0
03F81FC0
03F01FC0
03F01FC0
03F01FC0
03F01FC0
07F01FC0
07F01FC0
07F01FC0
07E01FC0
07E01FC0
07E01FC0
0FE01FC0
0FE01FC0
0FC01FC0
1FC01FC0
1FC01FF8
FFC01FF0
FF801FF0
FF801FF0
FF001FE0
FC0007E0
000007E0
000007C0
00000FC0
00000FC0
00001F80
00001F80
00001F00
00003F00
00003F00
ENDCHAR
STARTCHAR 04C7
ENCODING 1223
SWIDTH 600 0
DWIDTH 30 0
BBX 24 43 3 -10
BITMAP
FF00FF
FF00FF
FF00FF
FF00FF
FF00FF
FF00FF
FF00FF
FF00FF
FF00FF
FF00FF
FF00FF
FF00FF
FF00FF
FFFFFF
FFFFFF
FFFFFF
FFFFFF
FFFFFF
FFFFFF
FF00FF
FF00FF
FF00FF
FF00FF
FF00FF
FF00FF
FF00FF
FF00FF
FF00FF
FF00FF
FF00FF
FF00FE
FF00FE
FF00FE
0000FE
0001FE
0001FC
0E03FC
3F8FF8
7FFFF8
7FFFF0
3FFFE0
0FFF80
03FE00
ENDCHAR
STARTCHAR 04C8
ENCODING 1224
SWIDTH 600 0
DWIDTH 30 0
BBX 24 36 3 -10
BITMAP
FE007F
FE007F
FE007F
FE007F
FE007F
FE007F
FE007F
FE007F
FE007F
FE007F
FFFFFF
FFFFFF
FFFFFF
FFFFFF
FFFFFF
FE007F
FE007F
FE007F
FE007F
FE007F
FE007F
FE007F
FE007F
FE007F
FE007F
FE007F
0000FE
0000FE
0000FE
0001FE
0E03FC
3FFFF8
7FFFF8
3FFFE0
1FFFC0
03FE00
ENDCHAR
STARTCHAR 04C9
ENCODING 1225
SWIDTH 600 0
DWIDTH 30 0
BBX 27 43 3 -10
BITMAP
FF00FF00
FF00FF00
FF00FF00
FF00FF00
FF00FF00
FF00FF00
FF00FF00
FF00FF00
FF00FF00
FF00FF00
FF00FF00
FF00FF00
FF00FF00
FFFFFF00
FFFFFF00
FFFFFF00
FFFFFF00
FFFFFF00
FFFFFF00
FF00FF00
FF00FF00
FF00FF00
FF00FF00
FF00FF00
FF00FF00
FF00FF00
FF00FF00
FF00FFE0
FF00FFE0
FF00FFC0
FF00FFC0
FF00FFC0
FF00FF80
00001F80
00001F80
00003F00
00003F00
00003F00
00007E00
00007E00
00007E00
0000FC00
0000FC00
ENDCHAR
STARTCHAR 04CA
ENCODING 1226
SWIDTH 600 0
DWIDTH 30 0
BBX 27 36 3 -10
BITMAP
FE007F00
FE007F00
FE007F00
FE007F00
FE007F00
FE007F00
FE007F00
FE007F00
FE007F00
FE007F00
FFFFFF00
FFFFFF00
FFFFFF00
FFFFFF00
FFFFFF00
FE007F00
FE007F00
FE007F00
FE007F00
FE007F00
FE007F00
FE007FE0
FE007FC0
FE007FC0
FE007FC0
FE007F80
00001F80
00001F80
00001F00
00003F00
00003F00
00007E00
00007E00
00007E00
0000FC00
0000FC00
ENDCHAR
STARTCHAR 04CB
ENCODING 1227
SWIDTH 600 0
DWIDTH 30 0
BBX 25 43 2 -10
BITMAP
FE007F80
FE007F80
FE007F80
FE007F80
FE007F80
FE007F80
FE007F80
FE007F80
FE007F80
FE007F80
FE007F80
FE007F80
FE007F80
FE007F80
FE007F80
FF007F80
FF80FF80
7FFFFF80
7FFFFF80
3FFFFF80
1FFFFF80
0FFE7F80
00007F80
00007F80
00007F80
00007F80
00007F80
0003FF80
0003FF80
0003FF80
0003FF80
0003FF80
0003FF80
0003F800
0003F800
0003F800
0003F800
0003F800
0003F800
0003F800
0003F800
0003F800
0003F800
ENDCHAR
STARTCHAR 04CC
ENCODING 1228
SWIDTH 600 0
DWIDTH 30 0
BBX 24 36 2 -10
BITMAP
FE007F
FE007F
FE007F
FE007F
FE007F
FE007F
FE007F
FE007F
FE007F
FE007F
FE007F
FE007F
FF01FF
FFFFFF
7FFFFF
7FFFFF
3FFE7F
0FF07F
00007F
00007F
00007F
0003FF
0003FF
0003FF
0003FF
0003FF
0003F0
0003F0
0003F0
0003F0
0003F0
0003F0
0003F0
0003F0
0003F0
0003F0
ENDCHAR
STARTCHAR 04CD
ENCODING 1229
SWIDTH 600 0
DWIDTH 30 0
BBX 29 43 2 -10
BITMAP
FF807FC0
FF807FC0
FFC07FC0
FFC0FFC0
FFC0FFC0
FFC0FFC0
FFE0FFC0
FFE1FFC0
FFE1FFC0
FFE1FFC0
FDF1EFC0
FDF3EFC0
FDF3EFC0
FCF3CFC0
FCFBCFC0
FCFFCFC0
FCFFCFC0
FC7F8FC0
FC7F8FC0
FC7F8FC0
FC7F8FC0
FC3F0FC0
FC3F0FC0
FC3F0FC0
FC000FC0
FC000FC0
FC000FC0
FC000FF8
FC000FF8
FC000FF0
FC000FF0
FC000FF0
FC000FE0
000007E0
000007E0
00000FC0
00000FC0
00000FC0
00001F80
00001F80
00003F80
00003F00
00003F00
ENDCHAR
STARTCHAR 04CE
ENCODING 1230
SWIDTH 600 0
DWIDTH 30 0
BBX 29 36 2 -10
BITMAP
FF803FC0
FF807FC0
FF807FC0
FF807FC0
FFC07FC0
FFC0FFC0
FBC0F7C0
FBC0F7C0
FBE0F7C0
FBE1F7C0
F9E1E7C0
F9E1E7C0
F9F1E7C0
F8F3E7C0
F8F3C7C0
F8F3C7C0
F8FBC7C0
F87BC7C0
F87F87C0
F87F87C0
F87F87C0
F83F87F8
F83F07F0
F83F07F0
F83F07F0
F81F07E0
000007E0
000007E0
000007C0
00000FC0
00000FC0
00001F80
00001F80
00001F00
00003F00
00003F00
ENDCHAR
STARTCHAR 04CF
ENCODING 1231
SWIDTH 600 0
DWIDTH 30 0
BBX 23 36 5 0
BITMAP
FFFC00
FFFC00
FFFC00
FFFC00
00FC00
00FC00
00FC00
00FC00
00FC00
00FC00
00FC00
00FC00
00FC00
00FC00
00FC00
00FC00
00FC00
00FC00
00FC00
00FC00
00FC00
00FC00
00FC00
00FC00
00FC00
00FC00
00FC00
00FC00
00FC00
00FE00
00FE00
00FFFE
007FFE
003FFE
001FFE
0007FE
ENDCHAR
STARTCHAR 04D0
ENCODING 1232
SWIDTH 600 0
DWIDTH 30 0
BBX 30 42 0 0
BITMAP
03C01F00
01E01E00
01F03E00
01FFFE00
00FFFC00
007FF800
001FE000
00000000
00000000
001FE000
003FF000
003FF000
003FF000
007FF800
007FF800
007EF800
00FCFC00
00FCFC00
00FCFC00
01F87E00
01F87E00
01F87E00
03F87F00
03F03F00
03F03F00
07F03F80
07E01F80
07E01F80
0FFFFFC0
0FFFFFC0
0FFFFFC0
1FFFFFE0
1FFFFFE0
1F8007E0
3F8007F0
3F8007F0
3F8007F0
7F0003F8
7F0003F8
7F0003F8
FF0003FC
FE0001FC
ENDCHAR
STARTCHAR 04D1
ENCODING 1233
SWIDTH 600 0
DWIDTH 30 0
BBX 26 37 3 -1
BITMAP
1E00F000
1E00F000
1F01F000
0FFFE000
07FFC000
03FF8000
00FE0000
00000000
00000000
01FF0000
07FFC000
1FFFE000
1FFFF000
3FEFF800
7F83F800
7F01FC00
7F01FC00
0001FC00
0001FC00
0001FC00
03FFFC00
1FFFFC00
3FFFFC00
7FFFFC00
FF81FC00
FF01FC00
FE01FC00
FE01FC00
FE01FC00
FE03FC00
FE07FC00
FF0FFC00
FFFFFF40
7FFEFFC0
7FFC7FC0
3FF87FC0
0FE01F00
ENDCHAR
STARTCHAR 04D2
ENCODING 1234
SWIDTH 600 0
DWIDTH 30 0
BBX 30 41 0 0
BITMAP
01F87E00
01F87E00
01F87E00
01F87E00
01F87E00
00000000
00000000
00000000
001FE000
003FF000
003FF000
003FF000
007FF800
007FF800
007EF800
00FCFC00
00FCFC00
00FCFC00
01F87E00
01F87E00
01F87E00
03F87F00
03F03F00
03F03F00
07F03F80
07E01F80
07E01F80
0FFFFFC0
0FFFFFC0
0FFFFFC0
1FFFFFE0
1FFFFFE0
1F8007E0
3F8007F0
3F8007F0
3F8007F0
7F0003F8
7F0003F8
7F0003F8
FF0003FC
FE0001FC
ENDCHAR
STARTCHAR 04D3
ENCODING 1235
SWIDTH 600 0
DWIDTH 30 0
BBX 26 36 3 -1
BITMAP
0F83F000
0F83F000
0F83F000
0F83F000
0F83F000
00000000
00000000
00000000
01FF0000
07FFC000
1FFFE000
1FFFF000
3FEFF800
7F83F800
7F01FC00
7F01FC00
0001FC00
0001FC00
0001FC00
03FFFC00
1FFFFC00
3FFFFC00
7FFFFC00
FF81FC00
FF01FC00
FE01FC00
FE01FC00
FE01FC00
FE03FC00
FE07FC00
FF0FFC00
FFFFFF40
7FFEFFC0
7FFC7FC0
3FF87FC0
0FE01F00
ENDCHAR
STARTCHAR 04D4
ENCODING 1236
SWIDTH 600 0
DWIDTH 30 0
BBX 30 33 0 0
BITMAP
007FFFF8
007FFFF8
00FFFFF8
00FFFFF8
00FFFFF8
00F9F800
01F9F800
01F9F800
01F9F800
03F9F800
03F1F800
03F1F800
03F1F800
07F1F800
07E1FFF0
07E1FFF0
07E1FFF0
0FE1FFF0
0FC1FFF0
0FFFF800
1FFFF800
1FFFF800
1FFFF800
1FFFF800
3F81F800
3F01F800
3F01F800
3F01F800
7F01FFFC
7E01FFFC
7E01FFFC
FE01FFFC
FE01FFFC
ENDCHAR
STARTCHAR 04D5
ENCODING 1237
SWIDTH 600 0
DWIDTH 30 0
BBX 30 28 0 -1
BITMAP
03F01F00
0FFC7FC0
1FFEFFE0
1FFFFFE0
3FBFF7F0
3E1FE1F0
3E0FC0F8
3E0FC0F8
000F80F8
000F80F8
000F80F8
07FFFFF8
1FFFFFF8
3FFFFFF8
3FFFFFFC
7E0F8000
7C0F8000
7C0F8000
7C0F8000
FC0F8000
FC1FC0E0
7C1FC0F8
7C3FE1F0
7EFDF3F0
7FF9FFE0
3FF0FFE0
1FE07FC0
0F803F00
ENDCHAR
STARTCHAR 04D6
ENCODING 1238
SWIDTH 600 0
DWIDTH 30 0
BBX 25 42 3 0
BITMAP
1E00F800
0F00F000
0F81F000
0FFFF000
07FFE000
03FFC000
00FF0000
00000000
00000000
FFFFFF00
FFFFFF00
FFFFFF00
FFFFFF00
FFFFFF00
FFFFFF00
FF000000
FF000000
FF000000
FF000000
FF000000
FF000000
FF000000
FFFFFC00
FFFFFC00
FFFFFC00
FFFFFC00
FFFFFC00
FFFFFC00
FF000000
FF000000
FF000000
FF000000
FF000000
FF000000
FF000000
FF000000
FFFFFF80
FFFFFF80
FFFFFF80
FFFFFF80
FFFFFF80
FFFFFF80
ENDCHAR
STARTCHAR 04D7
ENCODING 1239
SWIDTH 600 0
DWIDTH 30 0
BBX 26 37 2 -1
BITMAP
0F803C00
07807800
07C0F800
07FFF800
03FFF000
01FFE000
007F8000
00000000
00000000
007F8000
01FFF000
07FFF800
0FFFFC00
1FF3FE00
3FC07E00
3F803F00
7F003F00
7F003F80
7F001F80
7F001F80
7FFFFF80
FFFFFF80
FFFFFFC0
FFFFFFC0
FF000000
7F000000
7F000000
7F000000
7F000000
7F801F00
3F803F80
3FE07F00
1FFFFF00
0FFFFE00
07FFFC00
01FFF000
007F8000
ENDCHAR
STARTCHAR 04D8
ENCODING 1240
SWIDTH 600 0
DWIDTH 30 0
BBX 26 35 2 -1
BITMAP
007F8000
03FFE000
07FFF800
0FFFFC00
1FFFFE00
3FFFFE00
3FC1FF00
7F80FF00
7F007F80
3F003F80
02003F80
00003FC0
00001FC0
00001FC0
00001FC0
FFFFFFC0
FFFFFFC0
FFFFFFC0
FFFFFFC0
FFFFFFC0
FFFFFFC0
FE001FC0
FE001FC0
FF003FC0
FF003FC0
7F003F80
7F807F80
7F807F80
3FC0FF00
3FFFFF00
1FFFFE00
0FFFFC00
07FFF800
03FFE000
007F8000
ENDCHAR
STARTCHAR 04D9
ENCODING 1241
SWIDTH 600 0
DWIDTH 30 0
BBX 26 28 2 -1
BITMAP
007F8000
03FFE000
0FFFF800
1FFFFC00
3FFFFE00
3F81FF00
7F00FF00
3E007F00
00003F80
00003F80
00003F80
00003F80
00003FC0
FFFFFFC0
FFFFFFC0
7FFFFFC0
7FFFFF80
7E003F80
7E003F80
7E003F80
3F003F80
3F007F00
3F80FF00
1FF3FE00
0FFFFC00
07FFF800
03FFE000
007F8000
ENDCHAR
STARTCHAR 04DA
ENCODING 1242
SWIDTH 600 0
DWIDTH 30 0
BBX 26 41 2 -1
BITMAP
07E1F800
07E1F800
07E1F800
07E1F800
07E1F800
00000000
007F8000
03FFE000
07FFF800
0FFFFC00
1FFFFE00
3FFFFE00
3FC1FF00
7F80FF00
7F007F80
3F003F80
02003F80
00003FC0
00001FC0
00001FC0
00001FC0
FFFFFFC0
FFFFFFC0
FFFFFFC0
FFFFFFC0
FFFFFFC0
FFFFFFC0
FE001FC0
FE001FC0
FF003FC0
FF003FC0
7F003F80
7F807F80
7F807F80
3FC0FF00
3FFFFF00
1FFFFE00
0FFFFC00
07FFF800
03FFE000
007F8000
ENDCHAR
STARTCHAR 04DB
ENCODING 1243
SWIDTH 600 0
DWIDTH 30 0
BBX 26 36 2 -1
BITMAP
07E1F800
07E1F800
07E1F800
07E1F800
07E1F800
00000000
00000000
00000000
007F8000
03FFE000
0FFFF800
1FFFFC00
3FFFFE00
3F81FF00
7F00FF00
3E007F00
00003F80
00003F80
00003F80
00003F80
00003FC0
FFFFFFC0
FFFFFFC0
7FFFFFC0
7FFFFF80
7E003F80
7E003F80
7E003F80
3F003F80
3F007F00
3F80FF00
1FF3FE00
0FFFFC00
07FFF800
03FFE000
007F8000
ENDCHAR
STARTCHAR 04DC
ENCODING 1244
SWIDTH 600 0
DWIDTH 30 0
BBX 30 40 0 0
BITMAP
01F87E00
01F87E00
01F87E00
01F87E00
01F87E00
00000000
00000000
FC0FC0FC
7E0FC1F8
7E0FC1F8
7E0FC1F8
3E0FC1F0
3F0FC3F0
3F0FC3F0
1F0FC3F0
1F8FC7E0
1F8FC7E0
1F8FC7E0
0FCFCFC0
0FCFCFC0
07EFDF80
07FFFF80
03FFFF00
03FFFF00
03FFFF00
07FFFF80
07CFCF80
07CFCF80
0FCFCFC0
0FCFC7C0
1F8FC7E0
1F8FC7E0
1F8FC7E0
3F0FC3F0
3F0FC3F0
3F0FC3F0
7E0FC1F8
7E0FC1F8
7E0FC1F8
FE0FC1FC
ENDCHAR
STARTCHAR 04DD
ENCODING 1245
SWIDTH 600 0
DWIDTH 30 0
BBX 30 35 0 0
BITMAP
01F87E00
01F87E00
01F87E00
01F87E00
01F87E00
00000000
00000000
00000000
00000000
FC0FC0FC
7E0FC1F8
7E0FC1F8
3F0FC1F0
3F0FC3F0
1F0FC3F0
1F8FC7E0
1F8FC7E0
0F8FC7C0
0FCFCFC0
07EFDF80
07FFFF80
03FFFF00
03FFFF00
07FFFF80
07CFCF80
0FCFCFC0
0FCFCFC0
0F8FC7E0
1F8FC7E0
1F0FC3E0
3F0FC3F0
3F0FC1F0
7E0FC1F8
7E0FC1F8
FC0FC0FC
ENDCHAR
STARTCHAR 04DE
ENCODING 1246
SWIDTH 600 0
DWIDTH 30 0
BBX 27 41 1 -1
BITMAP
03E0FC00
03E0FC00
03E0FC00
03E0FC00
03E0FC00
00000000
003FC000
01FFF800
07FFFE00
0FFFFF00
1FFFFF80
3FF1FF80
3FC03FC0
7F801FC0
7F001FC0
FF001FC0
06001FC0
00001FC0
00003F80
0000FF00
003FFE00
003FFC00
003FE000
003FFC00
003FFF00
003FFF80
00003FC0
00001FC0
00000FE0
00000FE0
04000FE0
3E000FE0
FE001FE0
FF001FE0
7FC03FC0
7FFFFFC0
3FFFFF80
1FFFFF00
0FFFFE00
03FFF800
007FC000
ENDCHAR
STARTCHAR 04DF
ENCODING 1247
SWIDTH 600 0
DWIDTH 30 0
BBX 25 36 2 -1
BITMAP
07C1F000
07C1F000
07C1F000
07C1F000
07C1F000
00000000
00000000
00000000
00FFC000
07FFF000
0FFFFC00
1FFFFE00
3FE3FE00
3F00FF00
7E007F00
7E007F00
00007F00
0000FE00
0003FE00
007FFC00
007FF000
007FF000
007FFC00
000FFE00
0000FF00
00007F00
00003F80
0C003F80
FE003F80
7F007F80
7F80FF00
3FFFFF00
1FFFFE00
0FFFFC00
07FFF000
00FF8000
ENDCHAR
STARTCHAR 04E0
ENCODING 1248
SWIDTH 600 0
DWIDTH 30 0
BBX 28 34 1 -1
BITMAP
3FFFFFE0
3FFFFFE0
3FFFFFE0
3FFFFFE0
3FFFFFE0
3FFFFFC0
00003F80
00007F00
0000FE00
0001FC00
0003F800
0007F000
000FF800
000FFE00
000FFF80
000FFFC0
000FFFE0
00007FE0
00001FF0
00000FF0
000007F0
000007F0
060007F0
3E0007F0
FF0007F0
7F000FF0
7F800FE0
3FE03FE0
3FFFFFC0
1FFFFFC0
0FFFFF80
07FFFF00
01FFFC00
003FE000
ENDCHAR
STARTCHAR 04E1
ENCODING 1249
SWIDTH 600 0
DWIDTH 30 0
BBX 24 36 3 -10
BITMAP
7FFFFE
7FFFFE
7FFFFE
7FFFFE
7FFFFE
0003FC
0007F8
000FF0
001FE0
003FC0
007F80
00FF00
01FE00
03FC00
03FFC0
03FFF0
03FFF8
03FFFC
0007FE
0001FE
0000FF
00007F
00007F
00007F
00007F
00007F
1C007F
FC007F
FE007F
FF00FE
7F81FE
7FFFFC
3FFFF8
1FFFF0
07FFE0
01FF00
ENDCHAR
STARTCHAR 04E2
ENCODING 1250
SWIDTH 600 0
DWIDTH 30 0
BBX 24 42 3 0
BITMAP
07FFE0
07FFE0
07FFE0
07FFE0
000000
000000
000000
000000
000000
FE01FF
FE01FF
FE01FF
FE03FF
FE03FF
FE07FF
FE07FF
FE07FF
FE0FFF
FE0FFF
FE0FBF
FE1FBF
FE1FBF
FE3F3F
FE3F3F
FE3E7F
FE7E7F
FE7E7F
FEFC7F
FCFC7F
FCFC7F
FDF87F
FDF87F
FDF07F
FFF07F
FFF07F
FFE07F
FFE07F
FFC07F
FFC07F
FFC07F
FF807F
FF807F
ENDCHAR
STARTCHAR 04E3
ENCODING 1251
SWIDTH 600 0
DWIDTH 30 0
BBX 24 34 3 0
BITMAP
07FFF0
07FFF0
07FFF0
07FFF0
000000
000000
000000
000000
FE00FF
FE00FF
FE01FF
FE01FF
FE03FF
FE03FF
FE07FF
FE0FFF
FE0FBF
FE1FFF
FE1F7F
FE3F7F
FE3E7F
FE7E7F
FEFC7F
FEF87F
FDF87F
FDF07F
FFF07F
FFE07F
FFE07F
FFC07F
FFC07F
FF807F
FF807F
FF007F
ENDCHAR
STARTCHAR 04E4
ENCODING 1252
SWIDTH 600 0
DWIDTH 30 0
BBX 24 40 3 0
BITMAP
0FC3F0
0FC3F0
0FC3F0
0FC3F0
0FC3F0
000000
000000
FE01FF
FE01FF
FE01FF
FE03FF
FE03FF
FE07FF
FE07FF
FE07FF
FE0FFF
FE0FFF
FE0FBF
FE1FBF
FE1FBF
FE3F3F
FE3F3F
FE3E7F
FE7E7F
FE7E7F
FEFC7F
FCFC7F
FCFC7F
FDF87F
FDF87F
FDF07F
FFF07F
FFF07F
FFE07F
FFE07F
FFC07F
FFC07F
FFC07F
FF807F
FF807F
ENDCHAR
STARTCHAR 04E5
ENCODING 1253
SWIDTH 600 0
DWIDTH 30 0
BBX 24 35 3 0
BITMAP
0FC3F0
0FC3F0
0FC3F0
0FC3F0
0FC3F0
000000
000000
000000
000000
FE00FF
FE00FF
FE01FF
FE01FF
FE03FF
FE03FF
FE07FF
FE0FFF
FE0FBF
FE1FFF
FE1F7F
FE3F7F
FE3E7F
FE7E7F
FEFC7F
FEF87F
FDF87F
FDF07F
FFF07F
FFE07F
FFE07F
FFC07F
FFC07F
FF807F
FF807F
FF007F
ENDCHAR
STARTCHAR 04E6
ENCODING 1254
SWIDTH 600 0
DWIDTH 30 0
BBX 26 41 2 -1
BITMAP
07E1F800
07E1F800
07E1F800
07E1F800
07E1F800
00000000
007F8000
01FFF000
07FFF800
0FFFFC00
1FFFFE00
3FFFFF00
3FC0FF00
7F807F80
7F807F80
7F003F80
FF003FC0
FF003FC0
FE001FC0
FE001FC0
FE001FC0
FE001FC0
FE001FC0
FE001FC0
FE001FC0
FE001FC0
FE001FC0
FE001FC0
FE001FC0
FF003FC0
FF003FC0
7F003F80
7F807F80
7F807F80
3FC0FF00
3FFFFF00
1FFFFE00
0FFFFC00
07FFF800
01FFE000
007F8000
ENDCHAR
STARTCHAR 04E7
ENCODING 1255
SWIDTH 600 0
DWIDTH 30 0
BBX 26 36 2 -1
BITMAP
07E1F800
07E1F800
07E1F800
07E1F800
07E1F800
00000000
00000000
00000000
007F8000
03FFF000
07FFFC00
0FFFFE00
1FFFFE00
3FC0FF00
3F807F00
7F803F80
7F003F80
7F003F80
FF003FC0
FF003FC0
FE001FC0
FE001FC0
FE001FC0
FE001FC0
FF003FC0
FF003FC0
7F003F80
7F003F80
7F003F80
3F807F00
3FC0FF00
1FFFFE00
0FFFFC00
07FFF800
03FFF000
007F8000
ENDCHAR
STARTCHAR 04E8
ENCODING 1256
SWIDTH 600 0
DWIDTH 30 0
BBX 26 35 2 -1
BITMAP
007F8000
01FFF000
07FFF800
0FFFFC00
1FFFFE00
3FFFFF00
3FC0FF00
7F807F80
7F807F80
7F003F80
FF003FC0
FF003FC0
FE001FC0
FE001FC0
FFFFFFC0
FFFFFFC0
FFFFFFC0
FFFFFFC0
FFFFFFC0
FFFFFFC0
FE001FC0
FE001FC0
FE003FC0
FF003FC0
FF003FC0
7F003F80
7F807F80
7F807F80
3FC0FF00
3FFFFF00
1FFFFE00
0FFFFC00
07FFF800
01FFE000
007F8000
ENDCHAR
STARTCHAR 04E9
ENCODING 1257
SWIDTH 600 0
DWIDTH 30 0
BBX 26 28 2 -1
BITMAP
007F8000
03FFF000
07FFFC00
0FFFFE00
1FFFFE00
3FC0FF00
3F807F00
7F003F80
7F003F80
7F003F80
FF003FC0
FFFFFFC0
FFFFFFC0
FFFFFFC0
FFFFFFC0
FFFFFFC0
FF003FC0
FF003FC0
7F003F80
7F003F80
7F807F80
3F807F00
3FC0FF00
1FFFFE00
0FFFFC00
07FFF800
03FFF000
007F8000
ENDCHAR
STARTCHAR 04EA
ENCODING 1258
SWIDTH 600 0
DWIDTH 30 0
BBX 26 41 2 -1
BITMAP
07E1F800
07E1F800
07E1F800
07E1F800
07E1F800
00000000
007F8000
01FFF000
07FFF800
0FFFFC00
1FFFFE00
3FFFFF00
3FC0FF00
7F807F80
7F807F80
7F003F80
FF003FC0
FF003FC0
FE001FC0
FE001FC0
FFFFFFC0
FFFFFFC0
FFFFFFC0
FFFFFFC0
FFFFFFC0
FFFFFFC0
FE001FC0
FE001FC0
FE003FC0
FF003FC0
FF003FC0
7F003F80
7F807F80
7F807F80
3FC0FF00
3FFFFF00
1FFFFE00
0FFFFC00
07FFF800
01FFE000
007F8000
ENDCHAR
STARTCHAR 04EB
ENCODING 1259
SWIDTH 600 0
DWIDTH 30 0
BBX 26 36 2 -1
BITMAP
07E1F800
07E1F800
07E1F800
07E1F800
07E1F800
00000000
00000000
00000000
007F8000
03FFF000
07FFFC00
0FFFFE00
1FFFFE00
3FC0FF00
3F807F00
7F003F80
7F003F80
7F003F80
FF003FC0
FFFFFFC0
FFFFFFC0
FFFFFFC0
FFFFFFC0
FFFFFFC0
FF003FC0
FF003FC0
7F003F80
7F003F80
7F807F80
3F807F00
3FC0FF00
1FFFFE00
0FFFFC00
07FFF800
03FFF000
007F8000
ENDCHAR
STARTCHAR 04EC
ENCODING 1260
SWIDTH 600 0
DWIDTH 30 0
BBX 27 41 1 -1
BITMAP
03F0FC00
03F0FC00
03F0FC00
03F0FC00
03F0FC00
00000000
007F8000
01FFF000
07FFFC00
0FFFFE00
1FFFFF00
1FFFFF00
3FC0FF80
3F807F80
7F803FC0
7F003FC0
03001FC0
00001FE0
00001FE0
00000FE0
00000FE0
003FFFE0
003FFFE0
003FFFE0
003FFFE0
003FFFE0
003FFFE0
00000FE0
00001FE0
06001FC0
FF001FC0
7F003FC0
7F803FC0
3F807F80
3FC0FF80
1FFFFF00
1FFFFE00
0FFFFE00
07FFF800
01FFF000
007F8000
ENDCHAR
STARTCHAR 04ED
ENCODING 1261
SWIDTH 600 0
DWIDTH 30 0
BBX 25 36 2 -1
BITMAP
07C1F800
07C1F800
07C1F800
07C1F800
07C1F800
00000000
00000000
00000000
00FF0000
03FFE000
0FFFF000
1FFFF800
3FFFFC00
3FC1FE00
7F80FE00
7F007F00
7F007F00
00007F00
00007F80
003FFF80
003FFF80
003FFF80
003FFF80
003FFF80
00007F80
00007F80
FE007F00
7F007F00
7F007F00
7F80FE00
3FC1FE00
3FFFFC00
1FFFF800
0FFFF000
03FFE000
00FF0000
ENDCHAR
STARTCHAR 04EE
ENCODING 1262
SWIDTH 600 0
DWIDTH 30 0
BBX 30 42 0 -1
BITMAP
00FFFE00
00FFFE00
00FFFE00
00FFFE00
00000000
00000000
00000000
00000000
FF0003FC
7F0003F8
3F8007F8
3F8007F0
1FC007F0
1FE00FE0
0FE00FE0
0FF01FC0
07F01FC0
03F81F80
03F83F80
01FC3F00
01FC7F00
00FE7F00
00FE7E00
007FFE00
003FFC00
003FFC00
001FF800
001FF800
000FF000
000FF000
0007E000
000FE000
001FE000
001FC000
003FC000
1EFF8000
1FFF8000
1FFF0000
3FFE0000
3FFC0000
3FF80000
0FE00000
ENDCHAR
STARTCHAR 04EF
ENCODING 1263
SWIDTH 600 0
DWIDTH 30 0
BBX 28 44 1 -10
BITMAP
01FFF800
01FFF800
01FFF800
01FFF800
00000000
00000000
00000000
00000000
FF0007F0
7F000FE0
7F000FE0
3F800FE0
3F801FC0
3F801FC0
1FC01F80
1FC03F80
0FC03F80
0FE03F00
0FE07F00
07E07E00
07F0FE00
03F0FE00
03F8FC00
01F8FC00
01F9F800
01F9F800
00FDF800
00FDF000
007FF000
007FE000
003FE000
003FE000
003FC000
001FC000
001F8000
003F8000
003F8000
007F0000
00FF0000
3FFE0000
3FFE0000
3FFC0000
3FF80000
3FE00000
ENDCHAR
STARTCHAR 04F0
ENCODING 1264
SWIDTH 600 0
DWIDTH 30 0
BBX 30 41 0 -1
BITMAP
01F07E00
01F07E00
01F07E00
01F07E00
01F07E00
00000000
00000000
FF0003FC
7F0003F8
3F8007F8
3F8007F0
1FC007F0
1FE00FE0
0FE00FE0
0FF01FC0
07F01FC0
03F81F80
03F83F80
01FC3F00
01FC7F00
00FE7F00
00FE7E00
007FFE00
003FFC00
003FFC00
001FF800
001FF800
000FF000
000FF000
0007E000
000FE000
001FE000
001FC000
003FC000
1EFF8000
1FFF8000
1FFF0000
3FFE0000
3FFC0000
3FF80000
0FE00000
ENDCHAR
STARTCHAR 04F1
ENCODING 1265
SWIDTH 600 0
DWIDTH 30 0
BBX 28 45 1 -10
BITMAP
03F07C00
03F07C00
03F07C00
03F07C00
03F07C00
00000000
00000000
00000000
00000000
FF0007F0
7F000FE0
7F000FE0
3F800FE0
3F801FC0
3F801FC0
1FC01F80
1FC03F80
0FC03F80
0FE03F00
0FE07F00
07E07E00
07F0FE00
03F0FE00
03F8FC00
01F8FC00
01F9F800
01F9F800
00FDF800
00FDF000
007FF000
007FE000
003FE000
003FE000
003FC000
001FC000
001F8000
003F8000
003F8000
007F0000
00FF0000
3FFE0000
3FFE0000
3FFC0000
3FF80000
3FE00000
ENDCHAR
STARTCHAR 04F2
ENCODING 1266
SWIDTH 600 0
DWIDTH 30 0
BBX 30 43 0 -1
BITMAP
000FC3F0
001F87E0
003F0FC0
007E1F80
00F83E00
01F07C00
01E07800
00000000
00000000
FF0003FC
7F0003F8
3F8007F8
3F8007F0
1FC007F0
1FE00FE0
0FE00FE0
0FF01FC0
07F01FC0
03F81F80
03F83F80
01FC3F00
01FC7F00
00FE7F00
00FE7E00
007FFE00
003FFC00
003FFC00
001FF800
001FF800
000FF000
000FF000
0007E000
000FE000
001FE000
001FC000
003FC000
1EFF8000
1FFF8000
1FFF0000
3FFE0000
3FFC0000
3FF80000
0FE00000
ENDCHAR
STARTCHAR 04F3
ENCODING 1267
SWIDTH 600 0
DWIDTH 30 0
BBX 28 46 1 -10
BITMAP
003F0FC0
007F1FC0
00FC3F00
01F87E00
03F0FC00
03C1F000
0781E000
00000000
00000000
00000000
FF0007F0
7F000FE0
7F000FE0
3F800FE0
3F801FC0
3F801FC0
1FC01F80
1FC03F80
0FC03F80
0FE03F00
0FE07F00
07E07E00
07F0FE00
03F0FE00
03F8FC00
01F8FC00
01F9F800
01F9F800
00FDF800
00FDF000
007FF000
007FE000
003FE000
003FE000
003FC000
001FC000
001F8000
003F8000
003F8000
007F0000
00FF0000
3FFE0000
3FFE0000
3FFC0000
3FF80000
3FE00000
ENDCHAR
STARTCHAR 04F4
ENCODING 1268
SWIDTH 600 0
DWIDTH 30 0
BBX 25 40 2 0
BITMAP
0FC3F000
0FC3F000
0FC3F000
0FC3F000
0FC3F000
00000000
00000000
FE007F80
FE007F80
FE007F80
FE007F80
FE007F80
FE007F80
FE007F80
FE007F80
FE007F80
FE007F80
FE007F80
FE007F80
FE007F80
FE007F80
FE007F80
FF007F80
FF80FF80
7FFFFF80
7FFFFF80
3FFFFF80
1FFFFF80
0FFE7F80
00007F80
00007F80
00007F80
00007F80
00007F80
00007F80
00007F80
00007F80
00007F80
00007F80
00007F80
ENDCHAR
STARTCHAR 04F5
ENCODING 1269
SWIDTH 600 0
DWIDTH 30 0
BBX 24 35 3 0
BITMAP
0FC3F0
0FC3F0
0FC3F0
0FC3F0
0FC3F0
000000
000000
000000
000000
FE007F
FE007F
FE007F
FE007F
FE007F
FE007F
FE007F
FE007F
FE007F
FE007F
FE007F
FE007F
FF03FF
FFFFFF
7FFFFF
7FFFFF
3FFE7F
0FF07F
00007F
00007F
00007F
00007F
00007F
00007F
00007F
00007F
ENDCHAR
STARTCHAR 04F6
ENCODING 1270
SWIDTH 600 0
DWIDTH 30 0
BBX 24 43 4 -10
BITMAP
FFFFFF
FFFFFF
FFFFFF
FFFFFF
FFFFFF
FFFFFF
FF0000
FF0000
FF0000
FF0000
FF0000
FF0000
FF0000
FF0000
FF0000
FF0000
FF0000
FF0000
FF0000
FF0000
FF0000
FF0000
FF0000
FF0000
FF0000
FF0000
FF0000
FFE000
FFE000
FFE000
FFE000
FFE000
FFE000
07E000
07E000
07E000
07E000
07E000
07E000
07E000
07E000
07E000
07E000
ENDCHAR
STARTCHAR 04F7
ENCODING 1271
SWIDTH 600 0
DWIDTH 30 0
BBX 20 36 6 -10
BITMAP
FFFFF0
FFFFF0
FFFFF0
FFFFF0
FFFFF0
FE0000
FE0000
FE0000
FE0000
FE0000
FE0000
FE0000
FE0000
FE0000
FE0000
FE0000
FE0000
FE0000
FE0000
FE0000
FE0000
FFC000
FFC000
FFC000
FFC000
FFC000
0FC000
0FC000
0FC000
0FC000
0FC000
0FC000
0FC000
0FC000
0FC000
0FC000
ENDCHAR
STARTCHAR 04F8
ENCODING 1272
SWIDTH 600 0
DWIDTH 30 0
BBX 26 40 2 0
BITMAP
07E1F800
07E1F800
07E1F800
07E1F800
07E1F800
00000000
00000000
FC000FC0
FC000FC0
FC000FC0
FC000FC0
FC000FC0
FC000FC0
FC000FC0
FC000FC0
FC000FC0
FC000FC0
FC000FC0
FC000FC0
FC000FC0
FFE00FC0
FFFC0FC0
FFFE0FC0
FFFF0FC0
FFFF8FC0
FC3F8FC0
FC1F8FC0
FC1FCFC0
FC0FCFC0
FC0FCFC0
FC0FCFC0
FC0FCFC0
FC1FCFC0
FC1F8FC0
FC3F8FC0
FFFF0FC0
FFFF0FC0
FFFE0FC0
FFF80FC0
FFE00FC0
ENDCHAR
STARTCHAR 04F9
ENCODING 1273
SWIDTH 600 0
DWIDTH 30 0
BBX 26 35 2 0
BITMAP
07E1F800
07E1F800
07E1F800
07E1F800
07E1F800
00000000
00000000
00000000
00000000
FC001FC0
FC001FC0
FC001FC0
FC001FC0
FC001FC0
FC001FC0
FC001FC0
FC001FC0
FC001FC0
FC001FC0
FFF01FC0
FFFE1FC0
FFFF1FC0
FFFF9FC0
FC7F9FC0
FC1F9FC0
FC1F9FC0
FC1FDFC0
FC1FDFC0
FC1F9FC0
FC1F9FC0
FC7F9FC0
FFFF1FC0
FFFF1FC0
FFFC1FC0
FFF01FC0
ENDCHAR
STARTCHAR 04FA
ENCODING 1274
SWIDTH 600 0
DWIDTH 30 0
BBX 27 43 1 -10
BITMAP
1FFFFFE0
1FFFFFE0
1FFFFFE0
1FFFFFE0
1FFFFFE0
1FFFFFE0
1FE00000
1FE00000
1FE00000
1FE00000
1FE00000
1FE00000
1FE00000
1FE00000
FFFFC000
FFFFC000
FFFFC000
FFFFC000
FFFFC000
1FE00000
1FE00000
1FE00000
1FE00000
1FE00000
1FE00000
1FE00000
1FE00000
1FE00000
1FE00000
1FE00000
1FE00000
1FF80000
1FF80000
01F80000
01F80000
01F80000
03F80000
07F80000
7FF80000
7FF00000
7FF00000
7FE00000
7F800000
ENDCHAR
STARTCHAR 04FB
ENCODING 1275
SWIDTH 600 0
DWIDTH 30 0
BBX 23 36 3 -10
BITMAP
1FFFFE
1FFFFE
1FFFFE
1FFFFE
1FFFFE
1FC000
1FC000
1FC000
1FC000
1FC000
1FC000
FFFC00
FFFC00
FFFC00
FFFC00
FFFC00
1FC000
1FC000
1FC000
1FC000
1FC000
1FC000
1FC000
1FC000
1FF000
1FF000
03F000
03F000
03F000
03F000
07F000
FFF000
FFE000
FFE000
FFC000
FF0000
ENDCHAR
STARTCHAR 04FC
ENCODING 1276
SWIDTH 600 0
DWIDTH 30 0
BBX 30 43 0 -10
BITMAP
7F8007F8
3FC007F0
1FC00FE0
1FE01FE0
0FE01FC0
07F03F80
07F87F80
03F87F00
01FCFE00
01FCFE00
00FFFC00
007FF800
007FF800
003FF000
003FE000
001FE000
001FE000
003FF000
007FF800
007FF800
00FFFC00
01FFFE00
01FCFE00
03F87F00
07F87F80
07F03F80
0FF01FC0
0FE01FE0
1FC00FE0
3FC007F0
3F8007F0
7F8003F8
FF0003F8
000001FC
000001FC
000001FC
000001FC
000003FC
00003FFC
00003FF8
00003FF8
00003FF0
00003FC0
ENDCHAR
STARTCHAR 04FD
ENCODING 1277
SWIDTH 600 0
DWIDTH 30 0
BBX 27 36 2 -10
BITMAP
FE003FC0
7F003F80
3F807F00
3F80FF00
1FC0FE00
0FE1FC00
07F3F800
07F3F800
03FFF000
01FFE000
00FFC000
00FFC000
007F8000
00FFC000
00FFC000
01FFE000
03FFF000
07F3F800
07F3F800
0FE1FC00
1FC0FE00
1FC0FF00
3F807F00
7F003F80
FF003F80
FE001FC0
00000FC0
00000FE0
00000FE0
00000FE0
00001FE0
0001FFC0
0001FFC0
0001FF80
0001FF00
0001FC00
ENDCHAR
STARTCHAR 04FE
ENCODING 1278
SWIDTH 600 0
DWIDTH 30 0
BBX 30 33 0 0
BITMAP
7F8007F8
3FC007F0
1FC00FE0
1FE01FE0
0FE01FC0
0FF03F80
07F03F80
03F87F00
03FCFE00
01FCFE00
00FFFC00
00FFFC00
007FF800
1FFFFFE0
1FFFFFE0
1FFFFFE0
1FFFFFE0
1FFFFFE0
003FF000
007FF800
00FFFC00
00FFFC00
01FCFE00
03FCFF00
03F87F00
07F03F80
0FF03FC0
0FE01FC0
1FC00FE0
3FC00FF0
3F8007F0
7F8007F8
FF0003FC
ENDCHAR
STARTCHAR 04FF
ENCODING 1279
SWIDTH 600 0
DWIDTH 30 0
BBX 26 26 2 0
BITMAP
FE003FC0
7F003F80
3F807F00
3F80FF00
1FC0FE00
0FE1FC00
07F3F800
07F3F000
03FFF000
01FFE000
7FFFFF80
7FFFFF80
7FFFFF80
7FFFFF80
7FFFFF80
01FFE000
03FFF000
07F3F800
07F3F800
0FE1FC00
1FC0FE00
1FC0FE00
3F807F00
7F003F80
FF003FC0
FE001FC0
ENDCHAR
STARTCHAR 0500
ENCODING 1280
SWIDTH 600 0
DWIDTH 30 0
BBX 26 33 1 0
BITMAP
00003FC0
00003FC0
00003FC0
00003FC0
00003FC0
00003FC0
00003FC0
00003FC0
00003FC0
00003FC0
00003FC0
00003FC0
00003FC0
00FFFFC0
07FFFFC0
0FFFFFC0
1FFFFFC0
3FFFFFC0
7FFFFFC0
7F803FC0
FF003FC0
FF003FC0
FF003FC0
FF003FC0
FF003FC0
7F003FC0
7FC03FC0
7FFFFFC0
3FFFFFC0
1FFFFFC0
0FFFFFC0
03FFFFC0
007FFFC0
ENDCHAR
STARTCHAR 0501
ENCODING 1281
SWIDTH 600 0
DWIDTH 30 0
BBX 25 37 2 -1
BITMAP
00003F00
00003F00
00003F00
00003F00
00003F00
00003F00
00003F00
00003F00
00003F00
01F83F00
07FE3F00
0FFF3F00
1FFFBF00
3FFFBF00
3FC1FF00
7F80FF00
7F80FF00
7F007F00
7F007F00
7F007F00
FF007F00
FF003F00
FF003F00
FF003F00
FF003F00
FF007F00
7F007F00
7F007F00
7F007F00
7F80FF00
7F80FF00
3FC1FF00
3FFFBF00
1FFFBF00
0FFF3F80
07FE3F80
01F80000
ENDCHAR
STARTCHAR 0502
ENCODING 1282
SWIDTH 600 0
DWIDTH 30 0
BBX 29 34 0 -1
BITMAP
0007E000
0007E000
0007E000
0007E000
0007E000
0007E000
0007E000
0007E000
0007E000
0007E000
0007E000
0007E000
01FFE000
0FFFE1F8
1FFFE1F8
3FFFE1F8
3FFFE1F8
7F07E1F8
7E07E1F8
7E07E1F8
FC07E1F8
FC07E1F8
FC07E1F8
FC07E1F8
FC07E1F8
7C0FE1F8
7E0FE1F8
7E1FE3F0
7FFFF3F0
3FFBFFF0
3FFBFFE0
1FF1FFE0
07C0FFC0
00003F00
ENDCHAR
STARTCHAR 0503
ENCODING 1283
SWIDTH 600 0
DWIDTH 30 0
BBX 30 37 0 -1
BITMAP
0003F000
0003F000
0003F000
0003F000
0003F000
0003F000
0003F000
0003F000
0003F000
07E3F000
0FF3F000
1FFBF000
3FFFF000
3FFFF000
3F0FF000
7E07F000
7E07F000
7E03F000
7E03F000
7C03F0FC
7C03F0FC
FC03F0FC
FC03F0FC
FC03F0FC
FC03F0FC
7C03F0FC
7C03F0FC
7C03F0FC
7E03F0FC
7E07F0FC
7E07F8F8
3F0FF9F8
3FFDFFF8
3FFCFFF0
1FF8FFF0
0FF07FE0
07C01F80
ENDCHAR
STARTCHAR 0504
ENCODING 1284
SWIDTH 600 0
DWIDTH 30 0
BBX 30 35 0 -1
BITMAP
01FC0000
07FF0000
0FFF8000
1FFFC000
3FFFC000
3F9FE000
7E0FE000
7E07E000
FC07E000
FC07E000
1C07E000
000FE000
000FC000
001FC000
00FF80FC
00FE00FC
00FE00FC
00FF80FC
00FFC0FC
00FFE0FC
0007E0FC
0007E0FC
0003F0FC
0003F0FC
0003F0FC
0003F0FC
0003F0FC
0003F0FC
0003F1F8
0001FBF8
0001FFF8
0001FFF0
0000FFF0
00007FE0
00001F80
ENDCHAR
STARTCHAR 0505
ENCODING 1285
SWIDTH 600 0
DWIDTH 30 0
BBX 29 28 0 -1
BITMAP
03FC0000
0FFF0000
3FFF8000
3FFFC000
7FBFE000
7E0FE000
FC0FE000
FC07E000
000FE000
000FC000
001FC0F8
01FF80F8
01FE00F8
01FE00F8
01FF80F8
007FC0F8
000FE0F8
000FE0F8
0007F0F8
0007F0F8
0007F0F8
0003F1F8
0003F9F8
0003FFF0
0001FFF0
0001FFE0
0000FFC0
00003F80
ENDCHAR
STARTCHAR 0506
ENCODING 1286
SWIDTH 600 0
DWIDTH 30 0
BBX 30 44 0 -10
BITMAP
003FC000
01FFF800
07FFFE00
0FFFFF00
1FFFFF80
3FF9FFC0
3FC03FC0
7F801FC0
7F001FC0
FF001FC0
FE001FC0
06001FC0
00001FC0
00003F80
0000FF80
001FFF00
001FFC00
001FF000
001FFE00
001FFF00
001FFF80
00003FC0
00001FE0
00000FE0
00000FE0
00000FE0
00000FE0
00000FE0
00000FFC
00000FFC
00000FFC
00000FFC
00000FFC
00000FFC
000000FC
000000FC
000000FC
000000FC
000000FC
000000FC
000000FC
000000FC
000000FC
000000FC
ENDCHAR
STARTCHAR 0507
ENCODING 1287
SWIDTH 600 0
DWIDTH 30 0
BBX 24 37 3 -10
BITMAP
03FE00
0FFF80
1FFFC0
3FFFE0
7F9FF0
FE07F0
FC03F0
FC03F0
0003F0
0007F0
001FE0
01FFC0
01FF00
01FF00
01FFC0
007FF0
0007F0
0003F8
0003F8
0003F8
0003F8
0003F8
0003FF
0003FF
0003FF
0003FF
0003FF
00003F
00003F
00003F
00003F
00003F
00003F
00003F
00003F
00003F
00003F
ENDCHAR
STARTCHAR 0508
ENCODING 1288
SWIDTH 600 0
DWIDTH 30 0
BBX 30 34 0 -1
BITMAP
01FFF000
01FFF000
01FFF000
01FFF000
01FFF000
03FFF000
03F3F000
03F3F000
03F3F000
03F3F000
03F3F000
03E3F000
03E3F000
03E3F0FC
07E3F0FC
07E3F0FC
07E3F0FC
07E3F0FC
07E3F0FC
07E3F0FC
07C3F0FC
07C3F0FC
0FC3F0FC
0FC3F0FC
0FC3F0FC
0FC3F0FC
1FC1F0FC
3F81F8F8
FF81F9F8
FF81FFF8
FF00FFF0
FF00FFF0
FE007FE0
FC001F80
ENDCHAR
STARTCHAR 0509
ENCODING 1289
SWIDTH 600 0
DWIDTH 30 0
BBX 30 27 0 -1
BITMAP
01FFF000
01FFF000
01FFF000
01FFF000
01FFF000
03F3F000
03F3F000
03F3F000
03F3F000
03F3F000
03E3F0FC
03E3F0FC
03E3F0FC
07E3F0FC
07E3F0FC
07E3F0FC
07E3F0FC
07C3F0FC
07C3F0FC
0FC3F0F8
0FC1F1F8
1F81F9F8
FF81FFF8
FF80FFF0
FF00FFF0
FF007FE0
FC001F80
ENDCHAR
STARTCHAR 050A
ENCODING 1290
SWIDTH 600 0
DWIDTH 30 0
BBX 26 34 2 -1
BITMAP
FC3F0000
FC3F0000
FC3F0000
FC3F0000
FC3F0000
FC3F0000
FC3F0000
FC3F0000
FC3F0000
FC3F0000
FC3F0000
FC3F0000
FC3F0000
FFFF0FC0
FFFF0FC0
FFFF0FC0
FFFF0FC0
FFFF0FC0
FFFF0FC0
FC3F0FC0
FC3F0FC0
FC3F0FC0
FC3F0FC0
FC3F0FC0
FC3F0FC0
FC3F0FC0
FC3F0FC0
FC1F8FC0
FC1F9F80
FC1FFF80
FC1FFF80
FC0FFF00
FC07FE00
0001F800
ENDCHAR
STARTCHAR 050B
ENCODING 1291
SWIDTH 600 0
DWIDTH 30 0
BBX 26 27 2 -1
BITMAP
F83F0000
F83F0000
F83F0000
F83F0000
F83F0000
F83F0000
F83F0000
F83F0000
F83F0000
F83F0000
FFFF07C0
FFFF07C0
FFFF07C0
FFFF07C0
FFFF07C0
F83F07C0
F83F07C0
F83F07C0
F83F0FC0
F81F0FC0
F81F0FC0
F81F9F80
F81FFF80
F80FFF80
F80FFF00
F807FE00
0001F800
ENDCHAR
STARTCHAR 050C
ENCODING 1292
SWIDTH 600 0
DWIDTH 30 0
BBX 26 35 2 -1
BITMAP
007F8000
01FFF000
07FFF800
0FFFFC00
1FFFFE00
1FFFFF00
3FE0FF00
3F807F00
7F803F80
7F003800
7F000000
FF000000
FF000000
FE000000
FE000000
FE000000
FE0FFFC0
FE0FFFC0
FE0FFFC0
FE0FFFC0
FE0FFFC0
FE001FC0
FF001FC0
7F001FC0
7F001FC0
7F801FC0
7F801FC0
3FC01FC0
3FE07FC0
1FFFFFC0
0FFFFF80
07FFFE00
03FFFC00
01FFF000
007F8000
ENDCHAR
STARTCHAR 050D
ENCODING 1293
SWIDTH 600 0
DWIDTH 30 0
BBX 25 28 2 -1
BITMAP
007F8000
03FFF000
07FFF800
0FFFFC00
1FFFFE00
3FE1FF00
3FC07F00
7F807F00
7F003C00
7F000000
7F000000
FF000000
FE000000
FE03FF80
FE03FF80
FE03FF80
FF03FF80
FF03FF80
7F003F80
7F003F80
7F803F80
3FC03F80
3FE07F80
1FFFFF80
0FFFFF80
07FFFE00
03FFF800
007FC000
ENDCHAR
STARTCHAR 050E
ENCODING 1294
SWIDTH 600 0
DWIDTH 30 0
BBX 29 34 0 -1
BITMAP
FFFFFE00
FFFFFE00
FFFFFE00
FFFFFE00
FFFFFE00
FFFFFE00
00FE0000
00FE0000
00FE0000
00FE0000
00FE0000
00FE0000
00FE0000
00FE03F8
00FE03F8
00FE03F8
00FE03F8
00FE03F8
00FE03F8
00FE03F8
00FE03F8
00FE03F8
00FE03F8
00FE03F8
00FE03F8
00FE03F8
00FF03F0
007F07F0
007F8FF0
007FFFE0
003FFFE0
001FFFC0
000FFF80
0003FC00
ENDCHAR
STARTCHAR 050F
ENCODING 1295
SWIDTH 600 0
DWIDTH 30 0
BBX 28 27 0 -1
BITMAP
FFFFE000
FFFFE000
FFFFE000
FFFFE000
FFFFE000
03F80000
03F80000
03F80000
03F80000
03F80000
03F807F0
03F807F0
03F807F0
03F807F0
03F807F0
03F807F0
03F807F0
03F807F0
01F807F0
01FC07F0
01FC0FF0
01FE1FE0
00FFFFE0
00FFFFC0
007FFF80
001FFF00
0007FC00
ENDCHAR
STARTCHAR 0510
ENCODING 1296
SWIDTH 600 0
DWIDTH 30 0
BBX 27 35 2 -1
BITMAP
00FF8000
07FFF000
0FFFF800
1FFFFE00
3FFFFE00
7FE3FF00
7F807F80
7F003F80
7F003F80
7F001FC0
7F001800
7F000000
7F800000
3FC00000
1FFF0000
0FFF0000
03FF0000
07FF0000
1FFF0000
3FFF0000
7F800000
FE000000
FE000000
FE000C00
FE000F00
FE001FE0
FE001FC0
FF003FC0
FF807F80
7FFFFF80
7FFFFF00
3FFFFE00
1FFFFC00
07FFF000
00FF8000
ENDCHAR
STARTCHAR 0511
ENCODING 1297
SWIDTH 600 0
DWIDTH 30 0
BBX 24 28 3 -1
BITMAP
00FFC0
07FFF0
1FFFFC
3FFFFE
3FF3FF
7F807E
7F001C
7F0000
7F0000
3F8000
3FE000
1FFF80
07FF80
01FF80
0FFF80
3FFE00
7FC000
7F0000
FE0000
FE0008
FE001C
FF003E
7F80FF
7FFFFF
3FFFFE
1FFFF8
0FFFE0
01FF00
ENDCHAR
STARTCHAR 0512
ENCODING 1298
SWIDTH 600 0
DWIDTH 30 0
BBX 27 43 0 -10
BITMAP
00FFFFE0
00FFFFE0
00FFFFE0
00FFFFE0
00FFFFE0
00FFFFE0
00FE0FE0
01FE0FE0
01FC0FE0
01FC0FE0
01FC0FE0
01FC0FE0
01FC0FE0
01FC0FE0
03FC0FE0
03FC0FE0
03F80FE0
03F80FE0
03F80FE0
03F80FE0
07F80FE0
07F80FE0
07F00FE0
07F00FE0
0FF00FE0
0FF00FE0
0FE00FE0
3FE00FE0
FFE00FE0
FFC00FE0
FFC00FE0
FF800FE0
FF000FE0
FC000FE0
00000FE0
00000FE0
00001FE0
0001FFC0
0001FFC0
0001FFC0
0001FF80
0001FF00
0001FE00
ENDCHAR
STARTCHAR 0513
ENCODING 1299
SWIDTH 600 0
DWIDTH 30 0
BBX 27 36 0 -10
BITMAP
00FFFFE0
00FFFFE0
00FFFFE0
00FFFFE0
01FFFFE0
01FC0FE0
01F80FE0
01F80FE0
01F80FE0
01F80FE0
03F80FE0
03F80FE0
03F80FE0
03F00FE0
03F00FE0
03F00FE0
03F00FE0
07F00FE0
07F00FE0
07E00FE0
0FE00FE0
0FE00FE0
FFC00FE0
FFC00FE0
FF800FE0
FF800FE0
FE000FE0
00000FE0
00000FE0
00001FC0
00003FC0
0001FFC0
0001FFC0
0001FF80
0001FF00
0001FC00
ENDCHAR
STARTCHAR 051A
ENCODING 1306
SWIDTH 600 0
DWIDTH 30 0
BBX 27 44 2 -10
BITMAP
007F8000
01FFE000
07FFF800
0FFFFC00
1FFFFE00
3FFFFF00
3FC0FF00
7F807F80
7F807F80
7F003F80
FF003FC0
FF003FC0
FE001FC0
FE001FC0
FE001FC0
FE001FC0
FE001FC0
FE001FC0
FE001FC0
FE001FC0
FE001FC0
FE001FC0
FE001FC0
FF003FC0
FF003FC0
7F003F80
7F807F80
7F807F80
3FC0FF00
3FF3FF00
1FFFFE00
0FFFFC00
07FFF800
03FFF000
00FFC000
003F8000
003FC000
001FE000
001FFC60
000FFFE0
0007FFE0
0003FFE0
0001FFE0
00007FC0
ENDCHAR
STARTCHAR 051B
ENCODING 1307
SWIDTH 600 0
DWIDTH 30 0
BBX 25 37 2 -10
BITMAP
01F80000
07FE3F80
0FFF3F80
1FFFBF00
1FFFBF00
3FC1FF00
3F80FF00
7F80FF00
7F007F00
7F007F00
7F007F00
FF007F00
FF003F00
FF003F00
FF003F00
FF007F00
FF007F00
7F007F00
7F007F00
7F007F00
7F80FF00
7F80FF00
3FC1FF00
3FFFBF00
1FFFBF00
0FFF3F00
07FE3F00
01F83F00
00003F00
00003F00
00003F00
00003F00
00003F00
00003F00
00003F00
00003F00
00003F00
ENDCHAR
STARTCHAR 051C
ENCODING 1308
SWIDTH 600 0
DWIDTH 30 0
BBX 30 33 0 0
BITMAP
FC0000FC
FE0001FC
FE0001FC
7E0001F8
7E0001F8
7E0001F8
7E0001F8
7E0001F8
7E0001F8
7F0FC3F8
3F0FC3F0
3F0FC3F0
3F0FC3F0
3F1FE3F0
3F1FE3F0
3F1FE3F0
1F3FF3E0
1FBFF3E0
1FBFF7E0
1FBEF7E0
1FFCFFE0
1FFCFFE0
0FFCFFE0
0FFCFFC0
0FF87FC0
0FF87FC0
0FF87FC0
0FF87FC0
0FF03FC0
07F03F80
07F03F80
07F03F80
07E01F80
ENDCHAR
STARTCHAR 051D
ENCODING 1309
SWIDTH 600 0
DWIDTH 30 0
BBX 30 26 0 0
BITMAP
FC0000FC
7C0000F8
7C0000F8
7C0000F8
7C0000F8
7E0001F8
7E0FC1F8
3E0FC1F0
3E0FC1F0
3E0FC1F0
3E1FE1F0
3E1FE3F0
3F1FE3F0
1F3FF3E0
1F3CF3E0
1F3CF3E0
1F7CFBE0
1F787BE0
1F787BC0
0FF87FC0
0FF07FC0
0FF03FC0
0FF03FC0
0FE03FC0
0FE01F80
07E01F80
ENDCHAR
STARTCHAR 0591
ENCODING 1425
SWIDTH 0 0
DWIDTH 0 0
BBX 10 8 10 -9
BITMAP
0C00
0C00
3F00
7F80
7380
E1C0
E1C0
E1C0
ENDCHAR
STARTCHAR 0592
ENCODING 1426
SWIDTH 0 0
DWIDTH 0 0
BBX 10 9 10 33
BITMAP
6380
F3C0
F3C0
6180
0000
0C00
1E00
1E00
0C00
ENDCHAR
STARTCHAR 0593
ENCODING 1427
SWIDTH 0 0
DWIDTH 0 0
BBX 6 11 12 33
BITMAP
3C
70
E0
38
1C
78
E0
70
1C
38
E0
ENDCHAR
STARTCHAR 0594
ENCODING 1428
SWIDTH 0 0
DWIDTH 0 0
BBX 4 9 13 33
BITMAP
60
F0
F0
60
00
60
F0
F0
60
ENDCHAR
STARTCHAR 0595
ENCODING 1429
SWIDTH 0 0
DWIDTH 0 0
BBX 8 9 11 33
BITMAP
C7
CF
C7
C7
C0
C6
C7
CF
C7
ENDCHAR
STARTCHAR 0596
ENCODING 1430
SWIDTH 0 0
DWIDTH 0 0
BBX 8 7 11 -9
BITMAP
E0
E0
E0
70
7F
3F
0F
ENDCHAR
STARTCHAR 0597
ENCODING 1431
SWIDTH 0 0
DWIDTH 0 0
BBX 6 8 12 33
BITMAP
20
30
78
FC
FC
78
30
20
ENDCHAR
STARTCHAR 0598
ENCODING 1432
SWIDTH 0 0
DWIDTH 0 0
BBX 14 8 8 33
BITMAP
7818
FC1C
C60C
C30C
C30C
C18C
E0FC
6078
ENDCHAR
STARTCHAR 0599
ENCODING 1433
SWIDTH 0 0
DWIDTH 0 0
BBX 8 7 11 33
BITMAP
F0
F8
FE
0E
07
07
07
ENDCHAR
STARTCHAR 059A
ENCODING 1434
SWIDTH 0 0
DWIDTH 0 0
BBX 7 9 11 -10
BITMAP
0E
1C
38
78
F0
78
38
1C
0E
ENDCHAR
STARTCHAR 059B
ENCODING 1435
SWIDTH 0 0
DWIDTH 0 0
BBX 8 9 11 -9
BITMAP
E0
E0
E3
E3
07
0F
7E
FC
F0
ENDCHAR
STARTCHAR 059C
ENCODING 1436
SWIDTH 0 0
DWIDTH 0 0
BBX 8 7 11 33
BITMAP
07
1F
7F
70
E0
E0
E0
ENDCHAR
STARTCHAR 059D
ENCODING 1437
SWIDTH 0 0
DWIDTH 0 0
BBX 8 7 11 33
BITMAP
07
1F
7F
70
E0
E0
E0
ENDCHAR
STARTCHAR 059E
ENCODING 1438
SWIDTH 0 0
DWIDTH 0 0
BBX 16 7 7 33
BITMAP
0707
1F1F
7F7F
7070
E0E0
E0E0
E0E0
ENDCHAR
STARTCHAR 059F
ENCODING 1439
SWIDTH 0 0
DWIDTH 0 0
BBX 26 12 2 32
BITMAP
1F003E00
3F807F00
7FC0FF80
71C0E380
E0E1C1C0
E0E1C1C0
E0E1C1C0
71C0E380
7FC0FF80
3FE1FF00
1FF3FE00
00618000
ENDCHAR
STARTCHAR 05A0
ENCODING 1440
SWIDTH 0 0
DWIDTH 0 0
BBX 12 12 9 32
BITMAP
0780
1FC0
3FE0
38F0
3870
7070
3870
38F0
3FE0
7FC0
FF80
6000
ENDCHAR
STARTCHAR 05A1
ENCODING 1441
SWIDTH 0 0
DWIDTH 0 0
BBX 8 8 11 33
BITMAP
C3
C3
C7
C7
FE
FC
C0
C0
ENDCHAR
STARTCHAR 05A2
ENCODING 1442
SWIDTH 0 0
DWIDTH 0 0
BBX 10 8 10 -9
BITMAP
E1C0
E1C0
E1C0
7380
7F80
3F00
0C00
0C00
ENDCHAR
STARTCHAR 05A3
ENCODING 1443
SWIDTH 0 0
DWIDTH 0 0
BBX 8 8 11 -9
BITMAP
07
07
07
07
07
FF
FF
FF
ENDCHAR
STARTCHAR 05A4
ENCODING 1444
SWIDTH 0 0
DWIDTH 0 0
BBX 7 9 11 -10
BITMAP
0E
1E
3C
78
F0
78
3C
1E
0E
ENDCHAR
STARTCHAR 05A5
ENCODING 1445
SWIDTH 0 0
DWIDTH 0 0
BBX 8 7 11 -9
BITMAP
07
07
07
0E
FE
FC
F0
ENDCHAR
STARTCHAR 05A6
ENCODING 1446
SWIDTH 0 0
DWIDTH 0 0
BBX 16 7 7 -9
BITMAP
0707
0707
0707
0E0E
FEFE
F8FC
F0F0
ENDCHAR
STARTCHAR 05A7
ENCODING 1447
SWIDTH 0 0
DWIDTH 0 0
BBX 8 9 11 -9
BITMAP
0E
FE
70
38
18
1C
0E
7F
70
ENDCHAR
STARTCHAR 05A8
ENCODING 1448
SWIDTH 0 0
DWIDTH 0 0
BBX 8 7 11 33
BITMAP
F0
F8
FE
0E
07
07
07
ENDCHAR
STARTCHAR 05A9
ENCODING 1449
SWIDTH 0 0
DWIDTH 0 0
BBX 12 12 9 32
BITMAP
1E00
3F80
7FC0
F1C0
E1C0
E0E0
E1C0
F1C0
7FC0
3FE0
1FF0
0060
ENDCHAR
STARTCHAR 05AA
ENCODING 1450
SWIDTH 0 0
DWIDTH 0 0
BBX 10 8 10 -9
BITMAP
E1C0
E1C0
E1C0
7380
7F80
3F00
0C00
0C00
ENDCHAR
STARTCHAR 05AB
ENCODING 1451
SWIDTH 0 0
DWIDTH 0 0
BBX 7 9 11 33
BITMAP
0E
1E
3C
78
F0
78
3C
1E
0E
ENDCHAR
STARTCHAR 05AC
ENCODING 1452
SWIDTH 0 0
DWIDTH 0 0
BBX 8 8 11 33
BITMAP
07
07
07
07
07
FF
FF
FF
ENDCHAR
STARTCHAR 05AD
ENCODING 1453
SWIDTH 0 0
DWIDTH 0 0
BBX 8 7 11 -9
BITMAP
E0
E0
E0
70
7F
3F
0F
ENDCHAR
STARTCHAR 05AE
ENCODING 1454
SWIDTH 0 0
DWIDTH 0 0
BBX 14 8 8 33
BITMAP
7818
FC1C
C60C
C30C
C30C
C18C
E0FC
6078
ENDCHAR
STARTCHAR 05AF
ENCODING 1455
SWIDTH 0 0
DWIDTH 0 0
BBX 10 11 10 34
BITMAP
1E00
7F80
7F80
F3C0
E1C0
E1C0
E1C0
F3C0
7F80
7F80
1E00
ENDCHAR
STARTCHAR 05B0
ENCODING 1456
SWIDTH 0 0
DWIDTH 0 0
BBX 4 9 13 -9
BITMAP
60
F0
F0
60
00
60
F0
F0
60
ENDCHAR
STARTCHAR 05B1
ENCODING 1457
SWIDTH 0 0
DWIDTH 0 0
BBX 14 9 8 -9
BITMAP
E31C
E79C
E79C
E318
0000
1C1C
1C1C
1C3C
1C1C
ENDCHAR
STARTCHAR 05B2
ENCODING 1458
SWIDTH 0 0
DWIDTH 0 0
BBX 14 9 8 -9
BITMAP
0038
FF3C
FF3C
FF18
0000
0018
0038
003C
0038
ENDCHAR
STARTCHAR 05B3
ENCODING 1459
SWIDTH 0 0
DWIDTH 0 0
BBX 14 9 8 -9
BITMAP
0038
FF3C
FF3C
FF18
1C00
1C18
0038
003C
0038
ENDCHAR
STARTCHAR 05B4
ENCODING 1460
SWIDTH 0 0
DWIDTH 0 0
BBX 4 4 13 -9
BITMAP
60
F0
F0
60
ENDCHAR
STARTCHAR 05B5
ENCODING 1461
SWIDTH 0 0
DWIDTH 0 0
BBX 10 4 10 -9
BITMAP
6180
F3C0
F3C0
6180
ENDCHAR
STARTCHAR 05B6
ENCODING 1462
SWIDTH 0 0
DWIDTH 0 0
BBX 10 9 10 -9
BITMAP
6180
F3C0
F3C0
6180
0000
0C00
1E00
1E00
0C00
ENDCHAR
STARTCHAR 05B7
ENCODING 1463
SWIDTH 0 0
DWIDTH 0 0
BBX 8 3 11 -6
BITMAP
FF
FF
FF
ENDCHAR
STARTCHAR 05B8
ENCODING 1464
SWIDTH 0 0
DWIDTH 0 0
BBX 8 6 11 -9
BITMAP
FF
FF
FF
18
18
18
ENDCHAR
STARTCHAR 05B9
ENCODING 1465
SWIDTH 0 0
DWIDTH 0 0
BBX 4 4 13 32
BITMAP
60
F0
F0
60
ENDCHAR
STARTCHAR 05BA
ENCODING 1466
SWIDTH 0 0
DWIDTH 0 0
BBX 4 4 13 35
BITMAP
60
F0
F0
60
ENDCHAR
STARTCHAR 05BB
ENCODING 1467
SWIDTH 0 0
DWIDTH 0 0
BBX 12 9 9 -9
BITMAP
6000
F000
F000
6600
0F00
0F60
06F0
00F0
0060
ENDCHAR
STARTCHAR 05BC
ENCODING 1468
SWIDTH 0 0
DWIDTH 0 0
BBX 4 4 13 15
BITMAP
60
F0
F0
60
ENDCHAR
STARTCHAR 05BD
ENCODING 1469
SWIDTH 0 0
DWIDTH 0 0
BBX 2 5 14 -8
BITMAP
C0
C0
C0
C0
C0
ENDCHAR
STARTCHAR 05BE
ENCODING 1470
SWIDTH 600 0
DWIDTH 30 0
BBX 14 5 8 28
BITMAP
FFFC
FFFC
FFFC
FFFC
FFFC
ENDCHAR
STARTCHAR 05BF
ENCODING 1471
SWIDTH 0 0
DWIDTH 0 0
BBX 8 3 11 33
BITMAP
FF
FF
FF
ENDCHAR
STARTCHAR 05C0
ENCODING 1472
SWIDTH 600 0
DWIDTH 30 0
BBX 4 59 13 -10
BITMAP
F0
F0
F0
F0
F0
F0
F0
F0
F0
F0
F0
F0
F0
F0
F0
F0
F0
F0
F0
F0
F0
F0
F0
F0
F0
F0
F0
F0
F0
F0
F0
F0
F0
F0
F0
F0
F0
F0
F0
F0
F0
F0
F0
F0
F0
F0
F0
F0
F0
F0
F0
F0
F0
F0
F0
F0
F0
F0
F0
ENDCHAR
STARTCHAR 05C1
ENCODING 1473
SWIDTH 0 0
DWIDTH 0 0
BBX 4 4 13 33
BITMAP
60
F0
F0
60
ENDCHAR
STARTCHAR 05C2
ENCODING 1474
SWIDTH 0 0
DWIDTH 0 0
BBX 4 4 13 35
BITMAP
60
F0
F0
60
ENDCHAR
STARTCHAR 05C3
ENCODING 1475
SWIDTH 600 0
DWIDTH 30 0
BBX 8 26 11 0
BITMAP
FF
FF
FF
FF
FF
FF
FF
00
00
00
00
00
00
00
00
00
00
00
00
FF
FF
FF
FF
FF
FF
FF
ENDCHAR
STARTCHAR 05C4
ENCODING 1476
SWIDTH 0 0
DWIDTH 0 0
BBX 4 4 13 38
BITMAP
60
F0
F0
60
ENDCHAR
STARTCHAR 05C5
ENCODING 1477
SWIDTH 0 0
DWIDTH 0 0
BBX 4 4 13 -10
BITMAP
60
F0
F0
60
ENDCHAR
STARTCHAR 05C6
ENCODING 1478
SWIDTH 600 0
DWIDTH 30 0
BBX 17 30 7 0
BITMAP
03FF00
1FFF00
3FFF00
3FFF00
7FFF00
7FFF00
7F0000
FE0000
FE0000
FE0000
FE0000
FE0000
FE0000
FE0000
FE0000
FE0000
FE0000
FE0000
FE0000
FE0000
FE0000
FE0000
FE0000
FE0000
FFFF80
FFFF80
FFFF80
FFFF80
FFFF80
FFFF80
ENDCHAR
STARTCHAR 05C7
ENCODING 1479
SWIDTH 0 0
DWIDTH 0 0
BBX 12 7 9 -10
BITMAP
FFF0
FFF0
FFF0
0600
0600
0F00
0F00
ENDCHAR
STARTCHAR 05D0
ENCODING 1488
SWIDTH 600 0
DWIDTH 30 0
BBX 28 30 1 0
BITMAP
7F8007E0
3FC00FE0
1FC00FE0
1FE00FE0
0FF00FE0
07F00FE0
07F80FE0
03FC0FC0
01FC0FC0
01FE1FC0
07FF1FC0
0FFF1F80
0FFFBF80
1FFFBF00
1F9FFE00
3F9FFE00
3F0FFC00
3F07F800
3F07F800
7F03FC00
7F01FC00
7F01FE00
7E00FF00
7E007F00
7E007F80
FE003FC0
FE001FC0
FE001FE0
FC000FF0
FC0007F0
ENDCHAR
STARTCHAR 05D1
ENCODING 1489
SWIDTH 600 0
DWIDTH 30 0
BBX 26 30 2 0
BITMAP
7FFE0000
7FFF8000
7FFFE000
7FFFF000
7FFFF800
7FFFFC00
0007FC00
0001FC00
0001FC00
0000FE00
0000FE00
0000FE00
0000FE00
0000FE00
0000FE00
0000FE00
0000FE00
0000FE00
0000FE00
0000FE00
0000FE00
0000FE00
0000FE00
0000FE00
FFFFFFC0
FFFFFFC0
FFFFFFC0
FFFFFFC0
FFFFFFC0
FFFFFFC0
ENDCHAR
STARTCHAR 05D2
ENCODING 1490
SWIDTH 600 0
DWIDTH 30 0
BBX 20 30 5 0
BITMAP
3FC000
3FF000
3FF800
3FFC00
3FFC00
3FFE00
01FE00
00FE00
007E00
007F00
003F00
003F00
003F00
003F80
007F80
03FF80
07FF80
0FFFC0
1FFFC0
3FCFC0
3F8FC0
7F0FE0
7F0FE0
7F07E0
7E07E0
FE07F0
FE07F0
FE07F0
FC03F0
FC03F0
ENDCHAR
STARTCHAR 05D3
ENCODING 1491
SWIDTH 600 0
DWIDTH 30 0
BBX 27 30 1 0
BITMAP
FFFFFFE0
FFFFFFE0
FFFFFFE0
FFFFFFE0
FFFFFFE0
FFFFFFE0
0000FE00
0000FE00
0000FE00
0000FE00
0000FE00
0000FE00
0000FE00
0000FE00
0000FE00
0000FE00
0000FE00
0000FE00
0000FE00
0000FE00
0000FE00
0000FE00
0000FE00
0000FE00
0000FE00
0000FE00
0000FE00
0000FE00
0000FE00
0000FE00
ENDCHAR
STARTCHAR 05D4
ENCODING 1492
SWIDTH 600 0
DWIDTH 30 0
BBX 26 30 2 0
BITMAP
FFFFC000
FFFFF800
FFFFFE00
FFFFFF00
FFFFFF00
FFFFFF80
0000FF80
00003F80
00001FC0
00001FC0
00001FC0
00001FC0
FE001FC0
FE001FC0
FE001FC0
FE001FC0
FE001FC0
FE001FC0
FE001FC0
FE001FC0
FE001FC0
FE001FC0
FE001FC0
FE001FC0
FE001FC0
FE001FC0
FE001FC0
FE001FC0
FE001FC0
FE001FC0
ENDCHAR
STARTCHAR 05D5
ENCODING 1493
SWIDTH 600 0
DWIDTH 30 0
BBX 6 30 12 0
BITMAP
FC
FC
FC
FC
FC
FC
FC
FC
FC
FC
FC
FC
FC
FC
FC
FC
FC
FC
FC
FC
FC
FC
FC
FC
FC
FC
FC
FC
FC
FC
ENDCHAR
STARTCHAR 05D6
ENCODING 1494
SWIDTH 600 0
DWIDTH 30 0
BBX 16 30 7 0
BITMAP
C000
F800
FF80
FFF0
FFFF
FFFF
FFFF
0FFF
01FF
01FF
03FB
07F0
0FE0
0FE0
0FE0
0FC0
0FC0
0FC0
0FC0
0FC0
0FC0
0FC0
0FC0
0FC0
0FC0
0FC0
0FC0
0FC0
0FC0
0FC0
ENDCHAR
STARTCHAR 05D7
ENCODING 1495
SWIDTH 600 0
DWIDTH 30 0
BBX 24 30 3 0
BITMAP
FFFF00
FFFFE0
FFFFF8
FFFFFC
FFFFFE
FFFFFE
FC01FF
FC00FF
FC007F
FC007F
FC003F
FC003F
FC003F
FC003F
FC003F
FC003F
FC003F
FC003F
FC003F
FC003F
FC003F
FC003F
FC003F
FC003F
FC003F
FC003F
FC003F
FC003F
FC003F
FC003F
ENDCHAR
STARTCHAR 05D8
ENCODING 1496
SWIDTH 600 0
DWIDTH 30 0
BBX 26 30 2 0
BITMAP
FE07F000
FE1FFC00
FE1FFE00
FE1FFF00
FE1FFF00
FE1FFF80
FE187F80
FE003FC0
FE001FC0
FE001FC0
FE001FC0
FE001FC0
FE001FC0
FE001FC0
FE001FC0
FE001FC0
FE001FC0
FE001FC0
FE001FC0
FE001FC0
7E001FC0
7F003F80
7F007F80
7FC0FF80
3FFFFF00
3FFFFF00
1FFFFE00
0FFFFC00
07FFF000
00FF8000
ENDCHAR
STARTCHAR 05D9
ENCODING 1497
SWIDTH 600 0
DWIDTH 30 0
BBX 6 16 12 14
BITMAP
FC
FC
FC
FC
FC
FC
FC
FC
FC
FC
FC
FC
FC
FC
FC
FC
ENDCHAR
STARTCHAR 05DA
ENCODING 1498
SWIDTH 600 0
DWIDTH 30 0
BBX 24 39 2 -9
BITMAP
FFFF00
FFFFE0
FFFFF0
FFFFF8
FFFFFC
FFFFFE
0003FE
0000FE
0000FE
00007F
00007F
00007F
00007F
00007F
00007F
00007F
00007F
00007F
00007F
00007F
00007F
00007F
00007F
00007F
00007F
00007F
00007F
00007F
00007F
00007F
00007F
00007F
00007F
00007F
00007F
00007F
00007F
00007F
00007F
ENDCHAR
STARTCHAR 05DB
ENCODING 1499
SWIDTH 600 0
DWIDTH 30 0
BBX 23 30 3 0
BITMAP
FFFC00
FFFF80
FFFFE0
FFFFF0
FFFFF8
FFFFF8
000FFC
0003FC
0001FE
0000FE
0000FE
0000FE
00007E
00007E
00007E
00007E
00007E
00007E
0000FE
0000FE
0000FE
0001FE
0003FC
000FFC
FFFFF8
FFFFF0
FFFFF0
FFFFC0
FFFF80
FFFC00
ENDCHAR
STARTCHAR 05DC
ENCODING 1500
SWIDTH 600 0
DWIDTH 30 0
BBX 24 42 3 -1
BITMAP
FE0000
FE0000
FE0000
FE0000
FE0000
FE0000
FE0000
FE0000
FE0000
FE0000
FE0000
FFFFC0
FFFFF0
FFFFFC
FFFFFE
FFFFFE
FFFFFF
0001FF
00007F
00007F
00003F
00003F
00007F
00007F
00007F
0000FE
0000FE
0001FE
0003FC
0007FC
000FF8
001FF0
007FE0
01FFC0
0FFF80
1FFF00
1FFE00
1FF800
1FF000
1FC000
1E0000
100000
ENDCHAR
STARTCHAR 05DD
ENCODING 1501
SWIDTH 600 0
DWIDTH 30 0
BBX 24 30 3 0
BITMAP
FFFF00
FFFFE0
FFFFF8
FFFFFC
FFFFFE
FFFFFE
FC01FF
FC00FF
FC007F
FC007F
FC003F
FC003F
FC003F
FC003F
FC003F
FC003F
FC003F
FC003F
FC003F
FC003F
FC003F
FC003F
FC003F
FC003F
FFFFFF
FFFFFF
FFFFFF
FFFFFF
FFFFFF
FFFFFF
ENDCHAR
STARTCHAR 05DE
ENCODING 1502
SWIDTH 600 0
DWIDTH 30 0
BBX 28 30 0 0
BITMAP
FF03F800
7F0FFF00
7F9FFF80
3FBFFF80
1FFFFFC0
1FFFFFC0
0FFE1FE0
0FFC0FE0
07F80FE0
03F807E0
03F807E0
07F007E0
07F007E0
07F007F0
0FE007F0
0FE007F0
0FE007F0
0FE007F0
1FC007F0
1FC007F0
1FC007F0
1FC007F0
3F8007F0
3F8007F0
3F87FFF0
3F87FFF0
7F07FFF0
7F07FFF0
7F07FFF0
7F07FFF0
ENDCHAR
STARTCHAR 05DF
ENCODING 1503
SWIDTH 600 0
DWIDTH 30 0
BBX 6 39 12 -9
BITMAP
FC
FC
FC
FC
FC
FC
FC
FC
FC
FC
FC
FC
FC
FC
FC
FC
FC
FC
FC
FC
FC
FC
FC
FC
FC
FC
FC
FC
FC
FC
FC
FC
FC
FC
FC
FC
FC
FC
FC
ENDCHAR
STARTCHAR 05E0
ENCODING 1504
SWIDTH 600 0
DWIDTH 30 0
BBX 17 30 6 0
BITMAP
7FE000
7FFC00
7FFE00
7FFE00
7FFF00
7FFF00
00FF00
007F80
003F80
003F80
003F80
003F80
003F80
003F80
003F80
003F80
003F80
003F80
003F80
003F80
003F80
003F80
003F80
003F80
FFFF80
FFFF80
FFFF80
FFFF80
FFFF80
FFFF80
ENDCHAR
STARTCHAR 05E1
ENCODING 1505
SWIDTH 600 0
DWIDTH 30 0
BBX 28 30 0 0
BITMAP
FFFFF000
FFFFFE00
FFFFFF00
FFFFFF80
FFFFFFC0
FFFFFFE0
07C03FE0
0FC00FF0
0FC00FF0
1FC007F0
1F8007F0
1F8007F0
1F8007F0
3F8007F0
3F8007F0
3F8007F0
3F8007F0
3F8007F0
1F8007F0
1FC007F0
1FC007F0
1FC007F0
1FE00FE0
0FF01FE0
0FFFFFE0
07FFFFC0
07FFFF80
03FFFF00
00FFFE00
001FF000
ENDCHAR
STARTCHAR 05E2
ENCODING 1506
SWIDTH 600 0
DWIDTH 30 0
BBX 28 31 1 -1
BITMAP
3F8007F0
3F8007F0
3F8007F0
1FC007F0
1FC007F0
1FE007F0
0FE007E0
0FE007E0
07F007E0
07F00FE0
07F00FE0
03F80FE0
03F80FE0
03F80FC0
01FC1FC0
01FC1FC0
00FC1FC0
00FE3F80
00FE3F80
007E7F00
007FFF00
007FFE00
003FFE00
007FFC00
FFFFF800
FFFFF000
FFFFC000
FFFF8000
FFFC0000
FFE00000
FC000000
ENDCHAR
STARTCHAR 05E3
ENCODING 1507
SWIDTH 600 0
DWIDTH 30 0
BBX 24 39 3 -9
BITMAP
FFFF00
FFFFE0
FFFFF8
FFFFFC
FFFFFC
FFFFFE
FC03FE
FC00FF
FC007F
FC007F
FC007F
FC003F
FC003F
FFF03F
FFF03F
FFF03F
FFF03F
FFF03F
FFF03F
00003F
00003F
00003F
00003F
00003F
00003F
00003F
00003F
00003F
00003F
00003F
00003F
00003F
00003F
00003F
00003F
00003F
00003F
00003F
00003F
ENDCHAR
STARTCHAR 05E4
ENCODING 1508
SWIDTH 600 0
DWIDTH 30 0
BBX 26 30 2 0
BITMAP
FFFF8000
FFFFF000
FFFFF800
FFFFFE00
FFFFFE00
FFFFFF00
FE01FF80
FE007F80
FE003F80
FE003F80
FE001FC0
FE001FC0
FFF81FC0
FFF81FC0
FFF81FC0
FFF81FC0
FFF81FC0
FFF81FC0
00001FC0
00001FC0
00003F80
00007F80
0000FF80
0001FF00
7FFFFF00
7FFFFE00
7FFFFC00
7FFFF800
7FFFE000
7FFF0000
ENDCHAR
STARTCHAR 05E5
ENCODING 1509
SWIDTH 600 0
DWIDTH 30 0
BBX 26 39 2 -9
BITMAP
FE001FC0
7F001F80
7F801F80
3F803F80
1FC03F80
1FE03F80
0FE03F80
0FF03F80
07F03F80
03F83F80
03F87F00
01F87F00
01FCFF00
01FDFE00
01FFFE00
00FFFC00
00FFF800
00FFE000
00FF0000
00FC0000
00FC0000
00FC0000
00FC0000
00FC0000
00FC0000
00FC0000
00FC0000
00FC0000
00FC0000
00FC0000
00FC0000
00FC0000
00FC0000
00FC0000
00FC0000
00FC0000
00FC0000
00FC0000
00FC0000
ENDCHAR
STARTCHAR 05E6
ENCODING 1510
SWIDTH 600 0
DWIDTH 30 0
BBX 28 30 0 0
BITMAP
FF0007F0
7F8007F0
3FC007F0
1FE007F0
0FE007F0
0FF007E0
07F80FE0
03FC0FE0
01FC0FE0
01FE0FE0
00FF1FC0
007F9FC0
003FFF80
003FFF80
001FFF00
000FFC00
0007F000
0007F800
0003FC00
0001FE00
0000FF00
0000FF00
00007F80
00003FC0
3FFFFFE0
3FFFFFE0
3FFFFFF0
3FFFFFF0
3FFFFFF0
3FFFFFF0
ENDCHAR
STARTCHAR 05E7
ENCODING 1511
SWIDTH 600 0
DWIDTH 30 0
BBX 25 39 3 -9
BITMAP
FFFFC000
FFFFF800
FFFFFC00
FFFFFE00
FFFFFF00
FFFFFF00
0000FF80
00007F80
00003F80
00003F80
00003F80
7F003F80
7F003F80
7F003F80
7F003F80
7F003F00
7F003F00
7F007F00
7F007F00
7F00FE00
7F01FE00
7F03FC00
7F07FC00
7F0FF800
7F1FF000
7F1FE000
7F1FC000
7F1F8000
7F1F0000
7F1C0000
7F100000
7F000000
7F000000
7F000000
7F000000
7F000000
7F000000
7F000000
7F000000
ENDCHAR
STARTCHAR 05E8
ENCODING 1512
SWIDTH 600 0
DWIDTH 30 0
BBX 24 30 2 0
BITMAP
FFFF00
FFFFE0
FFFFF0
FFFFF8
FFFFFC
FFFFFC
0003FE
0000FE
0000FE
00007F
00007F
00007F
00007F
00007F
00007F
00007F
00007F
00007F
00007F
00007F
00007F
00007F
00007F
00007F
00007F
00007F
00007F
00007F
00007F
00007F
ENDCHAR
STARTCHAR 05E9
ENCODING 1513
SWIDTH 600 0
DWIDTH 30 0
BBX 28 30 1 0
BITMAP
FC0FC3F0
FC0FC3F0
FC0FC3F0
FC0FC3F0
FC0F83F0
FC0F83F0
7E1F83F0
7E1F83F0
7E1F83F0
7E1F83F0
7E1F87E0
7E1F87E0
7F3F87E0
3F7F07E0
3FFF07E0
3FFE07E0
3FFE07E0
3FF80FE0
3FC00FC0
1F800FC0
1F801FC0
1F803FC0
1F807F80
1F81FF80
1FFFFF00
0FFFFE00
0FFFFC00
0FFFF800
0FFFC000
0FFC0000
ENDCHAR
STARTCHAR 05EA
ENCODING 1514
SWIDTH 600 0
DWIDTH 30 0
BBX 27 30 1 0
BITMAP
7FFFE000
7FFFFC00
7FFFFE00
7FFFFF00
7FFFFF80
7FFFFF80
0FE07FC0
0FE01FC0
0FE01FC0
0FE00FE0
0FE00FE0
0FE00FE0
0FE00FE0
0FE00FE0
0FE00FE0
0FE00FE0
0FE00FE0
0FE00FE0
0FE00FE0
0FE00FE0
0FE00FE0
0FE00FE0
0FE00FE0
1FC00FE0
FFC00FE0
FFC00FE0
FFC00FE0
FF800FE0
FF000FE0
FC000FE0
ENDCHAR
STARTCHAR 05F0
ENCODING 1520
SWIDTH 600 0
DWIDTH 30 0
BBX 20 30 5 0
BITMAP
FE07F0
FE07F0
FE07F0
FE07F0
FE07F0
FE07F0
FE07F0
FE07F0
FE07F0
FE07F0
FE07F0
FE07F0
FE07F0
FE07F0
FE07F0
FE07F0
FE07F0
FE07F0
FE07F0
FE07F0
FE07F0
FE07F0
FE07F0
FE07F0
FE07F0
FE07F0
FE07F0
FE07F0
FE07F0
FE07F0
ENDCHAR
STARTCHAR 05F1
ENCODING 1521
SWIDTH 600 0
DWIDTH 30 0
BBX 20 30 5 0
BITMAP
FE07F0
FE07F0
FE07F0
FE07F0
FE07F0
FE07F0
FE07F0
FE07F0
FE07F0
FE07F0
FE07F0
FE07F0
FE07F0
FE07F0
FE07F0
FE07F0
0007F0
0007F0
0007F0
0007F0
0007F0
0007F0
0007F0
0007F0
0007F0
0007F0
0007F0
0007F0
0007F0
0007F0
ENDCHAR
STARTCHAR 05F2
ENCODING 1522
SWIDTH 600 0
DWIDTH 30 0
BBX 20 16 5 14
BITMAP
FE07F0
FE07F0
FE07F0
FE07F0
FE07F0
FE07F0
FE07F0
FE07F0
FE07F0
FE07F0
FE07F0
FE07F0
FE07F0
FE07F0
FE07F0
FE07F0
ENDCHAR
STARTCHAR 05F3
ENCODING 1523
SWIDTH 600 0
DWIDTH 30 0
BBX 10 16 10 25
BITMAP
1FC0
1F80
1F80
1F80
3F00
3F00
3F00
3E00
3E00
7E00
7C00
7C00
7C00
F800
F800
F800
ENDCHAR
STARTCHAR 05F4
ENCODING 1524
SWIDTH 600 0
DWIDTH 30 0
BBX 20 16 5 25
BITMAP
1F83F0
1F87F0
3F87F0
3F07E0
3F07E0
3F07E0
7E0FC0
7E0FC0
7E0F80
7C0F80
7C0F80
FC1F00
F81F00
F81F00
F01E00
F01E00
ENDCHAR
STARTCHAR 1D00
ENCODING 7424
SWIDTH 600 0
DWIDTH 30 0
BBX 30 26 0 0
BITMAP
003FE000
003FF000
003FF000
007FF800
007FF800
00FDF800
00FDFC00
00FCFC00
01F8FE00
01F87E00
03F87E00
03F07F00
03F03F00
07E03F80
07E01F80
0FFFFF80
0FFFFFC0
0FFFFFC0
1FFFFFE0
1FFFFFE0
3F8007E0
3F8007F0
3F0003F0
7F0003F8
7F0003F8
FE0001FC
ENDCHAR
STARTCHAR 1D01
ENCODING 7425
SWIDTH 600 0
DWIDTH 30 0
BBX 30 26 0 0
BITMAP
007FFFF8
007FFFF8
007FFFF8
00FFFFF8
00FFFFF8
00FFF800
01FFF800
01FBF800
03FBF800
03FBF800
03F3FFF0
07F3FFF0
07F3FFF0
07E3FFF0
0FE3FFF0
0FFFF800
0FFFF800
1FFFF800
1FFFF800
3FFFF800
3F83F800
3F83FFFC
7F83FFFC
7F03FFFC
7F03FFFC
FE03FFFC
ENDCHAR
STARTCHAR 1D02
ENCODING 7426
SWIDTH 600 0
DWIDTH 30 0
BBX 29 28 0 -1
BITMAP
03F007C0
0FF81FE0
1FFC3FF0
3FFE7FF8
3F3EFDF8
3E1FF0F8
7C0FE0F8
1C0FE0F8
000FC0F8
0007C0F8
0007C0F8
0007C0F8
0007C1F8
FFFFFFF0
FFFFFFF0
7FFFFFE0
7FFFFF80
7C07C000
7C07C000
7C07C000
7C0FC1F0
7C0FC1F0
3E1FE1F0
3F3FF7F0
1FFFFFE0
1FFDFFC0
0FF8FFC0
03E03F00
ENDCHAR
STARTCHAR 1D03
ENCODING 7427
SWIDTH 600 0
DWIDTH 30 0
BBX 28 26 1 0
BITMAP
1FFFF000
1FFFFE00
1FFFFF00
1FFFFF80
1FFFFF80
1F803F80
1F803F80
1F803F80
1F803F00
1F807E00
FFFFFFF0
FFFFFFF0
FFFFFFF0
FFFFFFF0
FFFFFFF0
1F803F00
1F801F80
1F801FC0
1F801FC0
1F801FC0
1F803FC0
1FFFFFC0
1FFFFF80
1FFFFF80
1FFFFE00
1FFFF800
ENDCHAR
STARTCHAR 1D04
ENCODING 7428
SWIDTH 600 0
DWIDTH 30 0
BBX 24 28 3 -1
BITMAP
00FF00
03FFE0
0FFFF0
1FFFF8
3FFFFC
3FC1FE
7F80FE
7F007F
FF007F
FE0000
FE0000
FE0000
FE0000
FE0000
FE0000
FE0000
FE0000
FE0000
FE007F
FF007F
7F007F
7F80FE
3FC1FE
3FFFFC
1FFFF8
0FFFF0
03FFE0
00FF00
ENDCHAR
STARTCHAR 1D05
ENCODING 7429
SWIDTH 600 0
DWIDTH 30 0
BBX 23 26 4 0
BITMAP
FFFE00
FFFFC0
FFFFE0
FFFFF0
FFFFF8
FE07FC
FE01FC
FE01FE
FE00FE
FE00FE
FE00FE
FE00FE
FE007E
FE00FE
FE00FE
FE00FE
FE00FE
FE00FE
FE01FE
FE03FC
FE07FC
FFFFF8
FFFFF0
FFFFE0
FFFF80
FFFE00
ENDCHAR
STARTCHAR 1D06
ENCODING 7430
SWIDTH 600 0
DWIDTH 30 0
BBX 27 26 1 0
BITMAP
1FFFC000
1FFFF800
1FFFFC00
1FFFFF00
1FFFFF00
1FC07F80
1FC03FC0
1FC01FC0
1FC01FC0
1FC01FC0
FFFC0FE0
FFFC0FE0
FFFC0FE0
FFFC0FE0
FFFC0FE0
1FC00FE0
1FC01FC0
1FC01FC0
1FC01FC0
1FC03F80
1FC0FF80
1FFFFF00
1FFFFE00
1FFFFC00
1FFFF800
1FFFC000
ENDCHAR
STARTCHAR 1D07
ENCODING 7431
SWIDTH 600 0
DWIDTH 30 0
BBX 20 26 5 0
BITMAP
FFFFF0
FFFFF0
FFFFF0
FFFFF0
FFFFF0
FE0000
FE0000
FE0000
FE0000
FE0000
FFFFE0
FFFFE0
FFFFE0
FFFFE0
FFFFE0
FE0000
FE0000
FE0000
FE0000
FE0000
FE0000
FFFFF0
FFFFF0
FFFFF0
FFFFF0
FFFFF0
ENDCHAR
STARTCHAR 1D08
ENCODING 7432
SWIDTH 600 0
DWIDTH 30 0
BBX 22 28 4 -1
BITMAP
01FE00
0FFFC0
1FFFE0
3FFFF0
7FCFF0
7E03F8
7E03F8
7C03F8
0003F8
0007F0
000FF0
01FFC0
01FF00
01FF80
01FFE0
003FF0
0007F8
0003F8
0003F8
1C01FC
FC03FC
FE03F8
7F07F8
7FFFF8
3FFFF0
1FFFE0
0FFFC0
03FE00
ENDCHAR
STARTCHAR 1D09
ENCODING 7433
SWIDTH 600 0
DWIDTH 30 0
BBX 25 36 3 -10
BITMAP
FFFFFF80
FFFFFF80
FFFFFF80
FFFFFF80
FFFFFF80
00FE0000
00FE0000
00FE0000
00FE0000
00FE0000
00FE0000
00FE0000
00FE0000
00FE0000
00FE0000
00FE0000
00FE0000
00FE0000
00FE0000
00FE0000
00FE0000
00FFFC00
00FFFC00
00FFFC00
00FFFC00
00FFFC00
00000000
00000000
00000000
00000000
00000000
00FE0000
00FE0000
00FE0000
00FE0000
00FE0000
ENDCHAR
STARTCHAR 1D0A
ENCODING 7434
SWIDTH 600 0
DWIDTH 30 0
BBX 20 27 4 -1
BITMAP
01FFF0
01FFF0
01FFF0
01FFF0
01FFF0
0007F0
0007F0
0007F0
0007F0
0007F0
0007F0
0007F0
0007F0
0007F0
0007F0
0007F0
0007F0
0007F0
3C07F0
FE07F0
FE07F0
FF0FE0
7FFFE0
7FFFC0
3FFFC0
1FFF00
07FC00
ENDCHAR
STARTCHAR 1D0B
ENCODING 7435
SWIDTH 600 0
DWIDTH 30 0
BBX 24 26 4 0
BITMAP
FE00FE
FE01FE
FE03FC
FE03F8
FE07F0
FE0FE0
FE1FC0
FE3F80
FE7F00
FE7F00
FEFE00
FFFE00
FFFF00
FFFF00
FFFF80
FF9FC0
FE1FC0
FE0FE0
FE0FF0
FE07F0
FE03F8
FE03FC
FE01FC
FE00FE
FE00FF
FE007F
ENDCHAR
STARTCHAR 1D0C
ENCODING 7436
SWIDTH 600 0
DWIDTH 30 0
BBX 21 26 4 0
BITMAP
1FC000
1FC000
1FC000
1FC000
1FC100
1FC700
1FCF00
1FFF00
1FFF00
1FFF00
1FFE00
3FF800
FFE000
FFC000
FFC000
FFC000
FFC000
9FC000
1FC000
1FC000
1FC000
1FFFF8
1FFFF8
1FFFF8
1FFFF8
1FFFF8
ENDCHAR
STARTCHAR 1D0D
ENCODING 7437
SWIDTH 600 0
DWIDTH 30 0
BBX 28 26 1 0
BITMAP
FF801FF0
FFC03FF0
FFC03FF0
FFC03FF0
FFE03FF0
FFE07FF0
FFE07FF0
FDE07FF0
FDF07BF0
FDF0FBF0
FDF0FBF0
FCF0FBF0
FCF9F3F0
FCF9F3F0
FCF9F3F0
FC79E3F0
FC7DE3F0
FC7DE3F0
FC3FE3F0
FC3FC3F0
FC3FC3F0
FC3FC3F0
FC1FC3F0
FC1F83F0
FC1F83F0
FC1F83F0
ENDCHAR
STARTCHAR 1D0E
ENCODING 7438
SWIDTH 600 0
DWIDTH 30 0
BBX 24 26 3 0
BITMAP
FE007F
FE00FF
FE00FF
FE01FF
FE01FF
FE03FF
FE07FF
FE07FF
FE0FFF
FE0FBF
FE1FBF
FE1F3F
FE3F3F
FE7E3F
FE7C3F
FEFC3F
FEF83F
FFF83F
FFF03F
FFF03F
FFE03F
FFC03F
FFC03F
FF803F
FF803F
FF003F
ENDCHAR
STARTCHAR 1D0F
ENCODING 7439
SWIDTH 600 0
DWIDTH 30 0
BBX 26 28 2 -1
BITMAP
007F8000
03FFF000
07FFFC00
0FFFFE00
1FFFFE00
3FC0FF00
3F807F00
7F803F80
7F003F80
7F003F80
FF003FC0
FF003FC0
FE001FC0
FE001FC0
FE001FC0
FE001FC0
FF003FC0
FF003FC0
7F003F80
7F003F80
7F003F80
3F807F00
3FC0FF00
1FFFFE00
0FFFFC00
07FFF800
03FFF000
007F8000
ENDCHAR
STARTCHAR 1D10
ENCODING 7440
SWIDTH 600 0
DWIDTH 30 0
BBX 24 28 4 -1
BITMAP
00FF00
07FFC0
0FFFF0
1FFFF8
3FFFFC
7F83FC
7F01FE
FE00FE
FE00FF
00007F
00007F
00007F
00007F
00007F
00007F
00007F
00007F
00007F
FE007F
FE00FF
FE00FE
7F01FE
7F83FC
3FFFFC
1FFFF8
0FFFF0
07FFC0
00FF00
ENDCHAR
STARTCHAR 1D11
ENCODING 7441
SWIDTH 600 0
DWIDTH 30 0
BBX 28 26 1 0
BITMAP
007FC000
01FFF800
07FFFE00
0FFFFF00
1FFFFF80
3FFFFFC0
3FFFFFC0
7FC07FE0
7E000FE0
7C0003E0
FC0003E0
F80001F0
F80001F0
F80001F0
F80001F0
FC0003F0
7C0003E0
7F000FE0
7FE07FE0
3FFFFFC0
3FFFFFC0
1FFFFF80
0FFFFF00
07FFFE00
01FFF800
007FE000
ENDCHAR
STARTCHAR 1D12
ENCODING 7442
SWIDTH 600 0
DWIDTH 30 0
BBX 28 25 1 1
BITMAP
007FC000
01FFF800
07FFFE00
0FFFFF00
1FFFFF80
3FFFFFC0
3FFFFFC0
7FE07FE0
7E0007E0
7C0003E0
F80003F0
F80001F0
F80001F0
F80001F0
F80001F0
FC0003E0
7E0007E0
7F001FE0
7FC01FE0
3FC01FC0
3FC01FC0
1FC01F80
0FC01F00
07C01C00
00C01000
ENDCHAR
STARTCHAR 1D13
ENCODING 7443
SWIDTH 600 0
DWIDTH 30 0
BBX 30 31 0 -3
BITMAP
80000000
C0000000
E01FF000
F0FFFC00
FBFFFF00
3FFFFF80
1FFFFFC0
1FFFFFE0
1FFFFFE0
3FF03FF0
3FF007F0
3FF801F0
3E7C01F8
7C3E00F8
7C1F80F8
7C0FC0F8
7C03E0F8
7C01F0F8
3E00F9F8
3E007DF0
3F803FF0
3FF03FF0
1FFFFFE0
1FFFFFE0
0FFFFFF0
07FFFFF8
03FFFF7C
00FFFC3C
001FF01C
0000000C
00000004
ENDCHAR
STARTCHAR 1D14
ENCODING 7444
SWIDTH 600 0
DWIDTH 30 0
BBX 28 28 1 -1
BITMAP
07C03E00
1FF0FF80
3FF9FFC0
3FFBFFC0
7FFFFFE0
7C7FC3E0
F83F83E0
183F81F0
001F81F0
001F81F0
001F01F0
001F01F0
001F01F0
FFFF01F0
FFFF01F0
FFFF01F0
FFFF01F0
F81F01F0
F81F81F0
F81F81F0
F81F81F0
F83F83F0
7C3FC3E0
7FFFFFE0
3FFBFFC0
3FF9FFC0
1FF0FF80
07C07E00
ENDCHAR
STARTCHAR 1D15
ENCODING 7445
SWIDTH 600 0
DWIDTH 30 0
BBX 24 27 3 -1
BITMAP
FE007F
7E007E
7E007E
7F00FE
3F00FC
3FC3FC
1FFFF8
0FFFF0
07FFE0
1FFFF8
3FE7FC
7F00FE
FE007F
FE007F
FC003F
FC003F
FC003F
FC003F
FE007F
FE007F
FE007F
7F81FE
7FFFFE
3FFFFC
1FFFF8
07FFE0
00FF00
ENDCHAR
STARTCHAR 1D16
ENCODING 7446
SWIDTH 600 0
DWIDTH 30 0
BBX 26 14 2 13
BITMAP
007FC000
03FFF000
07FFFC00
1FFFFE00
1FFFFF00
3FC0FF00
7F807F80
7F003F80
FF003FC0
FE001FC0
FE001FC0
FE001FC0
FE001FC0
FE001FC0
ENDCHAR
STARTCHAR 1D17
ENCODING 7447
SWIDTH 600 0
DWIDTH 30 0
BBX 26 14 2 -1
BITMAP
FE001FC0
FE001FC0
FE001FC0
FE001FC0
FE001FC0
FF003FC0
7F003F80
7F807F80
3FC0FF00
3FFFFF00
1FFFFE00
07FFFC00
03FFF000
007FC000
ENDCHAR
STARTCHAR 1D18
ENCODING 7448
SWIDTH 600 0
DWIDTH 30 0
BBX 25 26 3 0
BITMAP
FFFFE000
FFFFF800
FFFFFE00
FFFFFF00
FE01FF80
FE007F80
FE003F80
FE003F80
FE003F80
FE003F80
FE003F80
FE00FF80
FFFFFF00
FFFFFE00
FFFFFC00
FFFFF000
FE000000
FE000000
FE000000
FE000000
FE000000
FE000000
FE000000
FE000000
FE000000
FE000000
ENDCHAR
STARTCHAR 1D19
ENCODING 7449
SWIDTH 600 0
DWIDTH 30 0
BBX 25 26 1 0
BITMAP
00FFFF80
07FFFF80
0FFFFF80
1FFFFF80
3FF01F80
3FC01F80
3F801F80
3F801F80
3F801F80
3F801F80
3FE01F80
1FFFFF80
0FFFFF80
07FFFF80
01FFFF80
01FC1F80
03F81F80
07F01F80
07F01F80
0FE01F80
1FE01F80
1FC01F80
3F801F80
7F801F80
7F001F80
FF001F80
ENDCHAR
STARTCHAR 1D1A
ENCODING 7450
SWIDTH 600 0
DWIDTH 30 0
BBX 25 26 1 0
BITMAP
FF001F80
7F001F80
3F801F80
3FC01F80
1FC01F80
0FE01F80
0FF01F80
07F01F80
03F81F80
01FC1F80
01FFFF80
03FFFF80
0FFFFF80
1FFFFF80
1FE01F80
3FC01F80
3F801F80
3F801F80
3F801F80
3F801F80
3FC01F80
1FF01F80
1FFFFF80
0FFFFF80
03FFFF80
00FFFF80
ENDCHAR
STARTCHAR 1D1B
ENCODING 7451
SWIDTH 600 0
DWIDTH 30 0
BBX 22 26 4 0
BITMAP
FFFFFC
FFFFFC
FFFFFC
FFFFFC
FFFFFC
00FC00
00FC00
00FC00
00FC00
00FC00
00FC00
00FC00
00FC00
00FC00
00FC00
00FC00
00FC00
00FC00
00FC00
00FC00
00FC00
00FC00
00FC00
00FC00
00FC00
00FC00
ENDCHAR
STARTCHAR 1D1C
ENCODING 7452
SWIDTH 600 0
DWIDTH 30 0
BBX 24 27 3 -1
BITMAP
FE01FC
FE01FC
FE00FE
FE00FE
FE00FE
FE007E
FE007F
FE007F
FE007F
FE007F
FE003F
FE003F
FE003F
FE007F
FE007F
FE007F
FE007F
7E007F
7F007F
7F00FE
7F80FE
7FC3FE
3FFFFC
1FFFF8
1FFFF0
07FFE0
01FF00
ENDCHAR
STARTCHAR 1D1D
ENCODING 7453
SWIDTH 600 0
DWIDTH 30 0
BBX 27 25 2 0
BITMAP
FFFFFFC0
FFFFFFC0
FFFFFFC0
FFFFFFC0
FFFFFFC0
FFFFFFC0
FFFFFF80
00003C00
00001F00
00000F80
00000780
000007C0
000003C0
000003E0
000007E0
000007E0
00000FE0
00001FE0
FFFFFFC0
FFFFFFC0
FFFFFFC0
FFFFFF80
FFFFFF00
FFFFFE00
FFFFF800
ENDCHAR
STARTCHAR 1D1E
ENCODING 7454
SWIDTH 600 0
DWIDTH 30 0
BBX 27 24 2 1
BITMAP
01FFFFC0
01FFFFC0
01FFFFC0
01FFFFC0
F9FFFFC0
F9FFFFC0
F9FFFF80
F8003E00
F8000F00
00000780
000007C0
000003C0
000003E0
000003E0
000007E0
F80007E0
F8001FE0
F9FFFFE0
F9FFFFC0
F9FFFFC0
01FFFF80
01FFFF80
01FFFE00
01FFF800
ENDCHAR
STARTCHAR 1D1F
ENCODING 7455
SWIDTH 600 0
DWIDTH 30 0
BBX 27 38 2 -6
BITMAP
FFFFFFC0
FFFFFFC0
FFFFFFC0
FFFFFFC0
FFFFFFC0
FFFFFFC0
FFFFFF00
00003C00
00000F00
00000780
000007C0
000003C0
000007C0
000007E0
00000FE0
00001FE0
FFFFFFE0
FFFFFFC0
FFFFFFC0
FFFFFF80
FFFFFF80
FFFFFE00
FFFFF800
00003E00
00000F00
00000780
000007C0
000003C0
000007E0
000007E0
00001FE0
FFFFFFE0
FFFFFFC0
FFFFFFC0
FFFFFFC0
FFFFFF80
FFFFFE00
FFFFF800
ENDCHAR
STARTCHAR 1D20
ENCODING 7456
SWIDTH 600 0
DWIDTH 30 0
BBX 28 26 1 0
BITMAP
FE0007F0
FF000FF0
7F000FE0
7F000FE0
7F801FC0
3F801FC0
3F801FC0
1FC03F80
1FC03F80
1FC03F00
0FE07F00
0FE07F00
07E07E00
07F0FE00
07F0FC00
03F1FC00
03F9FC00
03F9F800
01F9F800
01FBF000
00FFF000
00FFF000
00FFE000
007FE000
007FC000
007FC000
ENDCHAR
STARTCHAR 1D21
ENCODING 7457
SWIDTH 600 0
DWIDTH 30 0
BBX 30 26 0 0
BITMAP
FC0000FC
7C0000F8
7C0000F8
7C0000F8
7C0000F8
7E0001F8
7E0FC1F8
3E0FC1F0
3E0FC1F0
3E0FC1F0
3E1FE1F0
3E1FE3F0
3F1FE3F0
1F3FF3E0
1F3CF3E0
1F3CF3E0
1F7CFBE0
1F787BE0
1F787BC0
0FF87FC0
0FF07FC0
0FF03FC0
0FF03FC0
0FE03FC0
0FE01F80
07E01F80
ENDCHAR
STARTCHAR 1D22
ENCODING 7458
SWIDTH 600 0
DWIDTH 30 0
BBX 23 26 3 0
BITMAP
7FFFFC
7FFFFC
7FFFFC
7FFFFC
7FFFFC
0003FC
0007F8
000FF0
001FE0
003FC0
007F80
007F00
00FF00
01FE00
03FC00
07F800
0FF000
1FE000
1FC000
3FC000
7F8000
FFFFFE
FFFFFE
FFFFFE
FFFFFE
FFFFFE
ENDCHAR
STARTCHAR 1D23
ENCODING 7459
SWIDTH 600 0
DWIDTH 30 0
BBX 22 27 3 -1
BITMAP
3FFFFC
3FFFFC
3FFFFC
3FFFFC
3FFFFC
0007F8
000FE0
001FC0
003F80
007F00
00FF00
00FFE0
00FFF0
00FFF8
0007FC
0001FC
0001FC
0000FC
0C00FC
FE01FC
7E01FC
7F03FC
3FFFF8
3FFFF0
1FFFE0
07FFC0
01FE00
ENDCHAR
STARTCHAR 1D24
ENCODING 7460
SWIDTH 600 0
DWIDTH 30 0
BBX 22 28 4 -1
BITMAP
01FE00
0FFFC0
1FFFE0
3FFFF0
7FFFF0
7F03F8
FE03F8
7C01F8
0001F8
0003F8
0007F0
00FFF0
00FFE0
00FF80
07FC00
1FFC00
3FF800
3F8000
7F0000
7E0000
7E00F8
7F01FC
7F03F8
3FFFF8
3FFFF0
1FFFE0
0FFFC0
01FF00
ENDCHAR
STARTCHAR 1D25
ENCODING 7461
SWIDTH 600 0
DWIDTH 30 0
BBX 30 28 0 -1
BITMAP
001FE000
007FF800
01FFFE00
03FFFE00
03FFFF00
07FFFF80
07FFFF80
07FFFF80
07FFFF80
07FFFF80
07FFFF80
03FFFF00
03FFFF00
01FFFE00
01FFFE00
00FFFC00
007FF800
003FF000
001FE000
003FF000
003FF000
207FF810
79FFFE78
7FFCFFF8
7FFCFFF8
FFF87FFC
7FF03FF8
1FC00FE0
ENDCHAR
STARTCHAR 1D26
ENCODING 7462
SWIDTH 600 0
DWIDTH 30 0
BBX 19 26 6 0
BITMAP
FFFFE0
FFFFE0
FFFFE0
FFFFE0
FFFFE0
FE0000
FE0000
FE0000
FE0000
FE0000
FE0000
FE0000
FE0000
FE0000
FE0000
FE0000
FE0000
FE0000
FE0000
FE0000
FE0000
FE0000
FE0000
FE0000
FE0000
FE0000
ENDCHAR
STARTCHAR 1D27
ENCODING 7463
SWIDTH 600 0
DWIDTH 30 0
BBX 28 26 2 0
BITMAP
003FC000
007FE000
007FE000
00FFE000
00FFF000
00FFF000
01FFF800
01F9F800
01F9F800
03F9FC00
03F0FC00
07F0FE00
07F0FE00
07E07E00
0FE07F00
0FE07F00
1FC03F00
1FC03F80
1FC03F80
3F801FC0
3F801FC0
3F801FC0
7F000FE0
7F000FE0
FF0007F0
FE0007F0
ENDCHAR
STARTCHAR 1D28
ENCODING 7464
SWIDTH 600 0
DWIDTH 30 0
BBX 24 26 3 0
BITMAP
FFFFFF
FFFFFF
FFFFFF
FFFFFF
FFFFFF
FE007F
FE007F
FE007F
FE007F
FE007F
FE007F
FE007F
FE007F
FE007F
FE007F
FE007F
FE007F
FE007F
FE007F
FE007F
FE007F
FE007F
FE007F
FE007F
FE007F
FE007F
ENDCHAR
STARTCHAR 1D29
ENCODING 7465
SWIDTH 600 0
DWIDTH 30 0
BBX 25 26 3 0
BITMAP
FFFFE000
FFFFF800
FFFFFE00
FFFFFF00
FE01FF80
FE007F80
FE003F80
FE003F80
FE003F80
FE003F80
FE003F80
FE00FF80
FFFFFF00
FFFFFE00
FFFFFC00
FFFFF000
FE000000
FE000000
FE000000
FE000000
FE000000
FE000000
FE000000
FE000000
FE000000
FE000000
ENDCHAR
STARTCHAR 1D2A
ENCODING 7466
SWIDTH 600 0
DWIDTH 30 0
BBX 30 26 0 0
BITMAP
FE0FC1FC
FE0FC1FC
FE0FC1FC
FE0FC1FC
FE0FC1FC
FE0FC1FC
FE0FC1FC
FE0FC1FC
FE0FC1FC
FE0FC1FC
7E0FC1F8
7F0FC3F8
7F8FC7F8
3FFFFFF0
3FFFFFF0
1FFFFFE0
07FFFF80
00FFFC00
000FC000
000FC000
000FC000
000FC000
000FC000
000FC000
000FC000
000FC000
ENDCHAR
STARTCHAR 1D2B
ENCODING 7467
SWIDTH 600 0
DWIDTH 30 0
BBX 27 27 0 -1
BITMAP
00FFFFE0
00FFFFE0
01FFFFE0
01FFFFE0
01FFFFE0
01F80FE0
01F80FE0
01F80FE0
01F80FE0
03F80FE0
03F80FE0
03F80FE0
03F00FE0
03F00FE0
03F00FE0
03F00FE0
07F00FE0
07F00FE0
07E00FE0
07E00FE0
0FE00FE0
0FE00FE0
FFC00FE0
FFC00FE0
FF800FE0
FF800FE0
FE000000
ENDCHAR
STARTCHAR 1D2C
ENCODING 7468
SWIDTH 600 0
DWIDTH 30 0
BBX 22 24 4 12
BITMAP
00FC00
00FC00
01FE00
01FE00
03FE00
03CF00
03CF00
07CF80
07C780
078780
0F87C0
0F83C0
0F03C0
1F03E0
1FFFE0
1FFFE0
3FFFF0
3FFFF0
3C00F0
7C00F8
7C00F8
F8007C
F8007C
F8007C
ENDCHAR
STARTCHAR 1D2D
ENCODING 7469
SWIDTH 600 0
DWIDTH 30 0
BBX 32 24 -1 12
BITMAP
001FFFFF
001FFFFF
003FFFFF
003FFFFF
007DF000
0079F000
00F9F000
00F1F000
01F1F000
01E1F000
03E1FFFE
03E1FFFE
07C1FFFE
07C1FFFE
0FFFF000
0FFFF000
1FFFF000
1FFFF000
3E01F000
3E01F000
7C01FFFF
7C01FFFF
F801FFFF
F801FFFF
ENDCHAR
STARTCHAR 1D2E
ENCODING 7470
SWIDTH 600 0
DWIDTH 30 0
BBX 21 24 5 12
BITMAP
FFFE00
FFFF80
FFFFC0
FFFFE0
F803E0
F803E0
F801F0
F801E0
F803E0
F807E0
FFFFC0
FFFF00
FFFFC0
FFFFE0
F801F0
F800F8
F800F8
F800F8
F800F8
F801F8
FFFFF0
FFFFE0
FFFFC0
FFFF00
ENDCHAR
STARTCHAR 1D2F
ENCODING 7471
SWIDTH 600 0
DWIDTH 30 0
BBX 23 24 4 12
BITMAP
7FFF00
7FFFE0
7FFFF0
7FFFF0
7C01F8
7C00F8
7C00F8
7C00F8
7C00F0
7C01F0
FFFFFE
FFFFFE
FFFFFE
FFFFFE
7C00F8
7C007C
7C007C
7C007C
7C007C
7C00FC
7FFFF8
7FFFF8
7FFFF0
7FFF80
ENDCHAR
STARTCHAR 1D30
ENCODING 7472
SWIDTH 600 0
DWIDTH 30 0
BBX 21 24 5 12
BITMAP
FFF800
FFFF00
FFFF80
FFFFC0
F80FE0
F807F0
F803F0
F801F0
F801F8
F800F8
F800F8
F800F8
F800F8
F800F8
F800F8
F801F8
F801F0
F803F0
F807E0
F80FE0
FFFFC0
FFFF80
FFFF00
FFF800
ENDCHAR
STARTCHAR 1D31
ENCODING 7473
SWIDTH 600 0
DWIDTH 30 0
BBX 19 24 6 12
BITMAP
FFFFC0
FFFFC0
FFFFC0
FFFFC0
F80000
F80000
F80000
F80000
F80000
F80000
FFFF80
FFFF80
FFFF80
FFFF80
F80000
F80000
F80000
F80000
F80000
F80000
FFFFE0
FFFFE0
FFFFE0
FFFFE0
ENDCHAR
STARTCHAR 1D32
ENCODING 7474
SWIDTH 600 0
DWIDTH 30 0
BBX 19 24 5 12
BITMAP
7FFFE0
7FFFE0
7FFFE0
7FFFE0
0003E0
0003E0
0003E0
0003E0
0003E0
0003E0
3FFFE0
3FFFE0
3FFFE0
3FFFE0
0003E0
0003E0
0003E0
0003E0
0003E0
0003E0
FFFFE0
FFFFE0
FFFFE0
FFFFE0
ENDCHAR
STARTCHAR 1D33
ENCODING 7475
SWIDTH 600 0
DWIDTH 30 0
BBX 22 24 4 12
BITMAP
01FF00
07FFC0
1FFFF0
3FFFF8
7F01F8
7E00FC
FC0060
F80000
F80000
F80000
F80000
F00FFC
F00FFC
F80FFC
F80FFC
F8003C
F8003C
FC003C
7E007C
7F81FC
3FFFFC
1FFFF0
07FFE0
01FF00
ENDCHAR
STARTCHAR 1D34
ENCODING 7476
SWIDTH 600 0
DWIDTH 30 0
BBX 20 24 5 12
BITMAP
F801F0
F801F0
F801F0
F801F0
F801F0
F801F0
F801F0
F801F0
F801F0
F801F0
FFFFF0
FFFFF0
FFFFF0
FFFFF0
F801F0
F801F0
F801F0
F801F0
F801F0
F801F0
F801F0
F801F0
F801F0
F801F0
ENDCHAR
STARTCHAR 1D35
ENCODING 7477
SWIDTH 600 0
DWIDTH 30 0
BBX 4 24 13 12
BITMAP
F0
F0
F0
F0
F0
F0
F0
F0
F0
F0
F0
F0
F0
F0
F0
F0
F0
F0
F0
F0
F0
F0
F0
F0
ENDCHAR
STARTCHAR 1D36
ENCODING 7478
SWIDTH 600 0
DWIDTH 30 0
BBX 16 24 7 12
BITMAP
03FF
03FF
03FF
03FF
001F
001F
001F
001F
001F
001F
001F
001F
001F
001F
001F
001F
001F
703E
F83E
FC7E
FFFE
7FFC
3FF8
0FE0
ENDCHAR
STARTCHAR 1D37
ENCODING 7479
SWIDTH 600 0
DWIDTH 30 0
BBX 22 24 5 12
BITMAP
F801F8
F803F0
F807E0
F807C0
F80F80
F81F00
F83E00
F87C00
F8F800
F9F000
FBF000
FFF800
FFF800
FF7C00
FC7E00
F83F00
F81F80
F80F80
F80FC0
F807E0
F803F0
F801F8
F800F8
F800FC
ENDCHAR
STARTCHAR 1D38
ENCODING 7480
SWIDTH 600 0
DWIDTH 30 0
BBX 17 24 7 12
BITMAP
F80000
F80000
F80000
F80000
F80000
F80000
F80000
F80000
F80000
F80000
F80000
F80000
F80000
F80000
F80000
F80000
F80000
F80000
F80000
F80000
FFFF80
FFFF80
FFFF80
FFFF80
ENDCHAR
STARTCHAR 1D39
ENCODING 7481
SWIDTH 600 0
DWIDTH 30 0
BBX 24 24 3 12
BITMAP
FE007F
FE007F
FE007F
FF00FF
FF00FF
F700EF
F781EF
F781EF
F781EF
F3C3CF
F3C3CF
F3C3CF
F1E38F
F1E78F
F1E78F
F0E70F
F0FF0F
F0FF0F
F07E0F
F07E0F
F07E0F
F07E0F
F03C0F
F03C0F
ENDCHAR
STARTCHAR 1D3A
ENCODING 7482
SWIDTH 600 0
DWIDTH 30 0
BBX 20 24 5 12
BITMAP
FC00F0
FC00F0
FE00F0
FF00F0
FF00F0
FF80F0
F780F0
F7C0F0
F3C0F0
F3E0F0
F1E0F0
F1F0F0
F0F8F0
F0F8F0
F07CF0
F03CF0
F03EF0
F01EF0
F01FF0
F00FF0
F00FF0
F007F0
F007F0
F003F0
ENDCHAR
STARTCHAR 1D3B
ENCODING 7483
SWIDTH 600 0
DWIDTH 30 0
BBX 20 24 5 12
BITMAP
F003F0
F003F0
F007F0
F00FF0
F00FF0
F01FF0
F01EF0
F03EF0
F03CF0
F07CF0
F078F0
F0F8F0
F1F0F0
F1F0F0
F3E0F0
F3C0F0
F7C0F0
F780F0
FF80F0
FF00F0
FF00F0
FE00F0
FE00F0
FC00F0
ENDCHAR
STARTCHAR 1D3C
ENCODING 7484
SWIDTH 600 0
DWIDTH 30 0
BBX 24 24 3 12
BITMAP
00FF00
07FFE0
0FFFF0
1FFFF8
3F81FC
3E00FC
7E007E
7C003E
FC003E
F8003F
F8001F
F8001F
F8001F
F8001F
F8001F
7C003E
7C003E
7E007E
3F00FC
3F81FC
1FFFF8
0FFFF0
07FFC0
00FF00
ENDCHAR
STARTCHAR 1D3D
ENCODING 7485
SWIDTH 600 0
DWIDTH 30 0
BBX 18 24 6 12
BITMAP
003800
073E00
3F3F00
7F1F80
7E0F80
FC07C0
F807C0
F80780
7C0F80
7E1F80
3FFF00
0FFC00
3FFF00
7E1F80
FC07C0
F807C0
F807C0
F807C0
F807C0
F807C0
7E1F80
7FFF80
1FFE00
07F800
ENDCHAR
STARTCHAR 1D3E
ENCODING 7486
SWIDTH 600 0
DWIDTH 30 0
BBX 20 24 6 12
BITMAP
FFFE00
FFFF80
FFFFC0
FFFFE0
F807E0
F803E0
F803F0
F801F0
F801F0
F803E0
F803E0
F807E0
FFFFC0
FFFF80
FFFF00
FFFC00
F80000
F80000
F80000
F80000
F80000
F80000
F80000
F80000
ENDCHAR
STARTCHAR 1D3F
ENCODING 7487
SWIDTH 600 0
DWIDTH 30 0
BBX 21 24 5 12
BITMAP
FFFF00
FFFFC0
FFFFE0
FFFFE0
F803F0
F801F0
F801F0
F801F0
F801F0
F801F0
F803F0
FFFFE0
FFFFC0
FFFF80
FFFF00
F81F00
F80F80
F80F80
F807C0
F807E0
F803E0
F801F0
F801F8
F800F8
ENDCHAR
STARTCHAR 1D40
ENCODING 7488
SWIDTH 600 0
DWIDTH 30 0
BBX 20 24 5 12
BITMAP
FFFFF0
FFFFF0
FFFFF0
FFFFF0
00F000
00F000
00F000
00F000
00F000
00F000
00F000
00F000
00F000
00F000
00F000
00F000
00F000
00F000
00F000
00F000
00F000
00F000
00F000
00F000
ENDCHAR
STARTCHAR 1D41
ENCODING 7489
SWIDTH 600 0
DWIDTH 30 0
BBX 20 24 5 12
BITMAP
F801F0
F801F0
F801F0
F801F0
F801F0
F801F0
F801F0
F801F0
F801F0
F801F0
F801F0
F801F0
F801F0
F801F0
F801F0
F801F0
F801F0
F801F0
FC03F0
7E0FE0
7FFFC0
3FFFC0
1FFF00
03FC00
ENDCHAR
STARTCHAR 1D42
ENCODING 7490
SWIDTH 600 0
DWIDTH 30 0
BBX 32 24 -1 12
BITMAP
F807E01F
F807E01F
7C07E03E
7C07F03E
7C0FF03E
7C0FF03E
3C0FF03C
3E0FF87C
3E1E787C
3E1E787C
1E1E7878
1E1E7878
1F3C3CF8
1F3C3CF8
0F3C3CF0
0F3C3CF0
0FBC3CF0
0FF81FF0
07F81FE0
07F81FE0
07F81FE0
07F00FE0
03F00FC0
03F00FC0
ENDCHAR
STARTCHAR 1D43
ENCODING 7491
SWIDTH 600 0
DWIDTH 30 0
BBX 19 19 6 12
BITMAP
03F000
0FFC00
1FFE00
3E3E00
3C1F00
7C1F00
001F00
001F00
0FFF00
3FFF00
7FFF00
7C1F00
F81F00
F81F00
FC3F00
7EFF00
7FEFE0
3FC7E0
1F83C0
ENDCHAR
STARTCHAR 1D44
ENCODING 7492
SWIDTH 600 0
DWIDTH 30 0
BBX 19 19 5 12
BITMAP
FC3F00
FC7F80
FEFFC0
1FC7C0
1F87C0
1F03E0
1F03E0
1F07C0
1F0FC0
1FFF80
1FFF00
1FF000
1F0000
1F07C0
1F07C0
1F8F80
0FFF80
07FE00
01F800
ENDCHAR
STARTCHAR 1D45
ENCODING 7493
SWIDTH 600 0
DWIDTH 30 0
BBX 18 19 6 12
BITMAP
07C7C0
1FF780
3FFF80
3F3F80
7C0F80
7C0F80
7C0F80
780780
F80780
F80780
F80780
F80780
7C0F80
7C0F80
7C1F80
3F3F80
3FF780
1FF780
07C7C0
ENDCHAR
STARTCHAR 1D46
ENCODING 7494
SWIDTH 600 0
DWIDTH 30 0
BBX 28 19 1 12
BITMAP
07E01F80
1FF87FC0
3FFCFFE0
7E7EF7F0
781FC1F0
001F81F0
001F81F0
000F81F0
FFFF83E0
FFFFFFE0
FFFFFF80
F80FF800
781F8000
781F83E0
7C1F83E0
3E3FC7C0
3FFFFFC0
1FFBFF80
07E0FE00
ENDCHAR
STARTCHAR 1D47
ENCODING 7495
SWIDTH 600 0
DWIDTH 30 0
BBX 18 26 6 12
BITMAP
780000
780000
780000
780000
780000
780000
780000
78FC00
79FE00
7BFF00
7FBF00
7E0F80
7C0F80
7C0F80
780780
7807C0
7807C0
7807C0
780780
780F80
7C0F80
7C0F80
7F3F00
7FFF00
FBFE00
F8F800
ENDCHAR
STARTCHAR 1D48
ENCODING 7496
SWIDTH 600 0
DWIDTH 30 0
BBX 18 26 6 12
BITMAP
000780
000780
000780
000780
000780
000780
000780
07C780
1FF780
3FF780
3F3F80
7C0F80
7C0F80
7C0F80
780780
F80780
F80780
F80780
F80780
7C0F80
7C0F80
7C1F80
3F3F80
3FF780
1FF780
07C7C0
ENDCHAR
STARTCHAR 1D49
ENCODING 7497
SWIDTH 600 0
DWIDTH 30 0
BBX 16 19 7 12
BITMAP
07E0
1FF8
3FFC
7C3E
781E
F81F
F80F
FFFF
FFFF
FFFF
F800
F800
F800
F800
7C1F
7E3E
3FFE
1FF8
07E0
ENDCHAR
STARTCHAR 1D4A
ENCODING 7498
SWIDTH 600 0
DWIDTH 30 0
BBX 16 19 7 12
BITMAP
07E0
1FF8
3FFC
7C7E
F83E
001F
001F
001F
001F
FFFF
FFFF
FFFF
F01F
F81F
781E
7C3E
3FFC
1FF8
07E0
ENDCHAR
STARTCHAR 1D4B
ENCODING 7499
SWIDTH 600 0
DWIDTH 30 0
BBX 14 19 8 12
BITMAP
0FC0
3FF0
7FF8
FC78
F83C
F820
F800
7C00
3F80
1F80
7F80
FC00
F800
F03C
F83C
FCFC
FFF8
7FF0
1FC0
ENDCHAR
STARTCHAR 1D4C
ENCODING 7500
SWIDTH 600 0
DWIDTH 30 0
BBX 14 19 8 12
BITMAP
0FC0
3FF0
7FF8
F8FC
F07C
107C
007C
01F8
07F0
07F0
07F8
007C
007C
F03C
F07C
FCFC
7FFC
3FF0
0FC0
ENDCHAR
STARTCHAR 1D4D
ENCODING 7501
SWIDTH 600 0
DWIDTH 30 0
BBX 18 27 6 4
BITMAP
07C7C0
1FF7C0
3FFF80
3F3F80
7E0F80
7C0F80
7C0F80
780780
F80780
F80780
F80780
780780
7C0F80
7C0F80
7E1F80
3F3F80
3FF780
1FF780
07C780
000780
000780
040F80
7C0F80
3F1F00
3FFF00
1FFC00
07F800
ENDCHAR
STARTCHAR 1D4E
ENCODING 7502
SWIDTH 600 0
DWIDTH 30 0
BBX 4 26 13 5
BITMAP
F0
F0
F0
F0
F0
F0
F0
F0
F0
F0
F0
F0
F0
F0
F0
F0
F0
F0
F0
00
00
00
F0
F0
F0
F0
ENDCHAR
STARTCHAR 1D4F
ENCODING 7503
SWIDTH 600 0
DWIDTH 30 0
BBX 16 26 8 12
BITMAP
F000
F000
F000
F000
F000
F000
F000
F03E
F03E
F07C
F0F8
F1F0
F3E0
F7C0
F7C0
FFC0
FFE0
FFE0
F9F0
F0F0
F0F8
F07C
F07C
F03E
F03E
F01F
ENDCHAR
STARTCHAR 1D50
ENCODING 7504
SWIDTH 600 0
DWIDTH 30 0
BBX 26 19 2 12
BITMAP
F9F03E00
FBFC7F00
FFFCFF80
FFFFFF80
FC3F8FC0
FC3F07C0
F81F07C0
F81F07C0
F81E07C0
F81E07C0
F81E07C0
F81E07C0
F81E07C0
F81E07C0
F81E07C0
F81E07C0
F81E07C0
F81E07C0
F81E07C0
ENDCHAR
STARTCHAR 1D51
ENCODING 7505
SWIDTH 600 0
DWIDTH 30 0
BBX 16 26 7 5
BITMAP
F0F8
F3FC
F7FE
F7FF
FC3F
F81F
F81F
F80F
F80F
F80F
F80F
F80F
F80F
F80F
F80F
F80F
F80F
F80F
F80F
000F
000F
001F
003F
007F
007E
007C
ENDCHAR
STARTCHAR 1D52
ENCODING 7506
SWIDTH 600 0
DWIDTH 30 0
BBX 18 19 6 12
BITMAP
03F800
0FFE00
3FFF00
3F3F80
7C0F80
7C0780
F807C0
F807C0
F807C0
F807C0
F807C0
F807C0
F807C0
7C0F80
7C0F80
3F3F00
3FFF00
0FFC00
07F000
ENDCHAR
STARTCHAR 1D53
ENCODING 7507
SWIDTH 600 0
DWIDTH 30 0
BBX 16 19 7 12
BITMAP
0FE0
3FF8
7FFC
7EFE
F83E
F81F
001F
001F
001F
001F
001F
001F
F01F
F81F
F83E
7EFE
3FFC
1FF8
07E0
ENDCHAR
STARTCHAR 1D54
ENCODING 7508
SWIDTH 600 0
DWIDTH 30 0
BBX 18 10 6 21
BITMAP
03F800
0FFE00
3FFF00
3F3F00
7C0F80
7C0F80
F807C0
F807C0
F807C0
F807C0
ENDCHAR
STARTCHAR 1D55
ENCODING 7509
SWIDTH 600 0
DWIDTH 30 0
BBX 18 10 6 12
BITMAP
F807C0
F807C0
F807C0
F807C0
7C0F80
7C0F80
3F3F00
3FFF00
0FFE00
03F000
ENDCHAR
STARTCHAR 1D56
ENCODING 7510
SWIDTH 600 0
DWIDTH 30 0
BBX 18 26 6 5
BITMAP
F8FC00
FBFE00
7BFF00
7F3F00
7C1F80
7C0F80
7C0F80
780780
7807C0
7807C0
7807C0
780780
780F80
7C0F80
7C0F80
7F3F00
7BFF00
7BFE00
78F800
780000
780000
780000
780000
780000
780000
780000
ENDCHAR
STARTCHAR 1D57
ENCODING 7511
SWIDTH 600 0
DWIDTH 30 0
BBX 10 23 10 12
BITMAP
0E00
1E00
1E00
3E00
FFC0
FFC0
FFC0
3E00
3E00
3E00
3E00
3E00
3E00
3E00
3E00
3E00
3E00
3E00
3E00
3F00
3FC0
1FC0
0FC0
ENDCHAR
STARTCHAR 1D58
ENCODING 7512
SWIDTH 600 0
DWIDTH 30 0
BBX 16 19 7 12
BITMAP
F01F
F01F
F01F
F01F
F01F
F01F
F01F
F01F
F01F
F01F
F01F
F01F
F81F
F81F
FC3F
FFEF
7FEF
3FCF
1F0F
ENDCHAR
STARTCHAR 1D59
ENCODING 7513
SWIDTH 600 0
DWIDTH 30 0
BBX 18 17 6 12
BITMAP
FFFFC0
FFFFC0
FFFFC0
FFFFC0
FFFFC0
000F00
000380
000380
0001C0
0001C0
0003C0
0007C0
FFFFC0
FFFFC0
FFFF80
FFFF00
FFFC00
ENDCHAR
STARTCHAR 1D5A
ENCODING 7514
SWIDTH 600 0
DWIDTH 30 0
BBX 26 19 2 12
BITMAP
F81E07C0
F81E07C0
F81E07C0
F81E07C0
F81E07C0
F81E07C0
F81E07C0
F81E07C0
F81E07C0
F81E07C0
F81E07C0
F83E07C0
F83E07C0
F83F0FC0
FC7F0FC0
7FFFFFC0
7FCFFFC0
3F8FF7C0
1F07E7C0
ENDCHAR
STARTCHAR 1D5B
ENCODING 7515
SWIDTH 600 0
DWIDTH 30 0
BBX 18 19 6 12
BITMAP
F807C0
F807C0
780780
7C0F80
7C0F80
3C0F00
3E1F00
3E1F00
1E1E00
1E1E00
1F3E00
0F3C00
0F3C00
0FFC00
07F800
07F800
07F800
03F000
03F000
ENDCHAR
STARTCHAR 1D5C
ENCODING 7516
SWIDTH 600 0
DWIDTH 30 0
BBX 20 19 5 12
BITMAP
01F800
07FE00
0FFF00
0FFF00
1FFF80
1FFF80
1FFF80
0FFF00
0FFF00
07FE00
07FE00
03FC00
01F800
03FC00
43FC20
7FFFE0
FF9FF0
FF0FF0
3E07C0
ENDCHAR
STARTCHAR 1D5D
ENCODING 7517
SWIDTH 600 0
DWIDTH 30 0
BBX 18 33 6 5
BITMAP
07F000
1FFC00
3FFE00
7FFE00
7C1F00
781F00
F80F00
F80F00
F81F00
F81E00
F87E00
F8FC00
F8F800
F8FE00
F8FF00
F80F80
F80F80
F807C0
F807C0
F807C0
F807C0
F80F80
FF3F80
FFFF00
FFFE00
F9F800
F80000
F80000
F80000
F80000
F80000
F80000
F80000
ENDCHAR
STARTCHAR 1D5E
ENCODING 7518
SWIDTH 600 0
DWIDTH 30 0
BBX 18 26 6 5
BITMAP
F807C0
F807C0
780780
7C0F80
7C0F80
3C0F00
3E1F00
3E1F00
1E1E00
1F1E00
0F3C00
0F3C00
0FBC00
07F800
07F800
07F800
03F000
03F000
01E000
03E000
03E000
03E000
03C000
07C000
07C000
07C000
ENDCHAR
STARTCHAR 1D5F
ENCODING 7519
SWIDTH 600 0
DWIDTH 30 0
BBX 18 26 6 12
BITMAP
1FFF80
1FFF80
1FFF80
0F8000
0FC000
07E000
03F000
01F800
03FC00
07FE00
1FBF00
3E1F00
7C0F80
7C0F80
F807C0
F807C0
F807C0
F807C0
F807C0
F807C0
780F80
7C0F80
7F3F00
3FFF00
1FFC00
07F000
ENDCHAR
STARTCHAR 1D60
ENCODING 7520
SWIDTH 600 0
DWIDTH 30 0
BBX 22 26 4 5
BITMAP
030F80
0F1FE0
3F3FF0
3E7CF8
7C7878
787878
F8787C
F8787C
F8787C
F8787C
F8787C
F8787C
F87878
7878F8
7C78F8
3F7BF0
3FFFE0
0FFFC0
03FF00
007800
007800
007800
007800
007800
007800
007800
ENDCHAR
STARTCHAR 1D61
ENCODING 7521
SWIDTH 600 0
DWIDTH 30 0
BBX 18 26 6 5
BITMAP
F807C0
FC0F80
FE0F80
FF1F00
1F1F00
0F3E00
0FBE00
07BC00
07FC00
03F800
03F000
01F000
01F000
03F800
07F800
07F800
0FBC00
0F3C00
1F3E00
1E1E00
3E1F00
3C0F00
7C0F80
7C0780
F807C0
F807C0
ENDCHAR
STARTCHAR 1D62
ENCODING 7522
SWIDTH 600 0
DWIDTH 30 0
BBX 4 26 13 -3
BITMAP
F0
F0
F0
F0
00
00
00
F0
F0
F0
F0
F0
F0
F0
F0
F0
F0
F0
F0
F0
F0
F0
F0
F0
F0
F0
ENDCHAR
STARTCHAR 1D63
ENCODING 7523
SWIDTH 600 0
DWIDTH 30 0
BBX 10 19 10 -3
BITMAP
F1C0
F3C0
F7C0
FFC0
FE00
FC00
F800
F800
F800
F800
F800
F800
F800
F800
F800
F800
F800
F800
F800
ENDCHAR
STARTCHAR 1D64
ENCODING 7524
SWIDTH 600 0
DWIDTH 30 0
BBX 16 19 7 -3
BITMAP
F01F
F01F
F01F
F01F
F01F
F01F
F01F
F01F
F01F
F01F
F01F
F01F
F81F
F81F
FC3F
FFEF
7FEF
3FCF
1F0F
ENDCHAR
STARTCHAR 1D65
ENCODING 7525
SWIDTH 600 0
DWIDTH 30 0
BBX 18 19 6 -3
BITMAP
F807C0
F807C0
780780
7C0F80
7C0F80
3C0F00
3E1F00
3E1F00
1E1E00
1E1E00
1F3E00
0F3C00
0F3C00
0FFC00
07F800
07F800
07F800
03F000
03F000
ENDCHAR
STARTCHAR 1D66
ENCODING 7526
SWIDTH 600 0
DWIDTH 30 0
BBX 18 34 6 -11
BITMAP
07F000
1FFC00
3FFE00
7FFF00
7C1F00
7C1F00
F80F00
F81F00
F81F00
F83E00
F8FC00
F8F800
F8FC00
F8FF00
F81F00
F80F80
F80780
F807C0
F807C0
F807C0
F80780
F80F80
FF3F80
FFFF00
FFFE00
F9F800
F80000
F80000
F80000
F80000
F80000
F80000
F80000
F80000
ENDCHAR
STARTCHAR 1D67
ENCODING 7527
SWIDTH 600 0
DWIDTH 30 0
BBX 18 26 6 -10
BITMAP
F807C0
F807C0
780780
7C0F80
7C0F80
3C0F00
3E1F00
3E1F00
1E1E00
1F1E00
0F3C00
0F3C00
0FBC00
07F800
07F800
07F800
03F000
03F000
01E000
03E000
03E000
03E000
03C000
07C000
07C000
07C000
ENDCHAR
STARTCHAR 1D68
ENCODING 7528
SWIDTH 600 0
DWIDTH 30 0
BBX 18 26 6 -10
BITMAP
03F800
0FFE00
1FFF00
3F3F80
7C0F80
780F80
F807C0
F807C0
F807C0
F807C0
F807C0
F807C0
F80780
FC0F80
FE1F80
FFFF00
F7FE00
73F800
780000
7C0000
7F0000
3FFE00
1FFF80
0FFF80
03FFC0
0007C0
ENDCHAR
STARTCHAR 1D69
ENCODING 7529
SWIDTH 600 0
DWIDTH 30 0
BBX 22 26 4 -10
BITMAP
030F80
0F1FE0
3F3FF0
3E7CF8
7C7878
787878
F8787C
F8787C
F8787C
F8787C
F8787C
F8787C
F87878
7878F8
7C78F8
3F7BF0
3FFFE0
0FFFC0
03FF00
007800
007800
007800
007800
007800
007800
007800
ENDCHAR
STARTCHAR 1D6A
ENCODING 7530
SWIDTH 600 0
DWIDTH 30 0
BBX 18 26 6 -10
BITMAP
F807C0
FC0F80
FE0F80
FF1F00
1F1F00
0F3E00
0FBE00
07BC00
07FC00
03F800
03F000
01F000
01F000
03F800
07F800
07F800
0FBC00
0F3C00
1F3E00
1E1E00
3E1F00
3C0F00
7C0F80
7C0780
F807C0
F807C0
ENDCHAR
STARTCHAR 1D6B
ENCODING 7531
SWIDTH 600 0
DWIDTH 30 0
BBX 29 28 1 -1
BITMAP
00003E00
F81F7F80
F81FFFC0
F81FFFE0
F81FFFE0
F81FC3E0
F81FC1F0
F81F81F0
F81F81F0
F81F81F0
F81F81F0
F81FFFF0
F81FFFF0
F81FFFF0
F81FFFF8
F81F8000
F81F8000
F81F8000
F81F8000
F81F8000
FC3FC180
FC3FC1F0
7E7FE3E0
7FFFFFE0
7FFDFFC0
3FFDFFC0
1FF8FF80
07E03E00
ENDCHAR
STARTCHAR 1D6C
ENCODING 7532
SWIDTH 600 0
DWIDTH 30 0
BBX 30 37 -2 -1
BITMAP
03F00000
03F00000
1FF1C000
3FF3C000
7FF3C000
73FF8000
F3FF8000
E3FE0000
03F00000
03F07E00
03F1FF80
03F3FFC0
03F7FFE0
03F7FFF0
03FE0FF0
03FC07F8
03FC07F8
03F803F8
03F803F8
03F803F8
03F003FC
03F003FC
03F003FC
03F003FC
03F003FC
03F803FC
03F803F8
03F803F8
03F803F8
03FC07F8
03FC07F0
03FE0FF0
03F7FFE0
03F7FFE0
07F3FFC0
07F1FF80
00007E00
ENDCHAR
STARTCHAR 1D6D
ENCODING 7533
SWIDTH 600 0
DWIDTH 30 0
BBX 30 37 2 -1
BITMAP
00003F00
00003F00
0001FF1C
0007FF3C
0007FF38
000F3FF8
000F3FF0
000E3FE0
00003F00
01F83F00
07FE3F00
0FFF3F00
1FFFBF00
3FFFBF00
3FC1FF00
7F80FF00
7F80FF00
7F007F00
7F007F00
7F007F00
FF007F00
FF003F00
FF003F00
FF003F00
FF003F00
FF007F00
7F007F00
7F007F00
7F007F00
7F80FF00
7F80FF00
3FC1FF00
3FFFBF00
1FFFBF00
0FFF3F80
07FE3F80
01F80000
ENDCHAR
STARTCHAR 1D6E
ENCODING 7534
SWIDTH 600 0
DWIDTH 30 0
BBX 24 37 3 0
BITMAP
000FFE
003FFF
00FFFF
00FFFF
01FFFF
01FC00
03FC00
03F800
03F800
03F800
03F800
FFFFFF
FFFFFF
FFFFFF
FFFFFF
FFFFFF
03F800
03F800
03F800
03F800
03F800
03F800
1FF9C0
3FF9C0
7FFFC0
7FFFC0
73FF80
73FF00
03F800
03F800
03F800
03F800
03F800
03F800
03F800
03F800
03F800
ENDCHAR
STARTCHAR 1D6F
ENCODING 7535
SWIDTH 600 0
DWIDTH 30 0
BBX 32 27 -1 0
BITMAP
001E07C0
1F3F8FF0
1F7F9FF0
1F7FDFF8
1FCFF1F8
1FC7F1F8
1F87E1F8
1F87E1F8
1F87E0F8
1F87E0F8
1F87E0F8
3FF7E0F8
7FFFF8FB
FFFFFFFF
FFFFFFFF
FFFFFFFE
FF07E7FE
DF07E0F8
1F07E0F8
1F07E0F8
1F07E0F8
1F07E0F8
1F07E0F8
1F07E0F8
1F07E0F8
1F07E0F8
1F07E0F8
ENDCHAR
STARTCHAR 1D70
ENCODING 7536
SWIDTH 600 0
DWIDTH 30 0
BBX 34 27 -2 0
BITMAP
00007F0000
07F1FFC000
07F3FFE000
07F7FFE000
07F7FFF000
07FF0FF000
07FC07F800
07FC07F800
07F803F800
07F803F800
07F803F800
0FF003F800
3FFE03F9C0
7FFFC3F9C0
7FFFFFFBC0
77FFFFFF80
F7F1FFFF80
E7F03FFF00
07F003FE00
07F003F800
07F003F800
07F003F800
07F003F800
07F003F800
07F003F800
07F003F800
07F003F800
ENDCHAR
STARTCHAR 1D71
ENCODING 7537
SWIDTH 600 0
DWIDTH 30 0
BBX 30 37 -2 -10
BITMAP
00007E00
07F1FF80
07F3FFC0
03F7FFE0
03F7FFF0
03FE0FF0
03FC07F8
03FC07F8
03F803F8
03F803F8
03F803F8
03F803FC
03F003FC
03F003FC
03F003FC
03F003FC
03F003FC
03F803F8
03F803F8
03F803F8
03FC07F8
03FC07F0
03FE0FF0
03F7FFF0
03F7FFE0
03F3FFC0
03F1FF80
03F07E00
03F00000
1FF1C000
3FF3C000
7FFFC000
7FFF8000
F3FF8000
E3FE0000
03F00000
03F00000
ENDCHAR
STARTCHAR 1D72
ENCODING 7538
SWIDTH 600 0
DWIDTH 30 0
BBX 25 27 1 0
BITMAP
00007F80
0FE1FF80
0FE3FF80
0FE7FF80
07E7FF80
07EFFF80
07FF8000
07FE0000
07FC0000
07FC0000
07F80000
07F80000
3FFB8000
7FF38000
7FF38000
FFFF8000
F7FF8000
E7FF0000
E7FE0000
07F00000
07F00000
07F00000
07F00000
07F00000
07F00000
07F00000
07F00000
ENDCHAR
STARTCHAR 1D73
ENCODING 7539
SWIDTH 600 0
DWIDTH 30 0
BBX 25 27 1 0
BITMAP
0003FF80
001FFF80
003FFF80
00FFFF80
00FFFF80
01FFFF80
03FF0000
03FC0000
03F80000
07F80000
07F00000
07F00000
07F00000
3FF38000
7FF38000
FFFF8000
FFFF8000
E7FF0000
E7FE0000
07F00000
07F00000
07F00000
07F00000
07F00000
07F00000
07F00000
07F00000
ENDCHAR
STARTCHAR 1D74
ENCODING 7540
SWIDTH 600 0
DWIDTH 30 0
BBX 28 28 1 -1
BITMAP
003FE000
01FFF800
07FFFE00
07FFFF00
0FFFFF00
1FE07F80
1FC01F80
1F801F00
1FC00000
1FC00000
1FF80000
3FFF80F0
7FFFF8E0
7FFFFFE0
F3FFFFE0
F07FFFC0
F00FFFC0
00007FC0
00001FC0
00001FC0
07000FC0
3F801FC0
3FC03F80
1FFFFF80
0FFFFF00
07FFFE00
03FFFC00
007FE000
ENDCHAR
STARTCHAR 1D75
ENCODING 7541
SWIDTH 600 0
DWIDTH 30 0
BBX 22 34 3 -1
BITMAP
01F000
01F000
01F000
03F000
03F000
03F000
07F000
7FFFF8
7FFFF8
7FFFF8
7FFFF8
7FFFF8
07F000
07F000
07F000
07F000
07F000
07F000
07F000
3FF380
7FF380
FFFF80
FFFF80
E7FF00
E7FE00
07F000
07F000
07F000
07F800
07FFFC
03FFFC
01FFFC
00FFFC
003FF8
ENDCHAR
STARTCHAR 1D76
ENCODING 7542
SWIDTH 600 0
DWIDTH 30 0
BBX 23 26 3 0
BITMAP
7FFFFC
7FFFFC
7FFFFC
7FFFFC
7FFFFC
0003FC
0007F8
000FF0
001FE0
001FC0
1F3F8E
7FFF0E
7FFF9E
FFFFFE
F3FFFC
E3FBFC
07F0F0
0FE000
1FC000
3FC000
7F8000
FFFFFE
FFFFFE
FFFFFE
FFFFFE
FFFFFE
ENDCHAR
STARTCHAR 1D77
ENCODING 7543
SWIDTH 600 0
DWIDTH 30 0
BBX 24 37 3 -10
BITMAP
00FF00
07FFE0
0FFFF0
1FFFF8
3FFFFC
7F81FC
7F01FE
FE00F0
FE0000
FE0000
FE0000
FE0FC0
FE7FF0
FEFFF8
FEFFFC
FFFFFC
FF83FE
FF01FE
FF00FE
FE00FF
FE007F
FE007F
FE007F
FE007F
FE007F
FE007F
FE007F
FE00FF
FE00FF
FF00FE
FF01FE
FF83FE
FFFFFC
FFFFFC
FEFFF8
FC7FE0
FC1F80
ENDCHAR
STARTCHAR 1D78
ENCODING 7544
SWIDTH 600 0
DWIDTH 30 0
BBX 16 18 7 12
BITMAP
F00F
F00F
F00F
F00F
F00F
F00F
F00F
FFFF
FFFF
FFFF
FFFF
F00F
F00F
F00F
F00F
F00F
F00F
F00F
ENDCHAR
STARTCHAR 1D79
ENCODING 7545
SWIDTH 600 0
DWIDTH 30 0
BBX 26 36 2 -10
BITMAP
3FFFFF00
3FFFFF00
3FFFFF00
3FFFFF00
3FFFFF00
0001FE00
0003F800
000FF000
003FC000
003F8000
007F8000
003FC000
007FF000
03FFF800
0FFFFC00
1FFFFE00
3FC0FF00
7F003F80
7F003F80
FE001FC0
FE001FC0
FC000FC0
FC000FC0
FC000FC0
FC000FC0
FC000FC0
FE001FC0
FE001FC0
7E001F80
7F003F80
3FC0FF00
3FFFFF00
1FFFFE00
0FFFFC00
03FFF000
007F8000
ENDCHAR
STARTCHAR 1D7A
ENCODING 7546
SWIDTH 600 0
DWIDTH 30 0
BBX 28 38 1 -1
BITMAP
00000E00
001F0E00
001F1C00
001F1C00
001F3800
0E1F3000
1E1F7000
1E1F6000
1E1FE000
1E1FC000
3E1FCF00
FFDFBFC0
FFDFBFC0
FFDF7FE0
FFDF7FE0
FFDFC7F0
3E1FC3F0
3E1F81F0
3E1F81F0
3E3F01F0
3E7F01F0
3E7F01F0
3EFF01F0
3EFF01F0
3FDF01F0
3F9F01F0
3F9F01F0
3F1F01F0
3F1F01F0
3E1F01F0
3E1F01F0
3F1F01F0
3FDF01F0
3FDF01F0
3FDF01F0
7FDF01F0
7FDF01F0
E0000000
ENDCHAR
STARTCHAR 1D7B
ENCODING 7547
SWIDTH 600 0
DWIDTH 30 0
BBX 12 26 9 0
BITMAP
1F80
1F80
1F80
1F80
1F80
1F80
1F80
1F80
1F80
1F80
FFF0
FFF0
FFF0
FFF0
FFF0
1F80
1F80
1F80
1F80
1F80
1F80
1F80
1F80
1F80
1F80
1F80
ENDCHAR
STARTCHAR 1D7C
ENCODING 7548
SWIDTH 600 0
DWIDTH 30 0
BBX 12 26 9 0
BITMAP
1F80
1F80
1F80
1F80
1F80
1F80
1F80
1F80
1F80
1F80
FFF0
FFF0
FFF0
FFF0
FFF0
1F80
1F80
1F80
1F80
1F80
1F80
1F80
1F80
1F80
1F80
1F80
ENDCHAR
STARTCHAR 1D7D
ENCODING 7549
SWIDTH 600 0
DWIDTH 30 0
BBX 30 37 0 -10
BITMAP
0001F800
1FC7FE00
1FCFFF00
0FDFFF80
0FDFFFC0
0FF83FC0
0FF01FE0
0FF01FE0
0FE00FE0
0FE00FE0
0FE00FE0
FFFFFFFC
FFFFFFFC
FFFFFFFC
FFFFFFFC
FFFFFFFC
0FE00FE0
0FE00FE0
0FE00FE0
0FE00FE0
0FF01FE0
0FF01FC0
0FF83FC0
0FDFFF80
0FDFFF80
0FCFFF00
0FC7FE00
0FC1F800
0FC00000
0FC00000
0FC00000
0FC00000
0FC00000
0FC00000
0FC00000
0FC00000
0FC00000
ENDCHAR
STARTCHAR 1D7E
ENCODING 7550
SWIDTH 600 0
DWIDTH 30 0
BBX 28 27 1 -1
BITMAP
3F801FC0
3F801FC0
3F801FC0
3F801FC0
3F801FC0
3F801FC0
3F801FC0
3F801FC0
3F801FC0
3F801FC0
FFFFFFF0
FFFFFFF0
FFFFFFF0
FFFFFFF0
FFFFFFF0
3F801FC0
3F801FC0
3F801FC0
1FC03FC0
1FC03F80
1FE07F80
0FFFFF00
0FFFFF00
07FFFE00
03FFFC00
01FFF800
003FC000
ENDCHAR
STARTCHAR 1D7F
ENCODING 7551
SWIDTH 600 0
DWIDTH 30 0
BBX 30 27 0 -1
BITMAP
3FF87FF0
3FF87FF0
3FF87FF0
3FF87FF0
3FF87FF0
01F03E00
03E01F00
07C00F80
0FC00FC0
0F8007C0
1F8007E0
FFFFFFFC
FFFFFFFC
FFFFFFFC
FFFFFFFC
FFFFFFFC
3F8007F0
3F8007F0
3FC00FE0
1FC00FE0
1FE01FE0
0FF03FC0
0FFFFFC0
07FFFF80
03FFFF00
00FFFC00
001FE000
ENDCHAR
STARTCHAR 1D80
ENCODING 7552
SWIDTH 600 0
DWIDTH 30 0
BBX 25 46 3 -10
BITMAP
7E000000
7E000000
7E000000
7E000000
7E000000
7E000000
7E000000
7E000000
7E000000
7E0FC000
7E3FF000
7E7FF800
7EFFFC00
7EFFFE00
7FC1FE00
7F80FF00
7F80FF00
7F007F00
7F007F00
7F007F00
7E007F80
7E007F80
7E007F80
7E007F80
7E007F80
7F007F00
7F007F00
7F007F00
7F007F00
7F80FF00
7F80FE00
7FC1FE00
7EFFFC00
7EFFFC00
FE7FFC00
FE3FFC00
000FFC00
0000FC00
0000FC00
0000FC00
0001FC00
001FFC00
001FFC00
001FF800
001FF000
001FC000
ENDCHAR
STARTCHAR 1D81
ENCODING 7553
SWIDTH 600 0
DWIDTH 30 0
BBX 27 46 2 -10
BITMAP
00003F00
00003F00
00003F00
00003F00
00003F00
00003F00
00003F00
00003F00
00003F00
01F83F00
07FE3F00
0FFF3F00
1FFFBF00
3FFFBF00
3FC1FF00
7F80FF00
7F80FF00
7F007F00
7F007F00
7F007F00
FF007F00
FF003F00
FF003F00
FF003F00
FF003F00
FF007F00
7F007F00
7F007F00
7F007F00
7F80FF00
7F80FF00
3FC1FF00
3FFFBFE0
1FFFBFE0
0FFF3FE0
07FE3FE0
01F807E0
000007E0
000007E0
000007E0
00011FE0
0001FFE0
0001FFC0
0001FFC0
0001FF80
0001FE00
ENDCHAR
STARTCHAR 1D82
ENCODING 7554
SWIDTH 600 0
DWIDTH 30 0
BBX 24 47 3 -10
BITMAP
000FFE
003FFF
00FFFF
00FFFF
01FFFF
01FC00
03FC00
03F800
03F800
03F800
03F800
FFFFFF
FFFFFF
FFFFFF
FFFFFF
FFFFFF
03F800
03F800
03F800
03F800
03F800
03F800
03F800
03F800
03F800
03F800
03F800
03F800
03F800
03F800
03F800
03F800
03F800
03FF00
03FF00
03FF00
03FF00
007F00
007F00
007F00
007E00
00FE00
0FFE00
0FFE00
0FFC00
0FF800
0FE000
ENDCHAR
STARTCHAR 1D83
ENCODING 7555
SWIDTH 600 0
DWIDTH 30 0
BBX 29 37 1 -10
BITMAP
03E00000
0FF8FC00
1FFCFC00
3FFEFC00
3FFEFC00
7F87FC00
7F03FC00
7E03FC00
FE01FC00
FE01FC00
FE01FC00
FC01FC00
FC01FC00
FC01FC00
FC01FC00
FC01FC00
FE01FC00
FE01FC00
FE01FC00
7E03FC00
7F03FFF8
7F87FFF8
3FFFFFF8
3FFFFFF8
1FFDFFF8
0FF9FCF8
07E1FCF8
0001FCF8
0001F8F8
0601F9F8
7E01FFF8
7F03FFF8
3F87F7F0
3FFFE7F0
1FFFC7C0
07FF8000
01FE0000
ENDCHAR
STARTCHAR 1D84
ENCODING 7556
SWIDTH 600 0
DWIDTH 30 0
BBX 25 46 4 -10
BITMAP
FE000000
FE000000
FE000000
FE000000
FE000000
FE000000
FE000000
FE000000
FE000000
FE000000
FE00FE00
FE01FC00
FE03FC00
FE07F800
FE0FF000
FE0FE000
FE1FC000
FE3F8000
FE7F0000
FEFE0000
FFFE0000
FFFF0000
FFFF0000
FFFF8000
FFBF8000
FF1FC000
FE1FE000
FE0FE000
FE07F000
FE07F800
FE03F800
FE03FC00
FE01FF80
FE00FF80
FE00FF80
FE007F80
00003F80
00003F80
00003F80
00003F80
00007F00
0007FF00
0007FF00
0007FE00
0007FC00
0007F000
ENDCHAR
STARTCHAR 1D85
ENCODING 7557
SWIDTH 600 0
DWIDTH 30 0
BBX 12 46 9 -10
BITMAP
3F80
3F80
3F80
3F80
3F80
3F80
3F80
3F80
3F80
3F80
3F80
3F80
3F80
3F80
3F80
3F80
3F80
3F80
3F80
3F80
3F80
3F80
3F80
3F80
3F80
3F80
3F80
3F80
3F80
3F80
3F80
3FF0
3FF0
3FF0
3FF0
3FF0
03F0
03F0
03F0
03F0
8FF0
FFE0
FFE0
FFC0
FF80
FE00
ENDCHAR
STARTCHAR 1D86
ENCODING 7558
SWIDTH 600 0
DWIDTH 30 0
BBX 28 37 2 -10
BITMAP
00F83E00
F9FC7F00
FBFCFF80
FFFEFFC0
FFFFDFC0
FE3F8FC0
FC3F0FC0
FC3F0FC0
FC3F07C0
FC3F07C0
F83F07C0
F83F07C0
F83F07C0
F83F07C0
F83F07C0
F83F07C0
F83F07C0
F83F07C0
F83F07C0
F83F07C0
F83F07C0
F83F07C0
F83F07C0
F83F07F0
F83F07F0
F83F07F0
F83F07F0
000001F0
000001F0
000003F0
000003F0
000007F0
00007FF0
00007FE0
00007FE0
00007FC0
00007F00
ENDCHAR
STARTCHAR 1D87
ENCODING 7559
SWIDTH 600 0
DWIDTH 30 0
BBX 26 37 3 -10
BITMAP
0007E000
FE1FF800
FE7FFC00
FE7FFE00
FEFFFE00
FFE1FE00
FFC0FF00
FF807F00
FF007F00
FF007F00
FF007F00
FE007F00
FE007F00
FE007F00
FE007F00
FE007F00
FE007F00
FE007F00
FE007F00
FE007F00
FE007F00
FE007F00
FE007F00
FE007FC0
FE007FC0
FE007FC0
FE007FC0
00001FC0
00001FC0
00001FC0
00001FC0
00003F80
0003FF80
0003FF80
0003FF00
0003FE00
0003F800
ENDCHAR
STARTCHAR 1D88
ENCODING 7560
SWIDTH 600 0
DWIDTH 30 0
BBX 25 37 3 -10
BITMAP
000FC000
FE3FF000
FE7FF800
7EFFFC00
7EFFFE00
7FC1FE00
7F80FF00
7F80FF00
7F007F00
7F007F00
7F007F00
7F007F80
7E007F80
7E007F80
7E007F80
7E007F80
7E007F00
7F007F00
7F007F00
7F007F00
7F00FF00
7F80FE00
7FC1FE00
7FFFFC00
7EFFFC00
7E7FFC00
7E3FFC00
7E0FFC00
7E00FC00
7E00FC00
7E00FC00
7E01FC00
7E1FFC00
7E1FFC00
7E1FF800
7E1FF000
7E1FC000
ENDCHAR
STARTCHAR 1D89
ENCODING 7561
SWIDTH 600 0
DWIDTH 30 0
BBX 22 37 4 -10
BITMAP
0003FC
7F0FFC
7F1FFC
7F3FFC
3F7FFC
3FFFFC
3FFC00
3FF000
3FE000
3FE000
3FC000
3FC000
3F8000
3F8000
3F8000
3F8000
3F8000
3F8000
3F8000
3F8000
3F8000
3F8000
3F8000
3FF000
3FF000
3FF000
3FF000
03F000
03F000
03F000
07F000
8FF000
FFE000
FFE000
FFC000
FF8000
FE0000
ENDCHAR
STARTCHAR 1D8A
ENCODING 7562
SWIDTH 600 0
DWIDTH 30 0
BBX 24 37 3 -10
BITMAP
00FF80
07FFE0
1FFFF8
3FFFFC
3FFFFC
7F00FE
7E007E
7E007C
7F0000
7F8000
7FF000
3FFF00
3FFFE0
1FFFF8
07FFFC
01FFFE
001FFF
0001FF
00007F
00003F
1C003F
FE007F
FF007F
7FFFFF
3FFFFF
1FFFFF
0FFFFF
01FFBF
00003F
00003F
00003F
0008FF
000FFE
000FFE
000FFC
000FF8
000FF0
ENDCHAR
STARTCHAR 1D8B
ENCODING 7563
SWIDTH 600 0
DWIDTH 30 0
BBX 24 46 2 -10
BITMAP
001FE0
007FE0
00FFE0
01FFE0
01FFE0
03FE20
03F800
03F800
03F800
03F800
03F800
03F800
03F800
03F800
03F800
03F800
03F800
03F800
03F800
03F800
03F800
03F800
03F800
03F800
03F800
03F800
03F800
03F800
03F800
03FFFF
03FFFF
03FFFF
03FFFF
03FFFF
03F83F
03F83F
03F83F
03F83F
03F83F
07F83E
8FF3FE
FFF3FE
FFF3FC
FFE3FC
FFC3F0
FE0000
ENDCHAR
STARTCHAR 1D8C
ENCODING 7564
SWIDTH 600 0
DWIDTH 30 0
BBX 28 36 1 -10
BITMAP
FE0007F0
FF000FF0
7F000FE0
7F000FE0
7F801FC0
3F801FC0
3F801FC0
1FC03F80
1FC03F80
1FC03F00
0FE07F00
0FE07F00
07E07E00
07F0FE00
07F0FC00
03F1FC00
03F9FC00
03F9F800
01F9F800
01FBF000
00FFF000
00FFF000
00FFFF00
007FFF00
007FFF00
007FFF00
00003F00
00003F00
00003F00
00007E00
0008FE00
000FFE00
000FFE00
000FFC00
000FF800
000FE000
ENDCHAR
STARTCHAR 1D8D
ENCODING 7565
SWIDTH 600 0
DWIDTH 30 0
BBX 27 36 2 -10
BITMAP
FE003FC0
7F003F80
3F807F00
3F80FF00
1FC0FE00
0FE1FC00
07F3F800
07F3F800
03FFF000
01FFE000
00FFC000
00FFC000
007F8000
00FFC000
00FFC000
01FFE000
03FFF000
07F3F800
07F3F800
0FE1FC00
1FC0FE00
1FC0FE00
3F807FE0
7F003FE0
FF003FE0
FE001FE0
000007E0
000007E0
000007E0
000007E0
00011FE0
0001FFC0
0001FFC0
0001FF80
0001FF00
0001FC00
ENDCHAR
STARTCHAR 1D8E
ENCODING 7566
SWIDTH 600 0
DWIDTH 30 0
BBX 23 36 3 -10
BITMAP
7FFFFC
7FFFFC
7FFFFC
7FFFFC
7FFFFC
0003FC
0007F8
000FF0
001FE0
003FC0
007F80
007F00
00FF00
01FE00
03FC00
07F800
0FF000
1FE000
1FC000
3FC000
7F8000
FFFFFE
FFFFFE
FFFFFE
FFFFFE
FFFFFE
00007E
00007E
00007E
00007E
0000FE
000FFE
000FFC
000FFC
000FF8
000FE0
ENDCHAR
STARTCHAR 1D8F
ENCODING 7567
SWIDTH 600 0
DWIDTH 30 0
BBX 31 37 3 -10
BITMAP
01FF0000
07FFC000
1FFFE000
1FFFF000
3FEFF800
7F83F800
7F01FC00
7F01FC00
0001FC00
0001FC00
0001FC00
03FFFC00
1FFFFC00
3FFFFC00
7FFFFC00
FF01FC00
FE01FC00
FE01FC00
FE01FC00
FE01FC00
FE03FC00
FE07FC00
FF0FFC00
FFFFFE00
7FFEFFC0
7FFC7FC0
3FF87FC0
0FE03FC0
00000FC0
00000FC0
00000FC0
00000FE0
00000FFE
00000FFE
000007FE
000003FE
000000FE
ENDCHAR
STARTCHAR 1D90
ENCODING 7568
SWIDTH 600 0
DWIDTH 30 0
BBX 34 37 1 -10
BITMAP
01FC000000
07FE1F8000
0FFF9F8000
1FFF9F8000
3FFFDF8000
3FC0FF8000
7F807F8000
7F807F8000
7F003F8000
7F003F8000
FF003F8000
FF003F8000
FF001F8000
FE001F8000
FE001F8000
FE003F8000
FF003F8000
FF003F8000
7F003F8000
7F003F8000
7F807F8000
7F807F8000
3FC0FF8000
3FFFDFF000
1FFF9FF000
0FFF9FF000
07FE1FF000
01F803F000
000003F000
000003F000
000003F000
000003FC40
000003FFC0
000001FFC0
000001FFC0
000000FFC0
0000003FC0
ENDCHAR
STARTCHAR 1D91
ENCODING 7569
SWIDTH 600 0
DWIDTH 30 0
BBX 31 46 1 -10
BITMAP
000001FE
000007FE
00000FFE
00001FFE
00001FFE
00001FC0
00003FC0
00003F80
00003F80
01FC3F80
07FF3F80
0FFFBF80
1FFFFF80
3FFFFF80
3FC0FF80
7F807F80
7F807F80
7F003F80
7F003F80
FF003F80
FF003F80
FF001F80
FE001F80
FE001F80
FE003F80
FF003F80
FF003F80
7F003F80
7F003F80
7F807F80
7F807F80
3FC0FF80
3FFFFF80
1FFFFF80
0FFFBF80
07FF3F80
01F83F80
00003F80
00003F80
00001FC0
00001FE2
00001FFE
00001FFE
00000FFE
000007FE
000001FE
ENDCHAR
STARTCHAR 1D92
ENCODING 7570
SWIDTH 600 0
DWIDTH 30 0
BBX 30 37 2 -10
BITMAP
007F8000
03FFE000
07FFF000
0FFFF800
1FF3FC00
3FC0FE00
3F807E00
7F007F00
7F003F00
7F003F00
7F003F00
7FFFFF00
FFFFFF00
FFFFFF80
FFFFFF80
FF000000
7F000000
7F000000
7F000000
7F000000
7F803F00
3F807F00
3FC0FF00
1FFFFF00
0FFFFF00
07FFFF00
03FFFF00
007FBF00
00003F00
00003F00
00003F80
00001FC4
00001FFC
00001FFC
00000FFC
000007FC
000001FC
ENDCHAR
STARTCHAR 1D93
ENCODING 7571
SWIDTH 600 0
DWIDTH 30 0
BBX 30 37 2 -10
BITMAP
01FF8000
07FFF000
1FFFF800
3FFFFC00
3FE3FE00
7F807E00
7F003F00
7F003F00
7F000000
3F800000
3FE00000
1FFF0000
07FF0000
07FF0000
1FFF0000
3FF80000
7F800000
7F000000
FF000000
FE001C00
FE003F80
FF007F80
7F80FF80
7FFFFF80
3FFFFF80
1FFFFF80
07FFFF80
00FF9F80
00001F80
00001F80
00001F80
00001FC0
00001FFC
00000FFC
00000FFC
000007FC
000001FC
ENDCHAR
STARTCHAR 1D94
ENCODING 7572
SWIDTH 600 0
DWIDTH 30 0
BBX 24 37 3 -10
BITMAP
00FF80
07FFF0
0FFFFC
1FFFFE
3FE7FE
7F00FE
7E007F
7E007F
00007E
0000FE
0003FC
007FF8
007FE0
007FF0
007FFC
000FFE
0000FF
00007F
00007F
1C007F
FE007F
FE007F
FF80FF
FFFFFE
FFFFFE
FFFFFC
FFFFF0
FDFF80
FC0000
FC0000
FC0000
FF1000
7FF000
7FF000
3FF000
1FF000
0FF000
ENDCHAR
STARTCHAR 1D95
ENCODING 7573
SWIDTH 600 0
DWIDTH 30 0
BBX 30 37 1 -10
BITMAP
01FE0000
07FF8000
0FFFC000
1FFFE000
3FFFF000
3F87F000
7F03F800
3E03F800
0001F800
0001FC00
0001FC00
0001FC00
0001FC00
FFFFFFE0
FFFFFFE0
7FFFFFE0
7FFFFFE0
7E01FFE0
7E01FFE0
7E01FFE0
7F03FFE0
3F03FFE0
3F83F7E0
1FCFF7E0
1FFFE7E0
0FFFC7E0
07FF87E0
01FC07E0
000007E0
000007E0
000007E0
000007F0
000007FC
000007FC
000003FC
000001FC
000000FC
ENDCHAR
STARTCHAR 1D96
ENCODING 7574
SWIDTH 600 0
DWIDTH 30 0
BBX 15 46 12 -10
BITMAP
FC00
FC00
FC00
FC00
FC00
0000
0000
0000
0000
0000
FC00
FC00
FC00
FC00
FC00
FC00
FC00
FC00
FC00
FC00
FC00
FC00
FC00
FC00
FC00
FC00
FC00
FC00
FC00
FC00
FC00
FC00
FF80
FF80
FF80
FF80
1F80
1F80
1F80
1F80
1FE2
0FFE
0FFE
07FE
03FE
00FE
ENDCHAR
STARTCHAR 1D97
ENCODING 7575
SWIDTH 600 0
DWIDTH 30 0
BBX 24 37 3 -10
BITMAP
00FF00
07FFC0
0FFFF0
1FFFF8
3FFFFC
7F83FC
7F01FE
FE00FE
FE00FF
FE007F
00007F
00007F
00007F
00007F
00007F
00007F
00007F
00007F
00007F
FE00FF
FE00FE
FF01FE
FF83FC
FFFFFC
FFFFF8
FFFFF0
FFFFC0
FCFF00
FC0000
FC0000
FC0000
FF1000
7FF000
7FF000
3FF000
1FF000
0FF000
ENDCHAR
STARTCHAR 1D98
ENCODING 7576
SWIDTH 600 0
DWIDTH 30 0
BBX 19 46 6 -10
BITMAP
001FE0
007FE0
00FFE0
01FFE0
01FFE0
03FE20
03F800
03F800
03F800
03F800
03F800
03F800
03F800
03F800
03F800
03F800
03F800
03F800
03F800
03F800
03F800
03F800
03F800
03F800
03F800
03F800
03F800
03F800
03F800
03F800
03F800
07F800
07F000
FFF000
FFF000
FFE000
FFC000
FF0000
F80000
FC0000
FE2000
FFE000
7FE000
7FE000
3FE000
0FE000
ENDCHAR
STARTCHAR 1D99
ENCODING 7577
SWIDTH 600 0
DWIDTH 30 0
BBX 29 36 2 -10
BITMAP
FE01FC00
FE01FC00
FE01FC00
FE01FC00
FE01FC00
FE01FC00
FE01FC00
FE01FC00
FE01FC00
FE01FC00
FE01FC00
FE01FC00
FE01FC00
FE01FC00
FE01FC00
FE01FC00
FE01FC00
FE01FC00
FE03FC00
FE03FC00
FF07FC00
7F8FFC00
7FFFFF80
7FFCFF80
3FF8FF80
1FF8FF80
07E01F80
00001F80
00001F80
00001F80
00001FC0
00000FF8
00000FF8
00000FF8
000007F8
000001F8
ENDCHAR
STARTCHAR 1D9A
ENCODING 7578
SWIDTH 600 0
DWIDTH 30 0
BBX 25 36 2 -10
BITMAP
3FFFFF00
3FFFFF00
3FFFFF00
3FFFFF00
3FFFFF00
0003FC00
0007F800
000FE000
003FC000
007F8000
00FE0000
01FFE000
01FFF800
01FFFE00
01FFFF00
0001FF00
00007F80
00003F80
00003F80
00003F80
FE003F80
FF003F80
FF003F80
FF807F80
FFC0FF00
FFFFFF00
FFFFFE00
FFFFFC00
FFFFF000
7C7FC000
7C000000
7F000000
7FF00000
3FF00000
1FF00000
07F00000
ENDCHAR
STARTCHAR 1D9B
ENCODING 7579
SWIDTH 600 0
DWIDTH 30 0
BBX 18 19 6 12
BITMAP
F8F800
FBFE00
FBFF00
7F3F00
7C0F80
7C0F80
7C0F80
780780
7807C0
7807C0
7807C0
780780
780F80
7C0F80
7C0F80
7F3F00
7FFF00
FBFE00
F8F800
ENDCHAR
STARTCHAR 1D9C
ENCODING 7580
SWIDTH 600 0
DWIDTH 30 0
BBX 16 19 7 12
BITMAP
07F0
1FFC
3FFE
7F7E
7C1F
F81F
F800
F800
F800
F800
F800
F800
F80F
F81F
7C1F
7F7E
3FFC
1FF8
07E0
ENDCHAR
STARTCHAR 1D9D
ENCODING 7581
SWIDTH 600 0
DWIDTH 30 0
BBX 18 20 6 11
BITMAP
01F800
07FE00
0FFF00
1F9F80
3E0F80
3E07C0
3E0600
7C0000
7C0000
7C7E00
7DFF80
7FFF80
3FFFC0
3F03C0
3F03C0
7FCFC0
7FFF80
F7FF00
71FC00
200000
ENDCHAR
STARTCHAR 1D9E
ENCODING 7582
SWIDTH 600 0
DWIDTH 30 0
BBX 18 26 6 12
BITMAP
0F8200
07DE00
03FE00
03FC00
0FF800
0FFC00
0C3E00
001E00
001F00
07FF80
1FFF80
3FFF80
7F3FC0
7C0FC0
F807C0
F807C0
F807C0
F807C0
F807C0
F807C0
F80780
7C0F80
7F3F00
3FFF00
1FFE00
07F000
ENDCHAR
STARTCHAR 1D9F
ENCODING 7583
SWIDTH 600 0
DWIDTH 30 0
BBX 14 19 8 12
BITMAP
0FC0
3FF0
7FF8
F8FC
F07C
107C
007C
01F8
07F0
07F0
07F8
007C
007C
F03C
F07C
FCFC
7FFC
3FF0
0FC0
ENDCHAR
STARTCHAR 1DA0
ENCODING 7584
SWIDTH 600 0
DWIDTH 30 0
BBX 10 26 10 12
BITMAP
07C0
1FC0
1FC0
3F00
3E00
3E00
3E00
FFC0
FFC0
FFC0
3E00
3E00
3E00
3E00
3E00
3E00
3E00
3E00
3E00
3E00
3E00
3E00
3E00
3E00
3E00
3E00
ENDCHAR
STARTCHAR 1DA1
ENCODING 7585
SWIDTH 600 0
DWIDTH 30 0
BBX 10 26 10 5
BITMAP
1F00
1F00
1F00
1F00
1F00
1F00
1F00
1F00
1F00
1F00
FFC0
FFC0
FFC0
1F00
1F00
1F00
1F00
1F00
1F00
1F00
1F00
1F00
3F00
FE00
FE00
F800
ENDCHAR
STARTCHAR 1DA2
ENCODING 7586
SWIDTH 600 0
DWIDTH 30 0
BBX 18 27 6 4
BITMAP
07C7C0
1FF7C0
3FFF80
3F3F80
7E0F80
7C0F80
7C0F80
780780
F80780
F80780
F80780
780780
7C0F80
7C0F80
7E1F80
3F3F80
3FF780
1FF780
07C780
000780
000780
040F80
7C0F80
3F1F00
3FFF00
1FFC00
07F800
ENDCHAR
STARTCHAR 1DA3
ENCODING 7587
SWIDTH 600 0
DWIDTH 30 0
BBX 16 26 7 12
BITMAP
F81F
F81F
F81F
F81F
F81F
F81F
F81F
F81F
F81F
F81F
F81F
F81F
F81F
F81F
F83F
FC7F
7FEF
7FCF
3F8F
061F
001F
001F
001F
001F
001F
001F
ENDCHAR
STARTCHAR 1DA4
ENCODING 7588
SWIDTH 600 0
DWIDTH 30 0
BBX 8 26 11 12
BITMAP
3C
3C
3C
3C
00
00
00
3C
3C
3C
3C
3C
3C
3C
FF
FF
FF
3C
3C
3C
3C
3C
3C
3C
3C
3C
ENDCHAR
STARTCHAR 1DA5
ENCODING 7589
SWIDTH 600 0
DWIDTH 30 0
BBX 4 19 13 12
BITMAP
F0
F0
F0
F0
F0
F0
F0
F0
F0
F0
F0
F0
F0
F0
F0
F0
F0
F0
F0
ENDCHAR
STARTCHAR 1DA6
ENCODING 7590
SWIDTH 600 0
DWIDTH 30 0
BBX 4 19 13 12
BITMAP
F0
F0
F0
F0
F0
F0
F0
F0
F0
F0
F0
F0
F0
F0
F0
F0
F0
F0
F0
ENDCHAR
STARTCHAR 1DA7
ENCODING 7591
SWIDTH 600 0
DWIDTH 30 0
BBX 8 19 11 12
BITMAP
3C
3C
3C
3C
3C
3C
3C
FF
FF
FF
3C
3C
3C
3C
3C
3C
3C
3C
3C
ENDCHAR
STARTCHAR 1DA8
ENCODING 7592
SWIDTH 600 0
DWIDTH 30 0
BBX 16 33 7 5
BITMAP
00F8
00F8
00F8
00F8
0000
0000
0000
00F8
00F8
00F8
00F8
00F8
00F8
00F8
00F8
00F8
00F8
00F8
00F8
00F8
00F8
00F8
03FF
3FFF
7FFF
7FFF
F8F8
F0F8
F0F8
79F0
7FF0
3FE0
0F80
ENDCHAR
STARTCHAR 1DA9
ENCODING 7593
SWIDTH 600 0
DWIDTH 30 0
BBX 8 33 11 5
BITMAP
F0
F0
F0
F0
F0
F0
F0
F0
F0
F0
F0
F0
F0
F0
F0
F0
F0
F0
F0
F0
F0
F0
F0
F0
F0
F0
F0
F0
F8
FF
FF
7F
3F
ENDCHAR
STARTCHAR 1DAA
ENCODING 7594
SWIDTH 600 0
DWIDTH 30 0
BBX 8 33 11 5
BITMAP
7C
7C
7C
7C
7C
7C
7C
7C
7C
7C
7C
7C
7C
7C
7C
7C
7C
7C
7C
7C
7C
7C
7C
7F
7F
7F
0F
0F
0F
FF
FE
FE
F8
ENDCHAR
STARTCHAR 1DAB
ENCODING 7595
SWIDTH 600 0
DWIDTH 30 0
BBX 12 19 9 12
BITMAP
F800
F800
F800
F800
F800
F800
F800
F800
F800
F800
F800
F800
F800
F800
F800
FFF0
FFF0
FFF0
FFF0
ENDCHAR
STARTCHAR 1DAC
ENCODING 7596
SWIDTH 600 0
DWIDTH 30 0
BBX 26 26 2 5
BITMAP
F8F03E00
FBFC7F00
FFFCFF80
FFFFFF80
FC3F8FC0
FC3F07C0
F81F07C0
F81E07C0
F81E07C0
F81E07C0
F81E07C0
F81E07C0
F81E07C0
F81E07C0
F81E07C0
F81E07C0
F81E07C0
F81E07C0
F81E07C0
000007C0
000007C0
000007C0
00007FC0
00007F80
00007F80
00007E00
ENDCHAR
STARTCHAR 1DAD
ENCODING 7597
SWIDTH 600 0
DWIDTH 30 0
BBX 26 26 2 5
BITMAP
F81E07C0
F81E07C0
F81E07C0
F81E07C0
F81E07C0
F81E07C0
F81E07C0
F81E07C0
F81E07C0
F81E07C0
F81E07C0
F81E07C0
F83E07C0
F83F07C0
FC7F0FC0
7FFFFFC0
7FCFFFC0
3F8FF7C0
1F03E7C0
000007C0
000007C0
000007C0
000007C0
000007C0
000007C0
000007C0
ENDCHAR
STARTCHAR 1DAE
ENCODING 7598
SWIDTH 600 0
DWIDTH 30 0
BBX 20 26 5 5
BITMAP
0F0F80
0F3FC0
0F7FE0
0F7FF0
0FC3F0
0F81F0
0F81F0
0F81F0
0F81F0
0F01F0
0F01F0
0F01F0
0F01F0
0F01F0
0F01F0
0F01F0
0F01F0
0F01F0
0F01F0
0F0000
0F0000
1F0000
FF0000
FF0000
FE0000
FC0000
ENDCHAR
STARTCHAR 1DAF
ENCODING 7599
SWIDTH 600 0
DWIDTH 30 0
BBX 20 26 5 5
BITMAP
F0F800
F3FC00
F7FE00
FFFF00
FC1F00
F81F00
F81F00
F80F00
F80F00
F80F00
F80F00
F80F00
F80F00
F80F00
F80F00
F80F00
F80F00
F80F00
F80F00
000F00
000F00
000F80
000FF0
000FF0
0007F0
0003F0
ENDCHAR
STARTCHAR 1DB0
ENCODING 7600
SWIDTH 600 0
DWIDTH 30 0
BBX 16 19 7 12
BITMAP
F80F
F80F
FC0F
FE0F
FE0F
FF0F
FF0F
F78F
F38F
F3CF
F1EF
F1EF
F0FF
F07F
F07F
F03F
F03F
F01F
F01F
ENDCHAR
STARTCHAR 1DB1
ENCODING 7601
SWIDTH 600 0
DWIDTH 30 0
BBX 18 19 6 12
BITMAP
03F800
0FFE00
3FFF00
3F3F80
7C0F80
780780
F807C0
F807C0
FFFFC0
FFFFC0
FFFFC0
F807C0
F807C0
780780
7C0F80
3F3F00
3FFF00
0FFC00
07F000
ENDCHAR
STARTCHAR 1DB2
ENCODING 7602
SWIDTH 600 0
DWIDTH 30 0
BBX 22 33 4 5
BITMAP
007800
007800
007800
007800
007800
007800
007800
03FF80
1FFFE0
3FFFF0
7F7BF8
7C78F8
F8787C
F8787C
F8787C
F0783C
F0783C
F0783C
F8787C
F8787C
F8787C
7C78F8
7F7BF8
3FFFF0
1FFFE0
03FF00
007800
007800
007800
007800
007800
007800
007800
ENDCHAR
STARTCHAR 1DB3
ENCODING 7603
SWIDTH 600 0
DWIDTH 30 0
BBX 16 26 7 5
BITMAP
0FF0
3FFC
7FFE
7E3E
781F
7800
7C00
7F80
7FF8
1FFE
07FE
007F
001F
100F
F00F
FC3F
FFFE
FFFC
F7F0
F000
F000
F000
FF00
FF00
7F00
3F00
ENDCHAR
STARTCHAR 1DB4
ENCODING 7604
SWIDTH 600 0
DWIDTH 30 0
BBX 14 33 8 5
BITMAP
00FC
03FC
07FC
07FC
07C0
0780
0780
0780
0780
0780
0780
0780
0780
0780
0780
0780
0780
0780
0780
0780
0780
0780
0780
0780
0780
0780
0780
0780
0F80
FF80
FF00
FF00
FC00
ENDCHAR
STARTCHAR 1DB5
ENCODING 7605
SWIDTH 600 0
DWIDTH 30 0
BBX 10 30 10 5
BITMAP
0E00
1E00
1E00
3E00
FFC0
FFC0
FFC0
3E00
3E00
3E00
3E00
3E00
3E00
3E00
3E00
3E00
3E00
3E00
3E00
3F00
3FC0
1FC0
0FC0
03C0
03C0
03C0
3FC0
3FC0
3F80
3F00
ENDCHAR
STARTCHAR 1DB6
ENCODING 7606
SWIDTH 600 0
DWIDTH 30 0
BBX 20 19 5 12
BITMAP
3C07C0
3C07C0
3C07C0
3C07C0
3C07C0
3C07C0
3C07C0
FFFFF0
FFFFF0
FFFFF0
3C07C0
3C07C0
3E07C0
3E07C0
3F0FC0
3FFBC0
1FFBC0
0FF3C0
07C3C0
ENDCHAR
STARTCHAR 1DB7
ENCODING 7607
SWIDTH 600 0
DWIDTH 30 0
BBX 18 19 6 12
BITMAP
F807C0
FC0FC0
FC0FC0
7C0F80
3C0F00
3C0F00
7C0F80
780780
F807C0
F807C0
F807C0
F807C0
F807C0
F807C0
7C0F80
7F3F80
3FFF00
1FFE00
07F800
ENDCHAR
STARTCHAR 1DB8
ENCODING 7608
SWIDTH 600 0
DWIDTH 30 0
BBX 16 19 7 12
BITMAP
F81F
F81F
F81F
F81F
F81F
F81F
F81F
F81F
F81F
F81F
F81F
F81F
F81F
F81F
FC3E
7FFE
7FFE
3FFC
0FF0
ENDCHAR
STARTCHAR 1DB9
ENCODING 7609
SWIDTH 600 0
DWIDTH 30 0
BBX 16 19 7 12
BITMAP
F9F8
F9FC
F9FE
F9FF
F81F
F81F
F81F
F80F
F80F
F81F
F81F
F81F
F81F
F81E
FC3E
7FFC
7FFC
3FF0
0FE0
ENDCHAR
STARTCHAR 1DBA
ENCODING 7610
SWIDTH 600 0
DWIDTH 30 0
BBX 18 19 6 12
BITMAP
03F000
03F000
07F800
07F800
07F800
0FFC00
0F3C00
0F3C00
1F3E00
1E1E00
1E1E00
3E1F00
3E1F00
3C0F00
7C0F80
7C0F80
780780
F807C0
F807C0
ENDCHAR
STARTCHAR 1DBB
ENCODING 7611
SWIDTH 600 0
DWIDTH 30 0
BBX 14 19 8 12
BITMAP
FFF8
FFF8
FFF8
00F8
01F8
01F0
03E0
07E0
07C0
0F80
1F00
1F00
3E00
7C00
FC00
FFFC
FFFC
FFFC
FFFC
ENDCHAR
STARTCHAR 1DBC
ENCODING 7612
SWIDTH 600 0
DWIDTH 30 0
BBX 18 26 6 5
BITMAP
FFFC00
FFFC00
FFFC00
007C00
00F800
01F000
03F000
03E000
07C000
0F8000
1F8000
1F0000
3E0000
7C0000
FC0000
FFFE00
FFFE00
FFFE00
FFFE00
003E00
003E00
003E00
001FC0
001FC0
000FC0
0007C0
ENDCHAR
STARTCHAR 1DBD
ENCODING 7613
SWIDTH 600 0
DWIDTH 30 0
BBX 22 22 4 9
BITMAP
7FFC00
7FFC00
7FFC00
007C00
00FC00
00F800
01F000
03E000
07E000
07C1E0
0F87F8
1F0FF8
3F1FFC
3E1E3C
7C3C3C
FFFFFC
FFFFF8
FFFFF0
FFFFE0
01E000
01C000
004000
ENDCHAR
STARTCHAR 1DBE
ENCODING 7614
SWIDTH 600 0
DWIDTH 30 0
BBX 16 26 7 5
BITMAP
FFFE
FFFE
FFFE
003E
007C
00F8
01F8
03F0
07E0
0FC0
0FF0
0FFC
0FFE
007E
001F
001F
000F
000F
000F
F00F
F81F
F81F
7E7E
7FFC
3FF8
0FE0
ENDCHAR
STARTCHAR 1DBF
ENCODING 7615
SWIDTH 600 0
DWIDTH 30 0
BBX 16 26 7 12
BITMAP
07E0
0FF0
1FF8
3E7C
3C3C
7C3E
781E
781E
781E
F81F
F81F
FFFF
FFFF
FFFF
F81F
F81F
F81F
781E
781E
781E
7C3E
3C3C
3E7C
1FF8
0FF0
07E0
ENDCHAR
STARTCHAR 1DC0
ENCODING 7616
SWIDTH 0 0
DWIDTH 0 0
BBX 18 11 -9 29
BITMAP
07C7C0
07E7C0
07E7C0
03E7C0
03E7C0
01E000
F9E000
F9E000
F8F000
F8F000
F87000
ENDCHAR
STARTCHAR 1DC1
ENCODING 7617
SWIDTH 0 0
DWIDTH 0 0
BBX 18 11 -9 29
BITMAP
F8F800
F9F800
F9F800
F9F000
F9F000
01E000
01E7C0
01E7C0
03C7C0
03C7C0
0387C0
ENDCHAR
STARTCHAR 1DC2
ENCODING 7618
SWIDTH 0 0
DWIDTH 0 0
BBX 5 8 -3 -10
BITMAP
F8
D8
30
E0
38
38
E0
78
ENDCHAR
STARTCHAR 1DC3
ENCODING 7619
SWIDTH 0 0
DWIDTH 0 0
BBX 19 7 -9 30
BITMAP
F803E0
F81FE0
7CFFE0
7FFFE0
7FFFE0
3FF800
0FC000
ENDCHAR
STARTCHAR 1DC4
ENCODING 7620
SWIDTH 0 0
DWIDTH 0 0
BBX 16 7 -8 29
BITMAP
0004
001E
007E
FFFF
FFFC
FFF0
FFC0
ENDCHAR
STARTCHAR 1DC5
ENCODING 7621
SWIDTH 0 0
DWIDTH 0 0
BBX 16 7 -8 29
BITMAP
2000
7800
7E00
FFFF
3FFF
0FFF
03FF
ENDCHAR
STARTCHAR 1DC6
ENCODING 7622
SWIDTH 0 0
DWIDTH 0 0
BBX 16 7 -8 29
BITMAP
FFC0
FFF0
FFFC
FFFF
007E
001E
0004
ENDCHAR
STARTCHAR 1DC7
ENCODING 7623
SWIDTH 0 0
DWIDTH 0 0
BBX 16 7 -8 29
BITMAP
03FF
0FFF
3FFF
FFFF
7E00
7800
2000
ENDCHAR
STARTCHAR 1DC8
ENCODING 7624
SWIDTH 0 0
DWIDTH 0 0
BBX 20 7 -10 30
BITMAP
400C00
703F00
FCFFC0
FFFFF0
7FF7F0
1FC1E0
078060
ENDCHAR
STARTCHAR 1DC9
ENCODING 7625
SWIDTH 0 0
DWIDTH 0 0
BBX 20 7 -10 30
BITMAP
030020
0FC0E0
3FF3F0
FFFFF0
FEFFE0
783F80
401E00
ENDCHAR
STARTCHAR 1DCA
ENCODING 7626
SWIDTH 0 0
DWIDTH 0 0
BBX 6 9 -3 -10
BITMAP
FC
FC
FC
E0
E0
E0
E0
E0
E0
ENDCHAR
STARTCHAR 1DFE
ENCODING 7678
SWIDTH 0 0
DWIDTH 0 0
BBX 8 10 -4 28
BITMAP
01
07
1F
3E
F8
F8
3E
1F
07
01
ENDCHAR
STARTCHAR 1DFF
ENCODING 7679
SWIDTH 0 0
DWIDTH 0 0
BBX 17 10 -7 -10
BITMAP
800000
C1C380
F0E700
7C6700
1E7E00
1E3C00
7C3C00
F01800
C00000
800000
ENDCHAR
STARTCHAR 1E00
ENCODING 7680
SWIDTH 600 0
DWIDTH 30 0
BBX 30 43 0 -10
BITMAP
001FE000
003FF000
003FF000
003FF000
007FF800
007FF800
007EF800
00FCFC00
00FCFC00
00FCFC00
01F87E00
01F87E00
01F87E00
03F87F00
03F03F00
03F03F00
07F03F80
07E01F80
07E01F80
0FFFFFC0
0FFFFFC0
0FFFFFC0
1FFFFFE0
1FFFFFE0
1F8007E0
3F8007F0
3F8007F0
3F8007F0
7F0003F8
7F0003F8
7F0003F8
FF0003FC
FE0001FC
00000000
00078000
001FE000
001CE000
00387000
00387000
00387000
001CE000
001FE000
00078000
ENDCHAR
STARTCHAR 1E01
ENCODING 7681
SWIDTH 600 0
DWIDTH 30 0
BBX 26 37 3 -10
BITMAP
01FF0000
07FFC000
1FFFE000
1FFFF000
3FEFF800
7F83F800
7F01FC00
7F01FC00
0001FC00
0001FC00
0001FC00
03FFFC00
1FFFFC00
3FFFFC00
7FFFFC00
FF81FC00
FF01FC00
FE01FC00
FE01FC00
FE01FC00
FE03FC00
FE07FC00
FF0FFC00
FFFFFF40
7FFEFFC0
7FFC7FC0
3FF87FC0
0FE01F00
003E0000
007F0000
00F78000
00C38000
00C18000
00C38000
00E78000
007F0000
003E0000
ENDCHAR
STARTCHAR 1E02
ENCODING 7682
SWIDTH 600 0
DWIDTH 30 0
BBX 26 41 3 0
BITMAP
007E0000
007E0000
007E0000
007E0000
007E0000
00000000
00000000
00000000
FFFFC000
FFFFF000
FFFFFC00
FFFFFE00
FFFFFE00
FF03FF00
FF00FF00
FF00FF00
FF007F00
FF007F00
FF007F00
FF00FE00
FF01FE00
FFFFFC00
FFFFF000
FFFF8000
FFFFF800
FFFFFE00
FF01FF00
FF007F80
FF003F80
FF001FC0
FF001FC0
FF001FC0
FF001FC0
FF003FC0
FF007FC0
FF01FF80
FFFFFF80
FFFFFF00
FFFFFE00
FFFFF800
FFFFE000
ENDCHAR
STARTCHAR 1E03
ENCODING 7683
SWIDTH 600 0
DWIDTH 30 0
BBX 25 37 3 -1
BITMAP
7E0FE000
7E0FE000
7E0FE000
7E0FE000
7E0FE000
7E000000
7E000000
7E000000
7E000000
7E0FC000
7E3FF000
7E7FF800
7EFFFC00
7EFFFE00
7FC1FE00
7F80FF00
7F80FF00
7F007F00
7F007F00
7F007F00
7E007F80
7E007F80
7E007F80
7E007F80
7E007F80
7F007F80
7F007F00
7F007F00
7F007F00
7F80FF00
7F80FE00
7FC1FE00
7EFFFE00
7EFFFC00
FE7FF800
FE3FF000
000FC000
ENDCHAR
STARTCHAR 1E04
ENCODING 7684
SWIDTH 600 0
DWIDTH 30 0
BBX 26 42 3 -9
BITMAP
FFFFC000
FFFFF000
FFFFFC00
FFFFFE00
FFFFFE00
FF03FF00
FF00FF00
FF00FF00
FF007F00
FF007F00
FF007F00
FF00FE00
FF01FE00
FFFFFC00
FFFFF000
FFFF8000
FFFFF800
FFFFFE00
FF01FF00
FF007F80
FF003F80
FF001FC0
FF001FC0
FF001FC0
FF001FC0
FF003FC0
FF007FC0
FF01FF80
FFFFFF80
FFFFFF00
FFFFFE00
FFFFF800
FFFFE000
00000000
00000000
00000000
00000000
007E0000
007E0000
007E0000
007E0000
007E0000
ENDCHAR
STARTCHAR 1E05
ENCODING 7685
SWIDTH 600 0
DWIDTH 30 0
BBX 25 45 3 -9
BITMAP
7E000000
7E000000
7E000000
7E000000
7E000000
7E000000
7E000000
7E000000
7E000000
7E0FC000
7E3FF000
7E7FF800
7EFFFC00
7EFFFE00
7FC1FE00
7F80FF00
7F80FF00
7F007F00
7F007F00
7F007F00
7E007F80
7E007F80
7E007F80
7E007F80
7E007F80
7F007F80
7F007F00
7F007F00
7F007F00
7F80FF00
7F80FE00
7FC1FE00
7EFFFE00
7EFFFC00
FE7FF800
FE3FF000
000FC000
00000000
00000000
00000000
007E0000
007E0000
007E0000
007E0000
007E0000
ENDCHAR
STARTCHAR 1E06
ENCODING 7686
SWIDTH 600 0
DWIDTH 30 0
BBX 26 41 3 -8
BITMAP
FFFFC000
FFFFF000
FFFFFC00
FFFFFE00
FFFFFE00
FF03FF00
FF00FF00
FF00FF00
FF007F00
FF007F00
FF007F00
FF00FE00
FF01FE00
FFFFFC00
FFFFF000
FFFF8000
FFFFF800
FFFFFE00
FF01FF00
FF007F80
FF003F80
FF001FC0
FF001FC0
FF001FC0
FF001FC0
FF003FC0
FF007FC0
FF01FF80
FFFFFF80
FFFFFF00
FFFFFE00
FFFFF800
FFFFE000
00000000
00000000
00000000
00000000
07FFF000
07FFF000
07FFF000
07FFF000
ENDCHAR
STARTCHAR 1E07
ENCODING 7687
SWIDTH 600 0
DWIDTH 30 0
BBX 25 44 3 -8
BITMAP
7E000000
7E000000
7E000000
7E000000
7E000000
7E000000
7E000000
7E000000
7E000000
7E0FC000
7E3FF000
7E7FF800
7EFFFC00
7EFFFE00
7FC1FE00
7F80FF00
7F80FF00
7F007F00
7F007F00
7F007F00
7E007F80
7E007F80
7E007F80
7E007F80
7E007F80
7F007F80
7F007F00
7F007F00
7F007F00
7F80FF00
7F80FE00
7FC1FE00
7EFFFE00
7EFFFC00
FE7FF800
FE3FF000
000FC000
00000000
00000000
00000000
07FFF000
07FFF000
07FFF000
07FFF000
ENDCHAR
STARTCHAR 1E08
ENCODING 7688
SWIDTH 600 0
DWIDTH 30 0
BBX 27 53 2 -11
BITMAP
0000FE00
0001FC00
0003F800
0007E000
000FC000
001F0000
003E0000
00000000
003FC000
01FFF000
07FFFC00
0FFFFE00
1FFFFF00
1FFFFF00
3FE0FF80
3FC03F80
7F803FC0
7F001FC0
7F001800
FF000000
FF000000
FE000000
FE000000
FE000000
FE000000
FE000000
FE000000
FE000000
FE000000
FF000000
FF000000
FF000E00
7F001FE0
7F801FC0
7F803FC0
3FC03F80
3FE07F80
1FFFFF00
0FFFFF00
0FFFFE00
03FFFC00
01FFF000
003FC000
001E0000
001C0000
003F8000
003FC000
0003E000
0003E000
0003E000
007FC000
007F8000
007E0000
ENDCHAR
STARTCHAR 1E09
ENCODING 7689
SWIDTH 600 0
DWIDTH 30 0
BBX 24 47 3 -11
BITMAP
0003F8
0007F0
000FE0
001FC0
003F00
007E00
00F800
000000
000000
00FF00
03FFE0
0FFFF0
1FFFF8
3FFFFC
3FC1FE
7F80FE
7F007F
FF007F
FE0000
FE0000
FE0000
FE0000
FE0000
FE0000
FE0000
FE0000
FE0000
FE007F
FF007F
7F007F
7F80FE
3FC1FE
3FFFFC
1FFFF8
0FFFF0
03FFE0
00FF00
003800
007800
007F00
007F80
000F80
000780
000F80
01FF80
01FF00
01FC00
ENDCHAR
STARTCHAR 1E0A
ENCODING 7690
SWIDTH 600 0
DWIDTH 30 0
BBX 25 41 3 0
BITMAP
007E0000
007E0000
007E0000
007E0000
007E0000
00000000
00000000
00000000
FFFC0000
FFFF8000
FFFFE000
FFFFF000
FFFFF800
FFFFFC00
FF07FE00
FF01FE00
FF00FF00
FF007F00
FF007F00
FF007F80
FF007F80
FF003F80
FF003F80
FF003F80
FF003F80
FF003F80
FF003F80
FF003F80
FF007F80
FF007F80
FF007F00
FF00FF00
FF00FF00
FF01FE00
FF03FE00
FFFFFC00
FFFFF800
FFFFF000
FFFFE000
FFFFC000
FFFE0000
ENDCHAR
STARTCHAR 1E0B
ENCODING 7691
SWIDTH 600 0
DWIDTH 30 0
BBX 25 37 2 -1
BITMAP
01FC3F00
01FC3F00
01FC3F00
01FC3F00
01FC3F00
00003F00
00003F00
00003F00
00003F00
01F83F00
07FE3F00
0FFF3F00
1FFFBF00
3FFFBF00
3FC1FF00
7F80FF00
7F80FF00
7F007F00
7F007F00
7F007F00
FF007F00
FF003F00
FF003F00
FF003F00
FF003F00
FF007F00
7F007F00
7F007F00
7F007F00
7F80FF00
7F80FF00
3FC1FF00
3FFFBF00
1FFFBF00
0FFF3F80
07FE3F80
01F80000
ENDCHAR
STARTCHAR 1E0C
ENCODING 7692
SWIDTH 600 0
DWIDTH 30 0
BBX 25 42 3 -9
BITMAP
FFFC0000
FFFF8000
FFFFE000
FFFFF000
FFFFF800
FFFFFC00
FF07FE00
FF01FE00
FF00FF00
FF007F00
FF007F00
FF007F80
FF007F80
FF003F80
FF003F80
FF003F80
FF003F80
FF003F80
FF003F80
FF003F80
FF007F80
FF007F80
FF007F00
FF00FF00
FF00FF00
FF01FE00
FF03FE00
FFFFFC00
FFFFF800
FFFFF000
FFFFE000
FFFFC000
FFFE0000
00000000
00000000
00000000
00000000
007E0000
007E0000
007E0000
007E0000
007E0000
ENDCHAR
STARTCHAR 1E0D
ENCODING 7693
SWIDTH 600 0
DWIDTH 30 0
BBX 25 45 2 -9
BITMAP
00003F00
00003F00
00003F00
00003F00
00003F00
00003F00
00003F00
00003F00
00003F00
01F83F00
07FE3F00
0FFF3F00
1FFFBF00
3FFFBF00
3FC1FF00
7F80FF00
7F80FF00
7F007F00
7F007F00
7F007F00
FF007F00
FF003F00
FF003F00
FF003F00
FF003F00
FF007F00
7F007F00
7F007F00
7F007F00
7F80FF00
7F80FF00
3FC1FF00
3FFFBF00
1FFFBF00
0FFF3F80
07FE3F80
01F80000
00000000
00000000
00000000
003F0000
003F0000
003F0000
003F0000
003F0000
ENDCHAR
STARTCHAR 1E0E
ENCODING 7694
SWIDTH 600 0
DWIDTH 30 0
BBX 25 41 3 -8
BITMAP
FFFC0000
FFFF8000
FFFFE000
FFFFF000
FFFFF800
FFFFFC00
FF07FE00
FF01FE00
FF00FF00
FF007F00
FF007F00
FF007F80
FF007F80
FF003F80
FF003F80
FF003F80
FF003F80
FF003F80
FF003F80
FF003F80
FF007F80
FF007F80
FF007F00
FF00FF00
FF00FF00
FF01FE00
FF03FE00
FFFFFC00
FFFFF800
FFFFF000
FFFFE000
FFFFC000
FFFE0000
00000000
00000000
00000000
00000000
07FFF000
07FFF000
07FFF000
07FFF000
ENDCHAR
STARTCHAR 1E0F
ENCODING 7695
SWIDTH 600 0
DWIDTH 30 0
BBX 25 44 2 -8
BITMAP
00003F00
00003F00
00003F00
00003F00
00003F00
00003F00
00003F00
00003F00
00003F00
01F83F00
07FE3F00
0FFF3F00
1FFFBF00
3FFFBF00
3FC1FF00
7F80FF00
7F80FF00
7F007F00
7F007F00
7F007F00
FF007F00
FF003F00
FF003F00
FF003F00
FF003F00
FF007F00
7F007F00
7F007F00
7F007F00
7F80FF00
7F80FF00
3FC1FF00
3FFFBF00
1FFFBF00
0FFF3F80
07FE3F80
01F80000
00000000
00000000
00000000
07FFF000
07FFF000
07FFF000
07FFF000
ENDCHAR
STARTCHAR 1E10
ENCODING 7696
SWIDTH 600 0
DWIDTH 30 0
BBX 25 44 3 -11
BITMAP
FFFC0000
FFFF8000
FFFFE000
FFFFF000
FFFFF800
FFFFFC00
FF07FE00
FF01FE00
FF00FF00
FF007F00
FF007F00
FF007F80
FF007F80
FF003F80
FF003F80
FF003F80
FF003F80
FF003F80
FF003F80
FF003F80
FF007F80
FF007F80
FF007F00
FF00FF00
FF00FF00
FF01FE00
FF03FE00
FFFFFC00
FFFFF800
FFFFF000
FFFFE000
FFFFC000
FFFE0000
00000000
00000000
007E0000
007E0000
007E0000
007E0000
007E0000
000E0000
001C0000
001C0000
00380000
ENDCHAR
STARTCHAR 1E11
ENCODING 7697
SWIDTH 600 0
DWIDTH 30 0
BBX 25 47 2 -11
BITMAP
00003F00
00003F00
00003F00
00003F00
00003F00
00003F00
00003F00
00003F00
00003F00
01F83F00
07FE3F00
0FFF3F00
1FFFBF00
3FFFBF00
3FC1FF00
7F80FF00
7F80FF00
7F007F00
7F007F00
7F007F00
FF007F00
FF003F00
FF003F00
FF003F00
FF003F00
FF007F00
7F007F00
7F007F00
7F007F00
7F80FF00
7F80FF00
3FC1FF00
3FFFBF00
1FFFBF00
0FFF3F80
07FE3F80
01F80000
00000000
003F0000
003F0000
003F0000
003F0000
003F0000
00070000
000F0000
000E0000
001C0000
ENDCHAR
STARTCHAR 1E12
ENCODING 7698
SWIDTH 600 0
DWIDTH 30 0
BBX 25 45 3 -12
BITMAP
FFFC0000
FFFF8000
FFFFE000
FFFFF000
FFFFF800
FFFFFC00
FF07FE00
FF01FE00
FF00FF00
FF007F00
FF007F00
FF007F80
FF007F80
FF003F80
FF003F80
FF003F80
FF003F80
FF003F80
FF003F80
FF003F80
FF007F80
FF007F80
FF007F00
FF00FF00
FF00FF00
FF01FE00
FF03FE00
FFFFFC00
FFFFF800
FFFFF000
FFFFE000
FFFFC000
FFFE0000
00000000
00000000
00000000
00000000
00000000
00FE0000
01FF0000
03FF8000
07FFC000
0FC7E000
1F81F000
1E00F800
ENDCHAR
STARTCHAR 1E13
ENCODING 7699
SWIDTH 600 0
DWIDTH 30 0
BBX 25 48 2 -12
BITMAP
00003F00
00003F00
00003F00
00003F00
00003F00
00003F00
00003F00
00003F00
00003F00
01F83F00
07FE3F00
0FFF3F00
1FFFBF00
3FFFBF00
3FC1FF00
7F80FF00
7F80FF00
7F007F00
7F007F00
7F007F00
FF007F00
FF003F00
FF003F00
FF003F00
FF003F00
FF007F00
7F007F00
7F007F00
7F007F00
7F80FF00
7F80FF00
3FC1FF00
3FFFBF00
1FFFBF00
0FFF3F80
07FE3F80
01F80000
00000000
00000000
00000000
00000000
007F0000
00FF8000
01FFC000
03FFE000
07E3F000
0FC1F800
1F007800
ENDCHAR
STARTCHAR 1E14
ENCODING 7700
SWIDTH 600 0
DWIDTH 30 0
BBX 25 44 3 0
BITMAP
07F00000
01F80000
007C0000
003C0000
00000000
00000000
07FFE000
07FFE000
07FFE000
00000000
00000000
FFFFFF00
FFFFFF00
FFFFFF00
FFFFFF00
FFFFFF00
FFFFFF00
FF000000
FF000000
FF000000
FF000000
FF000000
FF000000
FF000000
FFFFFC00
FFFFFC00
FFFFFC00
FFFFFC00
FFFFFC00
FFFFFC00
FF000000
FF000000
FF000000
FF000000
FF000000
FF000000
FF000000
FF000000
FFFFFF80
FFFFFF80
FFFFFF80
FFFFFF80
FFFFFF80
FFFFFF80
ENDCHAR
STARTCHAR 1E15
ENCODING 7701
SWIDTH 600 0
DWIDTH 30 0
BBX 26 43 2 -1
BITMAP
07E00000
07F00000
01F80000
00F80000
007C0000
003E0000
001E0000
00000000
07FFF000
07FFF000
07FFF000
07FFF000
00000000
00000000
00000000
007F8000
01FFF000
07FFF800
0FFFFC00
1FF3FE00
3FC07E00
3F803F00
7F003F00
7F003F80
7F001F80
7F001F80
7FFFFF80
FFFFFF80
FFFFFFC0
FFFFFFC0
FF000000
7F000000
7F000000
7F000000
7F000000
7F801F00
3F803F80
3FE07F00
1FFFFF00
0FFFFE00
07FFFC00
01FFF000
007F8000
ENDCHAR
STARTCHAR 1E16
ENCODING 7702
SWIDTH 600 0
DWIDTH 30 0
BBX 25 44 3 0
BITMAP
000FC000
001F8000
003E0000
007C0000
00000000
00000000
07FFE000
07FFE000
07FFE000
00000000
00000000
FFFFFF00
FFFFFF00
FFFFFF00
FFFFFF00
FFFFFF00
FFFFFF00
FF000000
FF000000
FF000000
FF000000
FF000000
FF000000
FF000000
FFFFFC00
FFFFFC00
FFFFFC00
FFFFFC00
FFFFFC00
FFFFFC00
FF000000
FF000000
FF000000
FF000000
FF000000
FF000000
FF000000
FF000000
FFFFFF80
FFFFFF80
FFFFFF80
FFFFFF80
FFFFFF80
FFFFFF80
ENDCHAR
STARTCHAR 1E17
ENCODING 7703
SWIDTH 600 0
DWIDTH 30 0
BBX 26 43 2 -1
BITMAP
0003F000
0007F000
000FE000
000FC000
001F0000
003E0000
003C0000
00000000
07FFF000
07FFF000
07FFF000
07FFF000
00000000
00000000
00000000
007F8000
01FFF000
07FFF800
0FFFFC00
1FF3FE00
3FC07E00
3F803F00
7F003F00
7F003F80
7F001F80
7F001F80
7FFFFF80
FFFFFF80
FFFFFFC0
FFFFFFC0
FF000000
7F000000
7F000000
7F000000
7F000000
7F801F00
3F803F80
3FE07F00
1FFFFF00
0FFFFE00
07FFFC00
01FFF000
007F8000
ENDCHAR
STARTCHAR 1E18
ENCODING 7704
SWIDTH 600 0
DWIDTH 30 0
BBX 25 45 3 -12
BITMAP
FFFFFF00
FFFFFF00
FFFFFF00
FFFFFF00
FFFFFF00
FFFFFF00
FF000000
FF000000
FF000000
FF000000
FF000000
FF000000
FF000000
FFFFFC00
FFFFFC00
FFFFFC00
FFFFFC00
FFFFFC00
FFFFFC00
FF000000
FF000000
FF000000
FF000000
FF000000
FF000000
FF000000
FF000000
FFFFFF80
FFFFFF80
FFFFFF80
FFFFFF80
FFFFFF80
FFFFFF80
00000000
00000000
00000000
00000000
00000000
007F0000
00FF8000
01FFC000
03FFE000
07E3F000
0FC0F800
0F007C00
ENDCHAR
STARTCHAR 1E19
ENCODING 7705
SWIDTH 600 0
DWIDTH 30 0
BBX 26 39 2 -12
BITMAP
007F8000
01FFF000
07FFF800
0FFFFC00
1FF3FE00
3FC07E00
3F803F00
7F003F00
7F003F80
7F001F80
7F001F80
7FFFFF80
FFFFFF80
FFFFFFC0
FFFFFFC0
FF000000
7F000000
7F000000
7F000000
7F000000
7F801F00
3F803F80
3FE07F00
1FFFFF00
0FFFFE00
07FFFC00
01FFF000
007F8000
00000000
00000000
00000000
00000000
003F8000
007FC000
00FFE000
01FFE000
03F1F000
07C0F800
0F803C00
ENDCHAR
STARTCHAR 1E1A
ENCODING 7706
SWIDTH 600 0
DWIDTH 30 0
BBX 25 42 3 -9
BITMAP
FFFFFF00
FFFFFF00
FFFFFF00
FFFFFF00
FFFFFF00
FFFFFF00
FF000000
FF000000
FF000000
FF000000
FF000000
FF000000
FF000000
FFFFFC00
FFFFFC00
FFFFFC00
FFFFFC00
FFFFFC00
FFFFFC00
FF000000
FF000000
FF000000
FF000000
FF000000
FF000000
FF000000
FF000000
FFFFFF80
FFFFFF80
FFFFFF80
FFFFFF80
FFFFFF80
FFFFFF80
00000000
00000000
03E01C00
07F81C00
0FFE3C00
0FFFFC00
1F3FF800
1E0FF800
1E03E000
ENDCHAR
STARTCHAR 1E1B
ENCODING 7707
SWIDTH 600 0
DWIDTH 30 0
BBX 26 36 2 -9
BITMAP
007F8000
01FFF000
07FFF800
0FFFFC00
1FF3FE00
3FC07E00
3F803F00
7F003F00
7F003F80
7F001F80
7F001F80
7FFFFF80
FFFFFF80
FFFFFFC0
FFFFFFC0
FF000000
7F000000
7F000000
7F000000
7F000000
7F801F00
3F803F80
3FE07F00
1FFFFF00
0FFFFE00
07FFFC00
01FFF000
007F8000
00000000
01E01C00
07F81C00
0FFF3C00
0FFFFC00
0F3FFC00
0E07F800
1E01E000
ENDCHAR
STARTCHAR 1E1C
ENCODING 7708
SWIDTH 600 0
DWIDTH 30 0
BBX 25 53 3 -11
BITMAP
1E00F800
0F00F000
0F81F000
0FFFF000
07FFE000
03FFC000
00FF0000
00000000
00000000
FFFFFF00
FFFFFF00
FFFFFF00
FFFFFF00
FFFFFF00
FFFFFF00
FF000000
FF000000
FF000000
FF000000
FF000000
FF000000
FF000000
FFFFFC00
FFFFFC00
FFFFFC00
FFFFFC00
FFFFFC00
FFFFFC00
FF000000
FF000000
FF000000
FF000000
FF000000
FF000000
FF000000
FF000000
FFFFFF80
FFFFFF80
FFFFFF80
FFFFFF80
FFFFFF80
FFFFFF80
000F0000
000E0000
000E0000
001FC000
001FE000
0001E000
0001E000
0003E000
003FE000
003FC000
003F0000
ENDCHAR
STARTCHAR 1E1D
ENCODING 7709
SWIDTH 600 0
DWIDTH 30 0
BBX 26 47 2 -11
BITMAP
0F007C00
07807800
07C0F800
07FFF800
03FFF000
01FFE000
007F8000
00000000
00000000
007F8000
01FFF000
07FFF800
0FFFFC00
1FF3FE00
3FC07E00
3F803F00
7F003F00
7F003F80
7F001F80
7F001F80
7FFFFF80
FFFFFF80
FFFFFFC0
FFFFFFC0
FF000000
7F000000
7F000000
7F000000
7F000000
7F801F00
3F803F80
3FE07F00
1FFFFF00
0FFFFE00
07FFFC00
01FFF000
007F8000
000E0000
001E0000
001FC000
001FE000
0003E000
0001E000
0003E000
007FE000
007FC000
007F0000
ENDCHAR
STARTCHAR 1E1E
ENCODING 7710
SWIDTH 600 0
DWIDTH 30 0
BBX 23 41 4 0
BITMAP
00FE00
00FE00
00FE00
00FE00
00FE00
000000
000000
000000
FFFFFE
FFFFFE
FFFFFE
FFFFFE
FFFFFE
FFFFFE
FE0000
FE0000
FE0000
FE0000
FE0000
FE0000
FE0000
FE0000
FE0000
FFFFFC
FFFFFC
FFFFFC
FFFFFC
FFFFFC
FFFFFC
FE0000
FE0000
FE0000
FE0000
FE0000
FE0000
FE0000
FE0000
FE0000
FE0000
FE0000
FE0000
ENDCHAR
STARTCHAR 1E1F
ENCODING 7711
SWIDTH 600 0
DWIDTH 30 0
BBX 24 41 3 0
BITMAP
001FC0
001FC0
001FC0
001FC0
001FC0
000000
000000
000FFE
003FFF
00FFFF
00FFFF
01FFFF
01FC00
03FC00
03F800
03F800
03F800
03F800
FFFFFF
FFFFFF
FFFFFF
FFFFFF
FFFFFF
03F800
03F800
03F800
03F800
03F800
03F800
03F800
03F800
03F800
03F800
03F800
03F800
03F800
03F800
03F800
03F800
03F800
03F800
ENDCHAR
STARTCHAR 1E20
ENCODING 7712
SWIDTH 600 0
DWIDTH 30 0
BBX 26 41 2 -1
BITMAP
03FFF000
03FFF000
03FFF000
03FFF000
00000000
00000000
007F8000
01FFF000
07FFF800
0FFFFC00
1FFFFE00
1FFFFF00
3FE0FF00
3F807F00
7F803F80
7F003800
7F000000
FF000000
FF000000
FE000000
FE000000
FE000000
FE0FFFC0
FE0FFFC0
FE0FFFC0
FE0FFFC0
FE0FFFC0
FE001FC0
FF001FC0
7F001FC0
7F001FC0
7F801FC0
7F801FC0
3FC01FC0
3FE07FC0
1FFFFFC0
0FFFFF80
07FFFE00
03FFFC00
01FFF000
007F8000
ENDCHAR
STARTCHAR 1E21
ENCODING 7713
SWIDTH 600 0
DWIDTH 30 0
BBX 24 44 3 -10
BITMAP
07FFF0
07FFF0
07FFF0
07FFF0
000000
000000
000000
01F800
07FE3F
1FFF7F
1FFFFF
3FFFFF
7FC1FF
7F80FF
7F00FF
FF007F
FF007F
FE007F
FE007F
FE007F
FE007F
FE007F
FE007F
FE007F
FF007F
FF007F
7F00FF
7F80FF
7FC1FF
3FFFFF
3FFF7F
1FFF7F
0FFE7F
03F07F
00007F
00007F
00007F
1F00FE
7F81FE
3FFFFC
3FFFFC
1FFFF8
07FFE0
00FF00
ENDCHAR
STARTCHAR 1E22
ENCODING 7714
SWIDTH 600 0
DWIDTH 30 0
BBX 24 41 3 0
BITMAP
007E00
007E00
007E00
007E00
007E00
000000
000000
000000
FF00FF
FF00FF
FF00FF
FF00FF
FF00FF
FF00FF
FF00FF
FF00FF
FF00FF
FF00FF
FF00FF
FF00FF
FF00FF
FFFFFF
FFFFFF
FFFFFF
FFFFFF
FFFFFF
FFFFFF
FF00FF
FF00FF
FF00FF
FF00FF
FF00FF
FF00FF
FF00FF
FF00FF
FF00FF
FF00FF
FF00FF
FF00FF
FF00FF
FF00FF
ENDCHAR
STARTCHAR 1E23
ENCODING 7715
SWIDTH 600 0
DWIDTH 30 0
BBX 24 40 3 0
BITMAP
007E00
007E00
007E00
007E00
007E00
000000
000000
FE0000
FE0000
FE0000
FE0000
FE0000
FE0000
FE07E0
FE1FF8
FE7FFC
FE7FFE
FEFFFE
FFE1FE
FFC0FF
FF807F
FF007F
FF007F
FF007F
FE007F
FE007F
FE007F
FE007F
FE007F
FE007F
FE007F
FE007F
FE007F
FE007F
FE007F
FE007F
FE007F
FE007F
FE007F
FE007F
ENDCHAR
STARTCHAR 1E24
ENCODING 7716
SWIDTH 600 0
DWIDTH 30 0
BBX 24 42 3 -9
BITMAP
FF00FF
FF00FF
FF00FF
FF00FF
FF00FF
FF00FF
FF00FF
FF00FF
FF00FF
FF00FF
FF00FF
FF00FF
FF00FF
FFFFFF
FFFFFF
FFFFFF
FFFFFF
FFFFFF
FFFFFF
FF00FF
FF00FF
FF00FF
FF00FF
FF00FF
FF00FF
FF00FF
FF00FF
FF00FF
FF00FF
FF00FF
FF00FF
FF00FF
FF00FF
000000
000000
000000
000000
007E00
007E00
007E00
007E00
007E00
ENDCHAR
STARTCHAR 1E25
ENCODING 7717
SWIDTH 600 0
DWIDTH 30 0
BBX 24 45 3 -9
BITMAP
FE0000
FE0000
FE0000
FE0000
FE0000
FE0000
FE0000
FE0000
FE0000
FE07E0
FE1FF8
FE7FFC
FE7FFE
FEFFFE
FFE1FE
FFC0FF
FF807F
FF007F
FF007F
FF007F
FE007F
FE007F
FE007F
FE007F
FE007F
FE007F
FE007F
FE007F
FE007F
FE007F
FE007F
FE007F
FE007F
FE007F
FE007F
FE007F
000000
000000
000000
000000
007F00
007F00
007F00
007F00
007F00
ENDCHAR
STARTCHAR 1E26
ENCODING 7718
SWIDTH 600 0
DWIDTH 30 0
BBX 24 40 3 0
BITMAP
0FC3F0
0FC3F0
0FC3F0
0FC3F0
0FC3F0
000000
000000
FF00FF
FF00FF
FF00FF
FF00FF
FF00FF
FF00FF
FF00FF
FF00FF
FF00FF
FF00FF
FF00FF
FF00FF
FF00FF
FFFFFF
FFFFFF
FFFFFF
FFFFFF
FFFFFF
FFFFFF
FF00FF
FF00FF
FF00FF
FF00FF
FF00FF
FF00FF
FF00FF
FF00FF
FF00FF
FF00FF
FF00FF
FF00FF
FF00FF
FF00FF
ENDCHAR
STARTCHAR 1E27
ENCODING 7719
SWIDTH 600 0
DWIDTH 30 0
BBX 24 40 3 0
BITMAP
0FC3F0
0FC3F0
0FC3F0
0FC3F0
0FC3F0
000000
000000
FE0000
FE0000
FE0000
FE0000
FE0000
FE0000
FE07E0
FE1FF8
FE7FFC
FE7FFE
FEFFFE
FFE1FE
FFC0FF
FF807F
FF007F
FF007F
FF007F
FE007F
FE007F
FE007F
FE007F
FE007F
FE007F
FE007F
FE007F
FE007F
FE007F
FE007F
FE007F
FE007F
FE007F
FE007F
FE007F
ENDCHAR
STARTCHAR 1E28
ENCODING 7720
SWIDTH 600 0
DWIDTH 30 0
BBX 24 44 3 -11
BITMAP
FF00FF
FF00FF
FF00FF
FF00FF
FF00FF
FF00FF
FF00FF
FF00FF
FF00FF
FF00FF
FF00FF
FF00FF
FF00FF
FFFFFF
FFFFFF
FFFFFF
FFFFFF
FFFFFF
FFFFFF
FF00FF
FF00FF
FF00FF
FF00FF
FF00FF
FF00FF
FF00FF
FF00FF
FF00FF
FF00FF
FF00FF
FF00FF
FF00FF
FF00FF
0E0000
0E0000
1E0000
1FC000
3FE000
03E000
01E000
03E000
7FE000
7FC000
7F0000
ENDCHAR
STARTCHAR 1E29
ENCODING 7721
SWIDTH 600 0
DWIDTH 30 0
BBX 24 47 3 -11
BITMAP
FE0000
FE0000
FE0000
FE0000
FE0000
FE0000
FE0000
FE0000
FE0000
FE07E0
FE1FF8
FE7FFC
FE7FFE
FEFFFE
FFE1FE
FFC0FF
FF807F
FF007F
FF007F
FF007F
FE007F
FE007F
FE007F
FE007F
FE007F
FE007F
FE007F
FE007F
FE007F
FE007F
FE007F
FE007F
FE007F
FE007F
FE007F
FE007F
0E0000
1E0000
1C0000
1FC000
3FC000
03E000
03E000
03E000
7FC000
7F8000
7F0000
ENDCHAR
STARTCHAR 1E2A
ENCODING 7722
SWIDTH 600 0
DWIDTH 30 0
BBX 24 45 3 -12
BITMAP
FF00FF
FF00FF
FF00FF
FF00FF
FF00FF
FF00FF
FF00FF
FF00FF
FF00FF
FF00FF
FF00FF
FF00FF
FF00FF
FFFFFF
FFFFFF
FFFFFF
FFFFFF
FFFFFF
FFFFFF
FF00FF
FF00FF
FF00FF
FF00FF
FF00FF
FF00FF
FF00FF
FF00FF
FF00FF
FF00FF
FF00FF
FF00FF
FF00FF
FF00FF
000000
000000
000000
000000
000000
0F0078
0F00F8
0F81F0
07FFF0
07FFE0
03FFC0
00FF00
ENDCHAR
STARTCHAR 1E2B
ENCODING 7723
SWIDTH 600 0
DWIDTH 30 0
BBX 24 48 3 -12
BITMAP
FE0000
FE0000
FE0000
FE0000
FE0000
FE0000
FE0000
FE0000
FE0000
FE07E0
FE1FF8
FE7FFC
FE7FFE
FEFFFE
FFE1FE
FFC0FF
FF807F
FF007F
FF007F
FF007F
FE007F
FE007F
FE007F
FE007F
FE007F
FE007F
FE007F
FE007F
FE007F
FE007F
FE007F
FE007F
FE007F
FE007F
FE007F
FE007F
000000
000000
000000
000000
000000
0F0078
0F00F8
0FC1F0
07FFF0
03FFE0
01FFC0
007F00
ENDCHAR
STARTCHAR 1E2C
ENCODING 7724
SWIDTH 600 0
DWIDTH 30 0
BBX 22 42 4 -9
BITMAP
FFFFFC
FFFFFC
FFFFFC
FFFFFC
FFFFFC
FFFFFC
01FE00
01FE00
01FE00
01FE00
01FE00
01FE00
01FE00
01FE00
01FE00
01FE00
01FE00
01FE00
01FE00
01FE00
01FE00
01FE00
01FE00
01FE00
01FE00
01FE00
01FE00
FFFFFC
FFFFFC
FFFFFC
FFFFFC
FFFFFC
FFFFFC
000000
000000
0F8070
1FE070
3FFCF0
3FFFF0
3CFFE0
783FE0
780780
ENDCHAR
STARTCHAR 1E2D
ENCODING 7725
SWIDTH 600 0
DWIDTH 30 0
BBX 25 45 3 -9
BITMAP
003F0000
003F0000
003F0000
003F0000
003F0000
00000000
00000000
00000000
00000000
00000000
3FFF0000
3FFF0000
3FFF0000
3FFF0000
3FFF0000
003F0000
003F0000
003F0000
003F0000
003F0000
003F0000
003F0000
003F0000
003F0000
003F0000
003F0000
003F0000
003F0000
003F0000
003F0000
003F0000
FFFFFF80
FFFFFF80
FFFFFF80
FFFFFF80
FFFFFF80
00000000
00000000
03E03C00
07F83C00
0FFE7C00
1FFFF800
1E3FF800
1E0FF000
1C03E000
ENDCHAR
STARTCHAR 1E2E
ENCODING 7726
SWIDTH 600 0
DWIDTH 30 0
BBX 22 45 4 0
BITMAP
001F80
003F00
007C00
00F800
000000
0F0780
0F0780
0F0780
0F0780
000000
000000
000000
FFFFFC
FFFFFC
FFFFFC
FFFFFC
FFFFFC
FFFFFC
01FE00
01FE00
01FE00
01FE00
01FE00
01FE00
01FE00
01FE00
01FE00
01FE00
01FE00
01FE00
01FE00
01FE00
01FE00
01FE00
01FE00
01FE00
01FE00
01FE00
01FE00
FFFFFC
FFFFFC
FFFFFC
FFFFFC
FFFFFC
FFFFFC
ENDCHAR
STARTCHAR 1E2F
ENCODING 7727
SWIDTH 600 0
DWIDTH 30 0
BBX 25 43 3 0
BITMAP
0007F000
000FE000
001FC000
003F8000
007E0000
00FC0000
01F00000
00000000
1F07E000
1F07E000
1F07E000
1F07E000
1F07E000
00000000
00000000
00000000
00000000
3FFF0000
3FFF0000
3FFF0000
3FFF0000
3FFF0000
003F0000
003F0000
003F0000
003F0000
003F0000
003F0000
003F0000
003F0000
003F0000
003F0000
003F0000
003F0000
003F0000
003F0000
003F0000
003F0000
FFFFFF80
FFFFFF80
FFFFFF80
FFFFFF80
FFFFFF80
ENDCHAR
STARTCHAR 1E30
ENCODING 7728
SWIDTH 600 0
DWIDTH 30 0
BBX 27 42 3 0
BITMAP
0001F800
0003F800
0007E000
000FC000
001F8000
003E0000
007C0000
00000000
00000000
FF003FC0
FF007F80
FF00FF80
FF00FF00
FF01FE00
FF03FC00
FF07F800
FF07F800
FF0FF000
FF1FE000
FF1FC000
FF3F8000
FF7F8000
FFFF0000
FFFF0000
FFFF0000
FFFF8000
FFFF8000
FFFFC000
FFFFE000
FFDFE000
FF8FF000
FF0FF800
FF07F800
FF03FC00
FF03FC00
FF01FE00
FF01FF00
FF00FF00
FF00FF80
FF007F80
FF003FC0
FF003FE0
ENDCHAR
STARTCHAR 1E31
ENCODING 7729
SWIDTH 600 0
DWIDTH 30 0
BBX 24 42 4 0
BITMAP
001FC0
003F80
007F00
00FC00
01F800
03F000
07C000
000000
000000
FE0000
FE0000
FE0000
FE0000
FE0000
FE0000
FE0000
FE00FE
FE01FC
FE03FC
FE07F8
FE0FF0
FE0FE0
FE1FC0
FE3F80
FE7F00
FEFE00
FFFE00
FFFF00
FFFF00
FFFF80
FFBF80
FF1FC0
FE1FE0
FE0FE0
FE07F0
FE07F8
FE03F8
FE03FC
FE01FC
FE00FE
FE00FF
FE007F
ENDCHAR
STARTCHAR 1E32
ENCODING 7730
SWIDTH 600 0
DWIDTH 30 0
BBX 27 42 3 -9
BITMAP
FF003FC0
FF007F80
FF00FF80
FF00FF00
FF01FE00
FF03FC00
FF07F800
FF07F800
FF0FF000
FF1FE000
FF1FC000
FF3F8000
FF7F8000
FFFF0000
FFFF0000
FFFF0000
FFFF8000
FFFF8000
FFFFC000
FFFFE000
FFDFE000
FF8FF000
FF0FF800
FF07F800
FF03FC00
FF03FC00
FF01FE00
FF01FF00
FF00FF00
FF00FF80
FF007F80
FF003FC0
FF003FE0
00000000
00000000
00000000
00000000
007E0000
007E0000
007E0000
007E0000
007E0000
ENDCHAR
STARTCHAR 1E33
ENCODING 7731
SWIDTH 600 0
DWIDTH 30 0
BBX 24 45 4 -9
BITMAP
FE0000
FE0000
FE0000
FE0000
FE0000
FE0000
FE0000
FE0000
FE0000
FE0000
FE00FE
FE01FE
FE03FC
FE07F8
FE07F0
FE0FE0
FE1FC0
FE3F80
FE7F00
FEFE00
FFFE00
FFFE00
FFFF00
FFFF80
FFFF80
FF1FC0
FE1FE0
FE0FE0
FE07F0
FE07F8
FE03F8
FE03FC
FE01FC
FE00FE
FE00FF
FE007F
000000
000000
000000
000000
00FE00
00FE00
00FE00
00FE00
00FE00
ENDCHAR
STARTCHAR 1E34
ENCODING 7732
SWIDTH 600 0
DWIDTH 30 0
BBX 27 41 3 -8
BITMAP
FF003FC0
FF007F80
FF00FF80
FF00FF00
FF01FE00
FF03FC00
FF07F800
FF07F800
FF0FF000
FF1FE000
FF1FC000
FF3F8000
FF7F8000
FFFF0000
FFFF0000
FFFF0000
FFFF8000
FFFF8000
FFFFC000
FFFFE000
FFDFE000
FF8FF000
FF0FF800
FF07F800
FF03FC00
FF03FC00
FF01FE00
FF01FF00
FF00FF00
FF00FF80
FF007F80
FF003FC0
FF003FE0
00000000
00000000
00000000
00000000
03FFF800
03FFF800
03FFF800
03FFF800
ENDCHAR
STARTCHAR 1E35
ENCODING 7733
SWIDTH 600 0
DWIDTH 30 0
BBX 24 44 4 -8
BITMAP
FE0000
FE0000
FE0000
FE0000
FE0000
FE0000
FE0000
FE0000
FE0000
FE0000
FE00FE
FE01FE
FE03FC
FE07F8
FE07F0
FE0FE0
FE1FC0
FE3F80
FE7F00
FEFE00
FFFE00
FFFE00
FFFF00
FFFF80
FFFF80
FF1FC0
FE1FE0
FE0FE0
FE07F0
FE07F8
FE03F8
FE03FC
FE01FC
FE00FE
FE00FF
FE007F
000000
000000
000000
000000
07FFF0
07FFF0
07FFF0
07FFF0
ENDCHAR
STARTCHAR 1E36
ENCODING 7734
SWIDTH 600 0
DWIDTH 30 0
BBX 22 42 5 -9
BITMAP
FE0000
FE0000
FE0000
FE0000
FE0000
FE0000
FE0000
FE0000
FE0000
FE0000
FE0000
FE0000
FE0000
FE0000
FE0000
FE0000
FE0000
FE0000
FE0000
FE0000
FE0000
FE0000
FE0000
FE0000
FE0000
FE0000
FE0000
FFFFFC
FFFFFC
FFFFFC
FFFFFC
FFFFFC
FFFFFC
000000
000000
000000
000000
00FE00
00FE00
00FE00
00FE00
00FE00
ENDCHAR
STARTCHAR 1E37
ENCODING 7735
SWIDTH 600 0
DWIDTH 30 0
BBX 23 45 5 -9
BITMAP
FFFC00
FFFC00
FFFC00
FFFC00
00FC00
00FC00
00FC00
00FC00
00FC00
00FC00
00FC00
00FC00
00FC00
00FC00
00FC00
00FC00
00FC00
00FC00
00FC00
00FC00
00FC00
00FC00
00FC00
00FC00
00FC00
00FC00
00FC00
00FC00
00FC00
00FE00
00FE00
00FFFE
007FFE
003FFE
001FFE
0007FE
000000
000000
000000
000000
01FC00
01FC00
01FC00
01FC00
01FC00
ENDCHAR
STARTCHAR 1E38
ENCODING 7736
SWIDTH 600 0
DWIDTH 30 0
BBX 22 49 5 -9
BITMAP
0FFFE0
0FFFE0
0FFFE0
0FFFE0
000000
000000
000000
FE0000
FE0000
FE0000
FE0000
FE0000
FE0000
FE0000
FE0000
FE0000
FE0000
FE0000
FE0000
FE0000
FE0000
FE0000
FE0000
FE0000
FE0000
FE0000
FE0000
FE0000
FE0000
FE0000
FE0000
FE0000
FE0000
FE0000
FFFFFC
FFFFFC
FFFFFC
FFFFFC
FFFFFC
FFFFFC
000000
000000
000000
000000
00FE00
00FE00
00FE00
00FE00
00FE00
ENDCHAR
STARTCHAR 1E39
ENCODING 7737
SWIDTH 600 0
DWIDTH 30 0
BBX 25 49 3 -9
BITMAP
07FFE000
07FFE000
07FFE000
07FFE000
00000000
00000000
00000000
3FFF0000
3FFF0000
3FFF0000
3FFF0000
3FFF0000
003F0000
003F0000
003F0000
003F0000
003F0000
003F0000
003F0000
003F0000
003F0000
003F0000
003F0000
003F0000
003F0000
003F0000
003F0000
003F0000
003F0000
003F0000
003F0000
003F0000
003F0000
003F0000
003F0000
FFFFFF80
FFFFFF80
FFFFFF80
FFFFFF80
FFFFFF80
00000000
00000000
00000000
00000000
003F0000
003F0000
003F0000
003F0000
003F0000
ENDCHAR
STARTCHAR 1E3A
ENCODING 7738
SWIDTH 600 0
DWIDTH 30 0
BBX 22 41 5 -8
BITMAP
FE0000
FE0000
FE0000
FE0000
FE0000
FE0000
FE0000
FE0000
FE0000
FE0000
FE0000
FE0000
FE0000
FE0000
FE0000
FE0000
FE0000
FE0000
FE0000
FE0000
FE0000
FE0000
FE0000
FE0000
FE0000
FE0000
FE0000
FFFFFC
FFFFFC
FFFFFC
FFFFFC
FFFFFC
FFFFFC
000000
000000
000000
000000
0FFFE0
0FFFE0
0FFFE0
0FFFE0
ENDCHAR
STARTCHAR 1E3B
ENCODING 7739
SWIDTH 600 0
DWIDTH 30 0
BBX 23 44 5 -8
BITMAP
FFFC00
FFFC00
FFFC00
FFFC00
00FC00
00FC00
00FC00
00FC00
00FC00
00FC00
00FC00
00FC00
00FC00
00FC00
00FC00
00FC00
00FC00
00FC00
00FC00
00FC00
00FC00
00FC00
00FC00
00FC00
00FC00
00FC00
00FC00
00FC00
00FC00
00FE00
00FE00
00FFFE
007FFE
003FFE
001FFE
0007FE
000000
000000
000000
000000
0FFFE0
0FFFE0
0FFFE0
0FFFE0
ENDCHAR
STARTCHAR 1E3C
ENCODING 7740
SWIDTH 600 0
DWIDTH 30 0
BBX 22 45 5 -12
BITMAP
FE0000
FE0000
FE0000
FE0000
FE0000
FE0000
FE0000
FE0000
FE0000
FE0000
FE0000
FE0000
FE0000
FE0000
FE0000
FE0000
FE0000
FE0000
FE0000
FE0000
FE0000
FE0000
FE0000
FE0000
FE0000
FE0000
FE0000
FFFFFC
FFFFFC
FFFFFC
FFFFFC
FFFFFC
FFFFFC
000000
000000
000000
000000
000000
00FE00
01FF00
03FF80
07FFC0
0FC7E0
1F83F0
3E00F0
ENDCHAR
STARTCHAR 1E3D
ENCODING 7741
SWIDTH 600 0
DWIDTH 30 0
BBX 23 48 5 -12
BITMAP
FFFC00
FFFC00
FFFC00
FFFC00
00FC00
00FC00
00FC00
00FC00
00FC00
00FC00
00FC00
00FC00
00FC00
00FC00
00FC00
00FC00
00FC00
00FC00
00FC00
00FC00
00FC00
00FC00
00FC00
00FC00
00FC00
00FC00
00FC00
00FC00
00FC00
00FE00
00FE00
00FFFE
007FFE
003FFE
001FFE
0007FE
000000
000000
000000
000000
000000
00FE00
01FF00
03FF00
07FF80
0FC7C0
1F03E0
3E00F0
ENDCHAR
STARTCHAR 1E3E
ENCODING 7742
SWIDTH 600 0
DWIDTH 30 0
BBX 26 42 2 0
BITMAP
0001F800
0003F800
0007E000
000FC000
001F8000
003E0000
007C0000
00000000
00000000
FF807FC0
FF807FC0
FFC07FC0
FFC0FFC0
FFC0FFC0
FFC0FFC0
FFE0FFC0
FFE1FFC0
FFE1FFC0
FDE1EFC0
FDF1EFC0
FDF3EFC0
FDF3EFC0
FCF3EFC0
FCFBCFC0
FCFFCFC0
FCFFCFC0
FC7F8FC0
FC7F8FC0
FC7F8FC0
FC7F8FC0
FC3F0FC0
FC3F0FC0
FC3F0FC0
FC000FC0
FC000FC0
FC000FC0
FC000FC0
FC000FC0
FC000FC0
FC000FC0
FC000FC0
FC000FC0
ENDCHAR
STARTCHAR 1E3F
ENCODING 7743
SWIDTH 600 0
DWIDTH 30 0
BBX 26 36 2 0
BITMAP
0000FE00
0001FC00
0003F800
0007F000
000FC000
001F8000
003E0000
00000000
00000000
00F83E00
F9FC7F00
FBFCFF80
FFFEFFC0
FFFFDFC0
FE3F8FC0
FC3F0FC0
FC3F0FC0
FC3F07C0
FC3F07C0
F83F07C0
F83F07C0
F83F07C0
F83F07C0
F83F07C0
F83F07C0
F83F07C0
F83F07C0
F83F07C0
F83F07C0
F83F07C0
F83F07C0
F83F07C0
F83F07C0
F83F07C0
F83F07C0
F83F07C0
ENDCHAR
STARTCHAR 1E40
ENCODING 7744
SWIDTH 600 0
DWIDTH 30 0
BBX 26 41 2 0
BITMAP
003F0000
003F0000
003F0000
003F0000
003F0000
00000000
00000000
00000000
FF807FC0
FF807FC0
FFC07FC0
FFC0FFC0
FFC0FFC0
FFC0FFC0
FFE0FFC0
FFE1FFC0
FFE1FFC0
FDE1EFC0
FDF1EFC0
FDF3EFC0
FDF3EFC0
FCF3EFC0
FCFBCFC0
FCFFCFC0
FCFFCFC0
FC7F8FC0
FC7F8FC0
FC7F8FC0
FC7F8FC0
FC3F0FC0
FC3F0FC0
FC3F0FC0
FC000FC0
FC000FC0
FC000FC0
FC000FC0
FC000FC0
FC000FC0
FC000FC0
FC000FC0
FC000FC0
ENDCHAR
STARTCHAR 1E41
ENCODING 7745
SWIDTH 600 0
DWIDTH 30 0
BBX 26 36 2 0
BITMAP
003F0000
003F0000
003F0000
003F0000
003F0000
00000000
00000000
00000000
00000000
00F83E00
F9FC7F00
FBFCFF80
FFFEFFC0
FFFFDFC0
FE3F8FC0
FC3F0FC0
FC3F0FC0
FC3F07C0
FC3F07C0
F83F07C0
F83F07C0
F83F07C0
F83F07C0
F83F07C0
F83F07C0
F83F07C0
F83F07C0
F83F07C0
F83F07C0
F83F07C0
F83F07C0
F83F07C0
F83F07C0
F83F07C0
F83F07C0
F83F07C0
ENDCHAR
STARTCHAR 1E42
ENCODING 7746
SWIDTH 600 0
DWIDTH 30 0
BBX 26 42 2 -9
BITMAP
FF807FC0
FF807FC0
FFC07FC0
FFC0FFC0
FFC0FFC0
FFC0FFC0
FFE0FFC0
FFE1FFC0
FFE1FFC0
FDE1EFC0
FDF1EFC0
FDF3EFC0
FDF3EFC0
FCF3EFC0
FCFBCFC0
FCFFCFC0
FCFFCFC0
FC7F8FC0
FC7F8FC0
FC7F8FC0
FC7F8FC0
FC3F0FC0
FC3F0FC0
FC3F0FC0
FC000FC0
FC000FC0
FC000FC0
FC000FC0
FC000FC0
FC000FC0
FC000FC0
FC000FC0
FC000FC0
00000000
00000000
00000000
00000000
003F0000
003F0000
003F0000
003F0000
003F0000
ENDCHAR
STARTCHAR 1E43
ENCODING 7747
SWIDTH 600 0
DWIDTH 30 0
BBX 26 36 2 -9
BITMAP
00F83E00
F9FC7F00
FBFCFF80
FFFEFFC0
FFFFDFC0
FE3F8FC0
FC3F0FC0
FC3F0FC0
FC3F07C0
FC3F07C0
F83F07C0
F83F07C0
F83F07C0
F83F07C0
F83F07C0
F83F07C0
F83F07C0
F83F07C0
F83F07C0
F83F07C0
F83F07C0
F83F07C0
F83F07C0
F83F07C0
F83F07C0
F83F07C0
F83F07C0
00000000
00000000
00000000
00000000
003F0000
003F0000
003F0000
003F0000
003F0000
ENDCHAR
STARTCHAR 1E44
ENCODING 7748
SWIDTH 600 0
DWIDTH 30 0
BBX 24 41 3 0
BITMAP
007F00
007F00
007F00
007F00
007F00
000000
000000
000000
FF807F
FF807F
FF807F
FFC07F
FFC07F
FFE07F
FFE07F
FFE07F
FFF07F
FFF07F
FDF07F
FDF87F
FDF87F
FCFC7F
FCFC7F
FE7C7F
FE7E7F
FE7E7F
FE3F7F
FE3F3F
FE1F3F
FE1FBF
FE1FBF
FE0FBF
FE0FFF
FE0FFF
FE07FF
FE07FF
FE03FF
FE03FF
FE03FF
FE01FF
FE01FF
ENDCHAR
STARTCHAR 1E45
ENCODING 7749
SWIDTH 600 0
DWIDTH 30 0
BBX 24 36 3 0
BITMAP
007E00
007E00
007E00
007E00
007E00
000000
000000
000000
000000
0007E0
FE1FF8
FE7FFC
FE7FFE
FEFFFE
FFE1FE
FFC0FF
FF807F
FF007F
FF007F
FF007F
FE007F
FE007F
FE007F
FE007F
FE007F
FE007F
FE007F
FE007F
FE007F
FE007F
FE007F
FE007F
FE007F
FE007F
FE007F
FE007F
ENDCHAR
STARTCHAR 1E46
ENCODING 7750
SWIDTH 600 0
DWIDTH 30 0
BBX 24 42 3 -9
BITMAP
FF807F
FF807F
FF807F
FFC07F
FFC07F
FFE07F
FFE07F
FFE07F
FFF07F
FFF07F
FDF07F
FDF87F
FDF87F
FCFC7F
FCFC7F
FE7C7F
FE7E7F
FE7E7F
FE3F7F
FE3F3F
FE1F3F
FE1FBF
FE1FBF
FE0FBF
FE0FFF
FE0FFF
FE07FF
FE07FF
FE03FF
FE03FF
FE03FF
FE01FF
FE01FF
000000
000000
000000
000000
007E00
007E00
007E00
007E00
007E00
ENDCHAR
STARTCHAR 1E47
ENCODING 7751
SWIDTH 600 0
DWIDTH 30 0
BBX 24 36 3 -9
BITMAP
0007E0
FE1FF8
FE7FFC
FE7FFE
FEFFFE
FFE1FE
FFC0FF
FF807F
FF007F
FF007F
FF007F
FE007F
FE007F
FE007F
FE007F
FE007F
FE007F
FE007F
FE007F
FE007F
FE007F
FE007F
FE007F
FE007F
FE007F
FE007F
FE007F
000000
000000
000000
000000
007F00
007F00
007F00
007F00
007F00
ENDCHAR
STARTCHAR 1E48
ENCODING 7752
SWIDTH 600 0
DWIDTH 30 0
BBX 24 41 3 -8
BITMAP
FF807F
FF807F
FF807F
FFC07F
FFC07F
FFE07F
FFE07F
FFE07F
FFF07F
FFF07F
FDF07F
FDF87F
FDF87F
FCFC7F
FCFC7F
FE7C7F
FE7E7F
FE7E7F
FE3F7F
FE3F3F
FE1F3F
FE1FBF
FE1FBF
FE0FBF
FE0FFF
FE0FFF
FE07FF
FE07FF
FE03FF
FE03FF
FE03FF
FE01FF
FE01FF
000000
000000
000000
000000
07FFF0
07FFF0
07FFF0
07FFF0
ENDCHAR
STARTCHAR 1E49
ENCODING 7753
SWIDTH 600 0
DWIDTH 30 0
BBX 24 35 3 -8
BITMAP
0007E0
FE1FF8
FE7FFC
FE7FFE
FEFFFE
FFE1FE
FFC0FF
FF807F
FF007F
FF007F
FF007F
FE007F
FE007F
FE007F
FE007F
FE007F
FE007F
FE007F
FE007F
FE007F
FE007F
FE007F
FE007F
FE007F
FE007F
FE007F
FE007F
000000
000000
000000
000000
07FFF0
07FFF0
07FFF0
07FFF0
ENDCHAR
STARTCHAR 1E4A
ENCODING 7754
SWIDTH 600 0
DWIDTH 30 0
BBX 24 45 3 -12
BITMAP
FF807F
FF807F
FF807F
FFC07F
FFC07F
FFE07F
FFE07F
FFE07F
FFF07F
FFF07F
FDF07F
FDF87F
FDF87F
FCFC7F
FCFC7F
FE7C7F
FE7E7F
FE7E7F
FE3F7F
FE3F3F
FE1F3F
FE1FBF
FE1FBF
FE0FBF
FE0FFF
FE0FFF
FE07FF
FE07FF
FE03FF
FE03FF
FE03FF
FE01FF
FE01FF
000000
000000
000000
000000
000000
007F00
00FF80
01FFC0
03FFC0
07E3E0
0F81F0
1F0078
ENDCHAR
STARTCHAR 1E4B
ENCODING 7755
SWIDTH 600 0
DWIDTH 30 0
BBX 24 39 3 -12
BITMAP
0007E0
FE1FF8
FE7FFC
FE7FFE
FEFFFE
FFE1FE
FFC0FF
FF807F
FF007F
FF007F
FF007F
FE007F
FE007F
FE007F
FE007F
FE007F
FE007F
FE007F
FE007F
FE007F
FE007F
FE007F
FE007F
FE007F
FE007F
FE007F
FE007F
000000
000000
000000
000000
000000
007F00
00FF80
01FFC0
03FFC0
07E3E0
0F81F0
1F0078
ENDCHAR
STARTCHAR 1E4C
ENCODING 7756
SWIDTH 600 0
DWIDTH 30 0
BBX 26 45 2 -1
BITMAP
0007E000
000FC000
001F0000
003E0000
01F03800
03FC3000
03FFF000
070FF000
0703E000
00000000
007F8000
01FFF000
07FFF800
0FFFFC00
1FFFFE00
3FFFFF00
3FC0FF00
7F807F80
7F807F80
7F003F80
FF003FC0
FF003FC0
FE001FC0
FE001FC0
FE001FC0
FE001FC0
FE001FC0
FE001FC0
FE001FC0
FE001FC0
FE001FC0
FE001FC0
FE001FC0
FF003FC0
FF003FC0
7F003F80
7F807F80
7F807F80
3FC0FF00
3FFFFF00
1FFFFE00
0FFFFC00
07FFF800
01FFE000
007F8000
ENDCHAR
STARTCHAR 1E4D
ENCODING 7757
SWIDTH 600 0
DWIDTH 30 0
BBX 26 45 2 -1
BITMAP
0001FC00
0003F800
0007F000
000FC000
001F8000
003E0000
007C0000
00000000
00000000
01F03C00
03FC3800
07FFF800
07FFF800
070FF000
0F03E000
00000000
00000000
007F8000
03FFF000
07FFFC00
0FFFFE00
1FFFFE00
3FC0FF00
3F807F00
7F803F80
7F003F80
7F003F80
FF003FC0
FF003FC0
FE001FC0
FE001FC0
FE001FC0
FE001FC0
FF003FC0
FF003FC0
7F003F80
7F003F80
7F003F80
3F807F00
3FC0FF00
1FFFFE00
0FFFFC00
07FFF800
03FFF000
007F8000
ENDCHAR
STARTCHAR 1E4E
ENCODING 7758
SWIDTH 600 0
DWIDTH 30 0
BBX 26 45 2 -1
BITMAP
01C1E000
01C1E000
01C1E000
01C1E000
01F03800
03FC3000
03FFF000
070FF000
0703E000
00000000
007F8000
01FFF000
07FFF800
0FFFFC00
1FFFFE00
3FFFFF00
3FC0FF00
7F807F80
7F807F80
7F003F80
FF003FC0
FF003FC0
FE001FC0
FE001FC0
FE001FC0
FE001FC0
FE001FC0
FE001FC0
FE001FC0
FE001FC0
FE001FC0
FE001FC0
FE001FC0
FF003FC0
FF003FC0
7F003F80
7F807F80
7F807F80
3FC0FF00
3FFFFF00
1FFFFE00
0FFFFC00
07FFF800
01FFE000
007F8000
ENDCHAR
STARTCHAR 1E4F
ENCODING 7759
SWIDTH 600 0
DWIDTH 30 0
BBX 26 43 2 -1
BITMAP
07E1F800
07E1F800
07E1F800
07E1F800
07E1F800
00000000
00000000
01F03C00
03FC3800
07FFF800
07FFF800
070FF000
0F03E000
00000000
00000000
007F8000
03FFF000
07FFFC00
0FFFFE00
1FFFFE00
3FC0FF00
3F807F00
7F803F80
7F003F80
7F003F80
FF003FC0
FF003FC0
FE001FC0
FE001FC0
FE001FC0
FE001FC0
FF003FC0
FF003FC0
7F003F80
7F003F80
7F003F80
3F807F00
3FC0FF00
1FFFFE00
0FFFFC00
07FFF800
03FFF000
007F8000
ENDCHAR
STARTCHAR 1E50
ENCODING 7760
SWIDTH 600 0
DWIDTH 30 0
BBX 26 45 2 -1
BITMAP
03F80000
00FC0000
003E0000
001E0000
00000000
00000000
03FFF000
03FFF000
03FFF000
00000000
007F8000
01FFF000
07FFF800
0FFFFC00
1FFFFE00
3FFFFF00
3FC0FF00
7F807F80
7F807F80
7F003F80
FF003FC0
FF003FC0
FE001FC0
FE001FC0
FE001FC0
FE001FC0
FE001FC0
FE001FC0
FE001FC0
FE001FC0
FE001FC0
FE001FC0
FE001FC0
FF003FC0
FF003FC0
7F003F80
7F807F80
7F807F80
3FC0FF00
3FFFFF00
1FFFFE00
0FFFFC00
07FFF800
01FFE000
007F8000
ENDCHAR
STARTCHAR 1E51
ENCODING 7761
SWIDTH 600 0
DWIDTH 30 0
BBX 26 44 2 -1
BITMAP
0FC00000
0FE00000
03F00000
01F80000
00FC0000
003E0000
001F0000
00000000
00000000
03FFF000
03FFF000
03FFF000
03FFF000
00000000
00000000
00000000
007F8000
03FFF000
07FFFC00
0FFFFE00
1FFFFE00
3FC0FF00
3F807F00
7F803F80
7F003F80
7F003F80
FF003FC0
FF003FC0
FE001FC0
FE001FC0
FE001FC0
FE001FC0
FF003FC0
FF003FC0
7F003F80
7F003F80
7F003F80
3F807F00
3FC0FF00
1FFFFE00
0FFFFC00
07FFF800
03FFF000
007F8000
ENDCHAR
STARTCHAR 1E52
ENCODING 7762
SWIDTH 600 0
DWIDTH 30 0
BBX 26 45 2 -1
BITMAP
0007E000
000FC000
001F0000
003E0000
00000000
00000000
03FFF000
03FFF000
03FFF000
00000000
007F8000
01FFF000
07FFF800
0FFFFC00
1FFFFE00
3FFFFF00
3FC0FF00
7F807F80
7F807F80
7F003F80
FF003FC0
FF003FC0
FE001FC0
FE001FC0
FE001FC0
FE001FC0
FE001FC0
FE001FC0
FE001FC0
FE001FC0
FE001FC0
FE001FC0
FE001FC0
FF003FC0
FF003FC0
7F003F80
7F807F80
7F807F80
3FC0FF00
3FFFFF00
1FFFFE00
0FFFFC00
07FFF800
01FFE000
007F8000
ENDCHAR
STARTCHAR 1E53
ENCODING 7763
SWIDTH 600 0
DWIDTH 30 0
BBX 26 44 2 -1
BITMAP
0001FC00
0003F800
0007F000
000FC000
001F8000
003F0000
007C0000
00000000
00000000
03FFF800
03FFF800
03FFF800
03FFF800
00000000
00000000
00000000
007F8000
03FFF000
07FFFC00
0FFFFE00
1FFFFE00
3FC0FF00
3F807F00
7F803F80
7F003F80
7F003F80
FF003FC0
FF003FC0
FE001FC0
FE001FC0
FE001FC0
FE001FC0
FF003FC0
FF003FC0
7F003F80
7F003F80
7F003F80
3F807F00
3FC0FF00
1FFFFE00
0FFFFC00
07FFF800
03FFF000
007F8000
ENDCHAR
STARTCHAR 1E54
ENCODING 7764
SWIDTH 600 0
DWIDTH 30 0
BBX 25 42 3 0
BITMAP
0007F000
000FF000
001FC000
003F8000
007E0000
00FC0000
00F80000
00000000
00000000
FFFF8000
FFFFF000
FFFFF800
FFFFFE00
FFFFFE00
FFFFFF00
FF00FF00
FF007F80
FF007F80
FF003F80
FF003F80
FF003F80
FF007F80
FF007F00
FF00FF00
FFFFFF00
FFFFFE00
FFFFFC00
FFFFF800
FFFFE000
FFFF8000
FF000000
FF000000
FF000000
FF000000
FF000000
FF000000
FF000000
FF000000
FF000000
FF000000
FF000000
FF000000
ENDCHAR
STARTCHAR 1E55
ENCODING 7765
SWIDTH 600 0
DWIDTH 30 0
BBX 25 46 3 -10
BITMAP
0003F800
0007F800
000FE000
001FC000
003F0000
007E0000
00780000
00000000
00000000
000FC000
FE3FF000
FE7FF800
7EFFFC00
7EFFFE00
7FC1FE00
7F80FE00
7F80FF00
7F007F00
7F007F00
7F007F00
7F007F80
7E007F80
7E007F80
7E007F80
7E007F80
7E007F80
7F007F00
7F007F00
7F007F00
7F80FF00
7F80FE00
7FC1FE00
7EFFFE00
7EFFFC00
7E7FF800
7E3FF000
7E0FC000
7E000000
7E000000
7E000000
7E000000
7E000000
7E000000
7E000000
7E000000
7E000000
ENDCHAR
STARTCHAR 1E56
ENCODING 7766
SWIDTH 600 0
DWIDTH 30 0
BBX 25 41 3 0
BITMAP
007E0000
007E0000
007E0000
007E0000
007E0000
00000000
00000000
00000000
FFFF8000
FFFFF000
FFFFF800
FFFFFE00
FFFFFE00
FFFFFF00
FF00FF00
FF007F80
FF007F80
FF003F80
FF003F80
FF003F80
FF007F80
FF007F00
FF00FF00
FFFFFF00
FFFFFE00
FFFFFC00
FFFFF800
FFFFE000
FFFF8000
FF000000
FF000000
FF000000
FF000000
FF000000
FF000000
FF000000
FF000000
FF000000
FF000000
FF000000
FF000000
ENDCHAR
STARTCHAR 1E57
ENCODING 7767
SWIDTH 600 0
DWIDTH 30 0
BBX 25 46 3 -10
BITMAP
003F8000
003F8000
003F8000
003F8000
003F8000
00000000
00000000
00000000
00000000
000FC000
FE3FF000
FE7FF800
7EFFFC00
7EFFFE00
7FC1FE00
7F80FE00
7F80FF00
7F007F00
7F007F00
7F007F00
7F007F80
7E007F80
7E007F80
7E007F80
7E007F80
7E007F80
7F007F00
7F007F00
7F007F00
7F80FF00
7F80FE00
7FC1FE00
7EFFFE00
7EFFFC00
7E7FF800
7E3FF000
7E0FC000
7E000000
7E000000
7E000000
7E000000
7E000000
7E000000
7E000000
7E000000
7E000000
ENDCHAR
STARTCHAR 1E58
ENCODING 7768
SWIDTH 600 0
DWIDTH 30 0
BBX 27 41 3 0
BITMAP
007E0000
007E0000
007E0000
007E0000
007E0000
00000000
00000000
00000000
FFFF8000
FFFFF000
FFFFFC00
FFFFFE00
FFFFFF00
FFFFFF00
FF00FF80
FF007F80
FF003F80
FF003F80
FF003F80
FF003F80
FF007F80
FF007F80
FF01FF00
FFFFFF00
FFFFFE00
FFFFFC00
FFFFF000
FFFFE000
FFFFE000
FF0FF000
FF07F800
FF07F800
FF03FC00
FF01FC00
FF01FE00
FF00FF00
FF00FF00
FF007F80
FF007F80
FF003FC0
FF001FE0
ENDCHAR
STARTCHAR 1E59
ENCODING 7769
SWIDTH 600 0
DWIDTH 30 0
BBX 21 36 5 0
BITMAP
00FE00
00FE00
00FE00
00FE00
00FE00
000000
000000
000000
000000
0007F8
FE1FF8
FE3FF8
FE7FF8
7EFFF8
7FFFF8
7FF800
7FE000
7FC000
7FC000
7F8000
7F8000
7F0000
7F0000
7F0000
7F0000
7F0000
7F0000
7F0000
7F0000
7F0000
7F0000
7F0000
7F0000
7F0000
7F0000
7F0000
ENDCHAR
STARTCHAR 1E5A
ENCODING 7770
SWIDTH 600 0
DWIDTH 30 0
BBX 27 42 3 -9
BITMAP
FFFF8000
FFFFF000
FFFFFC00
FFFFFE00
FFFFFF00
FFFFFF00
FF00FF80
FF007F80
FF003F80
FF003F80
FF003F80
FF003F80
FF007F80
FF007F80
FF01FF00
FFFFFF00
FFFFFE00
FFFFFC00
FFFFF000
FFFFE000
FFFFE000
FF0FF000
FF07F800
FF07F800
FF03FC00
FF01FC00
FF01FE00
FF00FF00
FF00FF00
FF007F80
FF007F80
FF003FC0
FF001FE0
00000000
00000000
00000000
00000000
007F0000
007F0000
007F0000
007F0000
007F0000
ENDCHAR
STARTCHAR 1E5B
ENCODING 7771
SWIDTH 600 0
DWIDTH 30 0
BBX 21 36 5 -9
BITMAP
0007F8
FE1FF8
FE3FF8
FE7FF8
7EFFF8
7FFFF8
7FF800
7FE000
7FC000
7FC000
7F8000
7F8000
7F0000
7F0000
7F0000
7F0000
7F0000
7F0000
7F0000
7F0000
7F0000
7F0000
7F0000
7F0000
7F0000
7F0000
7F0000
000000
000000
000000
000000
7F0000
7F0000
7F0000
7F0000
7F0000
ENDCHAR
STARTCHAR 1E5C
ENCODING 7772
SWIDTH 600 0
DWIDTH 30 0
BBX 27 51 3 -9
BITMAP
07FFF000
07FFF000
07FFF000
07FFF000
00000000
00000000
00000000
00000000
00000000
FFFF8000
FFFFF000
FFFFFC00
FFFFFE00
FFFFFF00
FFFFFF00
FF00FF80
FF007F80
FF003F80
FF003F80
FF003F80
FF003F80
FF007F80
FF007F80
FF01FF00
FFFFFF00
FFFFFE00
FFFFFC00
FFFFF000
FFFFE000
FFFFE000
FF0FF000
FF07F800
FF07F800
FF03FC00
FF01FC00
FF01FE00
FF00FF00
FF00FF00
FF007F80
FF007F80
FF003FC0
FF001FE0
00000000
00000000
00000000
00000000
007F0000
007F0000
007F0000
007F0000
007F0000
ENDCHAR
STARTCHAR 1E5D
ENCODING 7773
SWIDTH 600 0
DWIDTH 30 0
BBX 21 43 5 -9
BITMAP
0FFFE0
0FFFE0
0FFFE0
0FFFE0
000000
000000
000000
0007F8
FE1FF8
FE3FF8
FE7FF8
7EFFF8
7FFFF8
7FF800
7FE000
7FC000
7FC000
7F8000
7F8000
7F0000
7F0000
7F0000
7F0000
7F0000
7F0000
7F0000
7F0000
7F0000
7F0000
7F0000
7F0000
7F0000
7F0000
7F0000
000000
000000
000000
000000
7F0000
7F0000
7F0000
7F0000
7F0000
ENDCHAR
STARTCHAR 1E5E
ENCODING 7774
SWIDTH 600 0
DWIDTH 30 0
BBX 27 41 3 -8
BITMAP
FFFF8000
FFFFF000
FFFFFC00
FFFFFE00
FFFFFF00
FFFFFF00
FF00FF80
FF007F80
FF003F80
FF003F80
FF003F80
FF003F80
FF007F80
FF007F80
FF01FF00
FFFFFF00
FFFFFE00
FFFFFC00
FFFFF000
FFFFE000
FFFFE000
FF0FF000
FF07F800
FF07F800
FF03FC00
FF01FC00
FF01FE00
FF00FF00
FF00FF00
FF007F80
FF007F80
FF003FC0
FF001FE0
00000000
00000000
00000000
00000000
03FFF800
03FFF800
03FFF800
03FFF800
ENDCHAR
STARTCHAR 1E5F
ENCODING 7775
SWIDTH 600 0
DWIDTH 30 0
BBX 21 35 5 -8
BITMAP
0007F8
FE1FF8
FE3FF8
FE7FF8
7EFFF8
7FFFF8
7FF800
7FE000
7FC000
7FC000
7F8000
7F8000
7F0000
7F0000
7F0000
7F0000
7F0000
7F0000
7F0000
7F0000
7F0000
7F0000
7F0000
7F0000
7F0000
7F0000
7F0000
000000
000000
000000
000000
1FFFC0
1FFFC0
1FFFC0
1FFFC0
ENDCHAR
STARTCHAR 1E60
ENCODING 7776
SWIDTH 600 0
DWIDTH 30 0
BBX 27 42 1 -1
BITMAP
001F8000
001F8000
001F8000
001F8000
001F8000
00000000
00000000
003FE000
01FFF800
07FFFE00
0FFFFF00
1FFFFF80
3FE0FF80
3FC03FC0
3F801FC0
3F801FC0
3F801F00
3F800000
3FC00000
3FE00000
3FFC0000
1FFF8000
0FFFF000
07FFFC00
03FFFF00
00FFFF80
001FFFC0
0001FFE0
00003FE0
00001FE0
00000FE0
00000FE0
1E000FE0
FE000FE0
FF000FE0
7F801FE0
7FF9FFC0
3FFFFFC0
1FFFFF80
0FFFFF00
03FFFC00
007FE000
ENDCHAR
STARTCHAR 1E61
ENCODING 7777
SWIDTH 600 0
DWIDTH 30 0
BBX 24 37 3 -1
BITMAP
007E00
007E00
007E00
007E00
007E00
000000
000000
000000
000000
00FF80
07FFE0
1FFFF8
3FFFFC
3FFFFC
7F00FE
7E007E
7E007C
7F0000
7F8000
7FF000
3FFF00
3FFFE0
1FFFF8
07FFFC
01FFFE
001FFE
0001FF
00007F
00003F
1C003F
FE007F
FF007E
7FFFFE
3FFFFC
1FFFF8
0FFFF0
01FF80
ENDCHAR
STARTCHAR 1E62
ENCODING 7778
SWIDTH 600 0
DWIDTH 30 0
BBX 27 43 1 -9
BITMAP
003FE000
01FFF800
07FFFE00
0FFFFF00
1FFFFF80
3FE0FF80
3FC03FC0
3F801FC0
3F801FC0
3F801F00
3F800000
3FC00000
3FE00000
3FFC0000
1FFF8000
0FFFF000
07FFFC00
03FFFF00
00FFFF80
001FFFC0
0001FFE0
00003FE0
00001FE0
00000FE0
00000FE0
1E000FE0
FE000FE0
FF000FE0
7F801FE0
7FF9FFC0
3FFFFFC0
1FFFFF80
0FFFFF00
03FFFC00
007FE000
00000000
00000000
00000000
001F8000
001F8000
001F8000
001F8000
001F8000
ENDCHAR
STARTCHAR 1E63
ENCODING 7779
SWIDTH 600 0
DWIDTH 30 0
BBX 24 36 3 -9
BITMAP
00FF80
07FFE0
1FFFF8
3FFFFC
3FFFFC
7F00FE
7E007E
7E007C
7F0000
7F8000
7FF000
3FFF00
3FFFE0
1FFFF8
07FFFC
01FFFE
001FFE
0001FF
00007F
00003F
1C003F
FE007F
FF007E
7FFFFE
3FFFFC
1FFFF8
0FFFF0
01FF80
000000
000000
000000
007E00
007E00
007E00
007E00
007E00
ENDCHAR
STARTCHAR 1E64
ENCODING 7780
SWIDTH 600 0
DWIDTH 30 0
BBX 27 44 1 -1
BITMAP
00F07E00
00F0FC00
00F1F000
00F3E000
0007C000
000F8000
001E0000
00000000
00000000
003FE000
01FFF800
07FFFE00
0FFFFF00
1FFFFF80
3FE0FF80
3FC03FC0
3F801FC0
3F801FC0
3F801F00
3F800000
3FC00000
3FE00000
3FFC0000
1FFF8000
0FFFF000
07FFFC00
03FFFF00
00FFFF80
001FFFC0
0001FFE0
00003FE0
00001FE0
00000FE0
00000FE0
1E000FE0
FE000FE0
FF000FE0
7F801FE0
7FF9FFC0
3FFFFFC0
1FFFFF80
0FFFFF00
03FFFC00
007FE000
ENDCHAR
STARTCHAR 1E65
ENCODING 7781
SWIDTH 600 0
DWIDTH 30 0
BBX 24 37 3 -1
BITMAP
01C1F8
01C3F0
01C7E0
01CF80
001F00
003E00
003C00
000000
000000
00FF80
07FFE0
1FFFF8
3FFFFC
3FFFFC
7F00FE
7E007E
7E007C
7F0000
7F8000
7FF000
3FFF00
3FFFE0
1FFFF8
07FFFC
01FFFE
001FFE
0001FF
00007F
00003F
1C003F
FE007F
FF007E
7FFFFE
3FFFFC
1FFFF8
0FFFF0
01FF80
ENDCHAR
STARTCHAR 1E66
ENCODING 7782
SWIDTH 600 0
DWIDTH 30 0
BBX 27 45 1 -1
BITMAP
000F0000
000F0000
000F0000
000F0000
00000000
01E07800
00F9F000
003FC000
001F8000
00000000
003FE000
01FFF800
07FFFE00
0FFFFF00
1FFFFF80
3FE0FF80
3FC03FC0
3F801FC0
3F801FC0
3F801F00
3F800000
3FC00000
3FE00000
3FFC0000
1FFF8000
0FFFF000
07FFFC00
03FFFF00
00FFFF80
001FFFC0
0001FFE0
00003FE0
00001FE0
00000FE0
00000FE0
1E000FE0
FE000FE0
FF000FE0
7F801FE0
7FF9FFC0
3FFFFFC0
1FFFFF80
0FFFFF00
03FFFC00
007FE000
ENDCHAR
STARTCHAR 1E67
ENCODING 7783
SWIDTH 600 0
DWIDTH 30 0
BBX 24 44 3 -1
BITMAP
007E00
007E00
007E00
007E00
007E00
000000
000000
1F00F8
0F81F0
07E7E0
03FFC0
01FF80
00FF00
007E00
000000
000000
00FF80
07FFE0
1FFFF8
3FFFFC
3FFFFC
7F00FE
7E007E
7E007C
7F0000
7F8000
7FF000
3FFF00
3FFFE0
1FFFF8
07FFFC
01FFFE
001FFE
0001FF
00007F
00003F
1C003F
FE007F
FF007E
7FFFFE
3FFFFC
1FFFF8
0FFFF0
01FF80
ENDCHAR
STARTCHAR 1E68
ENCODING 7784
SWIDTH 600 0
DWIDTH 30 0
BBX 27 50 1 -9
BITMAP
001F8000
001F8000
001F8000
001F8000
001F8000
00000000
00000000
003FE000
01FFF800
07FFFE00
0FFFFF00
1FFFFF80
3FE0FF80
3FC03FC0
3F801FC0
3F801FC0
3F801F00
3F800000
3FC00000
3FE00000
3FFC0000
1FFF8000
0FFFF000
07FFFC00
03FFFF00
00FFFF80
001FFFC0
0001FFE0
00003FE0
00001FE0
00000FE0
00000FE0
1E000FE0
FE000FE0
FF000FE0
7F801FE0
7FF9FFC0
3FFFFFC0
1FFFFF80
0FFFFF00
03FFFC00
007FE000
00000000
00000000
00000000
001F8000
001F8000
001F8000
001F8000
001F8000
ENDCHAR
STARTCHAR 1E69
ENCODING 7785
SWIDTH 600 0
DWIDTH 30 0
BBX 24 45 3 -9
BITMAP
007E00
007E00
007E00
007E00
007E00
000000
000000
000000
000000
00FF80
07FFE0
1FFFF8
3FFFFC
3FFFFC
7F00FE
7E007E
7E007C
7F0000
7F8000
7FF000
3FFF00
3FFFE0
1FFFF8
07FFFC
01FFFE
001FFE
0001FF
00007F
00003F
1C003F
FE007F
FF007E
7FFFFE
3FFFFC
1FFFF8
0FFFF0
01FF80
000000
000000
000000
007E00
007E00
007E00
007E00
007E00
ENDCHAR
STARTCHAR 1E6A
ENCODING 7786
SWIDTH 600 0
DWIDTH 30 0
BBX 28 41 1 0
BITMAP
001F8000
001F8000
001F8000
001F8000
001F8000
00000000
00000000
00000000
FFFFFFF0
FFFFFFF0
FFFFFFF0
FFFFFFF0
FFFFFFF0
FFFFFFF0
003FC000
003FC000
003FC000
003FC000
003FC000
003FC000
003FC000
003FC000
003FC000
003FC000
003FC000
003FC000
003FC000
003FC000
003FC000
003FC000
003FC000
003FC000
003FC000
003FC000
003FC000
003FC000
003FC000
003FC000
003FC000
003FC000
003FC000
ENDCHAR
STARTCHAR 1E6B
ENCODING 7787
SWIDTH 600 0
DWIDTH 30 0
BBX 21 42 4 -1
BITMAP
00FE00
00FE00
00FE00
00FE00
00FE00
000000
000000
000000
03E000
03E000
03E000
07E000
07E000
07E000
0FE000
FFFFF0
FFFFF0
FFFFF0
FFFFF0
FFFFF0
0FE000
0FE000
0FE000
0FE000
0FE000
0FE000
0FE000
0FE000
0FE000
0FE000
0FE000
0FE000
0FE000
0FE000
0FE000
0FE000
0FF000
07FFF8
07FFF8
03FFF8
01FFF8
007FF0
ENDCHAR
STARTCHAR 1E6C
ENCODING 7788
SWIDTH 600 0
DWIDTH 30 0
BBX 28 42 1 -9
BITMAP
FFFFFFF0
FFFFFFF0
FFFFFFF0
FFFFFFF0
FFFFFFF0
FFFFFFF0
003FC000
003FC000
003FC000
003FC000
003FC000
003FC000
003FC000
003FC000
003FC000
003FC000
003FC000
003FC000
003FC000
003FC000
003FC000
003FC000
003FC000
003FC000
003FC000
003FC000
003FC000
003FC000
003FC000
003FC000
003FC000
003FC000
003FC000
00000000
00000000
00000000
00000000
001F8000
001F8000
001F8000
001F8000
001F8000
ENDCHAR
STARTCHAR 1E6D
ENCODING 7789
SWIDTH 600 0
DWIDTH 30 0
BBX 21 42 4 -9
BITMAP
03E000
03E000
03E000
07E000
07E000
07E000
0FE000
FFFFF0
FFFFF0
FFFFF0
FFFFF0
FFFFF0
0FE000
0FE000
0FE000
0FE000
0FE000
0FE000
0FE000
0FE000
0FE000
0FE000
0FE000
0FE000
0FE000
0FE000
0FE000
0FE000
0FF000
07FFF8
07FFF8
03FFF8
01FFF8
007FF0
000000
000000
000000
00FE00
00FE00
00FE00
00FE00
00FE00
ENDCHAR
STARTCHAR 1E6E
ENCODING 7790
SWIDTH 600 0
DWIDTH 30 0
BBX 28 41 1 -8
BITMAP
FFFFFFF0
FFFFFFF0
FFFFFFF0
FFFFFFF0
FFFFFFF0
FFFFFFF0
003FC000
003FC000
003FC000
003FC000
003FC000
003FC000
003FC000
003FC000
003FC000
003FC000
003FC000
003FC000
003FC000
003FC000
003FC000
003FC000
003FC000
003FC000
003FC000
003FC000
003FC000
003FC000
003FC000
003FC000
003FC000
003FC000
003FC000
00000000
00000000
00000000
00000000
03FFF800
03FFF800
03FFF800
03FFF800
ENDCHAR
STARTCHAR 1E6F
ENCODING 7791
SWIDTH 600 0
DWIDTH 30 0
BBX 21 41 4 -8
BITMAP
03E000
03E000
03E000
07E000
07E000
07E000
0FE000
FFFFF0
FFFFF0
FFFFF0
FFFFF0
FFFFF0
0FE000
0FE000
0FE000
0FE000
0FE000
0FE000
0FE000
0FE000
0FE000
0FE000
0FE000
0FE000
0FE000
0FE000
0FE000
0FE000
0FF000
07FFF8
07FFF8
03FFF8
01FFF8
007FF0
000000
000000
000000
07FFF0
07FFF0
07FFF0
07FFF0
ENDCHAR
STARTCHAR 1E70
ENCODING 7792
SWIDTH 600 0
DWIDTH 30 0
BBX 28 45 1 -12
BITMAP
FFFFFFF0
FFFFFFF0
FFFFFFF0
FFFFFFF0
FFFFFFF0
FFFFFFF0
003FC000
003FC000
003FC000
003FC000
003FC000
003FC000
003FC000
003FC000
003FC000
003FC000
003FC000
003FC000
003FC000
003FC000
003FC000
003FC000
003FC000
003FC000
003FC000
003FC000
003FC000
003FC000
003FC000
003FC000
003FC000
003FC000
003FC000
00000000
00000000
00000000
00000000
00000000
001F8000
003FC000
007FE000
00FFF000
01F9F800
03E07C00
07C03E00
ENDCHAR
STARTCHAR 1E71
ENCODING 7793
SWIDTH 600 0
DWIDTH 30 0
BBX 21 45 4 -12
BITMAP
03E000
03E000
03E000
07E000
07E000
07E000
0FE000
FFFFF0
FFFFF0
FFFFF0
FFFFF0
FFFFF0
0FE000
0FE000
0FE000
0FE000
0FE000
0FE000
0FE000
0FE000
0FE000
0FE000
0FE000
0FE000
0FE000
0FE000
0FE000
0FE000
0FF000
07FFF8
07FFF8
03FFF8
01FFF8
007FF0
000000
000000
000000
000000
00FC00
01FE00
03FF00
07FF80
0FCFC0
1F03E0
3E01F0
ENDCHAR
STARTCHAR 1E72
ENCODING 7794
SWIDTH 600 0
DWIDTH 30 0
BBX 24 42 3 -9
BITMAP
FE007F
FE007F
FE007F
FE007F
FE007F
FE007F
FE007F
FE007F
FE007F
FE007F
FE007F
FE007F
FE007F
FE007F
FE007F
FE007F
FE007F
FE007F
FE007F
FE007F
FE007F
FE007F
FE007F
FF00FF
FF00FE
7F00FE
7F01FE
7F81FE
3FFFFC
3FFFFC
1FFFF8
0FFFF0
07FFC0
01FF00
000000
000000
000000
0F81F0
0F81F0
0F81F0
0F81F0
0F81F0
ENDCHAR
STARTCHAR 1E73
ENCODING 7795
SWIDTH 600 0
DWIDTH 30 0
BBX 23 35 3 -9
BITMAP
FE00FE
FE00FE
FE00FE
FE00FE
FE00FE
FE00FE
FE00FE
FE00FE
FE00FE
FE00FE
FE00FE
FE00FE
FE00FE
FE00FE
FE00FE
FE00FE
FE00FE
FE00FE
FF00FE
FF01FE
7F83FE
7FC77E
7FFF7E
3FFE7E
3FFC7E
1FF87E
07F000
000000
000000
000000
0F81F0
0F81F0
0F81F0
0F81F0
0F81F0
ENDCHAR
STARTCHAR 1E74
ENCODING 7796
SWIDTH 600 0
DWIDTH 30 0
BBX 24 42 3 -9
BITMAP
FE007F
FE007F
FE007F
FE007F
FE007F
FE007F
FE007F
FE007F
FE007F
FE007F
FE007F
FE007F
FE007F
FE007F
FE007F
FE007F
FE007F
FE007F
FE007F
FE007F
FE007F
FE007F
FE007F
FF00FF
FF00FE
7F00FE
7F01FE
7F81FE
3FFFFC
3FFFFC
1FFFF8
0FFFF0
07FFC0
01FF00
000000
03C038
0FF038
1FFE78
1FFFF8
1E7FF8
1C0FF0
3C03C0
ENDCHAR
STARTCHAR 1E75
ENCODING 7797
SWIDTH 600 0
DWIDTH 30 0
BBX 23 35 3 -9
BITMAP
FE00FE
FE00FE
FE00FE
FE00FE
FE00FE
FE00FE
FE00FE
FE00FE
FE00FE
FE00FE
FE00FE
FE00FE
FE00FE
FE00FE
FE00FE
FE00FE
FE00FE
FE00FE
FF00FE
FF01FE
7F83FE
7FC77E
7FFF7E
3FFE7E
3FFC7E
1FF87E
07F000
000000
07C038
0FF038
1FFE78
1FFFF8
1E7FF0
3C1FF0
3C03C0
ENDCHAR
STARTCHAR 1E76
ENCODING 7798
SWIDTH 600 0
DWIDTH 30 0
BBX 24 45 3 -12
BITMAP
FE007F
FE007F
FE007F
FE007F
FE007F
FE007F
FE007F
FE007F
FE007F
FE007F
FE007F
FE007F
FE007F
FE007F
FE007F
FE007F
FE007F
FE007F
FE007F
FE007F
FE007F
FE007F
FE007F
FF00FF
FF00FE
7F00FE
7F01FE
7F81FE
3FFFFC
3FFFFC
1FFFF8
0FFFF0
07FFC0
01FF00
000000
000000
000000
000000
007E00
00FF00
01FF80
03FFC0
07E7E0
0F81F0
1F00F8
ENDCHAR
STARTCHAR 1E77
ENCODING 7799
SWIDTH 600 0
DWIDTH 30 0
BBX 23 38 3 -12
BITMAP
FE00FE
FE00FE
FE00FE
FE00FE
FE00FE
FE00FE
FE00FE
FE00FE
FE00FE
FE00FE
FE00FE
FE00FE
FE00FE
FE00FE
FE00FE
FE00FE
FE00FE
FE00FE
FF00FE
FF01FE
7F83FE
7FC77E
7FFF7E
3FFE7E
3FFC7E
1FF87E
07F000
000000
000000
000000
000000
007F00
00FF80
01FFC0
03FFC0
07E3E0
0F81F0
1F0078
ENDCHAR
STARTCHAR 1E78
ENCODING 7800
SWIDTH 600 0
DWIDTH 30 0
BBX 24 45 3 -1
BITMAP
000FC0
001F80
003E00
007C00
03E070
07F860
07FFE0
0E1FE0
0E07C0
000000
000000
FE007F
FE007F
FE007F
FE007F
FE007F
FE007F
FE007F
FE007F
FE007F
FE007F
FE007F
FE007F
FE007F
FE007F
FE007F
FE007F
FE007F
FE007F
FE007F
FE007F
FE007F
FE007F
FE007F
FF00FF
FF00FE
7F00FE
7F01FE
7F81FE
3FFFFC
3FFFFC
1FFFF8
0FFFF0
07FFC0
01FF00
ENDCHAR
STARTCHAR 1E79
ENCODING 7801
SWIDTH 600 0
DWIDTH 30 0
BBX 23 45 3 -1
BITMAP
0003F8
0007F0
000FE0
001F80
003F00
007C00
00F800
000000
000000
03E038
07F878
0FFFF0
0FFFF0
0E1FE0
0E07C0
000000
000000
000000
FE00FE
FE00FE
FE00FE
FE00FE
FE00FE
FE00FE
FE00FE
FE00FE
FE00FE
FE00FE
FE00FE
FE00FE
FE00FE
FE00FE
FE00FE
FE00FE
FE00FE
FE00FE
FF00FE
FF01FE
7F83FE
7FC77E
7FFF7E
3FFE7E
3FFC7E
1FF87E
07F000
ENDCHAR
STARTCHAR 1E7A
ENCODING 7802
SWIDTH 600 0
DWIDTH 30 0
BBX 24 45 3 -1
BITMAP
0383C0
0383C0
0383C0
0383C0
000000
000000
07FFE0
07FFE0
07FFE0
000000
000000
FE007F
FE007F
FE007F
FE007F
FE007F
FE007F
FE007F
FE007F
FE007F
FE007F
FE007F
FE007F
FE007F
FE007F
FE007F
FE007F
FE007F
FE007F
FE007F
FE007F
FE007F
FE007F
FE007F
FF00FF
FF00FE
7F00FE
7F01FE
7F81FE
3FFFFC
3FFFFC
1FFFF8
0FFFF0
07FFC0
01FF00
ENDCHAR
STARTCHAR 1E7B
ENCODING 7803
SWIDTH 600 0
DWIDTH 30 0
BBX 23 43 3 -1
BITMAP
0FC3F0
0FC3F0
0FC3F0
0FC3F0
0FC3F0
000000
000000
000000
07FFE0
07FFE0
07FFE0
07FFE0
000000
000000
000000
000000
FE00FE
FE00FE
FE00FE
FE00FE
FE00FE
FE00FE
FE00FE
FE00FE
FE00FE
FE00FE
FE00FE
FE00FE
FE00FE
FE00FE
FE00FE
FE00FE
FE00FE
FE00FE
FF00FE
FF01FE
7F83FE
7FC77E
7FFF7E
3FFE7E
3FFC7E
1FF87E
07F000
ENDCHAR
STARTCHAR 1E7C
ENCODING 7804
SWIDTH 600 0
DWIDTH 30 0
BBX 30 42 0 0
BITMAP
00780700
01FE0700
03FFCF00
03FFFF00
03CFFF00
0381FE00
07807800
00000000
00000000
FF0003FC
7F0003F8
7F0003F8
7F8007F8
3F8007F0
3F8007F0
3FC007F0
1FC00FE0
1FC00FE0
1FC00FE0
0FE01FC0
0FE01FC0
0FE01FC0
07F03F80
07F03F80
07F03F80
03F83F00
03F87F00
03F87F00
01F87E00
01FCFE00
01FCFE00
00FCFC00
00FEFC00
00FFFC00
007FF800
007FF800
003FF800
003FF000
003FF000
001FF000
001FE000
001FE000
ENDCHAR
STARTCHAR 1E7D
ENCODING 7805
SWIDTH 600 0
DWIDTH 30 0
BBX 28 36 1 0
BITMAP
00F00E00
03FC0E00
07FF9E00
07FFFE00
079FFE00
0703FC00
0F00F000
00000000
00000000
00000000
FE0007F0
FF000FF0
7F000FE0
7F000FE0
7F801FC0
3F801FC0
3F801FC0
1FC03F80
1FC03F80
1FC03F00
0FE07F00
0FE07F00
07E07E00
07F0FE00
07F0FC00
03F1FC00
03F9FC00
03F9F800
01F9F800
01FBF000
00FFF000
00FFF000
00FFE000
007FE000
007FC000
007FC000
ENDCHAR
STARTCHAR 1E7E
ENCODING 7806
SWIDTH 600 0
DWIDTH 30 0
BBX 30 42 0 -9
BITMAP
FF0003FC
7F0003F8
7F0003F8
7F8007F8
3F8007F0
3F8007F0
3FC007F0
1FC00FE0
1FC00FE0
1FC00FE0
0FE01FC0
0FE01FC0
0FE01FC0
07F03F80
07F03F80
07F03F80
03F83F00
03F87F00
03F87F00
01F87E00
01FCFE00
01FCFE00
00FCFC00
00FEFC00
00FFFC00
007FF800
007FF800
003FF800
003FF000
003FF000
001FF000
001FE000
001FE000
00000000
00000000
00000000
00000000
000FC000
000FC000
000FC000
000FC000
000FC000
ENDCHAR
STARTCHAR 1E7F
ENCODING 7807
SWIDTH 600 0
DWIDTH 30 0
BBX 28 35 1 -9
BITMAP
FE0007F0
FF000FF0
7F000FE0
7F000FE0
7F801FC0
3F801FC0
3F801FC0
1FC03F80
1FC03F80
1FC03F00
0FE07F00
0FE07F00
07E07E00
07F0FE00
07F0FC00
03F1FC00
03F9FC00
03F9F800
01F9F800
01FBF000
00FFF000
00FFF000
00FFE000
007FE000
007FC000
007FC000
00000000
00000000
00000000
00000000
001F8000
001F8000
001F8000
001F8000
001F8000
ENDCHAR
STARTCHAR 1E80
ENCODING 7808
SWIDTH 600 0
DWIDTH 30 0
BBX 30 42 0 0
BITMAP
01F80000
01FC0000
007E0000
003F0000
001F8000
0007C000
0003E000
00000000
00000000
FC0000FC
FE0001FC
FE0001FC
7E0001F8
7E0001F8
7E0001F8
7E0001F8
7E0001F8
7E0001F8
7F0FC3F8
3F0FC3F0
3F0FC3F0
3F0FC3F0
3F1FE3F0
3F1FE3F0
3F1FE3F0
1F3FF3E0
1FBFF3E0
1FBFF7E0
1FBEF7E0
1FFCFFE0
1FFCFFE0
0FFCFFE0
0FFCFFC0
0FF87FC0
0FF87FC0
0FF87FC0
0FF87FC0
0FF03FC0
07F03F80
07F03F80
07F03F80
07E01F80
ENDCHAR
STARTCHAR 1E81
ENCODING 7809
SWIDTH 600 0
DWIDTH 30 0
BBX 30 36 0 0
BITMAP
03F00000
03F80000
01FC0000
007E0000
003F0000
000F8000
0007C000
00000000
00000000
00000000
FC0000FC
7C0000F8
7C0000F8
7C0000F8
7C0000F8
7E0001F8
7E0FC1F8
3E0FC1F0
3E0FC1F0
3E0FC1F0
3E1FE1F0
3E1FE3F0
3F1FE3F0
1F3FF3E0
1F3CF3E0
1F3CF3E0
1F7CFBE0
1F787BE0
1F787BC0
0FF87FC0
0FF07FC0
0FF03FC0
0FF03FC0
0FE03FC0
0FE01F80
07E01F80
ENDCHAR
STARTCHAR 1E82
ENCODING 7810
SWIDTH 600 0
DWIDTH 30 0
BBX 30 42 0 0
BITMAP
00007F00
0000FE00
0001FC00
0003F800
0007E000
000FC000
001F0000
00000000
00000000
FC0000FC
FE0001FC
FE0001FC
7E0001F8
7E0001F8
7E0001F8
7E0001F8
7E0001F8
7E0001F8
7F0FC3F8
3F0FC3F0
3F0FC3F0
3F0FC3F0
3F1FE3F0
3F1FE3F0
3F1FE3F0
1F3FF3E0
1FBFF3E0
1FBFF7E0
1FBEF7E0
1FFCFFE0
1FFCFFE0
0FFCFFE0
0FFCFFC0
0FF87FC0
0FF87FC0
0FF87FC0
0FF87FC0
0FF03FC0
07F03F80
07F03F80
07F03F80
07E01F80
ENDCHAR
STARTCHAR 1E83
ENCODING 7811
SWIDTH 600 0
DWIDTH 30 0
BBX 30 36 0 0
BITMAP
00007F00
0000FE00
0001FC00
0003F000
0007E000
000FC000
001F0000
00000000
00000000
00000000
FC0000FC
7C0000F8
7C0000F8
7C0000F8
7C0000F8
7E0001F8
7E0FC1F8
3E0FC1F0
3E0FC1F0
3E0FC1F0
3E1FE1F0
3E1FE3F0
3F1FE3F0
1F3FF3E0
1F3CF3E0
1F3CF3E0
1F7CFBE0
1F787BE0
1F787BC0
0FF87FC0
0FF07FC0
0FF03FC0
0FF03FC0
0FE03FC0
0FE01F80
07E01F80
ENDCHAR
STARTCHAR 1E84
ENCODING 7812
SWIDTH 600 0
DWIDTH 30 0
BBX 30 41 0 0
BITMAP
01F87E00
01F87E00
01F87E00
01F87E00
01F87E00
00000000
00000000
00000000
FC0000FC
FE0001FC
FE0001FC
7E0001F8
7E0001F8
7E0001F8
7E0001F8
7E0001F8
7E0001F8
7F0FC3F8
3F0FC3F0
3F0FC3F0
3F0FC3F0
3F1FE3F0
3F1FE3F0
3F1FE3F0
1F3FF3E0
1FBFF3E0
1FBFF7E0
1FBEF7E0
1FFCFFE0
1FFCFFE0
0FFCFFE0
0FFCFFC0
0FF87FC0
0FF87FC0
0FF87FC0
0FF87FC0
0FF03FC0
07F03F80
07F03F80
07F03F80
07E01F80
ENDCHAR
STARTCHAR 1E85
ENCODING 7813
SWIDTH 600 0
DWIDTH 30 0
BBX 30 35 0 0
BITMAP
01F87E00
01F87E00
01F87E00
01F87E00
01F87E00
00000000
00000000
00000000
00000000
FC0000FC
7C0000F8
7C0000F8
7C0000F8
7C0000F8
7E0001F8
7E0FC1F8
3E0FC1F0
3E0FC1F0
3E0FC1F0
3E1FE1F0
3E1FE3F0
3F1FE3F0
1F3FF3E0
1F3CF3E0
1F3CF3E0
1F7CFBE0
1F787BE0
1F787BC0
0FF87FC0
0FF07FC0
0FF03FC0
0FF03FC0
0FE03FC0
0FE01F80
07E01F80
ENDCHAR
STARTCHAR 1E86
ENCODING 7814
SWIDTH 600 0
DWIDTH 30 0
BBX 30 41 0 0
BITMAP
000FC000
000FC000
000FC000
000FC000
000FC000
00000000
00000000
00000000
FC0000FC
FE0001FC
FE0001FC
7E0001F8
7E0001F8
7E0001F8
7E0001F8
7E0001F8
7E0001F8
7F0FC3F8
3F0FC3F0
3F0FC3F0
3F0FC3F0
3F1FE3F0
3F1FE3F0
3F1FE3F0
1F3FF3E0
1FBFF3E0
1FBFF7E0
1FBEF7E0
1FFCFFE0
1FFCFFE0
0FFCFFE0
0FFCFFC0
0FF87FC0
0FF87FC0
0FF87FC0
0FF87FC0
0FF03FC0
07F03F80
07F03F80
07F03F80
07E01F80
ENDCHAR
STARTCHAR 1E87
ENCODING 7815
SWIDTH 600 0
DWIDTH 30 0
BBX 30 36 0 0
BITMAP
000FC000
000FC000
000FC000
000FC000
000FC000
00000000
00000000
00000000
00000000
00000000
FC0000FC
7C0000F8
7C0000F8
7C0000F8
7C0000F8
7E0001F8
7E0FC1F8
3E0FC1F0
3E0FC1F0
3E0FC1F0
3E1FE1F0
3E1FE3F0
3F1FE3F0
1F3FF3E0
1F3CF3E0
1F3CF3E0
1F7CFBE0
1F787BE0
1F787BC0
0FF87FC0
0FF07FC0
0FF03FC0
0FF03FC0
0FE03FC0
0FE01F80
07E01F80
ENDCHAR
STARTCHAR 1E88
ENCODING 7816
SWIDTH 600 0
DWIDTH 30 0
BBX 30 42 0 -9
BITMAP
FC0000FC
FE0001FC
FE0001FC
7E0001F8
7E0001F8
7E0001F8
7E0001F8
7E0001F8
7E0001F8
7F0FC3F8
3F0FC3F0
3F0FC3F0
3F0FC3F0
3F1FE3F0
3F1FE3F0
3F1FE3F0
1F3FF3E0
1FBFF3E0
1FBFF7E0
1FBEF7E0
1FFCFFE0
1FFCFFE0
0FFCFFE0
0FFCFFC0
0FF87FC0
0FF87FC0
0FF87FC0
0FF87FC0
0FF03FC0
07F03F80
07F03F80
07F03F80
07E01F80
00000000
00000000
00000000
00000000
000FC000
000FC000
000FC000
000FC000
000FC000
ENDCHAR
STARTCHAR 1E89
ENCODING 7817
SWIDTH 600 0
DWIDTH 30 0
BBX 30 35 0 -9
BITMAP
FC0000FC
7C0000F8
7C0000F8
7C0000F8
7C0000F8
7E0001F8
7E0FC1F8
3E0FC1F0
3E0FC1F0
3E0FC1F0
3E1FE1F0
3E1FE3F0
3F1FE3F0
1F3FF3E0
1F3CF3E0
1F3CF3E0
1F7CFBE0
1F787BE0
1F787BC0
0FF87FC0
0FF07FC0
0FF03FC0
0FF03FC0
0FE03FC0
0FE01F80
07E01F80
00000000
00000000
00000000
00000000
000FC000
000FC000
000FC000
000FC000
000FC000
ENDCHAR
STARTCHAR 1E8A
ENCODING 7818
SWIDTH 600 0
DWIDTH 30 0
BBX 30 41 0 0
BITMAP
000FC000
000FC000
000FC000
000FC000
000FC000
00000000
00000000
00000000
7F8007F8
3FC007F0
1FC00FE0
1FE01FE0
0FE01FC0
07F03F80
07F87F80
03F87F00
01FCFE00
01FCFE00
00FFFC00
007FF800
007FF800
003FF000
003FE000
001FE000
001FE000
003FF000
007FF000
007FF800
00FFFC00
01FFFC00
01FCFE00
03F87F00
07F87F00
07F03F80
0FF03FC0
0FE01FC0
1FC00FE0
3FC00FF0
3F8007F0
7F8003F8
FF0003FC
ENDCHAR
STARTCHAR 1E8B
ENCODING 7819
SWIDTH 600 0
DWIDTH 30 0
BBX 26 36 2 0
BITMAP
003F0000
003F0000
003F0000
003F0000
003F0000
00000000
00000000
00000000
00000000
00000000
FE003FC0
7F003F80
3F807F00
3F80FF00
1FC0FE00
0FE1FC00
07F3F800
07F3F800
03FFF000
01FFE000
00FFC000
00FFC000
007F8000
00FFC000
00FFC000
01FFE000
03FFF000
07F3F800
07F3F800
0FE1FC00
1FC0FE00
1FC0FE00
3F807F00
7F003F80
FF003FC0
FE001FC0
ENDCHAR
STARTCHAR 1E8C
ENCODING 7820
SWIDTH 600 0
DWIDTH 30 0
BBX 30 40 0 0
BITMAP
01F87E00
01F87E00
01F87E00
01F87E00
01F87E00
00000000
00000000
7F8007F8
3FC007F0
1FC00FE0
1FE01FE0
0FE01FC0
07F03F80
07F87F80
03F87F00
01FCFE00
01FCFE00
00FFFC00
007FF800
007FF800
003FF000
003FE000
001FE000
001FE000
003FF000
007FF000
007FF800
00FFFC00
01FFFC00
01FCFE00
03F87F00
07F87F00
07F03F80
0FF03FC0
0FE01FC0
1FC00FE0
3FC00FF0
3F8007F0
7F8003F8
FF0003FC
ENDCHAR
STARTCHAR 1E8D
ENCODING 7821
SWIDTH 600 0
DWIDTH 30 0
BBX 26 35 2 0
BITMAP
07E1F800
07E1F800
07E1F800
07E1F800
07E1F800
00000000
00000000
00000000
00000000
FE003FC0
7F003F80
3F807F00
3F80FF00
1FC0FE00
0FE1FC00
07F3F800
07F3F800
03FFF000
01FFE000
00FFC000
00FFC000
007F8000
00FFC000
00FFC000
01FFE000
03FFF000
07F3F800
07F3F800
0FE1FC00
1FC0FE00
1FC0FE00
3F807F00
7F003F80
FF003FC0
FE001FC0
ENDCHAR
STARTCHAR 1E8E
ENCODING 7822
SWIDTH 600 0
DWIDTH 30 0
BBX 30 41 0 0
BITMAP
000FC000
000FC000
000FC000
000FC000
000FC000
00000000
00000000
00000000
FF0003FC
7F0003F8
3F8007F0
3FC00FF0
1FC00FE0
1FE01FE0
0FE01FC0
07F03F80
07F03F80
03F87F00
03F87F00
01FCFE00
00FDFC00
00FFFC00
007FF800
007FF800
003FF000
001FE000
001FE000
001FE000
001FE000
001FE000
001FE000
001FE000
001FE000
001FE000
001FE000
001FE000
001FE000
001FE000
001FE000
001FE000
001FE000
ENDCHAR
STARTCHAR 1E8F
ENCODING 7823
SWIDTH 600 0
DWIDTH 30 0
BBX 28 46 1 -10
BITMAP
001F8000
001F8000
001F8000
001F8000
001F8000
00000000
00000000
00000000
00000000
00000000
FF0007F0
7F000FE0
7F000FE0
3F800FE0
3F801FC0
3F801FC0
1FC01F80
1FC03F80
0FC03F80
0FE03F00
0FE07F00
07E07E00
07F0FE00
03F0FE00
03F8FC00
01F8FC00
01F9F800
01F9F800
00FDF800
00FDF000
007FF000
007FE000
003FE000
003FE000
003FC000
001FC000
001F8000
003F8000
003F8000
007F0000
00FF0000
3FFE0000
3FFE0000
3FFC0000
3FF80000
3FE00000
ENDCHAR
STARTCHAR 1E90
ENCODING 7824
SWIDTH 600 0
DWIDTH 30 0
BBX 26 42 2 0
BITMAP
003F8000
007FC000
00FFE000
01FFF000
03F1F800
07E07C00
07803E00
00000000
00000000
3FFFFF80
3FFFFF80
3FFFFF80
3FFFFF80
3FFFFF80
3FFFFF00
0000FF00
0001FE00
0003FC00
0003FC00
0007F800
000FF000
001FE000
001FE000
003FC000
007F8000
00FF0000
00FF0000
01FE0000
03FC0000
03F80000
07F80000
0FF00000
1FE00000
1FE00000
3FC00000
7F800000
FFFFFFC0
FFFFFFC0
FFFFFFC0
FFFFFFC0
FFFFFFC0
FFFFFFC0
ENDCHAR
STARTCHAR 1E91
ENCODING 7825
SWIDTH 600 0
DWIDTH 30 0
BBX 23 36 3 0
BITMAP
007E00
00FF00
01FF80
03FFC0
07E7E0
0F81F0
1F00F8
000000
000000
000000
7FFFFC
7FFFFC
7FFFFC
7FFFFC
7FFFFC
0003FC
0007F8
000FF0
001FE0
003FC0
007F80
007F00
00FF00
01FE00
03FC00
07F800
0FF000
1FE000
1FC000
3FC000
7F8000
FFFFFE
FFFFFE
FFFFFE
FFFFFE
FFFFFE
ENDCHAR
STARTCHAR 1E92
ENCODING 7826
SWIDTH 600 0
DWIDTH 30 0
BBX 26 42 2 -9
BITMAP
3FFFFF80
3FFFFF80
3FFFFF80
3FFFFF80
3FFFFF80
3FFFFF00
0000FF00
0001FE00
0003FC00
0003FC00
0007F800
000FF000
001FE000
001FE000
003FC000
007F8000
00FF0000
00FF0000
01FE0000
03FC0000
03F80000
07F80000
0FF00000
1FE00000
1FE00000
3FC00000
7F800000
FFFFFFC0
FFFFFFC0
FFFFFFC0
FFFFFFC0
FFFFFFC0
FFFFFFC0
00000000
00000000
00000000
00000000
003F8000
003F8000
003F8000
003F8000
003F8000
ENDCHAR
STARTCHAR 1E93
ENCODING 7827
SWIDTH 600 0
DWIDTH 30 0
BBX 23 35 3 -9
BITMAP
7FFFFC
7FFFFC
7FFFFC
7FFFFC
7FFFFC
0003FC
0007F8
000FF0
001FE0
003FC0
007F80
007F00
00FF00
01FE00
03FC00
07F800
0FF000
1FE000
1FC000
3FC000
7F8000
FFFFFE
FFFFFE
FFFFFE
FFFFFE
FFFFFE
000000
000000
000000
000000
007E00
007E00
007E00
007E00
007E00
ENDCHAR
STARTCHAR 1E94
ENCODING 7828
SWIDTH 600 0
DWIDTH 30 0
BBX 26 41 2 -8
BITMAP
3FFFFF80
3FFFFF80
3FFFFF80
3FFFFF80
3FFFFF80
3FFFFF00
0000FF00
0001FE00
0003FC00
0003FC00
0007F800
000FF000
001FE000
001FE000
003FC000
007F8000
00FF0000
00FF0000
01FE0000
03FC0000
03F80000
07F80000
0FF00000
1FE00000
1FE00000
3FC00000
7F800000
FFFFFFC0
FFFFFFC0
FFFFFFC0
FFFFFFC0
FFFFFFC0
FFFFFFC0
00000000
00000000
00000000
00000000
03FFF800
03FFF800
03FFF800
03FFF800
ENDCHAR
STARTCHAR 1E95
ENCODING 7829
SWIDTH 600 0
DWIDTH 30 0
BBX 23 34 3 -8
BITMAP
7FFFFC
7FFFFC
7FFFFC
7FFFFC
7FFFFC
0003FC
0007F8
000FF0
001FE0
003FC0
007F80
007F00
00FF00
01FE00
03FC00
07F800
0FF000
1FE000
1FC000
3FC000
7F8000
FFFFFE
FFFFFE
FFFFFE
FFFFFE
FFFFFE
000000
000000
000000
000000
07FFF0
07FFF0
07FFF0
07FFF0
ENDCHAR
STARTCHAR 1E96
ENCODING 7830
SWIDTH 600 0
DWIDTH 30 0
BBX 24 44 3 -8
BITMAP
FE0000
FE0000
FE0000
FE0000
FE0000
FE0000
FE0000
FE0000
FE0000
FE07E0
FE1FF8
FE7FFC
FE7FFE
FEFFFE
FFE1FE
FFC0FF
FF807F
FF007F
FF007F
FF007F
FE007F
FE007F
FE007F
FE007F
FE007F
FE007F
FE007F
FE007F
FE007F
FE007F
FE007F
FE007F
FE007F
FE007F
FE007F
FE007F
000000
000000
000000
000000
07FFF0
07FFF0
07FFF0
07FFF0
ENDCHAR
STARTCHAR 1E97
ENCODING 7831
SWIDTH 600 0
DWIDTH 30 0
BBX 21 42 4 -1
BITMAP
1F87E0
1F87E0
1F87E0
1F87E0
1F87E0
000000
000000
000000
03E000
03E000
03E000
07E000
07E000
07E000
0FE000
FFFFF0
FFFFF0
FFFFF0
FFFFF0
FFFFF0
0FE000
0FE000
0FE000
0FE000
0FE000
0FE000
0FE000
0FE000
0FE000
0FE000
0FE000
0FE000
0FE000
0FE000
0FE000
0FE000
0FF000
07FFF8
07FFF8
03FFF8
01FFF8
007FF0
ENDCHAR
STARTCHAR 1E98
ENCODING 7832
SWIDTH 600 0
DWIDTH 30 0
BBX 30 39 0 0
BITMAP
000FC000
001FE000
003FF000
00787800
00787800
00787800
0078F800
003FF000
001FE000
000FC000
00000000
00000000
00000000
FC0000FC
7C0000F8
7C0000F8
7C0000F8
7C0000F8
7E0001F8
7E0FC1F8
3E0FC1F0
3E0FC1F0
3E0FC1F0
3E1FE1F0
3E1FE3F0
3F1FE3F0
1F3FF3E0
1F3CF3E0
1F3CF3E0
1F7CFBE0
1F787BE0
1F787BC0
0FF87FC0
0FF07FC0
0FF03FC0
0FF03FC0
0FE03FC0
0FE01F80
07E01F80
ENDCHAR
STARTCHAR 1E99
ENCODING 7833
SWIDTH 600 0
DWIDTH 30 0
BBX 28 48 1 -10
BITMAP
001F8000
003FE000
007FE000
0078F000
00F07000
00F07000
0078F000
007FF000
003FE000
001F8000
00000000
00000000
FF0007F0
7F000FE0
7F000FE0
3F800FE0
3F801FC0
3F801FC0
1FC01F80
1FC03F80
0FC03F80
0FE03F00
0FE07F00
07E07E00
07F0FE00
03F0FE00
03F8FC00
01F8FC00
01F9F800
01F9F800
00FDF800
00FDF000
007FF000
007FE000
003FE000
003FE000
003FC000
001FC000
001F8000
003F8000
003F8000
007F0000
00FF0000
3FFE0000
3FFE0000
3FFC0000
3FF80000
3FE00000
ENDCHAR
STARTCHAR 1E9A
ENCODING 7834
SWIDTH 600 0
DWIDTH 30 0
BBX 26 40 3 -1
BITMAP
00700000
00780000
007C0000
001C0000
001C0000
001C0000
001C0000
007C0000
00780000
00700000
00000000
00000000
01FF0000
07FFC000
1FFFE000
1FFFF000
3FEFF800
7F83F800
7F01FC00
7F01FC00
0001FC00
0001FC00
0001FC00
03FFFC00
1FFFFC00
3FFFFC00
7FFFFC00
FF81FC00
FF01FC00
FE01FC00
FE01FC00
FE01FC00
FE03FC00
FE07FC00
FF0FFC00
FFFFFF40
7FFEFFC0
7FFC7FC0
3FF87FC0
0FE01F00
ENDCHAR
STARTCHAR 1E9B
ENCODING 7835
SWIDTH 600 0
DWIDTH 30 0
BBX 18 41 9 0
BITMAP
0FE000
0FE000
0FE000
0FE000
0FE000
000000
000000
03FF80
0FFFC0
3FFFC0
3FFFC0
7FFFC0
7F0000
FE0000
FE0000
FE0000
FE0000
FE0000
FE0000
FE0000
FE0000
FE0000
FE0000
FE0000
FE0000
FE0000
FE0000
FE0000
FE0000
FE0000
FE0000
FE0000
FE0000
FE0000
FE0000
FE0000
FE0000
FE0000
FE0000
FE0000
FE0000
ENDCHAR
STARTCHAR 1E9E
ENCODING 7838
SWIDTH 600 0
DWIDTH 30 0
BBX 27 35 2 -1
BITMAP
007F8000
03FFF000
0FFFF800
1FFFFE00
1FFFFF00
3FFFFF80
3FC0FFC0
7F807FC0
7F007F80
7F00FF00
7F00FE00
FF01FC00
FF03F800
FF07F800
FF07F000
FF07FE00
FF07FF00
FF07FF80
FF07FFC0
FF003FE0
FF001FE0
FF000FE0
FF000FE0
FF000FE0
FF000FE0
FF000FE0
FF000FE0
FF000FE0
FF001FE0
FF0CFFC0
FF0FFFC0
FF1FFF80
FF1FFF00
FF1FFE00
001FF000
ENDCHAR
STARTCHAR 1EA0
ENCODING 7840
SWIDTH 600 0
DWIDTH 30 0
BBX 30 42 0 -9
BITMAP
001FE000
003FF000
003FF000
003FF000
007FF800
007FF800
007EF800
00FCFC00
00FCFC00
00FCFC00
01F87E00
01F87E00
01F87E00
03F87F00
03F03F00
03F03F00
07F03F80
07E01F80
07E01F80
0FFFFFC0
0FFFFFC0
0FFFFFC0
1FFFFFE0
1FFFFFE0
1F8007E0
3F8007F0
3F8007F0
3F8007F0
7F0003F8
7F0003F8
7F0003F8
FF0003FC
FE0001FC
00000000
00000000
00000000
00000000
000FC000
000FC000
000FC000
000FC000
000FC000
ENDCHAR
STARTCHAR 1EA1
ENCODING 7841
SWIDTH 600 0
DWIDTH 30 0
BBX 26 36 3 -9
BITMAP
01FF0000
07FFC000
1FFFE000
1FFFF000
3FEFF800
7F83F800
7F01FC00
7F01FC00
0001FC00
0001FC00
0001FC00
03FFFC00
1FFFFC00
3FFFFC00
7FFFFC00
FF81FC00
FF01FC00
FE01FC00
FE01FC00
FE01FC00
FE03FC00
FE07FC00
FF0FFC00
FFFFFF40
7FFEFFC0
7FFC7FC0
3FF87FC0
0FE01F00
00000000
00000000
00000000
007E0000
007E0000
007E0000
007E0000
007E0000
ENDCHAR
STARTCHAR 1EA2
ENCODING 7842
SWIDTH 600 0
DWIDTH 30 0
BBX 30 43 0 0
BITMAP
003FC000
003FF000
003FF800
0000F800
0000F800
0007F000
00078000
00078000
00000000
00000000
001FE000
003FF000
003FF000
003FF000
007FF800
007FF800
007EF800
00FCFC00
00FCFC00
00FCFC00
01F87E00
01F87E00
01F87E00
03F87F00
03F03F00
03F03F00
07F03F80
07E01F80
07E01F80
0FFFFFC0
0FFFFFC0
0FFFFFC0
1FFFFFE0
1FFFFFE0
1F8007E0
3F8007F0
3F8007F0
3F8007F0
7F0003F8
7F0003F8
7F0003F8
FF0003FC
FE0001FC
ENDCHAR
STARTCHAR 1EA3
ENCODING 7843
SWIDTH 600 0
DWIDTH 30 0
BBX 26 38 3 -1
BITMAP
01FC0000
01FF0000
01FF8000
00078000
00078000
003F8000
003C0000
00380000
00000000
00000000
01FF0000
07FFC000
1FFFE000
1FFFF000
3FEFF800
7F83F800
7F01FC00
7F01FC00
0001FC00
0001FC00
0001FC00
03FFFC00
1FFFFC00
3FFFFC00
7FFFFC00
FF81FC00
FF01FC00
FE01FC00
FE01FC00
FE01FC00
FE03FC00
FE07FC00
FF0FFC00
FFFFFF40
7FFEFFC0
7FFC7FC0
3FF87FC0
0FE01F00
ENDCHAR
STARTCHAR 1EA4
ENCODING 7844
SWIDTH 600 0
DWIDTH 30 0
BBX 30 44 0 0
BITMAP
000003F0
000003E0
000FC780
001FE700
003FFE00
007CF000
00787800
00F03C00
01C00E00
00000000
00000000
001FE000
003FF000
003FF000
003FF000
007FF800
007FF800
007EF800
00FCFC00
00FCFC00
00FCFC00
01F87E00
01F87E00
01F87E00
03F87F00
03F03F00
03F03F00
07F03F80
07E01F80
07E01F80
0FFFFFC0
0FFFFFC0
0FFFFFC0
1FFFFFE0
1FFFFFE0
1F8007E0
3F8007F0
3F8007F0
3F8007F0
7F0003F8
7F0003F8
7F0003F8
FF0003FC
FE0001FC
ENDCHAR
STARTCHAR 1EA5
ENCODING 7845
SWIDTH 600 0
DWIDTH 30 0
BBX 26 39 3 -1
BITMAP
00000FC0
007E0F00
00FF1E00
01FFBC00
03FFC000
07E7E000
07C3E000
0F81F000
1E007800
00000000
00000000
01FF0000
07FFC000
1FFFE000
1FFFF000
3FEFF800
7F83F800
7F01FC00
7F01FC00
0001FC00
0001FC00
0001FC00
03FFFC00
1FFFFC00
3FFFFC00
7FFFFC00
FF81FC00
FF01FC00
FE01FC00
FE01FC00
FE01FC00
FE03FC00
FE07FC00
FF0FFC00
FFFFFF40
7FFEFFC0
7FFC7FC0
3FF87FC0
0FE01F00
ENDCHAR
STARTCHAR 1EA6
ENCODING 7846
SWIDTH 600 0
DWIDTH 30 0
BBX 30 44 0 0
BITMAP
3F000000
1F000000
078FC000
039FE000
01FFF000
003CF000
00787800
00F03C00
01C00E00
00000000
00000000
001FE000
003FF000
003FF000
003FF000
007FF800
007FF800
007EF800
00FCFC00
00FCFC00
00FCFC00
01F87E00
01F87E00
01F87E00
03F87F00
03F03F00
03F03F00
07F03F80
07E01F80
07E01F80
0FFFFFC0
0FFFFFC0
0FFFFFC0
1FFFFFE0
1FFFFFE0
1F8007E0
3F8007F0
3F8007F0
3F8007F0
7F0003F8
7F0003F8
7F0003F8
FF0003FC
FE0001FC
ENDCHAR
STARTCHAR 1EA7
ENCODING 7847
SWIDTH 600 0
DWIDTH 30 0
BBX 27 39 2 -1
BITMAP
F8000000
7C3F0000
3C7F8000
0EFFC000
01FFE000
03F3F000
03E1F800
07C0F800
0F803C00
00000000
00000000
00FF8000
03FFE000
0FFFF000
0FFFF800
1FF7FC00
3FC1FC00
3F80FE00
3F80FE00
0000FE00
0000FE00
0000FE00
01FFFE00
0FFFFE00
1FFFFE00
3FFFFE00
7FC0FE00
7F80FE00
7F00FE00
7F00FE00
7F00FE00
7F01FE00
7F03FE00
7F87FE00
7FFFFFA0
3FFF7FE0
3FFE3FE0
1FFC3FE0
07F00F80
ENDCHAR
STARTCHAR 1EA8
ENCODING 7848
SWIDTH 600 0
DWIDTH 30 0
BBX 30 44 0 0
BITMAP
00001F80
00001FC0
000FC1C0
001FE780
003FF600
007CF000
00787800
00F03C00
01C00E00
00000000
00000000
001FE000
003FF000
003FF000
003FF000
007FF800
007FF800
007EF800
00FCFC00
00FCFC00
00FCFC00
01F87E00
01F87E00
01F87E00
03F87F00
03F03F00
03F03F00
07F03F80
07E01F80
07E01F80
0FFFFFC0
0FFFFFC0
0FFFFFC0
1FFFFFE0
1FFFFFE0
1F8007E0
3F8007F0
3F8007F0
3F8007F0
7F0003F8
7F0003F8
7F0003F8
FF0003FC
FE0001FC
ENDCHAR
STARTCHAR 1EA9
ENCODING 7849
SWIDTH 600 0
DWIDTH 30 0
BBX 26 42 3 -1
BITMAP
0000FE00
0000FF00
00008700
00000700
00001F00
007E1E00
00FF1800
01FF8000
03FFC000
07E3E000
0F81F000
1F00F800
00000000
00000000
01FF0000
07FFC000
1FFFE000
1FFFF000
3FEFF800
7F83F800
7F01FC00
7F01FC00
0001FC00
0001FC00
0001FC00
03FFFC00
1FFFFC00
3FFFFC00
7FFFFC00
FF81FC00
FF01FC00
FE01FC00
FE01FC00
FE01FC00
FE03FC00
FE07FC00
FF0FFC00
FFFFFF40
7FFEFFC0
7FFC7FC0
3FF87FC0
0FE01F00
ENDCHAR
STARTCHAR 1EAA
ENCODING 7850
SWIDTH 600 0
DWIDTH 30 0
BBX 30 44 0 0
BITMAP
007C0E00
00FF0C00
00FFFC00
01C3FC00
01C0F800
000FC000
001FE000
007CF800
00F03C00
00000000
00000000
001FE000
003FF000
003FF000
003FF000
007FF800
007FF800
007EF800
00FCFC00
00FCFC00
00FCFC00
01F87E00
01F87E00
01F87E00
03F87F00
03F03F00
03F03F00
07F03F80
07E01F80
07E01F80
0FFFFFC0
0FFFFFC0
0FFFFFC0
1FFFFFE0
1FFFFFE0
1F8007E0
3F8007F0
3F8007F0
3F8007F0
7F0003F8
7F0003F8
7F0003F8
FF0003FC
FE0001FC
ENDCHAR
STARTCHAR 1EAB
ENCODING 7851
SWIDTH 600 0
DWIDTH 30 0
BBX 26 45 3 -1
BITMAP
03E07800
07F87000
0FFFF000
0FFFF000
0E1FE000
1E07C000
00000000
00000000
007E0000
00FF0000
01FF8000
03FFC000
07E7E000
0F81F000
1F00F800
00000000
00000000
01FF0000
07FFC000
1FFFE000
1FFFF000
3FEFF800
7F83F800
7F01FC00
7F01FC00
0001FC00
0001FC00
0001FC00
03FFFC00
1FFFFC00
3FFFFC00
7FFFFC00
FF81FC00
FF01FC00
FE01FC00
FE01FC00
FE01FC00
FE03FC00
FE07FC00
FF0FFC00
FFFFFF40
7FFEFFC0
7FFC7FC0
3FF87FC0
0FE01F00
ENDCHAR
STARTCHAR 1EAC
ENCODING 7852
SWIDTH 600 0
DWIDTH 30 0
BBX 30 51 0 -9
BITMAP
000FC000
001FE000
003FF000
007FF800
00FC7C00
01F03E00
03E01F00
00000000
00000000
001FE000
003FF000
003FF000
003FF000
007FF800
007FF800
007EF800
00FCFC00
00FCFC00
00FCFC00
01F87E00
01F87E00
01F87E00
03F87F00
03F03F00
03F03F00
07F03F80
07E01F80
07E01F80
0FFFFFC0
0FFFFFC0
0FFFFFC0
1FFFFFE0
1FFFFFE0
1F8007E0
3F8007F0
3F8007F0
3F8007F0
7F0003F8
7F0003F8
7F0003F8
FF0003FC
FE0001FC
00000000
00000000
00000000
00000000
000FC000
000FC000
000FC000
000FC000
000FC000
ENDCHAR
STARTCHAR 1EAD
ENCODING 7853
SWIDTH 600 0
DWIDTH 30 0
BBX 26 45 3 -9
BITMAP
007E0000
00FF0000
01FF8000
03FFC000
07E7E000
0F81F000
1F00F800
00000000
00000000
01FF0000
07FFC000
1FFFE000
1FFFF000
3FEFF800
7F83F800
7F01FC00
7F01FC00
0001FC00
0001FC00
0001FC00
03FFFC00
1FFFFC00
3FFFFC00
7FFFFC00
FF81FC00
FF01FC00
FE01FC00
FE01FC00
FE01FC00
FE03FC00
FE07FC00
FF0FFC00
FFFFFF40
7FFEFFC0
7FFC7FC0
3FF87FC0
0FE01F00
00000000
00000000
00000000
007E0000
007E0000
007E0000
007E0000
007E0000
ENDCHAR
STARTCHAR 1EAE
ENCODING 7854
SWIDTH 600 0
DWIDTH 30 0
BBX 30 44 0 0
BITMAP
0001F800
0001F000
0003C000
01C78E00
00E01C00
00F03C00
007FF800
003FF000
000FC000
00000000
00000000
001FE000
003FF000
003FF000
003FF000
007FF800
007FF800
007EF800
00FCFC00
00FCFC00
00FCFC00
01F87E00
01F87E00
01F87E00
03F87F00
03F03F00
03F03F00
07F03F80
07E01F80
07E01F80
0FFFFFC0
0FFFFFC0
0FFFFFC0
1FFFFFE0
1FFFFFE0
1F8007E0
3F8007F0
3F8007F0
3F8007F0
7F0003F8
7F0003F8
7F0003F8
FF0003FC
FE0001FC
ENDCHAR
STARTCHAR 1EAF
ENCODING 7855
SWIDTH 600 0
DWIDTH 30 0
BBX 26 45 3 -1
BITMAP
0003F800
0007F800
000FE000
001FC000
003F0000
003E0000
007C0000
00000000
1E00F800
0F00F000
0F81F000
0FFFF000
07FFE000
03FFC000
00FF0000
00000000
00000000
01FF0000
07FFC000
1FFFE000
1FFFF000
3FEFF800
7F83F800
7F01FC00
7F01FC00
0001FC00
0001FC00
0001FC00
03FFFC00
1FFFFC00
3FFFFC00
7FFFFC00
FF81FC00
FF01FC00
FE01FC00
FE01FC00
FE01FC00
FE03FC00
FE07FC00
FF0FFC00
FFFFFF40
7FFEFFC0
7FFC7FC0
3FF87FC0
0FE01F00
ENDCHAR
STARTCHAR 1EB0
ENCODING 7856
SWIDTH 600 0
DWIDTH 30 0
BBX 30 44 0 0
BITMAP
007E0000
003E0000
000F0000
01C78E00
00E01C00
00F03C00
007FF800
003FF000
000FC000
00000000
00000000
001FE000
003FF000
003FF000
003FF000
007FF800
007FF800
007EF800
00FCFC00
00FCFC00
00FCFC00
01F87E00
01F87E00
01F87E00
03F87F00
03F03F00
03F03F00
07F03F80
07E01F80
07E01F80
0FFFFFC0
0FFFFFC0
0FFFFFC0
1FFFFFE0
1FFFFFE0
1F8007E0
3F8007F0
3F8007F0
3F8007F0
7F0003F8
7F0003F8
7F0003F8
FF0003FC
FE0001FC
ENDCHAR
STARTCHAR 1EB1
ENCODING 7857
SWIDTH 600 0
DWIDTH 30 0
BBX 26 45 3 -1
BITMAP
1F800000
1FC00000
07E00000
03F00000
01F80000
007C0000
003E0000
00000000
1E00F000
0F00F000
0F81F000
0FFFE000
07FFE000
03FFC000
00FF0000
00000000
00000000
01FF0000
07FFC000
1FFFE000
1FFFF000
3FEFF800
7F83F800
7F01FC00
7F01FC00
0001FC00
0001FC00
0001FC00
03FFFC00
1FFFFC00
3FFFFC00
7FFFFC00
FF81FC00
FF01FC00
FE01FC00
FE01FC00
FE01FC00
FE03FC00
FE07FC00
FF0FFC00
FFFFFF40
7FFEFFC0
7FFC7FC0
3FF87FC0
0FE01F00
ENDCHAR
STARTCHAR 1EB2
ENCODING 7858
SWIDTH 600 0
DWIDTH 30 0
BBX 30 44 0 0
BITMAP
000F8000
000FC000
0000C000
01C1CE00
00E39C00
00F03C00
007FF800
003FF000
000FC000
00000000
00000000
001FE000
003FF000
003FF000
003FF000
007FF800
007FF800
007EF800
00FCFC00
00FCFC00
00FCFC00
01F87E00
01F87E00
01F87E00
03F87F00
03F03F00
03F03F00
07F03F80
07E01F80
07E01F80
0FFFFFC0
0FFFFFC0
0FFFFFC0
1FFFFFE0
1FFFFFE0
1F8007E0
3F8007F0
3F8007F0
3F8007F0
7F0003F8
7F0003F8
7F0003F8
FF0003FC
FE0001FC
ENDCHAR
STARTCHAR 1EB3
ENCODING 7859
SWIDTH 600 0
DWIDTH 30 0
BBX 26 45 3 -1
BITMAP
01FE0000
01FF8000
01FFC000
0007C000
0003C000
000FC000
003F8000
003C0000
1E00F800
0F00F000
0F81F000
0FFFF000
07FFE000
03FFC000
00FF0000
00000000
00000000
01FF0000
07FFC000
1FFFE000
1FFFF000
3FEFF800
7F83F800
7F01FC00
7F01FC00
0001FC00
0001FC00
0001FC00
03FFFC00
1FFFFC00
3FFFFC00
7FFFFC00
FF81FC00
FF01FC00
FE01FC00
FE01FC00
FE01FC00
FE03FC00
FE07FC00
FF0FFC00
FFFFFF40
7FFEFFC0
7FFC7FC0
3FF87FC0
0FE01F00
ENDCHAR
STARTCHAR 1EB4
ENCODING 7860
SWIDTH 600 0
DWIDTH 30 0
BBX 30 44 0 0
BITMAP
007C0E00
00FF9C00
00E7FC00
01C0F800
00601800
00703800
003FF000
001FE000
000FC000
00000000
00000000
001FE000
003FF000
003FF000
003FF000
007FF800
007FF800
007EF800
00FCFC00
00FCFC00
00FCFC00
01F87E00
01F87E00
01F87E00
03F87F00
03F03F00
03F03F00
07F03F80
07E01F80
07E01F80
0FFFFFC0
0FFFFFC0
0FFFFFC0
1FFFFFE0
1FFFFFE0
1F8007E0
3F8007F0
3F8007F0
3F8007F0
7F0003F8
7F0003F8
7F0003F8
FF0003FC
FE0001FC
ENDCHAR
STARTCHAR 1EB5
ENCODING 7861
SWIDTH 600 0
DWIDTH 30 0
BBX 26 44 3 -1
BITMAP
03E03800
07F87800
0FFFF000
0FFFF000
0E1FE000
1E07C000
00000000
1E00F000
1F00F000
0F81F000
0FFFE000
07FFE000
03FFC000
00FF0000
00000000
00000000
01FF0000
07FFC000
1FFFE000
1FFFF000
3FEFF800
7F83F800
7F01FC00
7F01FC00
0001FC00
0001FC00
0001FC00
03FFFC00
1FFFFC00
3FFFFC00
7FFFFC00
FF81FC00
FF01FC00
FE01FC00
FE01FC00
FE01FC00
FE03FC00
FE07FC00
FF0FFC00
FFFFFF40
7FFEFFC0
7FFC7FC0
3FF87FC0
0FE01F00
ENDCHAR
STARTCHAR 1EB6
ENCODING 7862
SWIDTH 600 0
DWIDTH 30 0
BBX 30 51 0 -9
BITMAP
03C01E00
03E01E00
01F03E00
01FFFC00
00FFFC00
007FF800
001FC000
00000000
00000000
001FE000
003FF000
003FF000
003FF000
007FF800
007FF800
007EF800
00FCFC00
00FCFC00
00FCFC00
01F87E00
01F87E00
01F87E00
03F87F00
03F03F00
03F03F00
07F03F80
07E01F80
07E01F80
0FFFFFC0
0FFFFFC0
0FFFFFC0
1FFFFFE0
1FFFFFE0
1F8007E0
3F8007F0
3F8007F0
3F8007F0
7F0003F8
7F0003F8
7F0003F8
FF0003FC
FE0001FC
00000000
00000000
00000000
00000000
000FC000
000FC000
000FC000
000FC000
000FC000
ENDCHAR
STARTCHAR 1EB7
ENCODING 7863
SWIDTH 600 0
DWIDTH 30 0
BBX 26 45 3 -9
BITMAP
1E00F800
0F00F000
0F81F000
0FFFF000
07FFE000
03FFC000
00FF0000
00000000
00000000
01FF0000
07FFC000
1FFFE000
1FFFF000
3FEFF800
7F83F800
7F01FC00
7F01FC00
0001FC00
0001FC00
0001FC00
03FFFC00
1FFFFC00
3FFFFC00
7FFFFC00
FF81FC00
FF01FC00
FE01FC00
FE01FC00
FE01FC00
FE03FC00
FE07FC00
FF0FFC00
FFFFFF40
7FFEFFC0
7FFC7FC0
3FF87FC0
0FE01F00
00000000
00000000
00000000
007E0000
007E0000
007E0000
007E0000
007E0000
ENDCHAR
STARTCHAR 1EB8
ENCODING 7864
SWIDTH 600 0
DWIDTH 30 0
BBX 25 42 3 -9
BITMAP
FFFFFF00
FFFFFF00
FFFFFF00
FFFFFF00
FFFFFF00
FFFFFF00
FF000000
FF000000
FF000000
FF000000
FF000000
FF000000
FF000000
FFFFFC00
FFFFFC00
FFFFFC00
FFFFFC00
FFFFFC00
FFFFFC00
FF000000
FF000000
FF000000
FF000000
FF000000
FF000000
FF000000
FF000000
FFFFFF80
FFFFFF80
FFFFFF80
FFFFFF80
FFFFFF80
FFFFFF80
00000000
00000000
00000000
00000000
007E0000
007E0000
007E0000
007E0000
007E0000
ENDCHAR
STARTCHAR 1EB9
ENCODING 7865
SWIDTH 600 0
DWIDTH 30 0
BBX 26 36 2 -9
BITMAP
007F8000
01FFF000
07FFF800
0FFFFC00
1FF3FE00
3FC07E00
3F803F00
7F003F00
7F003F80
7F001F80
7F001F80
7FFFFF80
FFFFFF80
FFFFFFC0
FFFFFFC0
FF000000
7F000000
7F000000
7F000000
7F000000
7F801F00
3F803F80
3FE07F00
1FFFFF00
0FFFFE00
07FFFC00
01FFF000
007F8000
00000000
00000000
00000000
003F8000
003F8000
003F8000
003F8000
003F8000
ENDCHAR
STARTCHAR 1EBA
ENCODING 7866
SWIDTH 600 0
DWIDTH 30 0
BBX 25 43 3 0
BITMAP
01FE0000
01FF8000
01FFC000
0007C000
0007C000
003F8000
003C0000
003C0000
00000000
00000000
FFFFFF00
FFFFFF00
FFFFFF00
FFFFFF00
FFFFFF00
FFFFFF00
FF000000
FF000000
FF000000
FF000000
FF000000
FF000000
FF000000
FFFFFC00
FFFFFC00
FFFFFC00
FFFFFC00
FFFFFC00
FFFFFC00
FF000000
FF000000
FF000000
FF000000
FF000000
FF000000
FF000000
FF000000
FFFFFF80
FFFFFF80
FFFFFF80
FFFFFF80
FFFFFF80
FFFFFF80
ENDCHAR
STARTCHAR 1EBB
ENCODING 7867
SWIDTH 600 0
DWIDTH 30 0
BBX 26 38 2 -1
BITMAP
00FF0000
00FFC000
00FFE000
0001E000
0003E000
001FC000
001F0000
001C0000
00000000
00000000
007F8000
01FFF000
07FFF800
0FFFFC00
1FF3FE00
3FC07E00
3F803F00
7F003F00
7F003F80
7F001F80
7F001F80
7FFFFF80
FFFFFF80
FFFFFFC0
FFFFFFC0
FF000000
7F000000
7F000000
7F000000
7F000000
7F801F00
3F803F80
3FE07F00
1FFFFF00
0FFFFE00
07FFFC00
01FFF000
007F8000
ENDCHAR
STARTCHAR 1EBC
ENCODING 7868
SWIDTH 600 0
DWIDTH 30 0
BBX 25 42 3 0
BITMAP
03E01C00
07F83C00
0FFE3C00
0FFFF800
1E3FF800
1E0FF000
1C03E000
00000000
00000000
FFFFFF00
FFFFFF00
FFFFFF00
FFFFFF00
FFFFFF00
FFFFFF00
FF000000
FF000000
FF000000
FF000000
FF000000
FF000000
FF000000
FFFFFC00
FFFFFC00
FFFFFC00
FFFFFC00
FFFFFC00
FFFFFC00
FF000000
FF000000
FF000000
FF000000
FF000000
FF000000
FF000000
FF000000
FFFFFF80
FFFFFF80
FFFFFF80
FFFFFF80
FFFFFF80
FFFFFF80
ENDCHAR
STARTCHAR 1EBD
ENCODING 7869
SWIDTH 600 0
DWIDTH 30 0
BBX 26 37 2 -1
BITMAP
01F00E00
03FC1E00
07FF1E00
07FFFC00
0F1FFC00
0F07F800
0E01F000
00000000
00000000
007F8000
01FFF000
07FFF800
0FFFFC00
1FF3FE00
3FC07E00
3F803F00
7F003F00
7F003F80
7F001F80
7F001F80
7FFFFF80
FFFFFF80
FFFFFFC0
FFFFFFC0
FF000000
7F000000
7F000000
7F000000
7F000000
7F801F00
3F803F80
3FE07F00
1FFFFF00
0FFFFE00
07FFFC00
01FFF000
007F8000
ENDCHAR
STARTCHAR 1EBE
ENCODING 7870
SWIDTH 600 0
DWIDTH 30 0
BBX 25 44 3 0
BITMAP
00000F80
00001F00
007E1E00
007F3C00
00FFB000
01F7C000
03C3E000
0780F000
0F007000
00000000
00000000
FFFFFF00
FFFFFF00
FFFFFF00
FFFFFF00
FFFFFF00
FFFFFF00
FF000000
FF000000
FF000000
FF000000
FF000000
FF000000
FF000000
FFFFFC00
FFFFFC00
FFFFFC00
FFFFFC00
FFFFFC00
FFFFFC00
FF000000
FF000000
FF000000
FF000000
FF000000
FF000000
FF000000
FF000000
FFFFFF80
FFFFFF80
FFFFFF80
FFFFFF80
FFFFFF80
FFFFFF80
ENDCHAR
STARTCHAR 1EBF
ENCODING 7871
SWIDTH 600 0
DWIDTH 30 0
BBX 27 39 2 -1
BITMAP
000003E0
003F87C0
007FCF00
007FCE00
00FFE000
01F1F000
03E0F800
07C07C00
0F803E00
00000000
00000000
007F8000
01FFF000
07FFF800
0FFFFC00
1FF3FE00
3FC07E00
3F803F00
7F003F00
7F003F80
7F001F80
7F001F80
7FFFFF80
FFFFFF80
FFFFFFC0
FFFFFFC0
FF000000
7F000000
7F000000
7F000000
7F000000
7F801F00
3F803F80
3FE07F00
1FFFFF00
0FFFFE00
07FFFC00
01FFF000
007F8000
ENDCHAR
STARTCHAR 1EC0
ENCODING 7872
SWIDTH 600 0
DWIDTH 30 0
BBX 25 44 3 0
BITMAP
F8000000
7C000000
3C3E0000
1E7F0000
0EFF8000
01F7C000
03C1E000
0780F000
07007000
00000000
00000000
FFFFFF00
FFFFFF00
FFFFFF00
FFFFFF00
FFFFFF00
FFFFFF00
FF000000
FF000000
FF000000
FF000000
FF000000
FF000000
FF000000
FFFFFC00
FFFFFC00
FFFFFC00
FFFFFC00
FFFFFC00
FFFFFC00
FF000000
FF000000
FF000000
FF000000
FF000000
FF000000
FF000000
FF000000
FFFFFF80
FFFFFF80
FFFFFF80
FFFFFF80
FFFFFF80
FFFFFF80
ENDCHAR
STARTCHAR 1EC1
ENCODING 7873
SWIDTH 600 0
DWIDTH 30 0
BBX 26 39 2 -1
BITMAP
F8000000
7C3F8000
1E7F8000
0EFFC000
00FFE000
01F3F000
03E0F800
07C07C00
0F803C00
00000000
00000000
007F8000
01FFF000
07FFF800
0FFFFC00
1FF3FE00
3FC07E00
3F803F00
7F003F00
7F003F80
7F001F80
7F001F80
7FFFFF80
FFFFFF80
FFFFFFC0
FFFFFFC0
FF000000
7F000000
7F000000
7F000000
7F000000
7F801F00
3F803F80
3FE07F00
1FFFFF00
0FFFFE00
07FFFC00
01FFF000
007F8000
ENDCHAR
STARTCHAR 1EC2
ENCODING 7874
SWIDTH 600 0
DWIDTH 30 0
BBX 25 44 3 0
BITMAP
00007C00
00007E00
007E0600
007F1E00
00FF9000
01F7C000
03C3E000
0780F000
0F007000
00000000
00000000
FFFFFF00
FFFFFF00
FFFFFF00
FFFFFF00
FFFFFF00
FFFFFF00
FF000000
FF000000
FF000000
FF000000
FF000000
FF000000
FF000000
FFFFFC00
FFFFFC00
FFFFFC00
FFFFFC00
FFFFFC00
FFFFFC00
FF000000
FF000000
FF000000
FF000000
FF000000
FF000000
FF000000
FF000000
FFFFFF80
FFFFFF80
FFFFFF80
FFFFFF80
FFFFFF80
FFFFFF80
ENDCHAR
STARTCHAR 1EC3
ENCODING 7875
SWIDTH 600 0
DWIDTH 30 0
BBX 26 42 2 -1
BITMAP
00003F00
00007F80
000023C0
000003C0
00000780
003F8F00
007FCC00
00FFE000
01FFF000
03F1F800
07C0FC00
0F803C00
00000000
00000000
007F8000
01FFF000
07FFF800
0FFFFC00
1FF3FE00
3FC07E00
3F803F00
7F003F00
7F003F80
7F001F80
7F001F80
7FFFFF80
FFFFFF80
FFFFFFC0
FFFFFFC0
FF000000
7F000000
7F000000
7F000000
7F000000
7F801F00
3F803F80
3FE07F00
1FFFFF00
0FFFFE00
07FFFC00
01FFF000
007F8000
ENDCHAR
STARTCHAR 1EC4
ENCODING 7876
SWIDTH 600 0
DWIDTH 30 0
BBX 25 44 3 0
BITMAP
01F03000
03FC7000
07FFF000
071FE000
0607C000
007F0000
00FF8000
01F7C000
07C1F000
00000000
00000000
FFFFFF00
FFFFFF00
FFFFFF00
FFFFFF00
FFFFFF00
FFFFFF00
FF000000
FF000000
FF000000
FF000000
FF000000
FF000000
FF000000
FFFFFC00
FFFFFC00
FFFFFC00
FFFFFC00
FFFFFC00
FFFFFC00
FF000000
FF000000
FF000000
FF000000
FF000000
FF000000
FF000000
FF000000
FFFFFF80
FFFFFF80
FFFFFF80
FFFFFF80
FFFFFF80
FFFFFF80
ENDCHAR
STARTCHAR 1EC5
ENCODING 7877
SWIDTH 600 0
DWIDTH 30 0
BBX 26 45 2 -1
BITMAP
01E03800
07FC3800
07FFF800
0FFFF800
0F0FF000
0E03E000
00000000
00000000
003F0000
007F8000
00FFC000
01FFE000
03E3F000
07C0F800
0F007C00
00000000
00000000
007F8000
01FFF000
07FFF800
0FFFFC00
1FF3FE00
3FC07E00
3F803F00
7F003F00
7F003F80
7F001F80
7F001F80
7FFFFF80
FFFFFF80
FFFFFFC0
FFFFFFC0
FF000000
7F000000
7F000000
7F000000
7F000000
7F801F00
3F803F80
3FE07F00
1FFFFF00
0FFFFE00
07FFFC00
01FFF000
007F8000
ENDCHAR
STARTCHAR 1EC6
ENCODING 7878
SWIDTH 600 0
DWIDTH 30 0
BBX 25 51 3 -9
BITMAP
003F8000
007FC000
00FFC000
01FFE000
03F1F000
07C0F800
0F803C00
00000000
00000000
FFFFFF00
FFFFFF00
FFFFFF00
FFFFFF00
FFFFFF00
FFFFFF00
FF000000
FF000000
FF000000
FF000000
FF000000
FF000000
FF000000
FFFFFC00
FFFFFC00
FFFFFC00
FFFFFC00
FFFFFC00
FFFFFC00
FF000000
FF000000
FF000000
FF000000
FF000000
FF000000
FF000000
FF000000
FFFFFF80
FFFFFF80
FFFFFF80
FFFFFF80
FFFFFF80
FFFFFF80
00000000
00000000
00000000
00000000
003F8000
003F8000
003F8000
003F8000
003F8000
ENDCHAR
STARTCHAR 1EC7
ENCODING 7879
SWIDTH 600 0
DWIDTH 30 0
BBX 26 45 2 -9
BITMAP
003F8000
007FC000
00FFE000
01FFF000
03F1F800
07E0FC00
0F803C00
00000000
00000000
007F8000
01FFF000
07FFF800
0FFFFC00
1FF3FE00
3FC07E00
3F803F00
7F003F00
7F003F80
7F001F80
7F001F80
7FFFFF80
FFFFFF80
FFFFFFC0
FFFFFFC0
FF000000
7F000000
7F000000
7F000000
7F000000
7F801F00
3F803F80
3FE07F00
1FFFFF00
0FFFFE00
07FFFC00
01FFF000
007F8000
00000000
00000000
00000000
003F8000
003F8000
003F8000
003F8000
003F8000
ENDCHAR
STARTCHAR 1EC8
ENCODING 7880
SWIDTH 600 0
DWIDTH 30 0
BBX 22 43 4 0
BITMAP
07FC00
03FF00
03FF00
000F80
000F00
00FF00
00F000
00F000
000000
000000
FFFFFC
FFFFFC
FFFFFC
FFFFFC
FFFFFC
FFFFFC
01FE00
01FE00
01FE00
01FE00
01FE00
01FE00
01FE00
01FE00
01FE00
01FE00
01FE00
01FE00
01FE00
01FE00
01FE00
01FE00
01FE00
01FE00
01FE00
01FE00
01FE00
FFFFFC
FFFFFC
FFFFFC
FFFFFC
FFFFFC
FFFFFC
ENDCHAR
STARTCHAR 1EC9
ENCODING 7881
SWIDTH 600 0
DWIDTH 30 0
BBX 25 37 3 0
BITMAP
01FC0000
01FF0000
01FF8000
00078000
00078000
003F8000
003C0000
00380000
00000000
00000000
00000000
3FFF0000
3FFF0000
3FFF0000
3FFF0000
3FFF0000
003F0000
003F0000
003F0000
003F0000
003F0000
003F0000
003F0000
003F0000
003F0000
003F0000
003F0000
003F0000
003F0000
003F0000
003F0000
003F0000
FFFFFF80
FFFFFF80
FFFFFF80
FFFFFF80
FFFFFF80
ENDCHAR
STARTCHAR 1ECA
ENCODING 7882
SWIDTH 600 0
DWIDTH 30 0
BBX 22 42 4 -9
BITMAP
FFFFFC
FFFFFC
FFFFFC
FFFFFC
FFFFFC
FFFFFC
01FE00
01FE00
01FE00
01FE00
01FE00
01FE00
01FE00
01FE00
01FE00
01FE00
01FE00
01FE00
01FE00
01FE00
01FE00
01FE00
01FE00
01FE00
01FE00
01FE00
01FE00
FFFFFC
FFFFFC
FFFFFC
FFFFFC
FFFFFC
FFFFFC
000000
000000
000000
000000
00FC00
00FC00
00FC00
00FC00
00FC00
ENDCHAR
STARTCHAR 1ECB
ENCODING 7883
SWIDTH 600 0
DWIDTH 30 0
BBX 25 45 3 -9
BITMAP
003F0000
003F0000
003F0000
003F0000
003F0000
00000000
00000000
00000000
00000000
00000000
3FFF0000
3FFF0000
3FFF0000
3FFF0000
3FFF0000
003F0000
003F0000
003F0000
003F0000
003F0000
003F0000
003F0000
003F0000
003F0000
003F0000
003F0000
003F0000
003F0000
003F0000
003F0000
003F0000
FFFFFF80
FFFFFF80
FFFFFF80
FFFFFF80
FFFFFF80
00000000
00000000
00000000
00000000
007F0000
007F0000
007F0000
007F0000
007F0000
ENDCHAR
STARTCHAR 1ECC
ENCODING 7884
SWIDTH 600 0
DWIDTH 30 0
BBX 26 43 2 -9
BITMAP
007F8000
01FFF000
07FFF800
0FFFFC00
1FFFFE00
3FFFFF00
3FC0FF00
7F807F80
7F807F80
7F003F80
FF003FC0
FF003FC0
FE001FC0
FE001FC0
FE001FC0
FE001FC0
FE001FC0
FE001FC0
FE001FC0
FE001FC0
FE001FC0
FE001FC0
FE001FC0
FF003FC0
FF003FC0
7F003F80
7F807F80
7F807F80
3FC0FF00
3FFFFF00
1FFFFE00
0FFFFC00
07FFF800
01FFE000
007F8000
00000000
00000000
00000000
003F0000
003F0000
003F0000
003F0000
003F0000
ENDCHAR
STARTCHAR 1ECD
ENCODING 7885
SWIDTH 600 0
DWIDTH 30 0
BBX 26 36 2 -9
BITMAP
007F8000
03FFF000
07FFFC00
0FFFFE00
1FFFFE00
3FC0FF00
3F807F00
7F803F80
7F003F80
7F003F80
FF003FC0
FF003FC0
FE001FC0
FE001FC0
FE001FC0
FE001FC0
FF003FC0
FF003FC0
7F003F80
7F003F80
7F003F80
3F807F00
3FC0FF00
1FFFFE00
0FFFFC00
07FFF800
03FFF000
007F8000
00000000
00000000
00000000
003F0000
003F0000
003F0000
003F0000
003F0000
ENDCHAR
STARTCHAR 1ECE
ENCODING 7886
SWIDTH 600 0
DWIDTH 30 0
BBX 26 44 2 -1
BITMAP
00FF0000
00FFC000
00FFE000
0003E000
0003E000
001FC000
001E0000
001E0000
00000000
007F8000
01FFF000
07FFF800
0FFFFC00
1FFFFE00
3FFFFF00
3FC0FF00
7F807F80
7F807F80
7F003F80
FF003FC0
FF003FC0
FE001FC0
FE001FC0
FE001FC0
FE001FC0
FE001FC0
FE001FC0
FE001FC0
FE001FC0
FE001FC0
FE001FC0
FE001FC0
FF003FC0
FF003FC0
7F003F80
7F807F80
7F807F80
3FC0FF00
3FFFFF00
1FFFFE00
0FFFFC00
07FFF800
01FFE000
007F8000
ENDCHAR
STARTCHAR 1ECF
ENCODING 7887
SWIDTH 600 0
DWIDTH 30 0
BBX 26 38 2 -1
BITMAP
00FE0000
00FF8000
00FFC000
0003C000
0003C000
001FC000
001E0000
001C0000
00000000
00000000
007F8000
03FFF000
07FFFC00
0FFFFE00
1FFFFE00
3FC0FF00
3F807F00
7F803F80
7F003F80
7F003F80
FF003FC0
FF003FC0
FE001FC0
FE001FC0
FE001FC0
FE001FC0
FF003FC0
FF003FC0
7F003F80
7F003F80
7F003F80
3F807F00
3FC0FF00
1FFFFE00
0FFFFC00
07FFF800
03FFF000
007F8000
ENDCHAR
STARTCHAR 1ED0
ENCODING 7888
SWIDTH 600 0
DWIDTH 30 0
BBX 26 45 2 -1
BITMAP
00000FC0
00000F80
003F1E00
007F9C00
00FFF800
01F3C000
01E1E000
03C0F000
07003800
00000000
007F8000
01FFF000
07FFF800
0FFFFC00
1FFFFE00
3FFFFF00
3FC0FF00
7F807F80
7F807F80
7F003F80
FF003FC0
FF003FC0
FE001FC0
FE001FC0
FE001FC0
FE001FC0
FE001FC0
FE001FC0
FE001FC0
FE001FC0
FE001FC0
FE001FC0
FE001FC0
FF003FC0
FF003FC0
7F003F80
7F807F80
7F807F80
3FC0FF00
3FFFFF00
1FFFFE00
0FFFFC00
07FFF800
01FFE000
007F8000
ENDCHAR
STARTCHAR 1ED1
ENCODING 7889
SWIDTH 600 0
DWIDTH 30 0
BBX 27 39 2 -1
BITMAP
000007E0
003F0780
007F8F00
00FFDE00
01FFE000
03F3F000
03E1F000
07C0F800
0F003C00
00000000
00000000
007F8000
03FFF000
07FFFC00
0FFFFE00
1FFFFE00
3FC0FF00
3F807F00
7F803F80
7F003F80
7F003F80
FF003FC0
FF003FC0
FE001FC0
FE001FC0
FE001FC0
FE001FC0
FF003FC0
FF003FC0
7F003F80
7F003F80
7F003F80
3F807F00
3FC0FF00
1FFFFE00
0FFFFC00
07FFF800
03FFF000
007F8000
ENDCHAR
STARTCHAR 1ED2
ENCODING 7890
SWIDTH 600 0
DWIDTH 30 0
BBX 26 45 2 -1
BITMAP
FC000000
7C000000
1E3F0000
0E7F8000
07FFC000
00F3C000
01E1E000
03C0F000
07003800
00000000
007F8000
01FFF000
07FFF800
0FFFFC00
1FFFFE00
3FFFFF00
3FC0FF00
7F807F80
7F807F80
7F003F80
FF003FC0
FF003FC0
FE001FC0
FE001FC0
FE001FC0
FE001FC0
FE001FC0
FE001FC0
FE001FC0
FE001FC0
FE001FC0
FE001FC0
FE001FC0
FF003FC0
FF003FC0
7F003F80
7F807F80
7F807F80
3FC0FF00
3FFFFF00
1FFFFE00
0FFFFC00
07FFF800
01FFE000
007F8000
ENDCHAR
STARTCHAR 1ED3
ENCODING 7891
SWIDTH 600 0
DWIDTH 30 0
BBX 26 39 2 -1
BITMAP
F8000000
7C3F0000
3C7F8000
0EFFC000
01FFE000
03F3F000
03E1F800
07C0F800
0F803C00
00000000
00000000
007F8000
03FFF000
07FFFC00
0FFFFE00
1FFFFE00
3FC0FF00
3F807F00
7F803F80
7F003F80
7F003F80
FF003FC0
FF003FC0
FE001FC0
FE001FC0
FE001FC0
FE001FC0
FF003FC0
FF003FC0
7F003F80
7F003F80
7F003F80
3F807F00
3FC0FF00
1FFFFE00
0FFFFC00
07FFF800
03FFF000
007F8000
ENDCHAR
STARTCHAR 1ED4
ENCODING 7892
SWIDTH 600 0
DWIDTH 30 0
BBX 26 45 2 -1
BITMAP
00007E00
00007F00
003F0700
007F9E00
00FFD800
01F3C000
01E1E000
03C0F000
07003800
00000000
007F8000
01FFF000
07FFF800
0FFFFC00
1FFFFE00
3FFFFF00
3FC0FF00
7F807F80
7F807F80
7F003F80
FF003FC0
FF003FC0
FE001FC0
FE001FC0
FE001FC0
FE001FC0
FE001FC0
FE001FC0
FE001FC0
FE001FC0
FE001FC0
FE001FC0
FE001FC0
FF003FC0
FF003FC0
7F003F80
7F807F80
7F807F80
3FC0FF00
3FFFFF00
1FFFFE00
0FFFFC00
07FFF800
01FFE000
007F8000
ENDCHAR
STARTCHAR 1ED5
ENCODING 7893
SWIDTH 600 0
DWIDTH 30 0
BBX 26 42 2 -1
BITMAP
00007F00
00007F80
00004380
00000380
00000F80
003F0F00
007F8C00
00FFC000
01FFE000
03F1F000
07C0F800
0F807C00
00000000
00000000
007F8000
03FFF000
07FFFC00
0FFFFE00
1FFFFE00
3FC0FF00
3F807F00
7F803F80
7F003F80
7F003F80
FF003FC0
FF003FC0
FE001FC0
FE001FC0
FE001FC0
FE001FC0
FF003FC0
FF003FC0
7F003F80
7F003F80
7F003F80
3F807F00
3FC0FF00
1FFFFE00
0FFFFC00
07FFF800
03FFF000
007F8000
ENDCHAR
STARTCHAR 1ED6
ENCODING 7894
SWIDTH 600 0
DWIDTH 30 0
BBX 26 45 2 -1
BITMAP
01F03800
03FC3000
03FFF000
070FF000
0703E000
003F0000
007F8000
01F3E000
03C0F000
00000000
007F8000
01FFF000
07FFF800
0FFFFC00
1FFFFE00
3FFFFF00
3FC0FF00
7F807F80
7F807F80
7F003F80
FF003FC0
FF003FC0
FE001FC0
FE001FC0
FE001FC0
FE001FC0
FE001FC0
FE001FC0
FE001FC0
FE001FC0
FE001FC0
FE001FC0
FE001FC0
FF003FC0
FF003FC0
7F003F80
7F807F80
7F807F80
3FC0FF00
3FFFFF00
1FFFFE00
0FFFFC00
07FFF800
01FFE000
007F8000
ENDCHAR
STARTCHAR 1ED7
ENCODING 7895
SWIDTH 600 0
DWIDTH 30 0
BBX 26 45 2 -1
BITMAP
01F03C00
03FC3800
07FFF800
07FFF800
070FF000
0F03E000
00000000
00000000
003F0000
007F8000
00FFC000
01FFE000
03F3F000
07C0F800
0F807C00
00000000
00000000
007F8000
03FFF000
07FFFC00
0FFFFE00
1FFFFE00
3FC0FF00
3F807F00
7F803F80
7F003F80
7F003F80
FF003FC0
FF003FC0
FE001FC0
FE001FC0
FE001FC0
FE001FC0
FF003FC0
FF003FC0
7F003F80
7F003F80
7F003F80
3F807F00
3FC0FF00
1FFFFE00
0FFFFC00
07FFF800
03FFF000
007F8000
ENDCHAR
STARTCHAR 1ED8
ENCODING 7896
SWIDTH 600 0
DWIDTH 30 0
BBX 26 51 2 -9
BITMAP
003F0000
007F8000
00FFC000
01FFE000
03F1F000
07C0F800
0F807C00
00000000
007F8000
01FFF000
07FFF800
0FFFFC00
1FFFFE00
3FFFFF00
3FC0FF00
7F807F80
7F807F80
7F003F80
FF003FC0
FF003FC0
FE001FC0
FE001FC0
FE001FC0
FE001FC0
FE001FC0
FE001FC0
FE001FC0
FE001FC0
FE001FC0
FE001FC0
FE001FC0
FF003FC0
FF003FC0
7F003F80
7F807F80
7F807F80
3FC0FF00
3FFFFF00
1FFFFE00
0FFFFC00
07FFF800
01FFE000
007F8000
00000000
00000000
00000000
003F0000
003F0000
003F0000
003F0000
003F0000
ENDCHAR
STARTCHAR 1ED9
ENCODING 7897
SWIDTH 600 0
DWIDTH 30 0
BBX 26 45 2 -9
BITMAP
003F0000
007F8000
00FFC000
01FFE000
03F3F000
07C0F800
0F807C00
00000000
00000000
007F8000
03FFF000
07FFFC00
0FFFFE00
1FFFFE00
3FC0FF00
3F807F00
7F803F80
7F003F80
7F003F80
FF003FC0
FF003FC0
FE001FC0
FE001FC0
FE001FC0
FE001FC0
FF003FC0
FF003FC0
7F003F80
7F003F80
7F003F80
3F807F00
3FC0FF00
1FFFFE00
0FFFFC00
07FFF800
03FFF000
007F8000
00000000
00000000
00000000
003F0000
003F0000
003F0000
003F0000
003F0000
ENDCHAR
STARTCHAR 1EDA
ENCODING 7898
SWIDTH 600 0
DWIDTH 30 0
BBX 29 43 2 -1
BITMAP
0001FC00
0003F800
0007F000
000FE000
001F8000
003F0000
007C0000
000000F8
007F00F8
03FFE0F8
07FFF0F8
0FFFF8F8
1FFFFCF8
3FFFFEF8
3FC1FE38
7F80FF38
7F007F38
7F007F70
FF007FF0
FF003FE0
FE003FE0
FE003F80
FE003F80
FE003F80
FE003F80
FE003F80
FE003F80
FE003F80
FE003F80
FE003F80
FE003F80
FF007F80
FF007F80
7F007F00
7F007F00
7F80FF00
3FC1FE00
3FFFFE00
1FFFFC00
0FFFF800
07FFF000
03FFE000
00FF8000
ENDCHAR
STARTCHAR 1EDB
ENCODING 7899
SWIDTH 600 0
DWIDTH 30 0
BBX 29 37 2 -1
BITMAP
0001FC00
0003F800
0007F000
000FE000
001F8000
003F0000
003C0000
00000000
00000000
00FF0000
03FFE0F8
0FFFF0F8
1FFFF8F8
1FFFFCF8
3FC1FCF8
3F80FEF8
7F00FE38
7F007F38
7F007F38
FF007F38
FF007F70
FE007F70
FE007FE0
FE007FC0
FE007F80
FF007F00
FF007F00
7F007F00
7F007F00
7F00FE00
3F80FE00
3FC1FC00
1FFFFC00
1FFFF800
0FFFF000
03FFE000
00FF0000
ENDCHAR
STARTCHAR 1EDC
ENCODING 7900
SWIDTH 600 0
DWIDTH 30 0
BBX 29 43 2 -1
BITMAP
0FE00000
07F00000
03F80000
00FC0000
007E0000
003F0000
000F8000
000000F8
007F00F8
03FFE0F8
07FFF0F8
0FFFF8F8
1FFFFCF8
3FFFFEF8
3FC1FE38
7F80FF38
7F007F38
7F007F70
FF007FF0
FF003FE0
FE003FE0
FE003F80
FE003F80
FE003F80
FE003F80
FE003F80
FE003F80
FE003F80
FE003F80
FE003F80
FE003F80
FF007F80
FF007F80
7F007F00
7F007F00
7F80FF00
3FC1FE00
3FFFFE00
1FFFFC00
0FFFF800
07FFF000
03FFE000
00FF8000
ENDCHAR
STARTCHAR 1EDD
ENCODING 7901
SWIDTH 600 0
DWIDTH 30 0
BBX 29 37 2 -1
BITMAP
0FE00000
07F00000
03F80000
00FC0000
007E0000
001F0000
000F8000
00000000
00000000
00FF0000
03FFE0F8
0FFFF0F8
1FFFF8F8
1FFFFCF8
3FC1FCF8
3F80FEF8
7F00FE38
7F007F38
7F007F38
FF007F38
FF007F70
FE007F70
FE007FE0
FE007FC0
FE007F80
FF007F00
FF007F00
7F007F00
7F007F00
7F00FE00
3F80FE00
3FC1FC00
1FFFFC00
1FFFF800
0FFFF000
03FFE000
00FF0000
ENDCHAR
STARTCHAR 1EDE
ENCODING 7902
SWIDTH 600 0
DWIDTH 30 0
BBX 29 44 2 -1
BITMAP
00FF8000
00FFC000
00FFE000
0001E000
0001E000
001FC000
001F0000
001E0000
000000F8
007F00F8
03FFE0F8
07FFF0F8
0FFFF8F8
1FFFFCF8
3FFFFEF8
3FC1FE38
7F80FF38
7F007F38
7F007F70
FF007FF0
FF003FE0
FE003FE0
FE003F80
FE003F80
FE003F80
FE003F80
FE003F80
FE003F80
FE003F80
FE003F80
FE003F80
FE003F80
FF007F80
FF007F80
7F007F00
7F007F00
7F80FF00
3FC1FE00
3FFFFE00
1FFFFC00
0FFFF800
07FFF000
03FFE000
00FF8000
ENDCHAR
STARTCHAR 1EDF
ENCODING 7903
SWIDTH 600 0
DWIDTH 30 0
BBX 29 38 2 -1
BITMAP
00FE0000
00FF8000
00FFC000
0003C000
0003C000
001F8000
001F0000
001C0000
00000000
00000000
00FF0000
03FFE0F8
0FFFF0F8
1FFFF8F8
1FFFFCF8
3FC1FCF8
3F80FEF8
7F00FE38
7F007F38
7F007F38
FF007F38
FF007F70
FE007F70
FE007FE0
FE007FC0
FE007F80
FF007F00
FF007F00
7F007F00
7F007F00
7F00FE00
3F80FE00
3FC1FC00
1FFFFC00
1FFFF800
0FFFF000
03FFE000
00FF0000
ENDCHAR
STARTCHAR 1EE0
ENCODING 7904
SWIDTH 600 0
DWIDTH 30 0
BBX 29 43 2 -1
BITMAP
03E01C00
07F83C00
0FFE3C00
1FFFF800
1E3FF800
1E0FF000
1C03E000
000000F8
007F00F8
03FFE0F8
07FFF0F8
0FFFF8F8
1FFFFCF8
3FFFFEF8
3FC1FE38
7F80FF38
7F007F38
7F007F70
FF007FF0
FF003FE0
FE003FE0
FE003F80
FE003F80
FE003F80
FE003F80
FE003F80
FE003F80
FE003F80
FE003F80
FE003F80
FE003F80
FF007F80
FF007F80
7F007F00
7F007F00
7F80FF00
3FC1FE00
3FFFFE00
1FFFFC00
0FFFF800
07FFF000
03FFE000
00FF8000
ENDCHAR
STARTCHAR 1EE1
ENCODING 7905
SWIDTH 600 0
DWIDTH 30 0
BBX 29 37 2 -1
BITMAP
03E03C00
0FF83C00
0FFE7800
1FFFF800
1E3FF800
1C0FF000
1C03E000
00000000
00000000
00FF0000
03FFE0F8
0FFFF0F8
1FFFF8F8
1FFFFCF8
3FC1FCF8
3F80FEF8
7F00FE38
7F007F38
7F007F38
FF007F38
FF007F70
FE007F70
FE007FE0
FE007FC0
FE007F80
FF007F00
FF007F00
7F007F00
7F007F00
7F00FE00
3F80FE00
3FC1FC00
1FFFFC00
1FFFF800
0FFFF000
03FFE000
00FF0000
ENDCHAR
STARTCHAR 1EE2
ENCODING 7906
SWIDTH 600 0
DWIDTH 30 0
BBX 29 44 2 -9
BITMAP
000000F8
007F00F8
03FFE0F8
07FFF0F8
0FFFF8F8
1FFFFCF8
3FFFFEF8
3FC1FE38
7F80FF38
7F007F38
7F007F70
FF007FF0
FF003FE0
FE003FE0
FE003F80
FE003F80
FE003F80
FE003F80
FE003F80
FE003F80
FE003F80
FE003F80
FE003F80
FE003F80
FF007F80
FF007F80
7F007F00
7F007F00
7F80FF00
3FC1FE00
3FFFFE00
1FFFFC00
0FFFF800
07FFF000
03FFE000
00FF8000
00000000
00000000
00000000
007F0000
007F0000
007F0000
007F0000
007F0000
ENDCHAR
STARTCHAR 1EE3
ENCODING 7907
SWIDTH 600 0
DWIDTH 30 0
BBX 29 36 2 -9
BITMAP
00FF0000
03FFE0F8
0FFFF0F8
1FFFF8F8
1FFFFCF8
3FC1FCF8
3F80FEF8
7F00FE38
7F007F38
7F007F38
FF007F38
FF007F70
FE007F70
FE007FE0
FE007FC0
FE007F80
FF007F00
FF007F00
7F007F00
7F007F00
7F00FE00
3F80FE00
3FC1FC00
1FFFFC00
1FFFF800
0FFFF000
03FFE000
00FF0000
00000000
00000000
00000000
007F0000
007F0000
007F0000
007F0000
007F0000
ENDCHAR
STARTCHAR 1EE4
ENCODING 7908
SWIDTH 600 0
DWIDTH 30 0
BBX 24 42 3 -9
BITMAP
FE007F
FE007F
FE007F
FE007F
FE007F
FE007F
FE007F
FE007F
FE007F
FE007F
FE007F
FE007F
FE007F
FE007F
FE007F
FE007F
FE007F
FE007F
FE007F
FE007F
FE007F
FE007F
FE007F
FF00FF
FF00FE
7F00FE
7F01FE
7F81FE
3FFFFC
3FFFFC
1FFFF8
0FFFF0
07FFC0
01FF00
000000
000000
000000
007E00
007E00
007E00
007E00
007E00
ENDCHAR
STARTCHAR 1EE5
ENCODING 7909
SWIDTH 600 0
DWIDTH 30 0
BBX 23 35 3 -9
BITMAP
FE00FE
FE00FE
FE00FE
FE00FE
FE00FE
FE00FE
FE00FE
FE00FE
FE00FE
FE00FE
FE00FE
FE00FE
FE00FE
FE00FE
FE00FE
FE00FE
FE00FE
FE00FE
FF00FE
FF01FE
7F83FE
7FC77E
7FFF7E
3FFE7E
3FFC7E
1FF87E
07F000
000000
000000
000000
00FE00
00FE00
00FE00
00FE00
00FE00
ENDCHAR
STARTCHAR 1EE6
ENCODING 7910
SWIDTH 600 0
DWIDTH 30 0
BBX 24 44 3 -1
BITMAP
03FE00
01FF80
01FF80
0007C0
000780
007F80
007800
007800
000000
000000
FE007F
FE007F
FE007F
FE007F
FE007F
FE007F
FE007F
FE007F
FE007F
FE007F
FE007F
FE007F
FE007F
FE007F
FE007F
FE007F
FE007F
FE007F
FE007F
FE007F
FE007F
FE007F
FE007F
FF00FF
FF00FE
7F00FE
7F01FE
7F81FE
3FFFFC
3FFFFC
1FFFF8
0FFFF0
07FFC0
01FF00
ENDCHAR
STARTCHAR 1EE7
ENCODING 7911
SWIDTH 600 0
DWIDTH 30 0
BBX 23 38 3 -1
BITMAP
01FC00
01FF00
01FF80
000780
000780
003F80
003C00
003800
000000
000000
000000
FE00FE
FE00FE
FE00FE
FE00FE
FE00FE
FE00FE
FE00FE
FE00FE
FE00FE
FE00FE
FE00FE
FE00FE
FE00FE
FE00FE
FE00FE
FE00FE
FE00FE
FE00FE
FF00FE
FF01FE
7F83FE
7FC77E
7FFF7E
3FFE7E
3FFC7E
1FF87E
07F000
ENDCHAR
STARTCHAR 1EE8
ENCODING 7912
SWIDTH 600 0
DWIDTH 30 0
BBX 29 43 3 -1
BITMAP
0003F800
0003F800
0007E000
000FC000
001F8000
003E0000
007C0000
00000000
000000F8
FE01FCF8
FE01FCF8
FE01FCF8
FE01FCF8
FE01FCF8
FE01FC38
FE01FC38
FE01FC38
FE01FC38
FE01FC70
FE01FCF0
FE01FFE0
FE01FFC0
FE01FF80
FE01FC00
FE01FC00
FE01FC00
FE01FC00
FE01FC00
FE01FC00
FE01FC00
FE01FC00
FE01FC00
FE01FC00
FF01FC00
7F01FC00
7F03FC00
7F87F800
7FFFF800
3FFFF000
3FFFF000
1FFFE000
07FF8000
01FE0000
ENDCHAR
STARTCHAR 1EE9
ENCODING 7913
SWIDTH 600 0
DWIDTH 30 0
BBX 29 37 3 -1
BITMAP
0003F800
0007F000
000FE000
001FC000
003F0000
007E0000
00F80000
00000000
00000000
00000000
FE01FCF8
FE01FCF8
FE01FCF8
FE01FCF8
FE01FCF8
FE01FCF8
FE01FC38
FE01FC38
FE01FC38
FE01FC70
FE01FC70
FE01FDE0
FE01FFE0
FE01FFC0
FE01FF00
FE01FC00
FE01FC00
FE01FC00
FE03FC00
FF03FC00
7F07FC00
7F8FFC00
7FFDFC00
7FFDFC00
3FF9FC00
1FF1FC00
07C00000
ENDCHAR
STARTCHAR 1EEA
ENCODING 7914
SWIDTH 600 0
DWIDTH 30 0
BBX 29 43 3 -1
BITMAP
3F800000
1FC00000
0FE00000
07F00000
01F80000
00FC0000
003C0000
00000000
000000F8
FE01FCF8
FE01FCF8
FE01FCF8
FE01FCF8
FE01FCF8
FE01FC38
FE01FC38
FE01FC38
FE01FC38
FE01FC70
FE01FCF0
FE01FFE0
FE01FFC0
FE01FF80
FE01FC00
FE01FC00
FE01FC00
FE01FC00
FE01FC00
FE01FC00
FE01FC00
FE01FC00
FE01FC00
FE01FC00
FF01FC00
7F01FC00
7F03FC00
7F87F800
7FFFF800
3FFFF000
3FFFF000
1FFFE000
07FF8000
01FE0000
ENDCHAR
STARTCHAR 1EEB
ENCODING 7915
SWIDTH 600 0
DWIDTH 30 0
BBX 29 37 3 -1
BITMAP
3F800000
1FC00000
0FE00000
07F00000
01F80000
00FC0000
003E0000
00000000
00000000
00000000
FE01FCF8
FE01FCF8
FE01FCF8
FE01FCF8
FE01FCF8
FE01FCF8
FE01FC38
FE01FC38
FE01FC38
FE01FC70
FE01FC70
FE01FDE0
FE01FFE0
FE01FFC0
FE01FF00
FE01FC00
FE01FC00
FE01FC00
FE03FC00
FF03FC00
7F07FC00
7F8FFC00
7FFDFC00
7FFDFC00
3FF9FC00
1FF1FC00
07C00000
ENDCHAR
STARTCHAR 1EEC
ENCODING 7916
SWIDTH 600 0
DWIDTH 30 0
BBX 29 44 3 -1
BITMAP
03FC0000
03FF0000
03FF8000
000F8000
000F8000
007F0000
007C0000
00780000
00000000
000000F8
FE01FCF8
FE01FCF8
FE01FCF8
FE01FCF8
FE01FCF8
FE01FC38
FE01FC38
FE01FC38
FE01FC38
FE01FC70
FE01FCF0
FE01FFE0
FE01FFC0
FE01FF80
FE01FC00
FE01FC00
FE01FC00
FE01FC00
FE01FC00
FE01FC00
FE01FC00
FE01FC00
FE01FC00
FE01FC00
FF01FC00
7F01FC00
7F03FC00
7F87F800
7FFFF800
3FFFF000
3FFFF000
1FFFE000
07FF8000
01FE0000
ENDCHAR
STARTCHAR 1EED
ENCODING 7917
SWIDTH 600 0
DWIDTH 30 0
BBX 29 38 3 -1
BITMAP
03F80000
03FE0000
03FF0000
000F0000
000F0000
007F0000
00780000
00700000
00000000
00000000
00000000
FE01FCF8
FE01FCF8
FE01FCF8
FE01FCF8
FE01FCF8
FE01FCF8
FE01FC38
FE01FC38
FE01FC38
FE01FC70
FE01FC70
FE01FDE0
FE01FFE0
FE01FFC0
FE01FF00
FE01FC00
FE01FC00
FE01FC00
FE03FC00
FF03FC00
7F07FC00
7F8FFC00
7FFDFC00
7FFDFC00
3FF9FC00
1FF1FC00
07C00000
ENDCHAR
STARTCHAR 1EEE
ENCODING 7918
SWIDTH 600 0
DWIDTH 30 0
BBX 29 43 3 -1
BITMAP
07C07800
0FF07800
1FFC7800
3FFFF000
3C7FF000
3C1FE000
3807C000
00000000
000000F8
FE01FCF8
FE01FCF8
FE01FCF8
FE01FCF8
FE01FCF8
FE01FC38
FE01FC38
FE01FC38
FE01FC38
FE01FC70
FE01FCF0
FE01FFE0
FE01FFC0
FE01FF80
FE01FC00
FE01FC00
FE01FC00
FE01FC00
FE01FC00
FE01FC00
FE01FC00
FE01FC00
FE01FC00
FE01FC00
FF01FC00
7F01FC00
7F03FC00
7F87F800
7FFFF800
3FFFF000
3FFFF000
1FFFE000
07FF8000
01FE0000
ENDCHAR
STARTCHAR 1EEF
ENCODING 7919
SWIDTH 600 0
DWIDTH 30 0
BBX 29 37 3 -1
BITMAP
07C07800
1FF07800
1FFCF000
3FFFF000
3C7FF000
381FE000
3807C000
00000000
00000000
00000000
FE01FCF8
FE01FCF8
FE01FCF8
FE01FCF8
FE01FCF8
FE01FCF8
FE01FC38
FE01FC38
FE01FC38
FE01FC70
FE01FC70
FE01FDE0
FE01FFE0
FE01FFC0
FE01FF00
FE01FC00
FE01FC00
FE01FC00
FE03FC00
FF03FC00
7F07FC00
7F8FFC00
7FFDFC00
7FFDFC00
3FF9FC00
1FF1FC00
07C00000
ENDCHAR
STARTCHAR 1EF0
ENCODING 7920
SWIDTH 600 0
DWIDTH 30 0
BBX 29 43 3 -9
BITMAP
000000F8
FE01FCF8
FE01FCF8
FE01FCF8
FE01FCF8
FE01FCF8
FE01FC38
FE01FC38
FE01FC38
FE01FC38
FE01FC70
FE01FCF0
FE01FFE0
FE01FFC0
FE01FF80
FE01FC00
FE01FC00
FE01FC00
FE01FC00
FE01FC00
FE01FC00
FE01FC00
FE01FC00
FE01FC00
FE01FC00
FF01FC00
7F01FC00
7F03FC00
7F87F800
7FFFF800
3FFFF000
3FFFF000
1FFFE000
07FF8000
01FE0000
00000000
00000000
00000000
00FE0000
00FE0000
00FE0000
00FE0000
00FE0000
ENDCHAR
STARTCHAR 1EF1
ENCODING 7921
SWIDTH 600 0
DWIDTH 30 0
BBX 29 35 3 -9
BITMAP
FE01FCF8
FE01FCF8
FE01FCF8
FE01FCF8
FE01FCF8
FE01FCF8
FE01FC38
FE01FC38
FE01FC38
FE01FC70
FE01FC70
FE01FDE0
FE01FFE0
FE01FFC0
FE01FF00
FE01FC00
FE01FC00
FE01FC00
FE03FC00
FF03FC00
7F07FC00
7F8FFC00
7FFDFC00
7FFDFC00
3FF9FC00
1FF1FC00
07C00000
00000000
00000000
00000000
00FC0000
00FC0000
00FC0000
00FC0000
00FC0000
ENDCHAR
STARTCHAR 1EF2
ENCODING 7922
SWIDTH 600 0
DWIDTH 30 0
BBX 30 42 0 0
BITMAP
01F80000
01FC0000
00FE0000
003F0000
001F8000
0007C000
0003E000
00000000
00000000
FF0003FC
7F0003F8
3F8007F0
3FC00FF0
1FC00FE0
1FE01FE0
0FE01FC0
07F03F80
07F03F80
03F87F00
03F87F00
01FCFE00
00FDFC00
00FFFC00
007FF800
007FF800
003FF000
001FE000
001FE000
001FE000
001FE000
001FE000
001FE000
001FE000
001FE000
001FE000
001FE000
001FE000
001FE000
001FE000
001FE000
001FE000
001FE000
ENDCHAR
STARTCHAR 1EF3
ENCODING 7923
SWIDTH 600 0
DWIDTH 30 0
BBX 28 46 1 -10
BITMAP
03F80000
01FC0000
00FE0000
007F0000
001F8000
000FC000
0003C000
00000000
00000000
00000000
FF0007F0
7F000FE0
7F000FE0
3F800FE0
3F801FC0
3F801FC0
1FC01F80
1FC03F80
0FC03F80
0FE03F00
0FE07F00
07E07E00
07F0FE00
03F0FE00
03F8FC00
01F8FC00
01F9F800
01F9F800
00FDF800
00FDF000
007FF000
007FE000
003FE000
003FE000
003FC000
001FC000
001F8000
003F8000
003F8000
007F0000
00FF0000
3FFE0000
3FFE0000
3FFC0000
3FF80000
3FE00000
ENDCHAR
STARTCHAR 1EF4
ENCODING 7924
SWIDTH 600 0
DWIDTH 30 0
BBX 30 42 0 -9
BITMAP
FF0003FC
7F0003F8
3F8007F0
3FC00FF0
1FC00FE0
1FE01FE0
0FE01FC0
07F03F80
07F03F80
03F87F00
03F87F00
01FCFE00
00FDFC00
00FFFC00
007FF800
007FF800
003FF000
001FE000
001FE000
001FE000
001FE000
001FE000
001FE000
001FE000
001FE000
001FE000
001FE000
001FE000
001FE000
001FE000
001FE000
001FE000
001FE000
00000000
00000000
00000000
00000000
000FC000
000FC000
000FC000
000FC000
000FC000
ENDCHAR
STARTCHAR 1EF5
ENCODING 7925
SWIDTH 600 0
DWIDTH 30 0
BBX 28 36 1 -10
BITMAP
FF0007F0
7F000FE0
7F000FE0
3F800FE0
3F801FC0
3F801FC0
1FC01F80
1FC03F80
0FC03F80
0FE03F00
0FE07F00
07E07E00
07F0FE00
03F0FE00
03F8FC00
01F8FC00
01F9F800
01F9F800
00FDF800
00FDF000
007FF000
007FE000
003FE000
003FE000
003FC000
001FC000
001F8000
003F8000
003F8000
007F0000
00FF1FC0
3FFE1FC0
3FFE1FC0
3FFC1FC0
3FF81FC0
3FE00000
ENDCHAR
STARTCHAR 1EF6
ENCODING 7926
SWIDTH 600 0
DWIDTH 30 0
BBX 30 43 0 0
BITMAP
007FC000
003FF000
003FF000
0000F800
0000F000
000FF000
000F0000
000F0000
00000000
00000000
FF0003FC
7F0003F8
3F8007F0
3FC00FF0
1FC00FE0
1FE01FE0
0FE01FC0
07F03F80
07F03F80
03F87F00
03F87F00
01FCFE00
00FDFC00
00FFFC00
007FF800
007FF800
003FF000
001FE000
001FE000
001FE000
001FE000
001FE000
001FE000
001FE000
001FE000
001FE000
001FE000
001FE000
001FE000
001FE000
001FE000
001FE000
001FE000
ENDCHAR
STARTCHAR 1EF7
ENCODING 7927
SWIDTH 600 0
DWIDTH 30 0
BBX 28 47 1 -10
BITMAP
007F0000
007FC000
007FE000
0001E000
0001E000
000FC000
000F0000
000E0000
00000000
00000000
00000000
FF0007F0
7F000FE0
7F000FE0
3F800FE0
3F801FC0
3F801FC0
1FC01F80
1FC03F80
0FC03F80
0FE03F00
0FE07F00
07E07E00
07F0FE00
03F0FE00
03F8FC00
01F8FC00
01F9F800
01F9F800
00FDF800
00FDF000
007FF000
007FE000
003FE000
003FE000
003FC000
001FC000
001F8000
003F8000
003F8000
007F0000
00FF0000
3FFE0000
3FFE0000
3FFC0000
3FF80000
3FE00000
ENDCHAR
STARTCHAR 1EF8
ENCODING 7928
SWIDTH 600 0
DWIDTH 30 0
BBX 30 42 0 0
BITMAP
00780700
01FE0700
03FFCF00
03FFFF00
03CFFF00
0381FE00
07807800
00000000
00000000
FF0003FC
7F0003F8
3F8007F0
3FC00FF0
1FC00FE0
1FE01FE0
0FE01FC0
07F03F80
07F03F80
03F87F00
03F87F00
01FCFE00
00FDFC00
00FFFC00
007FF800
007FF800
003FF000
001FE000
001FE000
001FE000
001FE000
001FE000
001FE000
001FE000
001FE000
001FE000
001FE000
001FE000
001FE000
001FE000
001FE000
001FE000
001FE000
ENDCHAR
STARTCHAR 1EF9
ENCODING 7929
SWIDTH 600 0
DWIDTH 30 0
BBX 28 46 1 -10
BITMAP
00F00E00
03FC0E00
07FF9E00
07FFFE00
079FFE00
0703FC00
0F00F000
00000000
00000000
00000000
FF0007F0
7F000FE0
7F000FE0
3F800FE0
3F801FC0
3F801FC0
1FC01F80
1FC03F80
0FC03F80
0FE03F00
0FE07F00
07E07E00
07F0FE00
03F0FE00
03F8FC00
01F8FC00
01F9F800
01F9F800
00FDF800
00FDF000
007FF000
007FE000
003FE000
003FE000
003FC000
001FC000
001F8000
003F8000
003F8000
007F0000
00FF0000
3FFE0000
3FFE0000
3FFC0000
3FF80000
3FE00000
ENDCHAR
STARTCHAR 1F00
ENCODING 7936
SWIDTH 600 0
DWIDTH 30 0
BBX 28 40 2 -1
BITMAP
003F0000
003F0000
003F0000
003F0000
003F0000
00070000
00070000
000E0000
000E0000
001C0000
00000000
00000000
01FC0000
07FF07F0
1FFF87E0
3FFFCFE0
3FFFEFC0
7F83EFC0
7F01FFC0
FF01FF80
FE00FF80
FE00FF80
FE00FF00
FE007F00
FE007F00
FE007F00
FE007F00
FE007F00
FE007F00
FE00FF00
FE00FF80
FE00FF80
FF01FF80
7F01FF80
7F83DFC0
3FFFDFC0
3FFF8FC0
1FFF0FE0
0FFE0FE0
03F80000
ENDCHAR
STARTCHAR 1F01
ENCODING 7937
SWIDTH 600 0
DWIDTH 30 0
BBX 28 40 2 -1
BITMAP
007E0000
007E0000
007E0000
007E0000
007E0000
00700000
00700000
00380000
003C0000
001C0000
00000000
00000000
01FC0000
07FF07F0
1FFF87E0
3FFFCFE0
3FFFEFC0
7F83EFC0
7F01FFC0
FF01FF80
FE00FF80
FE00FF80
FE00FF00
FE007F00
FE007F00
FE007F00
FE007F00
FE007F00
FE007F00
FE00FF00
FE00FF80
FE00FF80
FF01FF80
7F01FF80
7F83DFC0
3FFFDFC0
3FFF8FC0
1FFF0FE0
0FFE0FE0
03F80000
ENDCHAR
STARTCHAR 1F02
ENCODING 7938
SWIDTH 600 0
DWIDTH 30 0
BBX 28 40 2 -1
BITMAP
07CFE000
07C7E000
07C3E000
07C3E000
07C1F000
01C0F000
01C07000
03807000
03800000
07000000
00000000
00000000
01FC0000
07FF07F0
1FFF87E0
3FFFCFE0
3FFFEFC0
7F83EFC0
7F01FFC0
FF01FF80
FE00FF80
FE00FF80
FE00FF00
FE007F00
FE007F00
FE007F00
FE007F00
FE007F00
FE007F00
FE00FF00
FE00FF80
FE00FF80
FF01FF80
7F01FF80
7F83DFC0
3FFFDFC0
3FFF8FC0
1FFF0FE0
0FFE0FE0
03F80000
ENDCHAR
STARTCHAR 1F03
ENCODING 7939
SWIDTH 600 0
DWIDTH 30 0
BBX 28 40 2 -1
BITMAP
07CFE000
07C7E000
07C3E000
07C3E000
07C1F000
0700F000
07007000
07007000
03800000
03C00000
00000000
00000000
01FC0000
07FF07F0
1FFF87E0
3FFFCFE0
3FFFEFC0
7F83EFC0
7F01FFC0
FF01FF80
FE00FF80
FE00FF80
FE00FF00
FE007F00
FE007F00
FE007F00
FE007F00
FE007F00
FE007F00
FE00FF00
FE00FF80
FE00FF80
FF01FF80
7F01FF80
7F83DFC0
3FFFDFC0
3FFF8FC0
1FFF0FE0
0FFE0FE0
03F80000
ENDCHAR
STARTCHAR 1F04
ENCODING 7940
SWIDTH 600 0
DWIDTH 30 0
BBX 28 40 2 -1
BITMAP
03F1FC00
03F1F800
03F1F800
03F1F000
03F3E000
0063C000
00E3C000
00E38000
01C00000
01C00000
00000000
00000000
01FC0000
07FF07F0
1FFF87E0
3FFFCFE0
3FFFEFC0
7F83EFC0
7F01FFC0
FF01FF80
FE00FF80
FE00FF80
FE00FF00
FE007F00
FE007F00
FE007F00
FE007F00
FE007F00
FE007F00
FE00FF00
FE00FF80
FE00FF80
FF01FF80
7F01FF80
7F83DFC0
3FFFDFC0
3FFF8FC0
1FFF0FE0
0FFE0FE0
03F80000
ENDCHAR
STARTCHAR 1F05
ENCODING 7941
SWIDTH 600 0
DWIDTH 30 0
BBX 28 40 2 -1
BITMAP
03F1FC00
03F1F800
03F1F800
03F1F000
03F3E000
0383C000
0383C000
01C38000
01C00000
00E00000
00000000
00000000
01FC0000
07FF07F0
1FFF87E0
3FFFCFE0
3FFFEFC0
7F83EFC0
7F01FFC0
FF01FF80
FE00FF80
FE00FF80
FE00FF00
FE007F00
FE007F00
FE007F00
FE007F00
FE007F00
FE007F00
FE00FF00
FE00FF80
FE00FF80
FF01FF80
7F01FF80
7F83DFC0
3FFFDFC0
3FFF8FC0
1FFF0FE0
0FFE0FE0
03F80000
ENDCHAR
STARTCHAR 1F06
ENCODING 7942
SWIDTH 600 0
DWIDTH 30 0
BBX 28 48 2 -1
BITMAP
01E03800
07F83800
07FC7800
0FFFF000
0F1FF000
0E07E000
0E01C000
00000000
003E0000
003E0000
003E0000
003E0000
003E0000
000E0000
000E0000
000E0000
001C0000
003C0000
00000000
00000000
01FC0000
07FF07F0
1FFF87E0
3FFFCFE0
3FFFEFC0
7F83EFC0
7F01FFC0
FF01FF80
FE00FF80
FE00FF80
FE00FF00
FE007F00
FE007F00
FE007F00
FE007F00
FE007F00
FE007F00
FE00FF00
FE00FF80
FE00FF80
FF01FF80
7F01FF80
7F83DFC0
3FFFDFC0
3FFF8FC0
1FFF0FE0
0FFE0FE0
03F80000
ENDCHAR
STARTCHAR 1F07
ENCODING 7943
SWIDTH 600 0
DWIDTH 30 0
BBX 28 48 2 -1
BITMAP
01E03800
07F83800
07FC7800
0FFFF000
0F1FF000
0E07E000
0E01C000
00000000
003E0000
003E0000
003E0000
003E0000
003E0000
00380000
00380000
001C0000
001C0000
000E0000
00000000
00000000
01FC0000
07FF07F0
1FFF87E0
3FFFCFE0
3FFFEFC0
7F83EFC0
7F01FFC0
FF01FF80
FE00FF80
FE00FF80
FE00FF00
FE007F00
FE007F00
FE007F00
FE007F00
FE007F00
FE007F00
FE00FF00
FE00FF80
FE00FF80
FF01FF80
7F01FF80
7F83DFC0
3FFFDFC0
3FFF8FC0
1FFF0FE0
0FFE0FE0
03F80000
ENDCHAR
STARTCHAR 1F08
ENCODING 7944
SWIDTH 600 0
DWIDTH 30 0
BBX 30 36 0 0
BITMAP
3E000000
3E000000
3E000000
3E1FE000
3E3FF000
0E3FF000
0E3FF000
1C7FF800
1C7FF800
387EF800
00FCFC00
00FCFC00
00FCFC00
01F87E00
01F87E00
01F87E00
03F87F00
03F03F00
03F03F00
07F03F80
07E01F80
07E01F80
0FFFFFC0
0FFFFFC0
0FFFFFC0
1FFFFFE0
1FFFFFE0
1F8007E0
3F8007F0
3F8007F0
3F8007F0
7F0003F8
7F0003F8
7F0003F8
FF0003FC
FE0001FC
ENDCHAR
STARTCHAR 1F09
ENCODING 7945
SWIDTH 600 0
DWIDTH 30 0
BBX 30 36 0 0
BITMAP
7E000000
7E000000
7E000000
7E1FE000
7E3FF000
703FF000
383FF000
387FF800
3C7FF800
1C7EF800
00FCFC00
00FCFC00
00FCFC00
01F87E00
01F87E00
01F87E00
03F87F00
03F03F00
03F03F00
07F03F80
07E01F80
07E01F80
0FFFFFC0
0FFFFFC0
0FFFFFC0
1FFFFFE0
1FFFFFE0
1F8007E0
3F8007F0
3F8007F0
3F8007F0
7F0003F8
7F0003F8
7F0003F8
FF0003FC
FE0001FC
ENDCHAR
STARTCHAR 1F0A
ENCODING 7946
SWIDTH 600 0
DWIDTH 30 0
BBX 39 36 -9 0
BITMAP
FCFE000000
FC7E000000
FC7E000000
FC3E0FF000
FC1F1FF800
1C0F1FF800
1C0F1FF800
38073FFC00
38003FFC00
70003F7C00
00007E7E00
00007E7E00
00007E7E00
0000FC3F00
0000FC3F00
0000FC3F00
0001FC3F80
0001F81F80
0001F81F80
0003F81FC0
0003F00FC0
0003F00FC0
0007FFFFE0
0007FFFFE0
0007FFFFE0
000FFFFFF0
000FFFFFF0
000FC003F0
001FC003F8
001FC003F8
001FC003F8
003F8001FC
003F8001FC
003F8001FC
007F8001FE
007F0000FE
ENDCHAR
STARTCHAR 1F0B
ENCODING 7947
SWIDTH 600 0
DWIDTH 30 0
BBX 39 36 -9 0
BITMAP
FCFE000000
FC7E000000
FC7E000000
FC3E0FF000
7C1F1FF800
700F1FF800
700F1FF800
70073FFC00
38003FFC00
3C003F7C00
00007E7E00
00007E7E00
00007E7E00
0000FC3F00
0000FC3F00
0000FC3F00
0001FC3F80
0001F81F80
0001F81F80
0003F81FC0
0003F00FC0
0003F00FC0
0007FFFFE0
0007FFFFE0
0007FFFFE0
000FFFFFF0
000FFFFFF0
000FC003F0
001FC003F8
001FC003F8
001FC003F8
003F8001FC
003F8001FC
003F8001FC
007F8001FE
007F0000FE
ENDCHAR
STARTCHAR 1F0C
ENCODING 7948
SWIDTH 600 0
DWIDTH 30 0
BBX 38 36 -8 0
BITMAP
FC7F000000
FC7E000000
FC7C000000
FC7C1FE000
FCF83FF000
38F03FF000
38E03FF000
38E07FF800
70007FF800
F0007EF800
0000FCFC00
0000FCFC00
0000FCFC00
0001F87E00
0001F87E00
0001F87E00
0003F87F00
0003F03F00
0003F03F00
0007F03F80
0007E01F80
0007E01F80
000FFFFFC0
000FFFFFC0
000FFFFFC0
001FFFFFE0
001FFFFFE0
001F8007E0
003F8007F0
003F8007F0
003F8007F0
007F0003F8
007F0003F8
007F0003F8
00FF0003FC
00FE0001FC
ENDCHAR
STARTCHAR 1F0D
ENCODING 7949
SWIDTH 600 0
DWIDTH 30 0
BBX 38 36 -8 0
BITMAP
FC7F000000
FC7E000000
FC7C000000
FC7C1FE000
FCF83FF000
E0F03FF000
E0E03FF000
70E07FF800
70007FF800
38007EF800
0000FCFC00
0000FCFC00
0000FCFC00
0001F87E00
0001F87E00
0001F87E00
0003F87F00
0003F03F00
0003F03F00
0007F03F80
0007E01F80
0007E01F80
000FFFFFC0
000FFFFFC0
000FFFFFC0
001FFFFFE0
001FFFFFE0
001F8007E0
003F8007F0
003F8007F0
003F8007F0
007F0003F8
007F0003F8
007F0003F8
00FF0003FC
00FE0001FC
ENDCHAR
STARTCHAR 1F0E
ENCODING 7950
SWIDTH 600 0
DWIDTH 30 0
BBX 37 44 -7 0
BITMAP
1E03C00000
3F83800000
7FE3800000
7FFF800000
70FF800000
F07F000000
E00C000000
0000000000
03F0000000
03F0000000
03F0000000
03F03FC000
03F07FE000
00707FE000
00707FE000
00E0FFF000
00E0FFF000
01C0FDF000
0001F9F800
0001F9F800
0001F9F800
0003F0FC00
0003F0FC00
0003F0FC00
0007F0FE00
0007E07E00
0007E07E00
000FE07F00
000FC03F00
000FC03F00
001FFFFF80
001FFFFF80
001FFFFF80
003FFFFFC0
003FFFFFC0
003F000FC0
007F000FE0
007F000FE0
007F000FE0
00FE0007F0
00FE0007F0
00FE0007F0
01FE0007F8
01FC0003F8
ENDCHAR
STARTCHAR 1F0F
ENCODING 7951
SWIDTH 600 0
DWIDTH 30 0
BBX 37 44 -7 0
BITMAP
1E03C00000
3F83800000
7FE3800000
7FFF800000
70FF800000
F07F000000
E00C000000
0000000000
03F0000000
03F0000000
03F0000000
03F03FC000
03F07FE000
01807FE000
01C07FE000
01C0FFF000
00E0FFF000
00F0FDF000
0001F9F800
0001F9F800
0001F9F800
0003F0FC00
0003F0FC00
0003F0FC00
0007F0FE00
0007E07E00
0007E07E00
000FE07F00
000FC03F00
000FC03F00
001FFFFF80
001FFFFF80
001FFFFF80
003FFFFFC0
003FFFFFC0
003F000FC0
007F000FE0
007F000FE0
007F000FE0
00FE0007F0
00FE0007F0
00FE0007F0
01FE0007F8
01FC0003F8
ENDCHAR
STARTCHAR 1F10
ENCODING 7952
SWIDTH 600 0
DWIDTH 30 0
BBX 25 40 3 -1
BITMAP
007E0000
007E0000
007E0000
007E0000
007E0000
000E0000
001C0000
001C0000
003C0000
00380000
00000000
00000000
00FF8000
07FFF000
1FFFFC00
3FFFFE00
3FF3FF00
7F807E00
7F003C00
7F001800
7F000000
3F800000
3FE00000
1FFF8000
07FF8000
01FF8000
0FFF8000
3FFE0000
7FC00000
7F000000
FE000000
FE000800
FE001C00
FF003E00
7F80FF80
7FFFFF00
3FFFFE00
1FFFF800
0FFFE000
01FF8000
ENDCHAR
STARTCHAR 1F11
ENCODING 7953
SWIDTH 600 0
DWIDTH 30 0
BBX 25 40 3 -1
BITMAP
007E0000
007E0000
007E0000
007E0000
007E0000
00700000
00300000
00380000
003C0000
001C0000
00000000
00000000
00FF8000
07FFF000
1FFFFC00
3FFFFE00
3FF3FF00
7F807E00
7F003C00
7F001800
7F000000
3F800000
3FE00000
1FFF8000
07FF8000
01FF8000
0FFF8000
3FFE0000
7FC00000
7F000000
FE000000
FE000800
FE001C00
FF003E00
7F80FF80
7FFFFF00
3FFFFE00
1FFFF800
0FFFE000
01FF8000
ENDCHAR
STARTCHAR 1F12
ENCODING 7954
SWIDTH 600 0
DWIDTH 30 0
BBX 25 40 3 -1
BITMAP
0FCFC000
0FCFE000
0FC7E000
0FC3E000
0FC1E000
01C1E000
0380F000
03807000
07800000
07000000
00000000
00000000
00FF8000
07FFF000
1FFFFC00
3FFFFE00
3FF3FF00
7F807E00
7F003C00
7F001800
7F000000
3F800000
3FE00000
1FFF8000
07FF8000
01FF8000
0FFF8000
3FFE0000
7FC00000
7F000000
FE000000
FE000800
FE001C00
FF003E00
7F80FF80
7FFFFF00
3FFFFE00
1FFFF800
0FFFE000
01FF8000
ENDCHAR
STARTCHAR 1F13
ENCODING 7955
SWIDTH 600 0
DWIDTH 30 0
BBX 25 40 3 -1
BITMAP
0FCFC000
0FCFE000
0FC7E000
0FC3E000
0FC1E000
0E01E000
0E00F000
07007000
07800000
03800000
00000000
00000000
00FF8000
07FFF000
1FFFFC00
3FFFFE00
3FF3FF00
7F807E00
7F003C00
7F001800
7F000000
3F800000
3FE00000
1FFF8000
07FF8000
01FF8000
0FFF8000
3FFE0000
7FC00000
7F000000
FE000000
FE000800
FE001C00
FF003E00
7F80FF80
7FFFFF00
3FFFFE00
1FFFF800
0FFFE000
01FF8000
ENDCHAR
STARTCHAR 1F14
ENCODING 7956
SWIDTH 600 0
DWIDTH 30 0
BBX 25 40 3 -1
BITMAP
07C3F800
07C3F000
07C3E000
07C7E000
07C7C000
01C78000
01C70000
01C70000
03800000
07800000
00000000
00000000
00FF8000
07FFF000
1FFFFC00
3FFFFE00
3FF3FF00
7F807E00
7F003C00
7F001800
7F000000
3F800000
3FE00000
1FFF8000
07FF8000
01FF8000
0FFF8000
3FFE0000
7FC00000
7F000000
FE000000
FE000800
FE001C00
FF003E00
7F80FF80
7FFFFF00
3FFFFE00
1FFFF800
0FFFE000
01FF8000
ENDCHAR
STARTCHAR 1F15
ENCODING 7957
SWIDTH 600 0
DWIDTH 30 0
BBX 25 40 3 -1
BITMAP
07C3F000
07C3F000
07C7E000
07C7C000
07C7C000
07078000
07070000
070E0000
03800000
03C00000
00000000
00000000
00FF8000
07FFF000
1FFFFC00
3FFFFE00
3FF3FF00
7F807E00
7F003C00
7F001800
7F000000
3F800000
3FE00000
1FFF8000
07FF8000
01FF8000
0FFF8000
3FFE0000
7FC00000
7F000000
FE000000
FE000800
FE001C00
FF003E00
7F80FF80
7FFFFF00
3FFFFE00
1FFFF800
0FFFE000
01FF8000
ENDCHAR
STARTCHAR 1F18
ENCODING 7960
SWIDTH 600 0
DWIDTH 30 0
BBX 33 36 -5 0
BITMAP
FC00000000
FC00000000
FC00000000
FCFFFFFF00
F8FFFFFF00
38FFFFFF00
38FFFFFF00
38FFFFFF00
70FFFFFF00
F0FF000000
00FF000000
00FF000000
00FF000000
00FF000000
00FF000000
00FF000000
00FFFFFC00
00FFFFFC00
00FFFFFC00
00FFFFFC00
00FFFFFC00
00FFFFFC00
00FF000000
00FF000000
00FF000000
00FF000000
00FF000000
00FF000000
00FF000000
00FF000000
00FFFFFF80
00FFFFFF80
00FFFFFF80
00FFFFFF80
00FFFFFF80
00FFFFFF80
ENDCHAR
STARTCHAR 1F19
ENCODING 7961
SWIDTH 600 0
DWIDTH 30 0
BBX 33 36 -5 0
BITMAP
FC00000000
FC00000000
FC00000000
FCFFFFFF00
FCFFFFFF00
E0FFFFFF00
E0FFFFFF00
70FFFFFF00
70FFFFFF00
38FF000000
00FF000000
00FF000000
00FF000000
00FF000000
00FF000000
00FF000000
00FFFFFC00
00FFFFFC00
00FFFFFC00
00FFFFFC00
00FFFFFC00
00FFFFFC00
00FF000000
00FF000000
00FF000000
00FF000000
00FF000000
00FF000000
00FF000000
00FF000000
00FFFFFF80
00FFFFFF80
00FFFFFF80
00FFFFFF80
00FFFFFF80
00FFFFFF80
ENDCHAR
STARTCHAR 1F1A
ENCODING 7962
SWIDTH 600 0
DWIDTH 30 0
BBX 43 36 -15 0
BITMAP
FCFE00000000
FC7E00000000
FC7E00000000
FC3E3FFFFFC0
FC1E3FFFFFC0
1C0F3FFFFFC0
1C0F3FFFFFC0
38073FFFFFC0
38003FFFFFC0
70003FC00000
00003FC00000
00003FC00000
00003FC00000
00003FC00000
00003FC00000
00003FC00000
00003FFFFF00
00003FFFFF00
00003FFFFF00
00003FFFFF00
00003FFFFF00
00003FFFFF00
00003FC00000
00003FC00000
00003FC00000
00003FC00000
00003FC00000
00003FC00000
00003FC00000
00003FC00000
00003FFFFFE0
00003FFFFFE0
00003FFFFFE0
00003FFFFFE0
00003FFFFFE0
00003FFFFFE0
ENDCHAR
STARTCHAR 1F1B
ENCODING 7963
SWIDTH 600 0
DWIDTH 30 0
BBX 43 36 -15 0
BITMAP
FCFE00000000
FC7E00000000
FC7E00000000
FC3E3FFFFFC0
FC1E3FFFFFC0
600F3FFFFFC0
700F3FFFFFC0
70073FFFFFC0
38003FFFFFC0
3C003FC00000
00003FC00000
00003FC00000
00003FC00000
00003FC00000
00003FC00000
00003FC00000
00003FFFFF00
00003FFFFF00
00003FFFFF00
00003FFFFF00
00003FFFFF00
00003FFFFF00
00003FC00000
00003FC00000
00003FC00000
00003FC00000
00003FC00000
00003FC00000
00003FC00000
00003FC00000
00003FFFFFE0
00003FFFFFE0
00003FFFFFE0
00003FFFFFE0
00003FFFFFE0
00003FFFFFE0
ENDCHAR
STARTCHAR 1F1C
ENCODING 7964
SWIDTH 600 0
DWIDTH 30 0
BBX 43 36 -15 0
BITMAP
FC3F00000000
FC7F00000000
FC7E00000000
FC7C3FFFFFC0
FC783FFFFFC0
1C783FFFFFC0
1CF03FFFFFC0
38E03FFFFFC0
38003FFFFFC0
70003FC00000
00003FC00000
00003FC00000
00003FC00000
00003FC00000
00003FC00000
00003FC00000
00003FFFFF00
00003FFFFF00
00003FFFFF00
00003FFFFF00
00003FFFFF00
00003FFFFF00
00003FC00000
00003FC00000
00003FC00000
00003FC00000
00003FC00000
00003FC00000
00003FC00000
00003FC00000
00003FFFFFE0
00003FFFFFE0
00003FFFFFE0
00003FFFFFE0
00003FFFFFE0
00003FFFFFE0
ENDCHAR
STARTCHAR 1F1D
ENCODING 7965
SWIDTH 600 0
DWIDTH 30 0
BBX 43 36 -15 0
BITMAP
FC3F00000000
FC7F00000000
FC7E00000000
FC7C3FFFFFC0
FC783FFFFFC0
60783FFFFFC0
70F03FFFFFC0
70E03FFFFFC0
38003FFFFFC0
3C003FC00000
00003FC00000
00003FC00000
00003FC00000
00003FC00000
00003FC00000
00003FC00000
00003FFFFF00
00003FFFFF00
00003FFFFF00
00003FFFFF00
00003FFFFF00
00003FFFFF00
00003FC00000
00003FC00000
00003FC00000
00003FC00000
00003FC00000
00003FC00000
00003FC00000
00003FC00000
00003FFFFFE0
00003FFFFFE0
00003FFFFFE0
00003FFFFFE0
00003FFFFFE0
00003FFFFFE0
ENDCHAR
STARTCHAR 1F20
ENCODING 7968
SWIDTH 600 0
DWIDTH 30 0
BBX 24 49 3 -10
BITMAP
001F00
001F00
001F00
001F00
001F00
000700
000700
000E00
000E00
001C00
000000
000000
000FE0
FC3FF8
FE7FFC
FEFFFE
FEFFFE
7FE1FF
7FC0FF
7F807F
7F007F
7F007F
7F007F
7F007F
7E007F
7E007F
7E007F
7E007F
7E007F
7E007F
7E007F
7E007F
7E007F
7E007F
7E007F
7E007F
7E007F
7E007F
7E007F
00007F
00007F
00007F
00007F
00007F
00007F
00007F
00007F
00007F
00007F
ENDCHAR
STARTCHAR 1F21
ENCODING 7969
SWIDTH 600 0
DWIDTH 30 0
BBX 24 49 3 -10
BITMAP
003E00
003E00
003E00
003E00
003E00
003800
003800
003800
001C00
001E00
000000
000000
000FE0
FC3FF8
FE7FFC
FEFFFE
FEFFFE
7FE1FF
7FC0FF
7F807F
7F007F
7F007F
7F007F
7F007F
7E007F
7E007F
7E007F
7E007F
7E007F
7E007F
7E007F
7E007F
7E007F
7E007F
7E007F
7E007F
7E007F
7E007F
7E007F
00007F
00007F
00007F
00007F
00007F
00007F
00007F
00007F
00007F
00007F
ENDCHAR
STARTCHAR 1F22
ENCODING 7970
SWIDTH 600 0
DWIDTH 30 0
BBX 24 49 3 -10
BITMAP
0F9FC0
0F8FC0
0F87C0
0F87C0
0F83E0
0381E0
0380E0
0700E0
070000
0E0000
000000
000000
000FE0
FC3FF8
FE7FFC
FEFFFE
FEFFFE
7FE1FF
7FC0FF
7F807F
7F007F
7F007F
7F007F
7F007F
7E007F
7E007F
7E007F
7E007F
7E007F
7E007F
7E007F
7E007F
7E007F
7E007F
7E007F
7E007F
7E007F
7E007F
7E007F
00007F
00007F
00007F
00007F
00007F
00007F
00007F
00007F
00007F
00007F
ENDCHAR
STARTCHAR 1F23
ENCODING 7971
SWIDTH 600 0
DWIDTH 30 0
BBX 24 49 3 -10
BITMAP
0F9FC0
0F8FC0
0F87C0
0F87C0
0F83E0
0E01E0
0E00E0
0E00E0
070000
078000
000000
000000
000FE0
FC3FF8
FE7FFC
FEFFFE
FEFFFE
7FE1FF
7FC0FF
7F807F
7F007F
7F007F
7F007F
7F007F
7E007F
7E007F
7E007F
7E007F
7E007F
7E007F
7E007F
7E007F
7E007F
7E007F
7E007F
7E007F
7E007F
7E007F
7E007F
00007F
00007F
00007F
00007F
00007F
00007F
00007F
00007F
00007F
00007F
ENDCHAR
STARTCHAR 1F24
ENCODING 7972
SWIDTH 600 0
DWIDTH 30 0
BBX 24 49 3 -10
BITMAP
03E1F8
03E1F8
03E3F0
03E3E0
03E3E0
00E3C0
00E780
01C700
01C000
038000
000000
000000
000FE0
FC3FF8
FE7FFC
FEFFFE
FEFFFE
7FE1FF
7FC0FF
7F807F
7F007F
7F007F
7F007F
7F007F
7E007F
7E007F
7E007F
7E007F
7E007F
7E007F
7E007F
7E007F
7E007F
7E007F
7E007F
7E007F
7E007F
7E007F
7E007F
00007F
00007F
00007F
00007F
00007F
00007F
00007F
00007F
00007F
00007F
ENDCHAR
STARTCHAR 1F25
ENCODING 7973
SWIDTH 600 0
DWIDTH 30 0
BBX 24 49 3 -10
BITMAP
03E1F8
03E1F8
03E3F0
03E3E0
03E3E0
0383C0
038780
038700
01C000
01E000
000000
000000
000FE0
FC3FF8
FE7FFC
FEFFFE
FEFFFE
7FE1FF
7FC0FF
7F807F
7F007F
7F007F
7F007F
7F007F
7E007F
7E007F
7E007F
7E007F
7E007F
7E007F
7E007F
7E007F
7E007F
7E007F
7E007F
7E007F
7E007F
7E007F
7E007F
00007F
00007F
00007F
00007F
00007F
00007F
00007F
00007F
00007F
00007F
ENDCHAR
STARTCHAR 1F26
ENCODING 7974
SWIDTH 600 0
DWIDTH 30 0
BBX 24 57 3 -10
BITMAP
01E038
03F838
07FE78
07FFF8
0F1FF0
0E07F0
0E01C0
000000
003F00
003F00
003F00
003F00
003F00
000700
000E00
000E00
001C00
001C00
000000
000000
000FE0
FC3FF8
FE7FFC
FEFFFE
FEFFFE
7FE1FF
7FC0FF
7F807F
7F007F
7F007F
7F007F
7F007F
7E007F
7E007F
7E007F
7E007F
7E007F
7E007F
7E007F
7E007F
7E007F
7E007F
7E007F
7E007F
7E007F
7E007F
7E007F
00007F
00007F
00007F
00007F
00007F
00007F
00007F
00007F
00007F
00007F
ENDCHAR
STARTCHAR 1F27
ENCODING 7975
SWIDTH 600 0
DWIDTH 30 0
BBX 24 57 3 -10
BITMAP
01E038
03F838
07FE78
07FFF8
0F1FF0
0E07F0
0E01C0
000000
003F00
003F00
003F00
003F00
003F00
003800
003800
001C00
001C00
000E00
000000
000000
000FE0
FC3FF8
FE7FFC
FEFFFE
FEFFFE
7FE1FF
7FC0FF
7F807F
7F007F
7F007F
7F007F
7F007F
7E007F
7E007F
7E007F
7E007F
7E007F
7E007F
7E007F
7E007F
7E007F
7E007F
7E007F
7E007F
7E007F
7E007F
7E007F
00007F
00007F
00007F
00007F
00007F
00007F
00007F
00007F
00007F
00007F
ENDCHAR
STARTCHAR 1F28
ENCODING 7976
SWIDTH 600 0
DWIDTH 30 0
BBX 32 36 -5 0
BITMAP
FC000000
FC000000
FC000000
FCFF00FF
F8FF00FF
38FF00FF
38FF00FF
38FF00FF
70FF00FF
F0FF00FF
00FF00FF
00FF00FF
00FF00FF
00FF00FF
00FF00FF
00FF00FF
00FFFFFF
00FFFFFF
00FFFFFF
00FFFFFF
00FFFFFF
00FFFFFF
00FF00FF
00FF00FF
00FF00FF
00FF00FF
00FF00FF
00FF00FF
00FF00FF
00FF00FF
00FF00FF
00FF00FF
00FF00FF
00FF00FF
00FF00FF
00FF00FF
ENDCHAR
STARTCHAR 1F29
ENCODING 7977
SWIDTH 600 0
DWIDTH 30 0
BBX 32 36 -5 0
BITMAP
FC000000
FC000000
FC000000
FCFF00FF
FCFF00FF
E0FF00FF
E0FF00FF
70FF00FF
70FF00FF
38FF00FF
00FF00FF
00FF00FF
00FF00FF
00FF00FF
00FF00FF
00FF00FF
00FFFFFF
00FFFFFF
00FFFFFF
00FFFFFF
00FFFFFF
00FFFFFF
00FF00FF
00FF00FF
00FF00FF
00FF00FF
00FF00FF
00FF00FF
00FF00FF
00FF00FF
00FF00FF
00FF00FF
00FF00FF
00FF00FF
00FF00FF
00FF00FF
ENDCHAR
STARTCHAR 1F2A
ENCODING 7978
SWIDTH 600 0
DWIDTH 30 0
BBX 42 36 -15 0
BITMAP
FCFE00000000
FC7E00000000
FC7E00000000
FC3E3FC03FC0
FC1E3FC03FC0
1C0F3FC03FC0
1C0F3FC03FC0
38073FC03FC0
38003FC03FC0
70003FC03FC0
00003FC03FC0
00003FC03FC0
00003FC03FC0
00003FC03FC0
00003FC03FC0
00003FC03FC0
00003FFFFFC0
00003FFFFFC0
00003FFFFFC0
00003FFFFFC0
00003FFFFFC0
00003FFFFFC0
00003FC03FC0
00003FC03FC0
00003FC03FC0
00003FC03FC0
00003FC03FC0
00003FC03FC0
00003FC03FC0
00003FC03FC0
00003FC03FC0
00003FC03FC0
00003FC03FC0
00003FC03FC0
00003FC03FC0
00003FC03FC0
ENDCHAR
STARTCHAR 1F2B
ENCODING 7979
SWIDTH 600 0
DWIDTH 30 0
BBX 42 36 -15 0
BITMAP
FCFE00000000
FC7E00000000
FC7E00000000
FC3E3FC03FC0
FC1E3FC03FC0
600F3FC03FC0
700F3FC03FC0
70073FC03FC0
38003FC03FC0
3C003FC03FC0
00003FC03FC0
00003FC03FC0
00003FC03FC0
00003FC03FC0
00003FC03FC0
00003FC03FC0
00003FFFFFC0
00003FFFFFC0
00003FFFFFC0
00003FFFFFC0
00003FFFFFC0
00003FFFFFC0
00003FC03FC0
00003FC03FC0
00003FC03FC0
00003FC03FC0
00003FC03FC0
00003FC03FC0
00003FC03FC0
00003FC03FC0
00003FC03FC0
00003FC03FC0
00003FC03FC0
00003FC03FC0
00003FC03FC0
00003FC03FC0
ENDCHAR
STARTCHAR 1F2C
ENCODING 7980
SWIDTH 600 0
DWIDTH 30 0
BBX 42 36 -15 0
BITMAP
FC3F00000000
FC7F00000000
FC7E00000000
FC7C3FC03FC0
FC783FC03FC0
1C783FC03FC0
1CF03FC03FC0
38E03FC03FC0
38003FC03FC0
70003FC03FC0
00003FC03FC0
00003FC03FC0
00003FC03FC0
00003FC03FC0
00003FC03FC0
00003FC03FC0
00003FFFFFC0
00003FFFFFC0
00003FFFFFC0
00003FFFFFC0
00003FFFFFC0
00003FFFFFC0
00003FC03FC0
00003FC03FC0
00003FC03FC0
00003FC03FC0
00003FC03FC0
00003FC03FC0
00003FC03FC0
00003FC03FC0
00003FC03FC0
00003FC03FC0
00003FC03FC0
00003FC03FC0
00003FC03FC0
00003FC03FC0
ENDCHAR
STARTCHAR 1F2D
ENCODING 7981
SWIDTH 600 0
DWIDTH 30 0
BBX 42 36 -15 0
BITMAP
FC3F00000000
FC7F00000000
FC7E00000000
FC7C3FC03FC0
FC783FC03FC0
60783FC03FC0
70F03FC03FC0
70E03FC03FC0
38003FC03FC0
3C003FC03FC0
00003FC03FC0
00003FC03FC0
00003FC03FC0
00003FC03FC0
00003FC03FC0
00003FC03FC0
00003FFFFFC0
00003FFFFFC0
00003FFFFFC0
00003FFFFFC0
00003FFFFFC0
00003FFFFFC0
00003FC03FC0
00003FC03FC0
00003FC03FC0
00003FC03FC0
00003FC03FC0
00003FC03FC0
00003FC03FC0
00003FC03FC0
00003FC03FC0
00003FC03FC0
00003FC03FC0
00003FC03FC0
00003FC03FC0
00003FC03FC0
ENDCHAR
STARTCHAR 1F2E
ENCODING 7982
SWIDTH 600 0
DWIDTH 30 0
BBX 39 44 -12 0
BITMAP
1E03C00000
3F83800000
7FE3800000
7FFF800000
71FF800000
F07F000000
E00C000000
0000000000
03F0000000
03F0000000
03F0000000
03F1FE01FE
03F1FE01FE
0071FE01FE
0071FE01FE
00E1FE01FE
00E1FE01FE
01C1FE01FE
0001FE01FE
0001FE01FE
0001FE01FE
0001FE01FE
0001FE01FE
0001FE01FE
0001FFFFFE
0001FFFFFE
0001FFFFFE
0001FFFFFE
0001FFFFFE
0001FFFFFE
0001FE01FE
0001FE01FE
0001FE01FE
0001FE01FE
0001FE01FE
0001FE01FE
0001FE01FE
0001FE01FE
0001FE01FE
0001FE01FE
0001FE01FE
0001FE01FE
0001FE01FE
0001FE01FE
ENDCHAR
STARTCHAR 1F2F
ENCODING 7983
SWIDTH 600 0
DWIDTH 30 0
BBX 39 44 -12 0
BITMAP
1E03C00000
3F83800000
7FE3800000
7FFF800000
71FF800000
F07F000000
E00C000000
0000000000
03F0000000
03F0000000
03F0000000
03F1FE01FE
03F1FE01FE
0181FE01FE
01C1FE01FE
01C1FE01FE
00E1FE01FE
00E1FE01FE
0001FE01FE
0001FE01FE
0001FE01FE
0001FE01FE
0001FE01FE
0001FE01FE
0001FFFFFE
0001FFFFFE
0001FFFFFE
0001FFFFFE
0001FFFFFE
0001FFFFFE
0001FE01FE
0001FE01FE
0001FE01FE
0001FE01FE
0001FE01FE
0001FE01FE
0001FE01FE
0001FE01FE
0001FE01FE
0001FE01FE
0001FE01FE
0001FE01FE
0001FE01FE
0001FE01FE
ENDCHAR
STARTCHAR 1F30
ENCODING 7984
SWIDTH 600 0
DWIDTH 30 0
BBX 25 40 3 -1
BITMAP
01F80000
01F80000
01F80000
01F80000
01F80000
00380000
00380000
00700000
00700000
00E00000
00000000
00000000
00000000
FFFC0000
FFFC0000
FFFC0000
FFFC0000
FFFC0000
01FC0000
01FC0000
01FC0000
01FC0000
01FC0000
01FC0000
01FC0000
01FC0000
01FC0000
01FC0000
01FC0000
01FC0000
01FC0000
01FC0000
01FC0400
01FC0E00
01FE1F00
00FFFF80
00FFFF00
007FFE00
003FFC00
0007F000
ENDCHAR
STARTCHAR 1F31
ENCODING 7985
SWIDTH 600 0
DWIDTH 30 0
BBX 25 40 3 -1
BITMAP
01F80000
01F80000
01F80000
01F80000
00F80000
00E00000
00E00000
00E00000
00700000
00780000
00000000
00000000
00000000
FFFC0000
FFFC0000
FFFC0000
FFFC0000
FFFC0000
01FC0000
01FC0000
01FC0000
01FC0000
01FC0000
01FC0000
01FC0000
01FC0000
01FC0000
01FC0000
01FC0000
01FC0000
01FC0000
01FC0000
01FC0400
01FC0E00
01FE1F00
00FFFF80
00FFFF00
007FFE00
003FFC00
0007F000
ENDCHAR
STARTCHAR 1F32
ENCODING 7986
SWIDTH 600 0
DWIDTH 30 0
BBX 25 40 3 -1
BITMAP
1F1F8000
1F1F8000
1F0F8000
1F07C000
1F07C000
0703C000
0701C000
0700E000
0E000000
1E000000
00000000
00000000
00000000
FFFC0000
FFFC0000
FFFC0000
FFFC0000
FFFC0000
01FC0000
01FC0000
01FC0000
01FC0000
01FC0000
01FC0000
01FC0000
01FC0000
01FC0000
01FC0000
01FC0000
01FC0000
01FC0000
01FC0000
01FC0400
01FC0E00
01FE1F00
00FFFF80
00FFFF00
007FFE00
003FFC00
0007F000
ENDCHAR
STARTCHAR 1F33
ENCODING 7987
SWIDTH 600 0
DWIDTH 30 0
BBX 25 40 3 -1
BITMAP
3F3F8000
3F1F8000
3F1F8000
3F0F8000
3F07C000
1803C000
1C03C000
1C01C000
0E000000
0F000000
00000000
00000000
00000000
FFFC0000
FFFC0000
FFFC0000
FFFC0000
FFFC0000
01FC0000
01FC0000
01FC0000
01FC0000
01FC0000
01FC0000
01FC0000
01FC0000
01FC0000
01FC0000
01FC0000
01FC0000
01FC0000
01FC0000
01FC0400
01FC0E00
01FE1F00
00FFFF80
00FFFF00
007FFE00
003FFC00
0007F000
ENDCHAR
STARTCHAR 1F34
ENCODING 7988
SWIDTH 600 0
DWIDTH 30 0
BBX 25 40 3 -1
BITMAP
3F0FC000
3F0FC000
3F1F8000
3F1F0000
3F1E0000
071E0000
073C0000
0E380000
0E000000
1C000000
00000000
00000000
00000000
FFFC0000
FFFC0000
FFFC0000
FFFC0000
FFFC0000
01FC0000
01FC0000
01FC0000
01FC0000
01FC0000
01FC0000
01FC0000
01FC0000
01FC0000
01FC0000
01FC0000
01FC0000
01FC0000
01FC0000
01FC0400
01FC0E00
01FE1F00
00FFFF80
00FFFF00
007FFE00
003FFC00
0007F000
ENDCHAR
STARTCHAR 1F35
ENCODING 7989
SWIDTH 600 0
DWIDTH 30 0
BBX 25 40 3 -1
BITMAP
3F0FC000
3F0FC000
3F1F8000
3F1F0000
3F1E0000
181E0000
1C3C0000
1C380000
0E000000
0F000000
00000000
00000000
00000000
FFFC0000
FFFC0000
FFFC0000
FFFC0000
FFFC0000
01FC0000
01FC0000
01FC0000
01FC0000
01FC0000
01FC0000
01FC0000
01FC0000
01FC0000
01FC0000
01FC0000
01FC0000
01FC0000
01FC0000
01FC0400
01FC0E00
01FE1F00
00FFFF80
00FFFF00
007FFE00
003FFC00
0007F000
ENDCHAR
STARTCHAR 1F36
ENCODING 7990
SWIDTH 600 0
DWIDTH 30 0
BBX 25 48 3 -1
BITMAP
0F80E000
1FE0E000
1FF1E000
3FFFC000
387FC000
381F8000
38070000
00000000
00F80000
00F80000
00F80000
00F80000
00F80000
00380000
00380000
00380000
00700000
00F00000
00000000
00000000
00000000
FFFC0000
FFFC0000
FFFC0000
FFFC0000
FFFC0000
01FC0000
01FC0000
01FC0000
01FC0000
01FC0000
01FC0000
01FC0000
01FC0000
01FC0000
01FC0000
01FC0000
01FC0000
01FC0000
01FC0000
01FC0400
01FC0E00
01FE1F00
00FFFF80
00FFFF00
007FFE00
003FFC00
0007F000
ENDCHAR
STARTCHAR 1F37
ENCODING 7991
SWIDTH 600 0
DWIDTH 30 0
BBX 25 48 3 -1
BITMAP
0F80E000
1FE0E000
1FF1E000
3FFFC000
387FC000
381F8000
38070000
00000000
00F80000
00F80000
00F80000
00F80000
00F80000
00E00000
00E00000
00E00000
00700000
00380000
00000000
00000000
00000000
FFFC0000
FFFC0000
FFFC0000
FFFC0000
FFFC0000
01FC0000
01FC0000
01FC0000
01FC0000
01FC0000
01FC0000
01FC0000
01FC0000
01FC0000
01FC0000
01FC0000
01FC0000
01FC0000
01FC0000
01FC0400
01FC0E00
01FE1F00
00FFFF80
00FFFF00
007FFE00
003FFC00
0007F000
ENDCHAR
STARTCHAR 1F38
ENCODING 7992
SWIDTH 600 0
DWIDTH 30 0
BBX 31 36 -5 0
BITMAP
FC000000
FC000000
FC000000
FC7FFFFE
FC7FFFFE
1C7FFFFE
187FFFFE
387FFFFE
787FFFFE
7000FF00
0000FF00
0000FF00
0000FF00
0000FF00
0000FF00
0000FF00
0000FF00
0000FF00
0000FF00
0000FF00
0000FF00
0000FF00
0000FF00
0000FF00
0000FF00
0000FF00
0000FF00
0000FF00
0000FF00
0000FF00
007FFFFE
007FFFFE
007FFFFE
007FFFFE
007FFFFE
007FFFFE
ENDCHAR
STARTCHAR 1F39
ENCODING 7993
SWIDTH 600 0
DWIDTH 30 0
BBX 31 36 -5 0
BITMAP
FC000000
FC000000
FC000000
FC7FFFFE
FC7FFFFE
E07FFFFE
E07FFFFE
707FFFFE
707FFFFE
3800FF00
0000FF00
0000FF00
0000FF00
0000FF00
0000FF00
0000FF00
0000FF00
0000FF00
0000FF00
0000FF00
0000FF00
0000FF00
0000FF00
0000FF00
0000FF00
0000FF00
0000FF00
0000FF00
0000FF00
0000FF00
007FFFFE
007FFFFE
007FFFFE
007FFFFE
007FFFFE
007FFFFE
ENDCHAR
STARTCHAR 1F3A
ENCODING 7994
SWIDTH 600 0
DWIDTH 30 0
BBX 41 36 -15 0
BITMAP
FCFE00000000
FC7E00000000
FC7E00000000
FC3E1FFFFF80
FC1E1FFFFF80
1C0F1FFFFF80
1C0F1FFFFF80
38071FFFFF80
38001FFFFF80
7000003FC000
0000003FC000
0000003FC000
0000003FC000
0000003FC000
0000003FC000
0000003FC000
0000003FC000
0000003FC000
0000003FC000
0000003FC000
0000003FC000
0000003FC000
0000003FC000
0000003FC000
0000003FC000
0000003FC000
0000003FC000
0000003FC000
0000003FC000
0000003FC000
00001FFFFF80
00001FFFFF80
00001FFFFF80
00001FFFFF80
00001FFFFF80
00001FFFFF80
ENDCHAR
STARTCHAR 1F3B
ENCODING 7995
SWIDTH 600 0
DWIDTH 30 0
BBX 41 36 -15 0
BITMAP
FCFE00000000
FC7E00000000
FC7E00000000
FC3E1FFFFF80
FC1E1FFFFF80
600F1FFFFF80
700F1FFFFF80
70071FFFFF80
38001FFFFF80
3C00003FC000
0000003FC000
0000003FC000
0000003FC000
0000003FC000
0000003FC000
0000003FC000
0000003FC000
0000003FC000
0000003FC000
0000003FC000
0000003FC000
0000003FC000
0000003FC000
0000003FC000
0000003FC000
0000003FC000
0000003FC000
0000003FC000
0000003FC000
0000003FC000
00001FFFFF80
00001FFFFF80
00001FFFFF80
00001FFFFF80
00001FFFFF80
00001FFFFF80
ENDCHAR
STARTCHAR 1F3C
ENCODING 7996
SWIDTH 600 0
DWIDTH 30 0
BBX 41 36 -15 0
BITMAP
FC3F00000000
FC7F00000000
FC7E00000000
FC7C1FFFFF80
FC781FFFFF80
1C781FFFFF80
1CF01FFFFF80
38E01FFFFF80
38001FFFFF80
7000003FC000
0000003FC000
0000003FC000
0000003FC000
0000003FC000
0000003FC000
0000003FC000
0000003FC000
0000003FC000
0000003FC000
0000003FC000
0000003FC000
0000003FC000
0000003FC000
0000003FC000
0000003FC000
0000003FC000
0000003FC000
0000003FC000
0000003FC000
0000003FC000
00001FFFFF80
00001FFFFF80
00001FFFFF80
00001FFFFF80
00001FFFFF80
00001FFFFF80
ENDCHAR
STARTCHAR 1F3D
ENCODING 7997
SWIDTH 600 0
DWIDTH 30 0
BBX 41 36 -15 0
BITMAP
FC3F00000000
FC7F00000000
FC7E00000000
FC7C1FFFFF80
FC781FFFFF80
60781FFFFF80
70F01FFFFF80
70E01FFFFF80
38001FFFFF80
3C00003FC000
0000003FC000
0000003FC000
0000003FC000
0000003FC000
0000003FC000
0000003FC000
0000003FC000
0000003FC000
0000003FC000
0000003FC000
0000003FC000
0000003FC000
0000003FC000
0000003FC000
0000003FC000
0000003FC000
0000003FC000
0000003FC000
0000003FC000
0000003FC000
00001FFFFF80
00001FFFFF80
00001FFFFF80
00001FFFFF80
00001FFFFF80
00001FFFFF80
ENDCHAR
STARTCHAR 1F3E
ENCODING 7998
SWIDTH 600 0
DWIDTH 30 0
BBX 38 44 -12 0
BITMAP
1E03C00000
3F83800000
7FE3800000
7FFF800000
71FF800000
F07F000000
E00C000000
0000000000
03F0000000
03F0000000
03F0000000
03F0FFFFFC
03F0FFFFFC
0070FFFFFC
0070FFFFFC
00E0FFFFFC
00E0FFFFFC
01C001FE00
000001FE00
000001FE00
000001FE00
000001FE00
000001FE00
000001FE00
000001FE00
000001FE00
000001FE00
000001FE00
000001FE00
000001FE00
000001FE00
000001FE00
000001FE00
000001FE00
000001FE00
000001FE00
000001FE00
000001FE00
0000FFFFFC
0000FFFFFC
0000FFFFFC
0000FFFFFC
0000FFFFFC
0000FFFFFC
ENDCHAR
STARTCHAR 1F3F
ENCODING 7999
SWIDTH 600 0
DWIDTH 30 0
BBX 38 44 -12 0
BITMAP
1E03C00000
3F83800000
7FE3800000
7FFF800000
71FF800000
F07F000000
E00C000000
0000000000
03F0000000
03F0000000
03F0000000
03F0FFFFFC
03F0FFFFFC
0180FFFFFC
01C0FFFFFC
01C0FFFFFC
00E0FFFFFC
00E001FE00
000001FE00
000001FE00
000001FE00
000001FE00
000001FE00
000001FE00
000001FE00
000001FE00
000001FE00
000001FE00
000001FE00
000001FE00
000001FE00
000001FE00
000001FE00
000001FE00
000001FE00
000001FE00
000001FE00
000001FE00
0000FFFFFC
0000FFFFFC
0000FFFFFC
0000FFFFFC
0000FFFFFC
0000FFFFFC
ENDCHAR
STARTCHAR 1F40
ENCODING 8000
SWIDTH 600 0
DWIDTH 30 0
BBX 26 40 2 -1
BITMAP
001F0000
001F0000
001F0000
001F0000
001F0000
00070000
00070000
00070000
000E0000
001C0000
00000000
00000000
007F8000
03FFF000
07FFFC00
0FFFFE00
1FFFFE00
3FC0FF00
3F807F00
7F803F80
7F003F80
7F003F80
FF003FC0
FF003FC0
FE001FC0
FE001FC0
FE001FC0
FE001FC0
FF003FC0
FF003FC0
7F003F80
7F003F80
7F003F80
3F807F00
3FC0FF00
1FFFFE00
0FFFFC00
07FFF800
03FFF000
007F8000
ENDCHAR
STARTCHAR 1F41
ENCODING 8001
SWIDTH 600 0
DWIDTH 30 0
BBX 26 40 2 -1
BITMAP
003F0000
003F0000
003F0000
003F0000
003F0000
001C0000
001C0000
001C0000
000E0000
000F0000
00000000
00000000
007F8000
03FFF000
07FFFC00
0FFFFE00
1FFFFE00
3FC0FF00
3F807F00
7F803F80
7F003F80
7F003F80
FF003FC0
FF003FC0
FE001FC0
FE001FC0
FE001FC0
FE001FC0
FF003FC0
FF003FC0
7F003F80
7F003F80
7F003F80
3F807F00
3FC0FF00
1FFFFE00
0FFFFC00
07FFF800
03FFF000
007F8000
ENDCHAR
STARTCHAR 1F42
ENCODING 8002
SWIDTH 600 0
DWIDTH 30 0
BBX 26 40 2 -1
BITMAP
07CFE000
07C7E000
07C3E000
07C3F000
07C1F000
01C0F000
01C07000
01C07000
03800000
07000000
00000000
00000000
007F8000
03FFF000
07FFFC00
0FFFFE00
1FFFFE00
3FC0FF00
3F807F00
7F803F80
7F003F80
7F003F80
FF003FC0
FF003FC0
FE001FC0
FE001FC0
FE001FC0
FE001FC0
FF003FC0
FF003FC0
7F003F80
7F003F80
7F003F80
3F807F00
3FC0FF00
1FFFFE00
0FFFFC00
07FFF800
03FFF000
007F8000
ENDCHAR
STARTCHAR 1F43
ENCODING 8003
SWIDTH 600 0
DWIDTH 30 0
BBX 26 40 2 -1
BITMAP
07CFE000
07C7E000
07C3E000
07C3F000
07C1F000
0700F000
07007000
07007000
03800000
03C00000
00000000
00000000
007F8000
03FFF000
07FFFC00
0FFFFE00
1FFFFE00
3FC0FF00
3F807F00
7F803F80
7F003F80
7F003F80
FF003FC0
FF003FC0
FE001FC0
FE001FC0
FE001FC0
FE001FC0
FF003FC0
FF003FC0
7F003F80
7F003F80
7F003F80
3F807F00
3FC0FF00
1FFFFE00
0FFFFC00
07FFF800
03FFF000
007F8000
ENDCHAR
STARTCHAR 1F44
ENCODING 8004
SWIDTH 600 0
DWIDTH 30 0
BBX 26 40 2 -1
BITMAP
07E1F800
07E1F800
07E3F000
07E3E000
07E3C000
00E3C000
00E78000
01C70000
01C00000
03800000
00000000
00000000
007F8000
03FFF000
07FFFC00
0FFFFE00
1FFFFE00
3FC0FF00
3F807F00
7F803F80
7F003F80
7F003F80
FF003FC0
FF003FC0
FE001FC0
FE001FC0
FE001FC0
FE001FC0
FF003FC0
FF003FC0
7F003F80
7F003F80
7F003F80
3F807F00
3FC0FF00
1FFFFE00
0FFFFC00
07FFF800
03FFF000
007F8000
ENDCHAR
STARTCHAR 1F45
ENCODING 8005
SWIDTH 600 0
DWIDTH 30 0
BBX 26 40 2 -1
BITMAP
07E1F800
07E1F800
07E3F000
07E3E000
07E3C000
0383C000
03878000
03870000
01C00000
01E00000
00000000
00000000
007F8000
03FFF000
07FFFC00
0FFFFE00
1FFFFE00
3FC0FF00
3F807F00
7F803F80
7F003F80
7F003F80
FF003FC0
FF003FC0
FE001FC0
FE001FC0
FE001FC0
FE001FC0
FF003FC0
FF003FC0
7F003F80
7F003F80
7F003F80
3F807F00
3FC0FF00
1FFFFE00
0FFFFC00
07FFF800
03FFF000
007F8000
ENDCHAR
STARTCHAR 1F48
ENCODING 8008
SWIDTH 600 0
DWIDTH 30 0
BBX 31 37 -3 -1
BITMAP
FC000000
FC000000
FC03FC00
FC0FFF80
FC3FFFC0
1C7FFFE0
38FFFFF0
39FFFFF8
71FE07F8
73FC03FC
03FC03FC
03F801FC
07F801FE
07F801FE
07F000FE
07F000FE
07F000FE
07F000FE
07F000FE
07F000FE
07F000FE
07F000FE
07F000FE
07F000FE
07F000FE
07F801FE
07F801FE
03F801FC
03FC03FC
03FC03FC
01FE07F8
01FFFFF8
00FFFFF0
007FFFE0
003FFFC0
000FFF00
0003FC00
ENDCHAR
STARTCHAR 1F49
ENCODING 8009
SWIDTH 600 0
DWIDTH 30 0
BBX 31 37 -3 -1
BITMAP
F8000000
F8000000
F803FC00
F80FFF80
F83FFFC0
E07FFFE0
E0FFFFF0
71FFFFF8
71FE07F8
3BFC03FC
03FC03FC
03F801FC
07F801FE
07F801FE
07F000FE
07F000FE
07F000FE
07F000FE
07F000FE
07F000FE
07F000FE
07F000FE
07F000FE
07F000FE
07F000FE
07F801FE
07F801FE
03F801FC
03FC03FC
03FC03FC
01FE07F8
01FFFFF8
00FFFFF0
007FFFE0
003FFFC0
000FFF00
0003FC00
ENDCHAR
STARTCHAR 1F4A
ENCODING 8010
SWIDTH 600 0
DWIDTH 30 0
BBX 41 37 -13 -1
BITMAP
F8FC00000000
F8FC00000000
F87C00FF0000
F83E03FFE000
F83E0FFFF000
381E1FFFF800
380E3FFFFC00
38077FFFFE00
70007F81FE00
F000FF00FF00
0000FF00FF00
0000FE007F00
0001FE007F80
0001FE007F80
0001FC003F80
0001FC003F80
0001FC003F80
0001FC003F80
0001FC003F80
0001FC003F80
0001FC003F80
0001FC003F80
0001FC003F80
0001FC003F80
0001FC003F80
0001FE007F80
0001FE007F80
0000FE007F00
0000FF00FF00
0000FF00FF00
00007F81FE00
00007FFFFE00
00003FFFFC00
00001FFFF800
00000FFFF000
000003FFC000
000000FF0000
ENDCHAR
STARTCHAR 1F4B
ENCODING 8011
SWIDTH 600 0
DWIDTH 30 0
BBX 41 37 -13 -1
BITMAP
F8FC00000000
F8FC00000000
F87C00FF0000
F83E03FFE000
F83E0FFFF000
E01E1FFFF800
E00E3FFFFC00
70077FFFFE00
70007F81FE00
3800FF00FF00
0000FF00FF00
0000FE007F00
0001FE007F80
0001FE007F80
0001FC003F80
0001FC003F80
0001FC003F80
0001FC003F80
0001FC003F80
0001FC003F80
0001FC003F80
0001FC003F80
0001FC003F80
0001FC003F80
0001FC003F80
0001FE007F80
0001FE007F80
0000FE007F00
0000FF00FF00
0000FF00FF00
00007F81FE00
00007FFFFE00
00003FFFFC00
00001FFFF800
00000FFFF000
000003FFC000
000000FF0000
ENDCHAR
STARTCHAR 1F4C
ENCODING 8012
SWIDTH 600 0
DWIDTH 30 0
BBX 38 37 -10 -1
BITMAP
FC3F000000
FC7F000000
FC7E07F800
FC7C1FFF00
FC787FFF80
1CF8FFFFC0
18F1FFFFE0
38E3FFFFF0
7803FC0FF0
7007F807F8
0007F807F8
0007F003F8
000FF003FC
000FF003FC
000FE001FC
000FE001FC
000FE001FC
000FE001FC
000FE001FC
000FE001FC
000FE001FC
000FE001FC
000FE001FC
000FE001FC
000FE001FC
000FF003FC
000FF003FC
0007F003F8
0007F807F8
0007F807F8
0003FC0FF0
0003FFFFF0
0001FFFFE0
0000FFFFC0
00007FFF80
00001FFE00
000007F800
ENDCHAR
STARTCHAR 1F4D
ENCODING 8013
SWIDTH 600 0
DWIDTH 30 0
BBX 38 37 -10 -1
BITMAP
FC3F000000
FC7F000000
FC7E07F800
FC7C1FFF00
FC787FFF80
E0F8FFFFC0
70F1FFFFE0
70E3FFFFF0
7803FC0FF0
3807F807F8
0007F807F8
0007F003F8
000FF003FC
000FF003FC
000FE001FC
000FE001FC
000FE001FC
000FE001FC
000FE001FC
000FE001FC
000FE001FC
000FE001FC
000FE001FC
000FE001FC
000FE001FC
000FF003FC
000FF003FC
0007F003F8
0007F807F8
0007F807F8
0003FC0FF0
0003FFFFF0
0001FFFFE0
0000FFFFC0
00007FFF80
00001FFE00
000007F800
ENDCHAR
STARTCHAR 1F50
ENCODING 8016
SWIDTH 600 0
DWIDTH 30 0
BBX 24 40 3 -1
BITMAP
007E00
007E00
007E00
007E00
007C00
001C00
001C00
001C00
003800
007800
000000
000000
000000
FE01FC
FE01FC
FE00FE
FE00FE
FE00FE
FE007E
FE007F
FE007F
FE007F
FE007F
FE003F
FE003F
FE003F
FE007F
FE007F
FE007F
FE007F
7E007F
7F007F
7F00FE
7F80FE
7FC3FE
3FFFFC
1FFFF8
1FFFF0
07FFE0
01FF00
ENDCHAR
STARTCHAR 1F51
ENCODING 8017
SWIDTH 600 0
DWIDTH 30 0
BBX 24 40 3 -1
BITMAP
00FC00
00FC00
00FC00
00FC00
00FC00
006000
007000
007000
003800
003C00
000000
000000
000000
FE01FC
FE01FC
FE00FE
FE00FE
FE00FE
FE007E
FE007F
FE007F
FE007F
FE007F
FE003F
FE003F
FE003F
FE007F
FE007F
FE007F
FE007F
7E007F
7F007F
7F00FE
7F80FE
7FC3FE
3FFFFC
1FFFF8
1FFFF0
07FFE0
01FF00
ENDCHAR
STARTCHAR 1F52
ENCODING 8018
SWIDTH 600 0
DWIDTH 30 0
BBX 24 40 3 -1
BITMAP
1F3F80
1F1F80
1F0F80
1F0FC0
1F07C0
0703C0
0701C0
0F01C0
0E0000
1C0000
000000
000000
000000
FE01FC
FE01FC
FE00FE
FE00FE
FE00FE
FE007E
FE007F
FE007F
FE007F
FE007F
FE003F
FE003F
FE003F
FE007F
FE007F
FE007F
FE007F
7E007F
7F007F
7F00FE
7F80FE
7FC3FE
3FFFFC
1FFFF8
1FFFF0
07FFE0
01FF00
ENDCHAR
STARTCHAR 1F53
ENCODING 8019
SWIDTH 600 0
DWIDTH 30 0
BBX 24 40 3 -1
BITMAP
1F3F80
1F1F80
1F0F80
1F0FC0
1F07C0
1C03C0
1C01C0
1C01C0
0E0000
0F0000
000000
000000
000000
FE01FC
FE01FC
FE00FE
FE00FE
FE00FE
FE007E
FE007F
FE007F
FE007F
FE007F
FE003F
FE003F
FE003F
FE007F
FE007F
FE007F
FE007F
7E007F
7F007F
7F00FE
7F80FE
7FC3FE
3FFFFC
1FFFF8
1FFFF0
07FFE0
01FF00
ENDCHAR
STARTCHAR 1F54
ENCODING 8020
SWIDTH 600 0
DWIDTH 30 0
BBX 24 40 3 -1
BITMAP
07E3F8
07E3F0
07E3F0
07E3E0
07E7C0
00C780
01C780
01C700
038000
038000
000000
000000
000000
FE01FC
FE01FC
FE00FE
FE00FE
FE00FE
FE007E
FE007F
FE007F
FE007F
FE007F
FE003F
FE003F
FE003F
FE007F
FE007F
FE007F
FE007F
7E007F
7F007F
7F00FE
7F80FE
7FC3FE
3FFFFC
1FFFF8
1FFFF0
07FFE0
01FF00
ENDCHAR
STARTCHAR 1F55
ENCODING 8021
SWIDTH 600 0
DWIDTH 30 0
BBX 24 40 3 -1
BITMAP
07E3F8
07E3F0
07E3F0
07E3E0
07E7C0
070780
070780
038700
038000
01C000
000000
000000
000000
FE01FC
FE01FC
FE00FE
FE00FE
FE00FE
FE007E
FE007F
FE007F
FE007F
FE007F
FE003F
FE003F
FE003F
FE007F
FE007F
FE007F
FE007F
7E007F
7F007F
7F00FE
7F80FE
7FC3FE
3FFFFC
1FFFF8
1FFFF0
07FFE0
01FF00
ENDCHAR
STARTCHAR 1F56
ENCODING 8022
SWIDTH 600 0
DWIDTH 30 0
BBX 24 48 3 -1
BITMAP
07C070
0FE0F0
1FF8E0
1FFFE0
1C3FE0
1C1FC0
3C0380
000000
007C00
007C00
007C00
007C00
007C00
001C00
001C00
003800
003800
007000
000000
000000
000000
FE01FC
FE01FC
FE00FE
FE00FE
FE00FE
FE007E
FE007F
FE007F
FE007F
FE007F
FE003F
FE003F
FE003F
FE007F
FE007F
FE007F
FE007F
7E007F
7F007F
7F00FE
7F80FE
7FC3FE
3FFFFC
1FFFF8
1FFFF0
07FFE0
01FF00
ENDCHAR
STARTCHAR 1F57
ENCODING 8023
SWIDTH 600 0
DWIDTH 30 0
BBX 24 48 3 -1
BITMAP
07C070
0FE0F0
1FF8E0
1FFFE0
1C3FE0
1C1FC0
3C0380
000000
007C00
007C00
007C00
007C00
007C00
007000
007000
007000
003800
003C00
000000
000000
000000
FE01FC
FE01FC
FE00FE
FE00FE
FE00FE
FE007E
FE007F
FE007F
FE007F
FE007F
FE003F
FE003F
FE003F
FE007F
FE007F
FE007F
FE007F
7E007F
7F007F
7F00FE
7F80FE
7FC3FE
3FFFFC
1FFFF8
1FFFF0
07FFE0
01FF00
ENDCHAR
STARTCHAR 1F59
ENCODING 8025
SWIDTH 600 0
DWIDTH 30 0
BBX 37 36 -7 0
BITMAP
F800000000
F800000000
F800000000
F9FE0007F8
F8FE0007F0
E07F000FE0
E07F801FE0
E03F801FC0
703FC03FC0
781FC03F80
000FE07F00
000FE07F00
0007F0FE00
0007F0FE00
0003F9FC00
0001FBF800
0001FFF800
0000FFF000
0000FFF000
00007FE000
00003FC000
00003FC000
00003FC000
00003FC000
00003FC000
00003FC000
00003FC000
00003FC000
00003FC000
00003FC000
00003FC000
00003FC000
00003FC000
00003FC000
00003FC000
00003FC000
ENDCHAR
STARTCHAR 1F5B
ENCODING 8027
SWIDTH 600 0
DWIDTH 30 0
BBX 48 36 -18 0
BITMAP
FCFC00000000
FCFE00000000
FC7E00000000
FC3E3FC000FF
FC1E1FC000FE
E01F0FE001FC
700F0FF003FC
700707F003F8
780007F807F8
380003F807F0
000001FC0FE0
000001FC0FE0
000000FE1FC0
000000FE1FC0
0000007F3F80
0000003F7F00
0000003FFF00
0000001FFE00
0000001FFE00
0000000FFC00
00000007F800
00000007F800
00000007F800
00000007F800
00000007F800
00000007F800
00000007F800
00000007F800
00000007F800
00000007F800
00000007F800
00000007F800
00000007F800
00000007F800
00000007F800
00000007F800
ENDCHAR
STARTCHAR 1F5D
ENCODING 8029
SWIDTH 600 0
DWIDTH 30 0
BBX 47 36 -17 0
BITMAP
F87E00000000
F87E00000000
F87C00000000
F8F87F8001FE
F8F83F8001FC
E0F01FC003F8
E0E01FE007F8
E1C00FE007F0
70000FF00FF0
780007F00FE0
000003F81FC0
000003F81FC0
000001FC3F80
000001FC3F80
000000FE7F00
0000007EFE00
0000007FFE00
0000003FFC00
0000003FFC00
0000001FF800
0000000FF000
0000000FF000
0000000FF000
0000000FF000
0000000FF000
0000000FF000
0000000FF000
0000000FF000
0000000FF000
0000000FF000
0000000FF000
0000000FF000
0000000FF000
0000000FF000
0000000FF000
0000000FF000
ENDCHAR
STARTCHAR 1F5F
ENCODING 8031
SWIDTH 600 0
DWIDTH 30 0
BBX 45 44 -15 0
BITMAP
1E0380000000
3F8380000000
7FE780000000
7FFF80000000
F1FF00000000
E07F00000000
E01C00000000
000000000000
03F000000000
03F000000000
03F000000000
03F1FE0007F8
03F0FE0007F0
03807F000FE0
03807F801FE0
01C03F801FC0
01E03FC03FC0
00E01FC03F80
00000FE07F00
00000FE07F00
000007F0FE00
000007F0FE00
000003F9FC00
000001FBF800
000001FFF800
000000FFF000
000000FFF000
0000007FE000
0000003FC000
0000003FC000
0000003FC000
0000003FC000
0000003FC000
0000003FC000
0000003FC000
0000003FC000
0000003FC000
0000003FC000
0000003FC000
0000003FC000
0000003FC000
0000003FC000
0000003FC000
0000003FC000
ENDCHAR
STARTCHAR 1F60
ENCODING 8032
SWIDTH 600 0
DWIDTH 30 0
BBX 28 40 1 -1
BITMAP
001F8000
001F8000
001F8000
001F8000
001F8000
00038000
00070000
00070000
000F0000
000E0000
00000000
00000000
01801800
07801E00
0F801F00
1F801F80
1F801F80
3F000FC0
3E0007C0
7E0007E0
7E0007E0
7C1F83E0
FC1F83F0
FC1F83F0
FC1F83F0
FC1F83F0
FC1F83F0
FC1F83F0
FC1F83F0
FC1F83F0
FC1F83F0
7C1F83F0
7E1F87E0
7E3FC7E0
7E3FC7E0
3FF9FFC0
3FF9FFC0
1FF0FF80
0FF0FF00
07C03E00
ENDCHAR
STARTCHAR 1F61
ENCODING 8033
SWIDTH 600 0
DWIDTH 30 0
BBX 28 40 1 -1
BITMAP
001F8000
001F8000
001F8000
001F8000
001F8000
001C0000
000C0000
000E0000
000F0000
00070000
00000000
00000000
01801800
07801E00
0F801F00
1F801F80
1F801F80
3F000FC0
3E0007C0
7E0007E0
7E0007E0
7C1F83E0
FC1F83F0
FC1F83F0
FC1F83F0
FC1F83F0
FC1F83F0
FC1F83F0
FC1F83F0
FC1F83F0
FC1F83F0
7C1F83F0
7E1F87E0
7E3FC7E0
7E3FC7E0
3FF9FFC0
3FF9FFC0
1FF0FF80
0FF0FF00
07C03E00
ENDCHAR
STARTCHAR 1F62
ENCODING 8034
SWIDTH 600 0
DWIDTH 30 0
BBX 28 40 1 -1
BITMAP
03F3F000
03F3F800
03F1F800
03F0F800
03F07800
00707800
00E03C00
00E01C00
01E00000
01C00000
00000000
00000000
01801800
07801E00
0F801F00
1F801F80
1F801F80
3F000FC0
3E0007C0
7E0007E0
7E0007E0
7C1F83E0
FC1F83F0
FC1F83F0
FC1F83F0
FC1F83F0
FC1F83F0
FC1F83F0
FC1F83F0
FC1F83F0
FC1F83F0
7C1F83F0
7E1F87E0
7E3FC7E0
7E3FC7E0
3FF9FFC0
3FF9FFC0
1FF0FF80
0FF0FF00
07C03E00
ENDCHAR
STARTCHAR 1F63
ENCODING 8035
SWIDTH 600 0
DWIDTH 30 0
BBX 28 40 1 -1
BITMAP
03F3F000
03F3F800
03F1F800
03F0F800
03F07800
03807800
03803C00
01C01C00
01E00000
00E00000
00000000
00000000
01801800
07801E00
0F801F00
1F801F80
1F801F80
3F000FC0
3E0007C0
7E0007E0
7E0007E0
7C1F83E0
FC1F83F0
FC1F83F0
FC1F83F0
FC1F83F0
FC1F83F0
FC1F83F0
FC1F83F0
FC1F83F0
FC1F83F0
7C1F83F0
7E1F87E0
7E3FC7E0
7E3FC7E0
3FF9FFC0
3FF9FFC0
1FF0FF80
0FF0FF00
07C03E00
ENDCHAR
STARTCHAR 1F64
ENCODING 8036
SWIDTH 600 0
DWIDTH 30 0
BBX 28 40 1 -1
BITMAP
03F1FC00
03F1F800
03F1F800
03F1F000
03F1E000
0073C000
00E3C000
00E38000
01E00000
01C00000
00000000
00000000
01801800
07801E00
0F801F00
1F801F80
1F801F80
3F000FC0
3E0007C0
7E0007E0
7E0007E0
7C1F83E0
FC1F83F0
FC1F83F0
FC1F83F0
FC1F83F0
FC1F83F0
FC1F83F0
FC1F83F0
FC1F83F0
FC1F83F0
7C1F83F0
7E1F87E0
7E3FC7E0
7E3FC7E0
3FF9FFC0
3FF9FFC0
1FF0FF80
0FF0FF00
07C03E00
ENDCHAR
STARTCHAR 1F65
ENCODING 8037
SWIDTH 600 0
DWIDTH 30 0
BBX 28 40 1 -1
BITMAP
03F1FC00
03F1F800
03F1F800
03F1F000
03F1E000
0383C000
0383C000
01C38000
01E00000
00E00000
00000000
00000000
01801800
07801E00
0F801F00
1F801F80
1F801F80
3F000FC0
3E0007C0
7E0007E0
7E0007E0
7C1F83E0
FC1F83F0
FC1F83F0
FC1F83F0
FC1F83F0
FC1F83F0
FC1F83F0
FC1F83F0
FC1F83F0
FC1F83F0
7C1F83F0
7E1F87E0
7E3FC7E0
7E3FC7E0
3FF9FFC0
3FF9FFC0
1FF0FF80
0FF0FF00
07C03E00
ENDCHAR
STARTCHAR 1F66
ENCODING 8038
SWIDTH 600 0
DWIDTH 30 0
BBX 28 48 1 -1
BITMAP
00F00E00
01FC1C00
03FF1C00
03FFFC00
0387FC00
0783F800
07006000
00000000
001F8000
001F8000
001F8000
001F8000
001F8000
00038000
00038000
00070000
00070000
000E0000
00000000
00000000
01801800
07801E00
0F801F00
1F801F80
1F801F80
3F000FC0
3E0007C0
7E0007E0
7E0007E0
7C1F83E0
FC1F83F0
FC1F83F0
FC1F83F0
FC1F83F0
FC1F83F0
FC1F83F0
FC1F83F0
FC1F83F0
FC1F83F0
7C1F83F0
7E1F87E0
7E3FC7E0
7E3FC7E0
3FF9FFC0
3FF9FFC0
1FF0FF80
0FF0FF00
07C03E00
ENDCHAR
STARTCHAR 1F67
ENCODING 8039
SWIDTH 600 0
DWIDTH 30 0
BBX 28 48 1 -1
BITMAP
00F00E00
01FC1C00
03FF1C00
03FFFC00
0387FC00
0783F800
07006000
00000000
001F8000
001F8000
001F8000
001F8000
001F8000
000C0000
000E0000
000E0000
00070000
00078000
00000000
00000000
01801800
07801E00
0F801F00
1F801F80
1F801F80
3F000FC0
3E0007C0
7E0007E0
7E0007E0
7C1F83E0
FC1F83F0
FC1F83F0
FC1F83F0
FC1F83F0
FC1F83F0
FC1F83F0
FC1F83F0
FC1F83F0
FC1F83F0
7C1F83F0
7E1F87E0
7E3FC7E0
7E3FC7E0
3FF9FFC0
3FF9FFC0
1FF0FF80
0FF0FF00
07C03E00
ENDCHAR
STARTCHAR 1F68
ENCODING 8040
SWIDTH 600 0
DWIDTH 30 0
BBX 32 36 -3 0
BITMAP
F8000000
F8000000
F803FC00
F80FFF00
F83FFFC0
387FFFE0
38FFFFF0
39FFFFF8
71FE07F8
F3FC03FC
03F801FC
07F801FE
07F000FE
07F000FE
07F000FE
07F000FE
07F000FE
07F000FE
07F000FE
07F000FE
07F000FE
07F000FE
03F000FC
03F801FC
03F801FC
01FC03F8
01FC03F0
00FE07F0
007F0FE0
003F0FC0
0F9F0F8F
0FFF0FFF
0FFF0FFF
0FFF0FFF
0FFF0FFF
0FFF0FFF
ENDCHAR
STARTCHAR 1F69
ENCODING 8041
SWIDTH 600 0
DWIDTH 30 0
BBX 32 36 -3 0
BITMAP
F8000000
F8000000
F803FC00
F80FFF00
F83FFFC0
E07FFFE0
E0FFFFF0
71FFFFF8
71FE07F8
3BFC03FC
03F801FC
07F801FE
07F000FE
07F000FE
07F000FE
07F000FE
07F000FE
07F000FE
07F000FE
07F000FE
07F000FE
07F000FE
03F000FC
03F801FC
03F801FC
01FC03F8
01FC03F0
00FE07F0
007F0FE0
003F0FC0
0F9F0F8F
0FFF0FFF
0FFF0FFF
0FFF0FFF
0FFF0FFF
0FFF0FFF
ENDCHAR
STARTCHAR 1F6A
ENCODING 8042
SWIDTH 600 0
DWIDTH 30 0
BBX 42 36 -13 0
BITMAP
F8FC00000000
F8FC00000000
F87C00FF0000
F83E03FFC000
F83E0FFFF000
381E1FFFF800
380E3FFFFC00
38077FFFFE00
70007F81FE00
F000FF00FF00
0000FE007F00
0001FE007F80
0001FC003F80
0001FC003F80
0001FC003F80
0001FC003F80
0001FC003F80
0001FC003F80
0001FC003F80
0001FC003F80
0001FC003F80
0001FC003F80
0000FC003F00
0000FE007F00
0000FE007F00
00007F00FE00
00007F00FC00
00003F81FC00
00001FC3F800
00000FC3F000
0003E7C3E3C0
0003FFC3FFC0
0003FFC3FFC0
0003FFC3FFC0
0003FFC3FFC0
0003FFC3FFC0
ENDCHAR
STARTCHAR 1F6B
ENCODING 8043
SWIDTH 600 0
DWIDTH 30 0
BBX 42 36 -13 0
BITMAP
F8FC00000000
F8FC00000000
F87C00FF0000
F83E03FFC000
F83E0FFFF000
E01E1FFFF800
E00E3FFFFC00
70077FFFFE00
70007F81FE00
3800FF00FF00
0000FE007F00
0001FE007F80
0001FC003F80
0001FC003F80
0001FC003F80
0001FC003F80
0001FC003F80
0001FC003F80
0001FC003F80
0001FC003F80
0001FC003F80
0001FC003F80
0000FC003F00
0000FE007F00
0000FE007F00
00007F00FE00
00007F00FC00
00003F81FC00
00001FC3F800
00000FC3F000
0003E7C3E3C0
0003FFC3FFC0
0003FFC3FFC0
0003FFC3FFC0
0003FFC3FFC0
0003FFC3FFC0
ENDCHAR
STARTCHAR 1F6C
ENCODING 8044
SWIDTH 600 0
DWIDTH 30 0
BBX 39 36 -10 0
BITMAP
FC3F000000
FC7F000000
FC7E07F800
FC7C1FFE00
FC787FFF80
1CF8FFFFC0
18F1FFFFE0
38E3FFFFF0
7803FC0FF0
7007F807F8
0007F003F8
000FF003FC
000FE001FC
000FE001FC
000FE001FC
000FE001FC
000FE001FC
000FE001FC
000FE001FC
000FE001FC
000FE001FC
000FE001FC
0007E001F8
0007F003F8
0007F003F8
0003F807F0
0003F807E0
0001FC0FE0
0000FE1FC0
00007E1F80
001F3E1F1E
001FFE1FFE
001FFE1FFE
001FFE1FFE
001FFE1FFE
001FFE1FFE
ENDCHAR
STARTCHAR 1F6D
ENCODING 8045
SWIDTH 600 0
DWIDTH 30 0
BBX 39 36 -10 0
BITMAP
FC3F000000
FC7F000000
FC7E07F800
FC7C1FFE00
FC787FFF80
E0F8FFFFC0
70F1FFFFE0
70E3FFFFF0
7803FC0FF0
3807F807F8
0007F003F8
000FF003FC
000FE001FC
000FE001FC
000FE001FC
000FE001FC
000FE001FC
000FE001FC
000FE001FC
000FE001FC
000FE001FC
000FE001FC
0007E001F8
0007F003F8
0007F003F8
0003F807F0
0003F807E0
0001FC0FE0
0000FE1FC0
00007E1F80
001F3E1F1E
001FFE1FFE
001FFE1FFE
001FFE1FFE
001FFE1FFE
001FFE1FFE
ENDCHAR
STARTCHAR 1F6E
ENCODING 8046
SWIDTH 600 0
DWIDTH 30 0
BBX 39 44 -10 0
BITMAP
1E03800000
7F83800000
7FE7800000
FFFF800000
F1FF000000
E07E000000
E01C000000
0000000000
03F0000000
03F0000000
03F007F800
03F01FFE00
03F07FFF80
0060FFFFC0
00E1FFFFE0
00E3FFFFF0
01C3FC0FF0
03C7F807F8
0007F003F8
000FF003FC
000FE001FC
000FE001FC
000FE001FC
000FE001FC
000FE001FC
000FE001FC
000FE001FC
000FE001FC
000FE001FC
000FE001FC
0007E001F8
0007F003F8
0007F003F8
0003F807F0
0003F807E0
0001FC0FE0
0000FE1FC0
00007E1F80
001F3E1F1E
001FFE1FFE
001FFE1FFE
001FFE1FFE
001FFE1FFE
001FFE1FFE
ENDCHAR
STARTCHAR 1F6F
ENCODING 8047
SWIDTH 600 0
DWIDTH 30 0
BBX 39 44 -10 0
BITMAP
1E03800000
7F83800000
7FE7800000
FFFF800000
F1FF000000
E07E000000
E01C000000
0000000000
03F0000000
03F0000000
03F007F800
03F01FFE00
03F07FFF80
0380FFFFC0
0381FFFFE0
01C3FFFFF0
01C3FC0FF0
00E7F807F8
0007F003F8
000FF003FC
000FE001FC
000FE001FC
000FE001FC
000FE001FC
000FE001FC
000FE001FC
000FE001FC
000FE001FC
000FE001FC
000FE001FC
0007E001F8
0007F003F8
0007F003F8
0003F807F0
0003F807E0
0001FC0FE0
0000FE1FC0
00007E1F80
001F3E1F1E
001FFE1FFE
001FFE1FFE
001FFE1FFE
001FFE1FFE
001FFE1FFE
ENDCHAR
STARTCHAR 1F70
ENCODING 8048
SWIDTH 600 0
DWIDTH 30 0
BBX 28 39 2 -1
BITMAP
07F00000
03F00000
03F00000
01F00000
00F00000
00F80000
00780000
00380000
00380000
00000000
00000000
01FC0000
07FF07F0
1FFF87E0
3FFFCFE0
3FFFEFC0
7F83EFC0
7F01FFC0
FF01FF80
FE00FF80
FE00FF80
FE00FF00
FE007F00
FE007F00
FE007F00
FE007F00
FE007F00
FE007F00
FE00FF00
FE00FF80
FE00FF80
FF01FF80
7F01FF80
7F83DFC0
3FFFDFC0
3FFF8FC0
1FFF0FE0
0FFE0FE0
03F80000
ENDCHAR
STARTCHAR 1F71
ENCODING 8049
SWIDTH 600 0
DWIDTH 30 0
BBX 28 39 2 -1
BITMAP
003F8000
003F0000
003F0000
003E0000
003E0000
003C0000
00780000
00780000
00700000
00000000
00000000
01FC0000
07FF07F0
1FFF87E0
3FFFCFE0
3FFFEFC0
7F83EFC0
7F01FFC0
FF01FF80
FE00FF80
FE00FF80
FE00FF00
FE007F00
FE007F00
FE007F00
FE007F00
FE007F00
FE007F00
FE00FF00
FE00FF80
FE00FF80
FF01FF80
7F01FF80
7F83DFC0
3FFFDFC0
3FFF8FC0
1FFF0FE0
0FFE0FE0
03F80000
ENDCHAR
STARTCHAR 1F72
ENCODING 8050
SWIDTH 600 0
DWIDTH 30 0
BBX 25 39 3 -1
BITMAP
03F80000
01F80000
01F80000
00F80000
00780000
00780000
003C0000
003C0000
001C0000
00000000
00000000
00FF8000
07FFF000
1FFFFC00
3FFFFE00
3FF3FF00
7F807E00
7F003C00
7F001800
7F000000
3F800000
3FE00000
1FFF8000
07FF8000
01FF8000
0FFF8000
3FFE0000
7FC00000
7F000000
FE000000
FE000800
FE001C00
FF003E00
7F80FF80
7FFFFF00
3FFFFE00
1FFFF800
0FFFE000
01FF8000
ENDCHAR
STARTCHAR 1F73
ENCODING 8051
SWIDTH 600 0
DWIDTH 30 0
BBX 25 39 3 -1
BITMAP
001F8000
001F8000
001F0000
003F0000
003E0000
003C0000
003C0000
00380000
00380000
00000000
00000000
00FF8000
07FFF000
1FFFFC00
3FFFFE00
3FF3FF00
7F807E00
7F003C00
7F001800
7F000000
3F800000
3FE00000
1FFF8000
07FF8000
01FF8000
0FFF8000
3FFE0000
7FC00000
7F000000
FE000000
FE000800
FE001C00
FF003E00
7F80FF80
7FFFFF00
3FFFFE00
1FFFF800
0FFFE000
01FF8000
ENDCHAR
STARTCHAR 1F74
ENCODING 8052
SWIDTH 600 0
DWIDTH 30 0
BBX 24 48 3 -10
BITMAP
01F800
01FC00
00FC00
007C00
007C00
003C00
003C00
001C00
000E00
000000
000000
000FE0
FC3FF8
FE7FFC
FEFFFE
FEFFFE
7FE1FF
7FC0FF
7F807F
7F007F
7F007F
7F007F
7F007F
7E007F
7E007F
7E007F
7E007F
7E007F
7E007F
7E007F
7E007F
7E007F
7E007F
7E007F
7E007F
7E007F
7E007F
7E007F
00007F
00007F
00007F
00007F
00007F
00007F
00007F
00007F
00007F
00007F
ENDCHAR
STARTCHAR 1F75
ENCODING 8053
SWIDTH 600 0
DWIDTH 30 0
BBX 24 48 3 -10
BITMAP
000FC0
000FC0
000F80
001F80
001F00
001E00
001E00
001C00
001C00
000000
000000
000FE0
FC3FF8
FE7FFC
FEFFFE
FEFFFE
7FE1FF
7FC0FF
7F807F
7F007F
7F007F
7F007F
7F007F
7E007F
7E007F
7E007F
7E007F
7E007F
7E007F
7E007F
7E007F
7E007F
7E007F
7E007F
7E007F
7E007F
7E007F
7E007F
00007F
00007F
00007F
00007F
00007F
00007F
00007F
00007F
00007F
00007F
ENDCHAR
STARTCHAR 1F76
ENCODING 8054
SWIDTH 600 0
DWIDTH 30 0
BBX 25 39 3 -1
BITMAP
07F00000
03F00000
03F00000
01F00000
00F00000
00F80000
00780000
00780000
00380000
00000000
00000000
00000000
FFFC0000
FFFC0000
FFFC0000
FFFC0000
FFFC0000
01FC0000
01FC0000
01FC0000
01FC0000
01FC0000
01FC0000
01FC0000
01FC0000
01FC0000
01FC0000
01FC0000
01FC0000
01FC0000
01FC0000
01FC0400
01FC0E00
01FE1F00
00FFFF80
00FFFF00
007FFE00
003FFC00
0007F000
ENDCHAR
STARTCHAR 1F77
ENCODING 8055
SWIDTH 600 0
DWIDTH 30 0
BBX 25 39 3 -1
BITMAP
003F0000
007F0000
007E0000
007C0000
007C0000
00780000
00700000
00F00000
00E00000
00000000
00000000
00000000
FFFC0000
FFFC0000
FFFC0000
FFFC0000
FFFC0000
01FC0000
01FC0000
01FC0000
01FC0000
01FC0000
01FC0000
01FC0000
01FC0000
01FC0000
01FC0000
01FC0000
01FC0000
01FC0000
01FC0000
01FC0400
01FC0E00
01FE1F00
00FFFF80
00FFFF00
007FFE00
003FFC00
0007F000
ENDCHAR
STARTCHAR 1F78
ENCODING 8056
SWIDTH 600 0
DWIDTH 30 0
BBX 26 39 2 -1
BITMAP
00FC0000
00FE0000
007E0000
003E0000
003E0000
001E0000
001E0000
000E0000
00070000
00000000
00000000
007F8000
03FFF000
07FFFC00
0FFFFE00
1FFFFE00
3FC0FF00
3F807F00
7F803F80
7F003F80
7F003F80
FF003FC0
FF003FC0
FE001FC0
FE001FC0
FE001FC0
FE001FC0
FF003FC0
FF003FC0
7F003F80
7F003F80
7F003F80
3F807F00
3FC0FF00
1FFFFE00
0FFFFC00
07FFF800
03FFF000
007F8000
ENDCHAR
STARTCHAR 1F79
ENCODING 8057
SWIDTH 600 0
DWIDTH 30 0
BBX 26 39 2 -1
BITMAP
000FC000
001FC000
001F8000
001F0000
001F0000
001E0000
001E0000
001C0000
00380000
00000000
00000000
007F8000
03FFF000
07FFFC00
0FFFFE00
1FFFFE00
3FC0FF00
3F807F00
7F803F80
7F003F80
7F003F80
FF003FC0
FF003FC0
FE001FC0
FE001FC0
FE001FC0
FE001FC0
FF003FC0
FF003FC0
7F003F80
7F003F80
7F003F80
3F807F00
3FC0FF00
1FFFFE00
0FFFFC00
07FFF800
03FFF000
007F8000
ENDCHAR
STARTCHAR 1F7A
ENCODING 8058
SWIDTH 600 0
DWIDTH 30 0
BBX 24 39 3 -1
BITMAP
03F000
03F800
01F800
00F800
00F800
007800
007800
003800
001C00
000000
000000
000000
FE01FC
FE01FC
FE00FE
FE00FE
FE00FE
FE007E
FE007F
FE007F
FE007F
FE007F
FE003F
FE003F
FE003F
FE007F
FE007F
FE007F
FE007F
7E007F
7F007F
7F00FE
7F80FE
7FC3FE
3FFFFC
1FFFF8
1FFFF0
07FFE0
01FF00
ENDCHAR
STARTCHAR 1F7B
ENCODING 8059
SWIDTH 600 0
DWIDTH 30 0
BBX 24 39 3 -1
BITMAP
003F00
003F00
007E00
007E00
007C00
007800
007800
007000
00E000
000000
000000
000000
FE01FC
FE01FC
FE00FE
FE00FE
FE00FE
FE007E
FE007F
FE007F
FE007F
FE007F
FE003F
FE003F
FE003F
FE007F
FE007F
FE007F
FE007F
7E007F
7F007F
7F00FE
7F80FE
7FC3FE
3FFFFC
1FFFF8
1FFFF0
07FFE0
01FF00
ENDCHAR
STARTCHAR 1F7C
ENCODING 8060
SWIDTH 600 0
DWIDTH 30 0
BBX 28 39 1 -1
BITMAP
00FE0000
007E0000
007E0000
003E0000
001E0000
001F0000
000F0000
00070000
00070000
00000000
00000000
01801800
07801E00
0F801F00
1F801F80
1F801F80
3F000FC0
3E0007C0
7E0007E0
7E0007E0
7C1F83E0
FC1F83F0
FC1F83F0
FC1F83F0
FC1F83F0
FC1F83F0
FC1F83F0
FC1F83F0
FC1F83F0
FC1F83F0
7C1F83F0
7E1F87E0
7E3FC7E0
7E3FC7E0
3FF9FFC0
3FF9FFC0
1FF0FF80
0FF0FF00
07C03E00
ENDCHAR
STARTCHAR 1F7D
ENCODING 8061
SWIDTH 600 0
DWIDTH 30 0
BBX 28 39 1 -1
BITMAP
0007F000
0007E000
0007E000
0007C000
000F8000
000F8000
000F0000
000E0000
000E0000
00000000
00000000
01801800
07801E00
0F801F00
1F801F80
1F801F80
3F000FC0
3E0007C0
7E0007E0
7E0007E0
7C1F83E0
FC1F83F0
FC1F83F0
FC1F83F0
FC1F83F0
FC1F83F0
FC1F83F0
FC1F83F0
FC1F83F0
FC1F83F0
7C1F83F0
7E1F87E0
7E3FC7E0
7E3FC7E0
3FF9FFC0
3FF9FFC0
1FF0FF80
0FF0FF00
07C03E00
ENDCHAR
STARTCHAR 1F80
ENCODING 8064
SWIDTH 600 0
DWIDTH 30 0
BBX 28 49 2 -10
BITMAP
003E0000
003E0000
003E0000
003E0000
003E0000
000E0000
000E0000
001C0000
001C0000
00380000
00000000
00000000
01FC0000
07FF07F0
1FFF87E0
3FFFCFE0
3FFFEFC0
7F83EFC0
7F01FFC0
FF01FF80
FE00FF80
FE00FF80
FE00FF00
FE007F00
FE007F00
FE007F00
FE007F00
FE007F00
FE007F00
FE00FF00
FE00FF80
FE00FF80
FF01FF80
7F01FF80
7F83DFC0
3FFFDFC0
3FFF8FC0
1FFF0FE0
0FFE0FE0
03F80000
00000000
00000000
00780000
00780000
00780000
00780000
007E0000
007E0000
001E0000
ENDCHAR
STARTCHAR 1F81
ENCODING 8065
SWIDTH 600 0
DWIDTH 30 0
BBX 28 49 2 -10
BITMAP
00FC0000
00FC0000
00FC0000
00FC0000
00FC0000
00600000
00700000
00700000
00380000
003C0000
00000000
00000000
01FC0000
07FF07F0
1FFF87E0
3FFFCFE0
3FFFEFC0
7F83EFC0
7F01FFC0
FF01FF80
FE00FF80
FE00FF80
FE00FF00
FE007F00
FE007F00
FE007F00
FE007F00
FE007F00
FE007F00
FE00FF00
FE00FF80
FE00FF80
FF01FF80
7F01FF80
7F83DFC0
3FFFDFC0
3FFF8FC0
1FFF0FE0
0FFE0FE0
03F80000
00000000
00000000
00780000
00780000
00780000
00780000
007E0000
007E0000
001E0000
ENDCHAR
STARTCHAR 1F82
ENCODING 8066
SWIDTH 600 0
DWIDTH 30 0
BBX 28 49 2 -10
BITMAP
0F9FC000
0F8FC000
0F87C000
0F87C000
0F83E000
0381E000
0380E000
0780E000
07000000
0E000000
00000000
00000000
01FC0000
07FF07F0
1FFF87E0
3FFFCFE0
3FFFEFC0
7F83EFC0
7F01FFC0
FF01FF80
FE00FF80
FE00FF80
FE00FF00
FE007F00
FE007F00
FE007F00
FE007F00
FE007F00
FE007F00
FE00FF00
FE00FF80
FE00FF80
FF01FF80
7F01FF80
7F83DFC0
3FFFDFC0
3FFF8FC0
1FFF0FE0
0FFE0FE0
03F80000
00000000
00000000
00780000
00780000
00780000
00780000
007E0000
007E0000
001E0000
ENDCHAR
STARTCHAR 1F83
ENCODING 8067
SWIDTH 600 0
DWIDTH 30 0
BBX 28 49 2 -10
BITMAP
0F9FC000
0F8FC000
0F87C000
0F87C000
0F83E000
0E01E000
0E00E000
0E00E000
07000000
07800000
00000000
00000000
01FC0000
07FF07F0
1FFF87E0
3FFFCFE0
3FFFEFC0
7F83EFC0
7F01FFC0
FF01FF80
FE00FF80
FE00FF80
FE00FF00
FE007F00
FE007F00
FE007F00
FE007F00
FE007F00
FE007F00
FE00FF00
FE00FF80
FE00FF80
FF01FF80
7F01FF80
7F83DFC0
3FFFDFC0
3FFF8FC0
1FFF0FE0
0FFE0FE0
03F80000
00000000
00000000
00780000
00780000
00780000
00780000
007E0000
007E0000
001E0000
ENDCHAR
STARTCHAR 1F84
ENCODING 8068
SWIDTH 600 0
DWIDTH 30 0
BBX 28 49 2 -10
BITMAP
07E1F800
07E3F800
07E3F000
07E3E000
07E3C000
00E7C000
00E78000
01C70000
01C00000
03800000
00000000
00000000
01FC0000
07FF07F0
1FFF87E0
3FFFCFE0
3FFFEFC0
7F83EFC0
7F01FFC0
FF01FF80
FE00FF80
FE00FF80
FE00FF00
FE007F00
FE007F00
FE007F00
FE007F00
FE007F00
FE007F00
FE00FF00
FE00FF80
FE00FF80
FF01FF80
7F01FF80
7F83DFC0
3FFFDFC0
3FFF8FC0
1FFF0FE0
0FFE0FE0
03F80000
00000000
00000000
00780000
00780000
00780000
00780000
007E0000
007E0000
001E0000
ENDCHAR
STARTCHAR 1F85
ENCODING 8069
SWIDTH 600 0
DWIDTH 30 0
BBX 28 49 2 -10
BITMAP
07E1F800
07E3F800
07E3F000
07E3E000
07E3C000
0707C000
03878000
03870000
01C00000
01C00000
00000000
00000000
01FC0000
07FF07F0
1FFF87E0
3FFFCFE0
3FFFEFC0
7F83EFC0
7F01FFC0
FF01FF80
FE00FF80
FE00FF80
FE00FF00
FE007F00
FE007F00
FE007F00
FE007F00
FE007F00
FE007F00
FE00FF00
FE00FF80
FE00FF80
FF01FF80
7F01FF80
7F83DFC0
3FFFDFC0
3FFF8FC0
1FFF0FE0
0FFE0FE0
03F80000
00000000
00000000
00780000
00780000
00780000
00780000
007E0000
007E0000
001E0000
ENDCHAR
STARTCHAR 1F86
ENCODING 8070
SWIDTH 600 0
DWIDTH 30 0
BBX 28 57 2 -10
BITMAP
03E03800
07F07800
0FFC7000
0FFFF000
0E1FF000
0E0FE000
0E01C000
00000000
003E0000
003E0000
003E0000
003E0000
003E0000
000E0000
000E0000
001E0000
001C0000
00380000
00000000
00000000
01FC0000
07FF07F0
1FFF87E0
3FFFCFE0
3FFFEFC0
7F83EFC0
7F01FFC0
FF01FF80
FE00FF80
FE00FF80
FE00FF00
FE007F00
FE007F00
FE007F00
FE007F00
FE007F00
FE007F00
FE00FF00
FE00FF80
FE00FF80
FF01FF80
7F01FF80
7F83DFC0
3FFFDFC0
3FFF8FC0
1FFF0FE0
0FFE0FE0
03F80000
00000000
00000000
00780000
00780000
00780000
00780000
007E0000
007E0000
001E0000
ENDCHAR
STARTCHAR 1F87
ENCODING 8071
SWIDTH 600 0
DWIDTH 30 0
BBX 28 57 2 -10
BITMAP
03E03800
07F07800
0FFC7000
0FFFF000
0E1FF000
0E0FE000
0E01C000
00000000
003E0000
003E0000
003E0000
003E0000
003E0000
00380000
00380000
00380000
001C0000
001E0000
00000000
00000000
01FC0000
07FF07F0
1FFF87E0
3FFFCFE0
3FFFEFC0
7F83EFC0
7F01FFC0
FF01FF80
FE00FF80
FE00FF80
FE00FF00
FE007F00
FE007F00
FE007F00
FE007F00
FE007F00
FE007F00
FE00FF00
FE00FF80
FE00FF80
FF01FF80
7F01FF80
7F83DFC0
3FFFDFC0
3FFF8FC0
1FFF0FE0
0FFE0FE0
03F80000
00000000
00000000
00780000
00780000
00780000
00780000
007E0000
007E0000
001E0000
ENDCHAR
STARTCHAR 1F88
ENCODING 8072
SWIDTH 600 0
DWIDTH 30 0
BBX 30 46 0 -10
BITMAP
3E000000
3E000000
3E000000
3E1FE000
3E3FF000
0E3FF000
0E3FF000
1C7FF800
1C7FF800
387EF800
00FCFC00
00FCFC00
00FCFC00
01F87E00
01F87E00
01F87E00
03F87F00
03F03F00
03F03F00
07F03F80
07E01F80
07E01F80
0FFFFFC0
0FFFFFC0
0FFFFFC0
1FFFFFE0
1FFFFFE0
1F8007E0
3F8007F0
3F8007F0
3F8007F0
7F0003F8
7F0003F8
7F0003F8
FF0003FC
FE0001FC
00000000
00000000
00000000
00078000
00078000
00078000
0007C000
0007E000
0003E000
0001E000
ENDCHAR
STARTCHAR 1F89
ENCODING 8073
SWIDTH 600 0
DWIDTH 30 0
BBX 30 46 0 -10
BITMAP
7E000000
7E000000
7E000000
7E1FE000
7E3FF000
703FF000
383FF000
387FF800
3C7FF800
1C7EF800
00FCFC00
00FCFC00
00FCFC00
01F87E00
01F87E00
01F87E00
03F87F00
03F03F00
03F03F00
07F03F80
07E01F80
07E01F80
0FFFFFC0
0FFFFFC0
0FFFFFC0
1FFFFFE0
1FFFFFE0
1F8007E0
3F8007F0
3F8007F0
3F8007F0
7F0003F8
7F0003F8
7F0003F8
FF0003FC
FE0001FC
00000000
00000000
00000000
00078000
00078000
00078000
0007C000
0007E000
0003E000
0001E000
ENDCHAR
STARTCHAR 1F8A
ENCODING 8074
SWIDTH 600 0
DWIDTH 30 0
BBX 39 46 -9 -10
BITMAP
FCFE000000
FC7E000000
FC7E000000
FC3E0FF000
FC1F1FF800
1C0F1FF800
1C0F1FF800
38073FFC00
38003FFC00
70003F7C00
00007E7E00
00007E7E00
00007E7E00
0000FC3F00
0000FC3F00
0000FC3F00
0001FC3F80
0001F81F80
0001F81F80
0003F81FC0
0003F00FC0
0003F00FC0
0007FFFFE0
0007FFFFE0
0007FFFFE0
000FFFFFF0
000FFFFFF0
000FC003F0
001FC003F8
001FC003F8
001FC003F8
003F8001FC
003F8001FC
003F8001FC
007F8001FE
007F0000FE
0000000000
0000000000
0000000000
000003C000
000003C000
000003C000
000003E000
000003F800
000001F800
000000F800
ENDCHAR
STARTCHAR 1F8B
ENCODING 8075
SWIDTH 600 0
DWIDTH 30 0
BBX 39 46 -9 -10
BITMAP
FCFE000000
FC7E000000
FC7E000000
FC3E0FF000
7C1F1FF800
700F1FF800
700F1FF800
70073FFC00
38003FFC00
3C003F7C00
00007E7E00
00007E7E00
00007E7E00
0000FC3F00
0000FC3F00
0000FC3F00
0001FC3F80
0001F81F80
0001F81F80
0003F81FC0
0003F00FC0
0003F00FC0
0007FFFFE0
0007FFFFE0
0007FFFFE0
000FFFFFF0
000FFFFFF0
000FC003F0
001FC003F8
001FC003F8
001FC003F8
003F8001FC
003F8001FC
003F8001FC
007F8001FE
007F0000FE
0000000000
0000000000
0000000000
000003C000
000003C000
000003C000
000003E000
000003F800
000001F800
000000F800
ENDCHAR
STARTCHAR 1F8C
ENCODING 8076
SWIDTH 600 0
DWIDTH 30 0
BBX 38 46 -8 -10
BITMAP
FC7F000000
FC7E000000
FC7C000000
FC7C1FE000
FCF83FF000
38F03FF000
38E03FF000
38E07FF800
70007FF800
F0007EF800
0000FCFC00
0000FCFC00
0000FCFC00
0001F87E00
0001F87E00
0001F87E00
0003F87F00
0003F03F00
0003F03F00
0007F03F80
0007E01F80
0007E01F80
000FFFFFC0
000FFFFFC0
000FFFFFC0
001FFFFFE0
001FFFFFE0
001F8007E0
003F8007F0
003F8007F0
003F8007F0
007F0003F8
007F0003F8
007F0003F8
00FF0003FC
00FE0001FC
0000000000
0000000000
0000000000
0000078000
0000078000
0000078000
000007C000
000007E000
000003E000
000001E000
ENDCHAR
STARTCHAR 1F8D
ENCODING 8077
SWIDTH 600 0
DWIDTH 30 0
BBX 38 46 -8 -10
BITMAP
FC7F000000
FC7E000000
FC7C000000
FC7C1FE000
FCF83FF000
E0F03FF000
E0E03FF000
70E07FF800
70007FF800
38007EF800
0000FCFC00
0000FCFC00
0000FCFC00
0001F87E00
0001F87E00
0001F87E00
0003F87F00
0003F03F00
0003F03F00
0007F03F80
0007E01F80
0007E01F80
000FFFFFC0
000FFFFFC0
000FFFFFC0
001FFFFFE0
001FFFFFE0
001F8007E0
003F8007F0
003F8007F0
003F8007F0
007F0003F8
007F0003F8
007F0003F8
00FF0003FC
00FE0001FC
0000000000
0000000000
0000000000
0000078000
0000078000
0000078000
000007C000
000007E000
000003E000
000001E000
ENDCHAR
STARTCHAR 1F8E
ENCODING 8078
SWIDTH 600 0
DWIDTH 30 0
BBX 37 54 -7 -10
BITMAP
1E03C00000
3F83800000
7FE3800000
7FFF800000
70FF800000
F07F000000
E00C000000
0000000000
03F0000000
03F0000000
03F0000000
03F03FC000
03F07FE000
00707FE000
00707FE000
00E0FFF000
00E0FFF000
01C0FDF000
0001F9F800
0001F9F800
0001F9F800
0003F0FC00
0003F0FC00
0003F0FC00
0007F0FE00
0007E07E00
0007E07E00
000FE07F00
000FC03F00
000FC03F00
001FFFFF80
001FFFFF80
001FFFFF80
003FFFFFC0
003FFFFFC0
003F000FC0
007F000FE0
007F000FE0
007F000FE0
00FE0007F0
00FE0007F0
00FE0007F0
01FE0007F8
01FC0003F8
0000000000
0000000000
0000000000
00000F0000
00000F0000
00000F0000
00000F8000
00000FC000
000007C000
000003C000
ENDCHAR
STARTCHAR 1F8F
ENCODING 8079
SWIDTH 600 0
DWIDTH 30 0
BBX 37 54 -7 -10
BITMAP
1E03C00000
3F83800000
7FE3800000
7FFF800000
70FF800000
F07F000000
E00C000000
0000000000
03F0000000
03F0000000
03F0000000
03F03FC000
03F07FE000
01807FE000
01C07FE000
01C0FFF000
00E0FFF000
00F0FDF000
0001F9F800
0001F9F800
0001F9F800
0003F0FC00
0003F0FC00
0003F0FC00
0007F0FE00
0007E07E00
0007E07E00
000FE07F00
000FC03F00
000FC03F00
001FFFFF80
001FFFFF80
001FFFFF80
003FFFFFC0
003FFFFFC0
003F000FC0
007F000FE0
007F000FE0
007F000FE0
00FE0007F0
00FE0007F0
00FE0007F0
01FE0007F8
01FC0003F8
0000000000
0000000000
0000000000
00000F0000
00000F0000
00000F0000
00000F8000
00000FC000
000007C000
000003C000
ENDCHAR
STARTCHAR 1F90
ENCODING 8080
SWIDTH 600 0
DWIDTH 30 0
BBX 24 49 3 -10
BITMAP
003F00
003F00
003F00
003F00
003F00
000600
000E00
000E00
001C00
003C00
000000
000000
000FE0
FC3FF8
FE7FFC
FEFFFE
FEFFFE
7FE1FF
7FC0FF
7F807F
7F007F
7F007F
7F007F
7F007F
7E007F
7E007F
7E007F
7E007F
7E007F
7E007F
7E007F
7E007F
7E007F
7E007F
7E007F
7E007F
7E007F
7E007F
7E007F
00007F
00007F
00007F
3C007F
3C007F
3C007F
3C007F
3F007F
3F007F
1F007F
ENDCHAR
STARTCHAR 1F91
ENCODING 8081
SWIDTH 600 0
DWIDTH 30 0
BBX 24 49 3 -10
BITMAP
003E00
003E00
003E00
003E00
003E00
003800
003800
003800
001C00
001E00
000000
000000
000FE0
FC3FF8
FE7FFC
FEFFFE
FEFFFE
7FE1FF
7FC0FF
7F807F
7F007F
7F007F
7F007F
7F007F
7E007F
7E007F
7E007F
7E007F
7E007F
7E007F
7E007F
7E007F
7E007F
7E007F
7E007F
7E007F
7E007F
7E007F
7E007F
00007F
00007F
00007F
3C007F
3C007F
3C007F
3C007F
3F007F
3F007F
1F007F
ENDCHAR
STARTCHAR 1F92
ENCODING 8082
SWIDTH 600 0
DWIDTH 30 0
BBX 24 49 3 -10
BITMAP
0F9FC0
0F8FC0
0F87C0
0F87C0
0F83E0
0381E0
0380E0
0700E0
070000
0E0000
000000
000000
000FE0
FC3FF8
FE7FFC
FEFFFE
FEFFFE
7FE1FF
7FC0FF
7F807F
7F007F
7F007F
7F007F
7F007F
7E007F
7E007F
7E007F
7E007F
7E007F
7E007F
7E007F
7E007F
7E007F
7E007F
7E007F
7E007F
7E007F
7E007F
7E007F
00007F
00007F
00007F
3C007F
3C007F
3C007F
3C007F
3F007F
3F007F
1F007F
ENDCHAR
STARTCHAR 1F93
ENCODING 8083
SWIDTH 600 0
DWIDTH 30 0
BBX 24 49 3 -10
BITMAP
0F9FC0
0F8FC0
0F87C0
0F87C0
0F83E0
0E01E0
0E00E0
0E00E0
070000
078000
000000
000000
000FE0
FC3FF8
FE7FFC
FEFFFE
FEFFFE
7FE1FF
7FC0FF
7F807F
7F007F
7F007F
7F007F
7F007F
7E007F
7E007F
7E007F
7E007F
7E007F
7E007F
7E007F
7E007F
7E007F
7E007F
7E007F
7E007F
7E007F
7E007F
7E007F
00007F
00007F
00007F
3C007F
3C007F
3C007F
3C007F
3F007F
3F007F
1F007F
ENDCHAR
STARTCHAR 1F94
ENCODING 8084
SWIDTH 600 0
DWIDTH 30 0
BBX 24 49 3 -10
BITMAP
03E1F8
03E1F8
03E3F0
03E3E0
03E3E0
00E3C0
00E780
01C700
01C000
038000
000000
000000
000FE0
FC3FF8
FE7FFC
FEFFFE
FEFFFE
7FE1FF
7FC0FF
7F807F
7F007F
7F007F
7F007F
7F007F
7E007F
7E007F
7E007F
7E007F
7E007F
7E007F
7E007F
7E007F
7E007F
7E007F
7E007F
7E007F
7E007F
7E007F
7E007F
00007F
00007F
00007F
3C007F
3C007F
3C007F
3C007F
3F007F
3F007F
1F007F
ENDCHAR
STARTCHAR 1F95
ENCODING 8085
SWIDTH 600 0
DWIDTH 30 0
BBX 24 49 3 -10
BITMAP
03E1F8
03E1F8
03E3F0
03E3E0
03E3E0
0383C0
038780
038700
01C000
01E000
000000
000000
000FE0
FC3FF8
FE7FFC
FEFFFE
FEFFFE
7FE1FF
7FC0FF
7F807F
7F007F
7F007F
7F007F
7F007F
7E007F
7E007F
7E007F
7E007F
7E007F
7E007F
7E007F
7E007F
7E007F
7E007F
7E007F
7E007F
7E007F
7E007F
7E007F
00007F
00007F
00007F
3C007F
3C007F
3C007F
3C007F
3F007F
3F007F
1F007F
ENDCHAR
STARTCHAR 1F96
ENCODING 8086
SWIDTH 600 0
DWIDTH 30 0
BBX 24 57 3 -10
BITMAP
01E038
03F838
07FE78
07FFF8
0F1FF0
0E07F0
0E01C0
000000
003F00
003F00
003F00
003F00
003F00
000700
000E00
000E00
001C00
001C00
000000
000000
000FE0
FC3FF8
FE7FFC
FEFFFE
FEFFFE
7FE1FF
7FC0FF
7F807F
7F007F
7F007F
7F007F
7F007F
7E007F
7E007F
7E007F
7E007F
7E007F
7E007F
7E007F
7E007F
7E007F
7E007F
7E007F
7E007F
7E007F
7E007F
7E007F
00007F
00007F
00007F
3C007F
3C007F
3C007F
3C007F
3F007F
3F007F
1F007F
ENDCHAR
STARTCHAR 1F97
ENCODING 8087
SWIDTH 600 0
DWIDTH 30 0
BBX 24 57 3 -10
BITMAP
01E038
03F838
07FE78
07FFF8
0F1FF0
0E07F0
0E01C0
000000
003F00
003F00
003F00
003F00
003F00
003800
003800
001C00
001C00
000E00
000000
000000
000FE0
FC3FF8
FE7FFC
FEFFFE
FEFFFE
7FE1FF
7FC0FF
7F807F
7F007F
7F007F
7F007F
7F007F
7E007F
7E007F
7E007F
7E007F
7E007F
7E007F
7E007F
7E007F
7E007F
7E007F
7E007F
7E007F
7E007F
7E007F
7E007F
00007F
00007F
00007F
3C007F
3C007F
3C007F
3C007F
3F007F
3F007F
1F007F
ENDCHAR
STARTCHAR 1F98
ENCODING 8088
SWIDTH 600 0
DWIDTH 30 0
BBX 32 46 -5 -10
BITMAP
FC000000
FC000000
FC000000
FCFF00FF
F8FF00FF
38FF00FF
38FF00FF
38FF00FF
70FF00FF
F0FF00FF
00FF00FF
00FF00FF
00FF00FF
00FF00FF
00FF00FF
00FF00FF
00FFFFFF
00FFFFFF
00FFFFFF
00FFFFFF
00FFFFFF
00FFFFFF
00FF00FF
00FF00FF
00FF00FF
00FF00FF
00FF00FF
00FF00FF
00FF00FF
00FF00FF
00FF00FF
00FF00FF
00FF00FF
00FF00FF
00FF00FF
00FF00FF
00000000
00000000
00000000
00003C00
00003C00
00003C00
00003E00
00003F00
00001F00
00000F00
ENDCHAR
STARTCHAR 1F99
ENCODING 8089
SWIDTH 600 0
DWIDTH 30 0
BBX 32 46 -5 -10
BITMAP
FC000000
FC000000
FC000000
FCFF00FF
FCFF00FF
E0FF00FF
E0FF00FF
70FF00FF
70FF00FF
38FF00FF
00FF00FF
00FF00FF
00FF00FF
00FF00FF
00FF00FF
00FF00FF
00FFFFFF
00FFFFFF
00FFFFFF
00FFFFFF
00FFFFFF
00FFFFFF
00FF00FF
00FF00FF
00FF00FF
00FF00FF
00FF00FF
00FF00FF
00FF00FF
00FF00FF
00FF00FF
00FF00FF
00FF00FF
00FF00FF
00FF00FF
00FF00FF
00000000
00000000
00000000
00003C00
00003C00
00003C00
00003E00
00003F00
00001F00
00000F00
ENDCHAR
STARTCHAR 1F9A
ENCODING 8090
SWIDTH 600 0
DWIDTH 30 0
BBX 42 46 -15 -10
BITMAP
FCFE00000000
FC7E00000000
FC7E00000000
FC3E3FC03FC0
FC1E3FC03FC0
1C0F3FC03FC0
1C0F3FC03FC0
38073FC03FC0
38003FC03FC0
70003FC03FC0
00003FC03FC0
00003FC03FC0
00003FC03FC0
00003FC03FC0
00003FC03FC0
00003FC03FC0
00003FFFFFC0
00003FFFFFC0
00003FFFFFC0
00003FFFFFC0
00003FFFFFC0
00003FFFFFC0
00003FC03FC0
00003FC03FC0
00003FC03FC0
00003FC03FC0
00003FC03FC0
00003FC03FC0
00003FC03FC0
00003FC03FC0
00003FC03FC0
00003FC03FC0
00003FC03FC0
00003FC03FC0
00003FC03FC0
00003FC03FC0
000000000000
000000000000
000000000000
0000000F0000
0000000F0000
0000000F0000
0000000F8000
0000000FC000
00000007C000
00000003C000
ENDCHAR
STARTCHAR 1F9B
ENCODING 8091
SWIDTH 600 0
DWIDTH 30 0
BBX 42 46 -15 -10
BITMAP
FCFE00000000
FC7E00000000
FC7E00000000
FC3E3FC03FC0
FC1E3FC03FC0
600F3FC03FC0
700F3FC03FC0
70073FC03FC0
38003FC03FC0
3C003FC03FC0
00003FC03FC0
00003FC03FC0
00003FC03FC0
00003FC03FC0
00003FC03FC0
00003FC03FC0
00003FFFFFC0
00003FFFFFC0
00003FFFFFC0
00003FFFFFC0
00003FFFFFC0
00003FFFFFC0
00003FC03FC0
00003FC03FC0
00003FC03FC0
00003FC03FC0
00003FC03FC0
00003FC03FC0
00003FC03FC0
00003FC03FC0
00003FC03FC0
00003FC03FC0
00003FC03FC0
00003FC03FC0
00003FC03FC0
00003FC03FC0
000000000000
000000000000
000000000000
0000000F0000
0000000F0000
0000000F0000
0000000F8000
0000000FC000
00000007C000
00000003C000
ENDCHAR
STARTCHAR 1F9C
ENCODING 8092
SWIDTH 600 0
DWIDTH 30 0
BBX 42 46 -15 -10
BITMAP
FC3F00000000
FC7F00000000
FC7E00000000
FC7C3FC03FC0
FC783FC03FC0
1C783FC03FC0
1CF03FC03FC0
38E03FC03FC0
38003FC03FC0
70003FC03FC0
00003FC03FC0
00003FC03FC0
00003FC03FC0
00003FC03FC0
00003FC03FC0
00003FC03FC0
00003FFFFFC0
00003FFFFFC0
00003FFFFFC0
00003FFFFFC0
00003FFFFFC0
00003FFFFFC0
00003FC03FC0
00003FC03FC0
00003FC03FC0
00003FC03FC0
00003FC03FC0
00003FC03FC0
00003FC03FC0
00003FC03FC0
00003FC03FC0
00003FC03FC0
00003FC03FC0
00003FC03FC0
00003FC03FC0
00003FC03FC0
000000000000
000000000000
000000000000
0000000F0000
0000000F0000
0000000F0000
0000000F8000
0000000FC000
00000007C000
00000003C000
ENDCHAR
STARTCHAR 1F9D
ENCODING 8093
SWIDTH 600 0
DWIDTH 30 0
BBX 42 46 -15 -10
BITMAP
FC3F00000000
FC7F00000000
FC7E00000000
FC7C3FC03FC0
FC783FC03FC0
60783FC03FC0
70F03FC03FC0
70E03FC03FC0
38003FC03FC0
3C003FC03FC0
00003FC03FC0
00003FC03FC0
00003FC03FC0
00003FC03FC0
00003FC03FC0
00003FC03FC0
00003FFFFFC0
00003FFFFFC0
00003FFFFFC0
00003FFFFFC0
00003FFFFFC0
00003FFFFFC0
00003FC03FC0
00003FC03FC0
00003FC03FC0
00003FC03FC0
00003FC03FC0
00003FC03FC0
00003FC03FC0
00003FC03FC0
00003FC03FC0
00003FC03FC0
00003FC03FC0
00003FC03FC0
00003FC03FC0
00003FC03FC0
000000000000
000000000000
000000000000
0000000F0000
0000000F0000
0000000F0000
0000000F0000
0000000FC000
0000000FC000
00000003C000
ENDCHAR
STARTCHAR 1F9E
ENCODING 8094
SWIDTH 600 0
DWIDTH 30 0
BBX 39 54 -12 -10
BITMAP
1E03C00000
3F83800000
7FE3800000
7FFF800000
71FF800000
F07F000000
E00C000000
0000000000
03F0000000
03F0000000
03F0000000
03F1FE01FE
03F1FE01FE
0071FE01FE
0071FE01FE
00E1FE01FE
00E1FE01FE
01C1FE01FE
0001FE01FE
0001FE01FE
0001FE01FE
0001FE01FE
0001FE01FE
0001FE01FE
0001FFFFFE
0001FFFFFE
0001FFFFFE
0001FFFFFE
0001FFFFFE
0001FFFFFE
0001FE01FE
0001FE01FE
0001FE01FE
0001FE01FE
0001FE01FE
0001FE01FE
0001FE01FE
0001FE01FE
0001FE01FE
0001FE01FE
0001FE01FE
0001FE01FE
0001FE01FE
0001FE01FE
0000000000
0000000000
0000000000
0000007800
0000007800
0000007800
0000007C00
0000007E00
0000003E00
0000001E00
ENDCHAR
STARTCHAR 1F9F
ENCODING 8095
SWIDTH 600 0
DWIDTH 30 0
BBX 39 54 -12 -10
BITMAP
1E03C00000
3F83800000
7FE3800000
7FFF800000
71FF800000
F07F000000
E00C000000
0000000000
03F0000000
03F0000000
03F0000000
03F1FE01FE
03F1FE01FE
0181FE01FE
01C1FE01FE
01C1FE01FE
00E1FE01FE
00E1FE01FE
0001FE01FE
0001FE01FE
0001FE01FE
0001FE01FE
0001FE01FE
0001FE01FE
0001FFFFFE
0001FFFFFE
0001FFFFFE
0001FFFFFE
0001FFFFFE
0001FFFFFE
0001FE01FE
0001FE01FE
0001FE01FE
0001FE01FE
0001FE01FE
0001FE01FE
0001FE01FE
0001FE01FE
0001FE01FE
0001FE01FE
0001FE01FE
0001FE01FE
0001FE01FE
0001FE01FE
0000000000
0000000000
0000000000
0000007800
0000007800
0000007800
0000007C00
0000007E00
0000003E00
0000001E00
ENDCHAR
STARTCHAR 1FA0
ENCODING 8096
SWIDTH 600 0
DWIDTH 30 0
BBX 28 49 1 -10
BITMAP
001F8000
001F8000
001F8000
001F8000
001F8000
00038000
00070000
00070000
000F0000
000E0000
00000000
00000000
01801800
07801E00
0F801F00
1F801F80
1F801F80
3F000FC0
3E0007C0
7E0007E0
7E0007E0
7C1F83E0
FC1F83F0
FC1F83F0
FC1F83F0
FC1F83F0
FC1F83F0
FC1F83F0
FC1F83F0
FC1F83F0
FC1F83F0
7C1F83F0
7E1F87E0
7E3FC7E0
7E3FC7E0
3FF9FFC0
3FF9FFC0
1FF0FF80
0FF0FF00
07C03E00
00000000
00000000
000F0000
000F0000
000F0000
000F8000
000FC000
0007C000
0003C000
ENDCHAR
STARTCHAR 1FA1
ENCODING 8097
SWIDTH 600 0
DWIDTH 30 0
BBX 28 49 1 -10
BITMAP
001F8000
001F8000
001F8000
001F8000
001F8000
001C0000
000C0000
000E0000
000F0000
00070000
00000000
00000000
01801800
07801E00
0F801F00
1F801F80
1F801F80
3F000FC0
3E0007C0
7E0007E0
7E0007E0
7C1F83E0
FC1F83F0
FC1F83F0
FC1F83F0
FC1F83F0
FC1F83F0
FC1F83F0
FC1F83F0
FC1F83F0
FC1F83F0
7C1F83F0
7E1F87E0
7E3FC7E0
7E3FC7E0
3FF9FFC0
3FF9FFC0
1FF0FF80
0FF0FF00
07C03E00
00000000
00000000
000F0000
000F0000
000F0000
000F8000
000FC000
0007C000
0003C000
ENDCHAR
STARTCHAR 1FA2
ENCODING 8098
SWIDTH 600 0
DWIDTH 30 0
BBX 28 49 1 -10
BITMAP
03F3F000
03F3F800
03F1F800
03F0F800
03F07800
00707800
00E03C00
00E01C00
01E00000
01C00000
00000000
00000000
01801800
07801E00
0F801F00
1F801F80
1F801F80
3F000FC0
3E0007C0
7E0007E0
7E0007E0
7C1F83E0
FC1F83F0
FC1F83F0
FC1F83F0
FC1F83F0
FC1F83F0
FC1F83F0
FC1F83F0
FC1F83F0
FC1F83F0
7C1F83F0
7E1F87E0
7E3FC7E0
7E3FC7E0
3FF9FFC0
3FF9FFC0
1FF0FF80
0FF0FF00
07C03E00
00000000
00000000
000F0000
000F0000
000F0000
000F8000
000FC000
0007C000
0003C000
ENDCHAR
STARTCHAR 1FA3
ENCODING 8099
SWIDTH 600 0
DWIDTH 30 0
BBX 28 49 1 -10
BITMAP
03F3F000
03F3F800
03F1F800
03F0F800
03F07800
03807800
03803C00
01C01C00
01E00000
00E00000
00000000
00000000
01801800
07801E00
0F801F00
1F801F80
1F801F80
3F000FC0
3E0007C0
7E0007E0
7E0007E0
7C1F83E0
FC1F83F0
FC1F83F0
FC1F83F0
FC1F83F0
FC1F83F0
FC1F83F0
FC1F83F0
FC1F83F0
FC1F83F0
7C1F83F0
7E1F87E0
7E3FC7E0
7E3FC7E0
3FF9FFC0
3FF9FFC0
1FF0FF80
0FF0FF00
07C03E00
00000000
00000000
000F0000
000F0000
000F0000
000F8000
000FC000
0007C000
0003C000
ENDCHAR
STARTCHAR 1FA4
ENCODING 8100
SWIDTH 600 0
DWIDTH 30 0
BBX 28 49 1 -10
BITMAP
03F1FC00
03F1F800
03F1F800
03F1F000
03F1E000
0073C000
00E3C000
00E38000
01E00000
01C00000
00000000
00000000
01801800
07801E00
0F801F00
1F801F80
1F801F80
3F000FC0
3E0007C0
7E0007E0
7E0007E0
7C1F83E0
FC1F83F0
FC1F83F0
FC1F83F0
FC1F83F0
FC1F83F0
FC1F83F0
FC1F83F0
FC1F83F0
FC1F83F0
7C1F83F0
7E1F87E0
7E3FC7E0
7E3FC7E0
3FF9FFC0
3FF9FFC0
1FF0FF80
0FF0FF00
07C03E00
00000000
00000000
000F0000
000F0000
000F0000
000F8000
000FC000
0007C000
0003C000
ENDCHAR
STARTCHAR 1FA5
ENCODING 8101
SWIDTH 600 0
DWIDTH 30 0
BBX 28 49 1 -10
BITMAP
03F1FC00
03F1F800
03F1F800
03F1F000
03F1E000
0383C000
0383C000
01C38000
01E00000
00E00000
00000000
00000000
01801800
07801E00
0F801F00
1F801F80
1F801F80
3F000FC0
3E0007C0
7E0007E0
7E0007E0
7C1F83E0
FC1F83F0
FC1F83F0
FC1F83F0
FC1F83F0
FC1F83F0
FC1F83F0
FC1F83F0
FC1F83F0
FC1F83F0
7C1F83F0
7E1F87E0
7E3FC7E0
7E3FC7E0
3FF9FFC0
3FF9FFC0
1FF0FF80
0FF0FF00
07C03E00
00000000
00000000
000F0000
000F0000
000F0000
000F8000
000FC000
0007C000
0003C000
ENDCHAR
STARTCHAR 1FA6
ENCODING 8102
SWIDTH 600 0
DWIDTH 30 0
BBX 28 57 1 -10
BITMAP
00F00E00
01FC1C00
03FF1C00
03FFFC00
0387FC00
0783F800
07006000
00000000
001F8000
001F8000
001F8000
001F8000
001F8000
00038000
00038000
00070000
00070000
000E0000
00000000
00000000
01801800
07801E00
0F801F00
1F801F80
1F801F80
3F000FC0
3E0007C0
7E0007E0
7E0007E0
7C1F83E0
FC1F83F0
FC1F83F0
FC1F83F0
FC1F83F0
FC1F83F0
FC1F83F0
FC1F83F0
FC1F83F0
FC1F83F0
7C1F83F0
7E1F87E0
7E3FC7E0
7E3FC7E0
3FF9FFC0
3FF9FFC0
1FF0FF80
0FF0FF00
07C03E00
00000000
00000000
000F0000
000F0000
000F0000
000F8000
000FC000
0007C000
0003C000
ENDCHAR
STARTCHAR 1FA7
ENCODING 8103
SWIDTH 600 0
DWIDTH 30 0
BBX 28 57 1 -10
BITMAP
00F00E00
01FC1C00
03FF1C00
03FFFC00
0387FC00
0783F800
07006000
00000000
001F8000
001F8000
001F8000
001F8000
001F8000
000C0000
000E0000
000E0000
00070000
00078000
00000000
00000000
01801800
07801E00
0F801F00
1F801F80
1F801F80
3F000FC0
3E0007C0
7E0007E0
7E0007E0
7C1F83E0
FC1F83F0
FC1F83F0
FC1F83F0
FC1F83F0
FC1F83F0
FC1F83F0
FC1F83F0
FC1F83F0
FC1F83F0
7C1F83F0
7E1F87E0
7E3FC7E0
7E3FC7E0
3FF9FFC0
3FF9FFC0
1FF0FF80
0FF0FF00
07C03E00
00000000
00000000
000F0000
000F0000
000F0000
000F8000
000FC000
0007C000
0003C000
ENDCHAR
STARTCHAR 1FA8
ENCODING 8104
SWIDTH 600 0
DWIDTH 30 0
BBX 32 46 -3 -10
BITMAP
F8000000
F8000000
F803FC00
F80FFF00
F83FFFC0
387FFFE0
38FFFFF0
39FFFFF8
71FE07F8
F3FC03FC
03F801FC
07F801FE
07F000FE
07F000FE
07F000FE
07F000FE
07F000FE
07F000FE
07F000FE
07F000FE
07F000FE
07F000FE
03F000FC
03F801FC
03F801FC
01FC03F8
01FC03F0
00FE07F0
007F0FE0
003F0FC0
0F9F0F8F
0FFF0FFF
0FFF0FFF
0FFF0FFF
0FFF0FFF
0FFF0FFF
00000000
00000000
00000000
0000F000
0000F000
0000F000
0000F800
0000FC00
00007C00
00003C00
ENDCHAR
STARTCHAR 1FA9
ENCODING 8105
SWIDTH 600 0
DWIDTH 30 0
BBX 32 46 -3 -10
BITMAP
F8000000
F8000000
F803FC00
F80FFF00
F83FFFC0
E07FFFE0
E0FFFFF0
71FFFFF8
71FE07F8
3BFC03FC
03F801FC
07F801FE
07F000FE
07F000FE
07F000FE
07F000FE
07F000FE
07F000FE
07F000FE
07F000FE
07F000FE
07F000FE
03F000FC
03F801FC
03F801FC
01FC03F8
01FC03F0
00FE07F0
007F0FE0
003F0FC0
0F9F0F8F
0FFF0FFF
0FFF0FFF
0FFF0FFF
0FFF0FFF
0FFF0FFF
00000000
00000000
00000000
0000F000
0000F000
0000F000
0000F800
0000FC00
00007C00
00003C00
ENDCHAR
STARTCHAR 1FAA
ENCODING 8106
SWIDTH 600 0
DWIDTH 30 0
BBX 42 46 -13 -10
BITMAP
F8FC00000000
F8FC00000000
F87C00FF0000
F83E03FFC000
F83E0FFFF000
381E1FFFF800
380E3FFFFC00
38077FFFFE00
70007F81FE00
F000FF00FF00
0000FE007F00
0001FE007F80
0001FC003F80
0001FC003F80
0001FC003F80
0001FC003F80
0001FC003F80
0001FC003F80
0001FC003F80
0001FC003F80
0001FC003F80
0001FC003F80
0000FC003F00
0000FE007F00
0000FE007F00
00007F00FE00
00007F00FC00
00003F81FC00
00001FC3F800
00000FC3F000
0003E7C3E3C0
0003FFC3FFC0
0003FFC3FFC0
0003FFC3FFC0
0003FFC3FFC0
0003FFC3FFC0
000000000000
000000000000
000000000000
0000003C0000
0000003C0000
0000003C0000
0000003E0000
0000003F0000
0000001F0000
0000000F0000
ENDCHAR
STARTCHAR 1FAB
ENCODING 8107
SWIDTH 600 0
DWIDTH 30 0
BBX 42 46 -13 -10
BITMAP
F8FC00000000
F8FC00000000
F87C00FF0000
F83E03FFC000
F83E0FFFF000
E01E1FFFF800
E00E3FFFFC00
70077FFFFE00
70007F81FE00
3800FF00FF00
0000FE007F00
0001FE007F80
0001FC003F80
0001FC003F80
0001FC003F80
0001FC003F80
0001FC003F80
0001FC003F80
0001FC003F80
0001FC003F80
0001FC003F80
0001FC003F80
0000FC003F00
0000FE007F00
0000FE007F00
00007F00FE00
00007F00FC00
00003F81FC00
00001FC3F800
00000FC3F000
0003E7C3E3C0
0003FFC3FFC0
0003FFC3FFC0
0003FFC3FFC0
0003FFC3FFC0
0003FFC3FFC0
000000000000
000000000000
000000000000
0000003C0000
0000003C0000
0000003C0000
0000003E0000
0000003F0000
0000001F0000
0000000F0000
ENDCHAR
STARTCHAR 1FAC
ENCODING 8108
SWIDTH 600 0
DWIDTH 30 0
BBX 39 46 -10 -10
BITMAP
FC3F000000
FC7F000000
FC7E07F800
FC7C1FFE00
FC787FFF80
1CF8FFFFC0
18F1FFFFE0
38E3FFFFF0
7803FC0FF0
7007F807F8
0007F003F8
000FF003FC
000FE001FC
000FE001FC
000FE001FC
000FE001FC
000FE001FC
000FE001FC
000FE001FC
000FE001FC
000FE001FC
000FE001FC
0007E001F8
0007F003F8
0007F003F8
0003F807F0
0003F807E0
0001FC0FE0
0000FE1FC0
00007E1F80
001F3E1F1E
001FFE1FFE
001FFE1FFE
001FFE1FFE
001FFE1FFE
001FFE1FFE
0000000000
0000000000
0000000000
000001E000
000001E000
000001E000
000001F000
000001F800
000000F800
0000007800
ENDCHAR
STARTCHAR 1FAD
ENCODING 8109
SWIDTH 600 0
DWIDTH 30 0
BBX 39 46 -10 -10
BITMAP
FC3F000000
FC7F000000
FC7E07F800
FC7C1FFE00
FC787FFF80
E0F8FFFFC0
70F1FFFFE0
70E3FFFFF0
7803FC0FF0
3807F807F8
0007F003F8
000FF003FC
000FE001FC
000FE001FC
000FE001FC
000FE001FC
000FE001FC
000FE001FC
000FE001FC
000FE001FC
000FE001FC
000FE001FC
0007E001F8
0007F003F8
0007F003F8
0003F807F0
0003F807E0
0001FC0FE0
0000FE1FC0
00007E1F80
001F3E1F1E
001FFE1FFE
001FFE1FFE
001FFE1FFE
001FFE1FFE
001FFE1FFE
0000000000
0000000000
0000000000
000001E000
000001E000
000001E000
000001F000
000001F800
000000F800
0000007800
ENDCHAR
STARTCHAR 1FAE
ENCODING 8110
SWIDTH 600 0
DWIDTH 30 0
BBX 39 54 -10 -10
BITMAP
1E03800000
7F83800000
7FE7800000
FFFF800000
F1FF000000
E07E000000
E01C000000
0000000000
03F0000000
03F0000000
03F007F800
03F01FFE00
03F07FFF80
0060FFFFC0
00E1FFFFE0
00E3FFFFF0
01C3FC0FF0
03C7F807F8
0007F003F8
000FF003FC
000FE001FC
000FE001FC
000FE001FC
000FE001FC
000FE001FC
000FE001FC
000FE001FC
000FE001FC
000FE001FC
000FE001FC
0007E001F8
0007F003F8
0007F003F8
0003F807F0
0003F807E0
0001FC0FE0
0000FE1FC0
00007E1F80
001F3E1F1E
001FFE1FFE
001FFE1FFE
001FFE1FFE
001FFE1FFE
001FFE1FFE
0000000000
0000000000
0000000000
000001E000
000001E000
000001E000
000001F000
000001F800
000000F800
0000007800
ENDCHAR
STARTCHAR 1FAF
ENCODING 8111
SWIDTH 600 0
DWIDTH 30 0
BBX 39 54 -10 -10
BITMAP
1E03800000
7F83800000
7FE7800000
FFFF800000
F1FF000000
E07E000000
E01C000000
0000000000
03F0000000
03F0000000
03F007F800
03F01FFE00
03F07FFF80
0380FFFFC0
0381FFFFE0
01C3FFFFF0
01C3FC0FF0
00E7F807F8
0007F003F8
000FF003FC
000FE001FC
000FE001FC
000FE001FC
000FE001FC
000FE001FC
000FE001FC
000FE001FC
000FE001FC
000FE001FC
000FE001FC
0007E001F8
0007F003F8
0007F003F8
0003F807F0
0003F807E0
0001FC0FE0
0000FE1FC0
00007E1F80
001F3E1F1E
001FFE1FFE
001FFE1FFE
001FFE1FFE
001FFE1FFE
001FFE1FFE
0000000000
0000000000
0000000000
000001E000
000001E000
000001E000
000001F000
000001F800
000000F800
0000007800
ENDCHAR
STARTCHAR 1FB0
ENCODING 8112
SWIDTH 600 0
DWIDTH 30 0
BBX 28 37 2 -1
BITMAP
1E00F000
1F00F000
0F81F000
0FFFE000
07FFC000
03FF8000
00FE0000
00000000
00000000
01FC0000
07FF07F0
1FFF87E0
3FFFCFE0
3FFFEFC0
7F83EFC0
7F01FFC0
FF01FF80
FE00FF80
FE00FF80
FE00FF00
FE007F00
FE007F00
FE007F00
FE007F00
FE007F00
FE007F00
FE00FF00
FE00FF80
FE00FF80
FF01FF80
7F01FF80
7F83DFC0
3FFFDFC0
3FFF8FC0
1FFF0FE0
0FFE0FE0
03F80000
ENDCHAR
STARTCHAR 1FB1
ENCODING 8113
SWIDTH 600 0
DWIDTH 30 0
BBX 28 35 2 -1
BITMAP
0FFFE000
0FFFE000
0FFFE000
0FFFE000
00000000
00000000
00000000
01FC0000
07FF07F0
1FFF87E0
3FFFCFE0
3FFFEFC0
7F83EFC0
7F01FFC0
FF01FF80
FE00FF80
FE00FF80
FE00FF00
FE007F00
FE007F00
FE007F00
FE007F00
FE007F00
FE007F00
FE00FF00
FE00FF80
FE00FF80
FF01FF80
7F01FF80
7F83DFC0
3FFFDFC0
3FFF8FC0
1FFF0FE0
0FFE0FE0
03F80000
ENDCHAR
STARTCHAR 1FB2
ENCODING 8114
SWIDTH 600 0
DWIDTH 30 0
BBX 28 48 2 -10
BITMAP
03F80000
03F80000
01F80000
00F80000
00F80000
00780000
00380000
003C0000
001C0000
00000000
00000000
01FC0000
07FF07F0
1FFF87E0
3FFFCFE0
3FFFEFC0
7F83EFC0
7F01FFC0
FF01FF80
FE00FF80
FE00FF80
FE00FF00
FE007F00
FE007F00
FE007F00
FE007F00
FE007F00
FE007F00
FE00FF00
FE00FF80
FE00FF80
FF01FF80
7F01FF80
7F83DFC0
3FFFDFC0
3FFF8FC0
1FFF0FE0
0FFE0FE0
03F80000
00000000
00000000
001E0000
001E0000
001E0000
001E0000
001F8000
001F8000
000F8000
ENDCHAR
STARTCHAR 1FB3
ENCODING 8115
SWIDTH 600 0
DWIDTH 30 0
BBX 28 37 2 -10
BITMAP
01FC0000
07FF07F0
1FFF87E0
3FFFCFE0
3FFFEFC0
7F83EFC0
7F01FFC0
FF01FF80
FE00FF80
FE00FF80
FE00FF00
FE007F00
FE007F00
FE007F00
FE007F00
FE007F00
FE007F00
FE00FF00
FE00FF80
FE00FF80
FF01FF80
7F01FF80
7F83DFC0
3FFFDFC0
3FFF8FC0
1FFF0FE0
0FFE0FE0
03F80000
00000000
00000000
00780000
00780000
00780000
007C0000
003F0000
003F0000
001F0000
ENDCHAR
STARTCHAR 1FB4
ENCODING 8116
SWIDTH 600 0
DWIDTH 30 0
BBX 28 48 2 -10
BITMAP
000FE000
000FC000
000FC000
000F8000
000F0000
001F0000
001E0000
001E0000
001C0000
00000000
00000000
01FC0000
07FF07F0
1FFF87E0
3FFFCFE0
3FFFEFC0
7F83EFC0
7F01FFC0
FF01FF80
FE00FF80
FE00FF80
FE00FF00
FE007F00
FE007F00
FE007F00
FE007F00
FE007F00
FE007F00
FE00FF00
FE00FF80
FE00FF80
FF01FF80
7F01FF80
7F83DFC0
3FFFDFC0
3FFF8FC0
1FFF0FE0
0FFE0FE0
03F80000
00000000
00000000
00780000
00780000
00780000
007C0000
003F0000
003F0000
001F0000
ENDCHAR
STARTCHAR 1FB6
ENCODING 8118
SWIDTH 600 0
DWIDTH 30 0
BBX 28 37 2 -1
BITMAP
01E01C00
07F81C00
0FFF3C00
0FFFFC00
0F3FFC00
0E07F800
1E01E000
00000000
00000000
01FC0000
07FF07F0
1FFF87E0
3FFFCFE0
3FFFEFC0
7F83EFC0
7F01FFC0
FF01FF80
FE00FF80
FE00FF80
FE00FF00
FE007F00
FE007F00
FE007F00
FE007F00
FE007F00
FE007F00
FE00FF00
FE00FF80
FE00FF80
FF01FF80
7F01FF80
7F83DFC0
3FFFDFC0
3FFF8FC0
1FFF0FE0
0FFE0FE0
03F80000
ENDCHAR
STARTCHAR 1FB7
ENCODING 8119
SWIDTH 600 0
DWIDTH 30 0
BBX 28 46 2 -10
BITMAP
01E01C00
07F81C00
0FFF3C00
0FFFFC00
0F3FFC00
0E07F800
1E01E000
00000000
00000000
01FC0000
07FF07F0
1FFF87E0
3FFFCFE0
3FFFEFC0
7F83EFC0
7F01FFC0
FF01FF80
FE00FF80
FE00FF80
FE00FF00
FE007F00
FE007F00
FE007F00
FE007F00
FE007F00
FE007F00
FE00FF00
FE00FF80
FE00FF80
FF01FF80
7F01FF80
7F83DFC0
3FFFDFC0
3FFF8FC0
1FFF0FE0
0FFE0FE0
03F80000
00000000
00000000
00780000
00780000
00780000
007C0000
003F0000
003F0000
001F0000
ENDCHAR
STARTCHAR 1FB8
ENCODING 8120
SWIDTH 600 0
DWIDTH 30 0
BBX 30 42 0 0
BITMAP
03C01F00
01E01E00
01F03E00
01FFFE00
00FFFC00
007FF800
001FE000
00000000
00000000
001FE000
003FF000
003FF000
003FF000
007FF800
007FF800
007EF800
00FCFC00
00FCFC00
00FCFC00
01F87E00
01F87E00
01F87E00
03F87F00
03F03F00
03F03F00
07F03F80
07E01F80
07E01F80
0FFFFFC0
0FFFFFC0
0FFFFFC0
1FFFFFE0
1FFFFFE0
1F8007E0
3F8007F0
3F8007F0
3F8007F0
7F0003F8
7F0003F8
7F0003F8
FF0003FC
FE0001FC
ENDCHAR
STARTCHAR 1FB9
ENCODING 8121
SWIDTH 600 0
DWIDTH 30 0
BBX 30 41 0 0
BITMAP
00FFFE00
00FFFE00
00FFFE00
00FFFE00
00000000
00000000
00000000
00000000
001FE000
003FF000
003FF000
003FF000
007FF800
007FF800
007EF800
00FCFC00
00FCFC00
00FCFC00
01F87E00
01F87E00
01F87E00
03F87F00
03F03F00
03F03F00
07F03F80
07E01F80
07E01F80
0FFFFFC0
0FFFFFC0
0FFFFFC0
1FFFFFE0
1FFFFFE0
1F8007E0
3F8007F0
3F8007F0
3F8007F0
7F0003F8
7F0003F8
7F0003F8
FF0003FC
FE0001FC
ENDCHAR
STARTCHAR 1FBA
ENCODING 8122
SWIDTH 600 0
DWIDTH 30 0
BBX 31 38 -1 0
BITMAP
FC000000
FE000000
7E000000
3E000000
3E000000
1E0FF000
0E1FF800
0F1FF800
071FF800
003FFC00
003FFC00
003F7C00
007E7E00
007E7E00
007E7E00
00FC3F00
00FC3F00
00FC3F00
01FC3F80
01F81F80
01F81F80
03F81FC0
03F00FC0
03F00FC0
07FFFFE0
07FFFFE0
07FFFFE0
0FFFFFF0
0FFFFFF0
0FC003F0
1FC003F8
1FC003F8
1FC003F8
3F8001FC
3F8001FC
3F8001FC
7F8001FE
7F0000FE
ENDCHAR
STARTCHAR 1FBB
ENCODING 8123
SWIDTH 600 0
DWIDTH 30 0
BBX 30 38 0 0
BITMAP
1FC00000
1F800000
1F800000
1F000000
1E000000
3E1FE000
3C3FF000
383FF000
383FF000
007FF800
007FF800
007EF800
00FCFC00
00FCFC00
00FCFC00
01F87E00
01F87E00
01F87E00
03F87F00
03F03F00
03F03F00
07F03F80
07E01F80
07E01F80
0FFFFFC0
0FFFFFC0
0FFFFFC0
1FFFFFE0
1FFFFFE0
1F8007E0
3F8007F0
3F8007F0
3F8007F0
7F0003F8
7F0003F8
7F0003F8
FF0003FC
FE0001FC
ENDCHAR
STARTCHAR 1FBC
ENCODING 8124
SWIDTH 600 0
DWIDTH 30 0
BBX 30 43 0 -10
BITMAP
001FE000
003FF000
003FF000
003FF000
007FF800
007FF800
007EF800
00FCFC00
00FCFC00
00FCFC00
01F87E00
01F87E00
01F87E00
03F87F00
03F03F00
03F03F00
07F03F80
07E01F80
07E01F80
0FFFFFC0
0FFFFFC0
0FFFFFC0
1FFFFFE0
1FFFFFE0
1F8007E0
3F8007F0
3F8007F0
3F8007F0
7F0003F8
7F0003F8
7F0003F8
FF0003FC
FE0001FC
00000000
00000000
00000000
00078000
00078000
00078000
0007C000
0007E000
0003E000
0001E000
ENDCHAR
STARTCHAR 1FBD
ENCODING 8125
SWIDTH 600 0
DWIDTH 30 0
BBX 5 10 6 26
BITMAP
F8
F8
F8
F8
F8
38
38
38
70
F0
ENDCHAR
STARTCHAR 1FBE
ENCODING 8126
SWIDTH 600 0
DWIDTH 30 0
BBX 6 7 6 -10
BITMAP
F0
F0
F0
F8
FC
7C
3C
ENDCHAR
STARTCHAR 1FBF
ENCODING 8127
SWIDTH 600 0
DWIDTH 30 0
BBX 5 10 6 26
BITMAP
F8
F8
F8
F8
F8
38
38
38
70
F0
ENDCHAR
STARTCHAR 1FC0
ENCODING 8128
SWIDTH 600 0
DWIDTH 30 0
BBX 17 6 0 29
BITMAP
3E0380
7F8780
FFFF80
FFFF00
E1FF00
E03C00
ENDCHAR
STARTCHAR 1FC1
ENCODING 8129
SWIDTH 600 0
DWIDTH 30 0
BBX 17 14 0 31
BITMAP
3E0380
7F8380
7FC780
FFFF00
E1FF00
E07E00
E03C00
000000
000000
F81F00
F81F00
F81F00
F81F00
F81F00
ENDCHAR
STARTCHAR 1FC2
ENCODING 8130
SWIDTH 600 0
DWIDTH 30 0
BBX 24 48 3 -10
BITMAP
01F800
01FC00
00FC00
007C00
007C00
003C00
003C00
001C00
000E00
000000
000000
000FE0
FC3FF8
FE7FFC
FEFFFE
FEFFFE
7FE1FF
7FC0FF
7F807F
7F007F
7F007F
7F007F
7F007F
7E007F
7E007F
7E007F
7E007F
7E007F
7E007F
7E007F
7E007F
7E007F
7E007F
7E007F
7E007F
7E007F
7E007F
7E007F
00007F
00007F
00007F
3C007F
3C007F
3C007F
3C007F
3F007F
3F007F
1F007F
ENDCHAR
STARTCHAR 1FC3
ENCODING 8131
SWIDTH 600 0
DWIDTH 30 0
BBX 24 37 3 -10
BITMAP
000FE0
FC3FF8
FE7FFC
FEFFFE
FEFFFE
7FE1FF
7FC0FF
7F807F
7F007F
7F007F
7F007F
7F007F
7E007F
7E007F
7E007F
7E007F
7E007F
7E007F
7E007F
7E007F
7E007F
7E007F
7E007F
7E007F
7E007F
7E007F
7E007F
00007F
00007F
00007F
3C007F
3C007F
3C007F
3C007F
3F007F
3F007F
1F007F
ENDCHAR
STARTCHAR 1FC4
ENCODING 8132
SWIDTH 600 0
DWIDTH 30 0
BBX 24 48 3 -10
BITMAP
000FC0
000FC0
000F80
001F80
001F00
001E00
001E00
001C00
001C00
000000
000000
000FE0
FC3FF8
FE7FFC
FEFFFE
FEFFFE
7FE1FF
7FC0FF
7F807F
7F007F
7F007F
7F007F
7F007F
7E007F
7E007F
7E007F
7E007F
7E007F
7E007F
7E007F
7E007F
7E007F
7E007F
7E007F
7E007F
7E007F
7E007F
7E007F
00007F
00007F
00007F
3C007F
3C007F
3C007F
3C007F
3F007F
3F007F
1F007F
ENDCHAR
STARTCHAR 1FC6
ENCODING 8134
SWIDTH 600 0
DWIDTH 30 0
BBX 24 46 3 -10
BITMAP
03E03C
0FF83C
0FFE78
1FFFF8
1E3FF8
1C0FF0
1C03E0
000000
000000
000FE0
FC3FF8
FE7FFC
FEFFFE
FEFFFE
7FE1FF
7FC0FF
7F807F
7F007F
7F007F
7F007F
7F007F
7E007F
7E007F
7E007F
7E007F
7E007F
7E007F
7E007F
7E007F
7E007F
7E007F
7E007F
7E007F
7E007F
7E007F
7E007F
00007F
00007F
00007F
00007F
00007F
00007F
00007F
00007F
00007F
00007F
ENDCHAR
STARTCHAR 1FC7
ENCODING 8135
SWIDTH 600 0
DWIDTH 30 0
BBX 24 46 3 -10
BITMAP
03E03C
0FF83C
0FFE78
1FFFF8
1E3FF8
1C0FF0
1C03E0
000000
000000
000FE0
FC3FF8
FE7FFC
FEFFFE
FEFFFE
7FE1FF
7FC0FF
7F807F
7F007F
7F007F
7F007F
7F007F
7E007F
7E007F
7E007F
7E007F
7E007F
7E007F
7E007F
7E007F
7E007F
7E007F
7E007F
7E007F
7E007F
7E007F
7E007F
00007F
00007F
00007F
3C007F
3C007F
3C007F
3C007F
3F007F
3F007F
1F007F
ENDCHAR
STARTCHAR 1FC8
ENCODING 8136
SWIDTH 600 0
DWIDTH 30 0
BBX 36 38 -8 0
BITMAP
FE00000000
7E00000000
7E00000000
3E00000000
1E00000000
1F1FFFFFE0
0F1FFFFFE0
0F1FFFFFE0
071FFFFFE0
001FFFFFE0
001FFFFFE0
001FE00000
001FE00000
001FE00000
001FE00000
001FE00000
001FE00000
001FE00000
001FFFFF80
001FFFFF80
001FFFFF80
001FFFFF80
001FFFFF80
001FFFFF80
001FE00000
001FE00000
001FE00000
001FE00000
001FE00000
001FE00000
001FE00000
001FE00000
001FFFFFF0
001FFFFFF0
001FFFFFF0
001FFFFFF0
001FFFFFF0
001FFFFFF0
ENDCHAR
STARTCHAR 1FC9
ENCODING 8137
SWIDTH 600 0
DWIDTH 30 0
BBX 33 38 -5 0
BITMAP
7F00000000
7E00000000
7E00000000
7C00000000
7800000000
78FFFFFF00
F0FFFFFF00
F0FFFFFF00
E0FFFFFF00
00FFFFFF00
00FFFFFF00
00FF000000
00FF000000
00FF000000
00FF000000
00FF000000
00FF000000
00FF000000
00FFFFFC00
00FFFFFC00
00FFFFFC00
00FFFFFC00
00FFFFFC00
00FFFFFC00
00FF000000
00FF000000
00FF000000
00FF000000
00FF000000
00FF000000
00FF000000
00FF000000
00FFFFFF80
00FFFFFF80
00FFFFFF80
00FFFFFF80
00FFFFFF80
00FFFFFF80
ENDCHAR
STARTCHAR 1FCA
ENCODING 8138
SWIDTH 600 0
DWIDTH 30 0
BBX 35 38 -8 0
BITMAP
FE00000000
7E00000000
7E00000000
3E00000000
1E00000000
1F1FE01FE0
0F1FE01FE0
0F1FE01FE0
071FE01FE0
001FE01FE0
001FE01FE0
001FE01FE0
001FE01FE0
001FE01FE0
001FE01FE0
001FE01FE0
001FE01FE0
001FE01FE0
001FFFFFE0
001FFFFFE0
001FFFFFE0
001FFFFFE0
001FFFFFE0
001FFFFFE0
001FE01FE0
001FE01FE0
001FE01FE0
001FE01FE0
001FE01FE0
001FE01FE0
001FE01FE0
001FE01FE0
001FE01FE0
001FE01FE0
001FE01FE0
001FE01FE0
001FE01FE0
001FE01FE0
ENDCHAR
STARTCHAR 1FCB
ENCODING 8139
SWIDTH 600 0
DWIDTH 30 0
BBX 32 38 -5 0
BITMAP
7F000000
7E000000
7E000000
7C000000
78000000
78FF00FF
F0FF00FF
F0FF00FF
E0FF00FF
00FF00FF
00FF00FF
00FF00FF
00FF00FF
00FF00FF
00FF00FF
00FF00FF
00FF00FF
00FF00FF
00FFFFFF
00FFFFFF
00FFFFFF
00FFFFFF
00FFFFFF
00FFFFFF
00FF00FF
00FF00FF
00FF00FF
00FF00FF
00FF00FF
00FF00FF
00FF00FF
00FF00FF
00FF00FF
00FF00FF
00FF00FF
00FF00FF
00FF00FF
00FF00FF
ENDCHAR
STARTCHAR 1FCC
ENCODING 8140
SWIDTH 600 0
DWIDTH 30 0
BBX 24 43 3 -10
BITMAP
FF00FF
FF00FF
FF00FF
FF00FF
FF00FF
FF00FF
FF00FF
FF00FF
FF00FF
FF00FF
FF00FF
FF00FF
FF00FF
FFFFFF
FFFFFF
FFFFFF
FFFFFF
FFFFFF
FFFFFF
FF00FF
FF00FF
FF00FF
FF00FF
FF00FF
FF00FF
FF00FF
FF00FF
FF00FF
FF00FF
FF00FF
FF00FF
FF00FF
FF00FF
000000
000000
000000
003C00
003C00
003C00
003E00
003F00
001F00
000F00
ENDCHAR
STARTCHAR 1FCD
ENCODING 8141
SWIDTH 600 0
DWIDTH 30 0
BBX 16 10 0 26
BITMAP
FCFC
FCFC
FC7E
FC3E
FC1E
181E
380F
3807
7000
F000
ENDCHAR
STARTCHAR 1FCE
ENCODING 8142
SWIDTH 600 0
DWIDTH 30 0
BBX 16 10 0 26
BITMAP
FC7F
FC7E
FC7E
FC7C
FCF8
18F0
38E0
38E0
7000
F000
ENDCHAR
STARTCHAR 1FCF
ENCODING 8143
SWIDTH 600 0
DWIDTH 30 0
BBX 17 18 0 26
BITMAP
3E0380
7F8380
7FC780
FFFF00
E1FF00
E07E00
E01C00
000000
03E000
03E000
03E000
03E000
03E000
00E000
00E000
00E000
01C000
03C000
ENDCHAR
STARTCHAR 1FD0
ENCODING 8144
SWIDTH 600 0
DWIDTH 30 0
BBX 25 37 3 -1
BITMAP
3C01E000
3E01E000
1F03E000
1FFFC000
0FFFC000
07FF8000
01FC0000
00000000
00000000
00000000
FFFC0000
FFFC0000
FFFC0000
FFFC0000
FFFC0000
01FC0000
01FC0000
01FC0000
01FC0000
01FC0000
01FC0000
01FC0000
01FC0000
01FC0000
01FC0000
01FC0000
01FC0000
01FC0000
01FC0000
01FC0400
01FC0E00
01FE1F00
00FFFF80
00FFFF00
007FFE00
003FFC00
0007F000
ENDCHAR
STARTCHAR 1FD1
ENCODING 8145
SWIDTH 600 0
DWIDTH 30 0
BBX 25 35 3 -1
BITMAP
1FFFC000
1FFFC000
1FFFC000
1FFFC000
00000000
00000000
00000000
00000000
FFFC0000
FFFC0000
FFFC0000
FFFC0000
FFFC0000
01FC0000
01FC0000
01FC0000
01FC0000
01FC0000
01FC0000
01FC0000
01FC0000
01FC0000
01FC0000
01FC0000
01FC0000
01FC0000
01FC0000
01FC0400
01FC0E00
01FE1F00
00FFFF80
00FFFF00
007FFE00
003FFC00
0007F000
ENDCHAR
STARTCHAR 1FD2
ENCODING 8146
SWIDTH 600 0
DWIDTH 30 0
BBX 25 46 3 -1
BITMAP
07E00000
07E00000
03E00000
03F00000
01F00000
00F00000
00F00000
00700000
00700000
00000000
1F07E000
1F07E000
1F07E000
1F07E000
1F07E000
00000000
00000000
00000000
00000000
FFFC0000
FFFC0000
FFFC0000
FFFC0000
FFFC0000
01FC0000
01FC0000
01FC0000
01FC0000
01FC0000
01FC0000
01FC0000
01FC0000
01FC0000
01FC0000
01FC0000
01FC0000
01FC0000
01FC0000
01FC0400
01FC0E00
01FE1F00
00FFFF80
00FFFF00
007FFE00
003FFC00
0007F000
ENDCHAR
STARTCHAR 1FD3
ENCODING 8147
SWIDTH 600 0
DWIDTH 30 0
BBX 25 46 3 -1
BITMAP
003F8000
003F0000
003F0000
003E0000
003C0000
007C0000
00780000
00780000
00700000
00000000
1F07E000
1F07E000
1F07E000
1F07E000
1F07E000
00000000
00000000
00000000
00000000
FFFC0000
FFFC0000
FFFC0000
FFFC0000
FFFC0000
01FC0000
01FC0000
01FC0000
01FC0000
01FC0000
01FC0000
01FC0000
01FC0000
01FC0000
01FC0000
01FC0000
01FC0000
01FC0000
01FC0000
01FC0400
01FC0E00
01FE1F00
00FFFF80
00FFFF00
007FFE00
003FFC00
0007F000
ENDCHAR
STARTCHAR 1FD6
ENCODING 8150
SWIDTH 600 0
DWIDTH 30 0
BBX 25 37 3 -1
BITMAP
1F00E000
3FC0E000
7FF1E000
7FFFE000
79FFC000
703FC000
F00F0000
00000000
00000000
00000000
FFFC0000
FFFC0000
FFFC0000
FFFC0000
FFFC0000
01FC0000
01FC0000
01FC0000
01FC0000
01FC0000
01FC0000
01FC0000
01FC0000
01FC0000
01FC0000
01FC0000
01FC0000
01FC0000
01FC0000
01FC0400
01FC0E00
01FE1F00
00FFFF80
00FFFF00
007FFE00
003FFC00
0007F000
ENDCHAR
STARTCHAR 1FD7
ENCODING 8151
SWIDTH 600 0
DWIDTH 30 0
BBX 25 46 3 -1
BITMAP
0780E000
1FE0E000
1FF9E000
3FFFE000
3C7FC000
381F8000
38070000
00000000
00000000
1E03E000
1E03E000
1E03E000
1E03E000
1E03E000
00000000
00000000
00000000
00000000
00000000
FFFC0000
FFFC0000
FFFC0000
FFFC0000
FFFC0000
01FC0000
01FC0000
01FC0000
01FC0000
01FC0000
01FC0000
01FC0000
01FC0000
01FC0000
01FC0000
01FC0000
01FC0000
01FC0000
01FC0000
01FC0400
01FC0E00
01FE1F00
00FFFF80
00FFFF00
007FFE00
003FFC00
0007F000
ENDCHAR
STARTCHAR 1FD8
ENCODING 8152
SWIDTH 600 0
DWIDTH 30 0
BBX 22 42 4 0
BITMAP
3C01F0
1E01E0
1F03E0
1FFFE0
0FFFC0
07FF80
01FE00
000000
000000
FFFFFC
FFFFFC
FFFFFC
FFFFFC
FFFFFC
FFFFFC
01FE00
01FE00
01FE00
01FE00
01FE00
01FE00
01FE00
01FE00
01FE00
01FE00
01FE00
01FE00
01FE00
01FE00
01FE00
01FE00
01FE00
01FE00
01FE00
01FE00
01FE00
FFFFFC
FFFFFC
FFFFFC
FFFFFC
FFFFFC
FFFFFC
ENDCHAR
STARTCHAR 1FD9
ENCODING 8153
SWIDTH 600 0
DWIDTH 30 0
BBX 22 41 4 0
BITMAP
0FFFE0
0FFFE0
0FFFE0
0FFFE0
000000
000000
000000
000000
FFFFFC
FFFFFC
FFFFFC
FFFFFC
FFFFFC
FFFFFC
01FE00
01FE00
01FE00
01FE00
01FE00
01FE00
01FE00
01FE00
01FE00
01FE00
01FE00
01FE00
01FE00
01FE00
01FE00
01FE00
01FE00
01FE00
01FE00
01FE00
01FE00
FFFFFC
FFFFFC
FFFFFC
FFFFFC
FFFFFC
FFFFFC
ENDCHAR
STARTCHAR 1FDA
ENCODING 8154
SWIDTH 600 0
DWIDTH 30 0
BBX 34 38 -8 0
BITMAP
FE00000000
7E00000000
7E00000000
3E00000000
1E00000000
1F0FFFFFC0
0F0FFFFFC0
0F0FFFFFC0
070FFFFFC0
000FFFFFC0
000FFFFFC0
00001FE000
00001FE000
00001FE000
00001FE000
00001FE000
00001FE000
00001FE000
00001FE000
00001FE000
00001FE000
00001FE000
00001FE000
00001FE000
00001FE000
00001FE000
00001FE000
00001FE000
00001FE000
00001FE000
00001FE000
00001FE000
000FFFFFC0
000FFFFFC0
000FFFFFC0
000FFFFFC0
000FFFFFC0
000FFFFFC0
ENDCHAR
STARTCHAR 1FDB
ENCODING 8155
SWIDTH 600 0
DWIDTH 30 0
BBX 31 38 -5 0
BITMAP
7F000000
7E000000
7E000000
7C000000
78000000
787FFFFE
F07FFFFE
F07FFFFE
E07FFFFE
007FFFFE
007FFFFE
0000FF00
0000FF00
0000FF00
0000FF00
0000FF00
0000FF00
0000FF00
0000FF00
0000FF00
0000FF00
0000FF00
0000FF00
0000FF00
0000FF00
0000FF00
0000FF00
0000FF00
0000FF00
0000FF00
0000FF00
0000FF00
007FFFFE
007FFFFE
007FFFFE
007FFFFE
007FFFFE
007FFFFE
ENDCHAR
STARTCHAR 1FDD
ENCODING 8157
SWIDTH 600 0
DWIDTH 30 0
BBX 16 10 0 26
BITMAP
FCFC
FCFC
FC7E
FC3E
FC1E
E01E
E00F
7007
7000
3800
ENDCHAR
STARTCHAR 1FDE
ENCODING 8158
SWIDTH 600 0
DWIDTH 30 0
BBX 16 10 0 26
BITMAP
FC7F
FC7E
FC7E
FC7C
FCF8
E0F0
E0E0
70E0
7000
3800
ENDCHAR
STARTCHAR 1FDF
ENCODING 8159
SWIDTH 600 0
DWIDTH 30 0
BBX 17 18 0 26
BITMAP
3E0380
7F8380
7FC780
FFFF00
E1FF00
E07E00
E01C00
000000
03E000
03E000
03E000
03E000
03E000
038000
038000
03C000
01C000
00E000
ENDCHAR
STARTCHAR 1FE0
ENCODING 8160
SWIDTH 600 0
DWIDTH 30 0
BBX 24 37 3 -1
BITMAP
3C00F0
1E01E0
1F03E0
1FFFE0
0FFFC0
07FF80
01FE00
000000
000000
000000
FE01FC
FE01FC
FE00FE
FE00FE
FE00FE
FE007E
FE007F
FE007F
FE007F
FE007F
FE003F
FE003F
FE003F
FE007F
FE007F
FE007F
FE007F
7E007F
7F007F
7F00FE
7F80FE
7FC3FE
3FFFFC
1FFFF8
1FFFF0
07FFE0
01FF00
ENDCHAR
STARTCHAR 1FE1
ENCODING 8161
SWIDTH 600 0
DWIDTH 30 0
BBX 24 35 3 -1
BITMAP
0FFFE0
0FFFE0
0FFFE0
0FFFE0
000000
000000
000000
000000
FE01FC
FE01FC
FE00FE
FE00FE
FE00FE
FE007E
FE007F
FE007F
FE007F
FE007F
FE003F
FE003F
FE003F
FE007F
FE007F
FE007F
FE007F
7E007F
7F007F
7F00FE
7F80FE
7FC3FE
3FFFFC
1FFFF8
1FFFF0
07FFE0
01FF00
ENDCHAR
STARTCHAR 1FE2
ENCODING 8162
SWIDTH 600 0
DWIDTH 30 0
BBX 24 46 3 -1
BITMAP
07E000
07E000
03F000
03F000
01F000
00F000
00F000
007000
003800
000000
1F07E0
1F07E0
1F07E0
1F07E0
1F07E0
000000
000000
000000
000000
FE01FC
FE01FC
FE00FE
FE00FE
FE00FE
FE007E
FE007F
FE007F
FE007F
FE007F
FE003F
FE003F
FE003F
FE007F
FE007F
FE007F
FE007F
7E007F
7F007F
7F00FE
7F80FE
7FC3FE
3FFFFC
1FFFF8
1FFFF0
07FFE0
01FF00
ENDCHAR
STARTCHAR 1FE3
ENCODING 8163
SWIDTH 600 0
DWIDTH 30 0
BBX 24 46 3 -1
BITMAP
003F80
003F00
003F00
003E00
003C00
007C00
007800
007000
007000
000000
1F07E0
1F07E0
1F07E0
1F07E0
1F07E0
000000
000000
000000
000000
FE01FC
FE01FC
FE00FE
FE00FE
FE00FE
FE007E
FE007F
FE007F
FE007F
FE007F
FE003F
FE003F
FE003F
FE007F
FE007F
FE007F
FE007F
7E007F
7F007F
7F00FE
7F80FE
7FC3FE
3FFFFC
1FFFF8
1FFFF0
07FFE0
01FF00
ENDCHAR
STARTCHAR 1FE4
ENCODING 8164
SWIDTH 600 0
DWIDTH 30 0
BBX 25 49 3 -10
BITMAP
003F0000
003F0000
003F0000
003F0000
003F0000
00060000
000E0000
000E0000
001C0000
003C0000
00000000
00000000
00FF0000
03FFC000
0FFFF000
1FFFF800
3FFFFC00
3FC1FC00
7F80FE00
7F00FE00
7F007F00
FF007F00
FE007F00
FE007F00
FE007F00
FE007F80
FE007F80
FE007F80
FE007F00
FE007F00
FE007F00
FE007F00
FF00FF00
FF80FE00
FFC1FE00
FFFFFC00
FFFFF800
FEFFF800
FE7FE000
FE1F8000
FE000000
FE000000
FE000000
FE000000
FE000000
FE000000
FE000000
FE000000
FE000000
ENDCHAR
STARTCHAR 1FE5
ENCODING 8165
SWIDTH 600 0
DWIDTH 30 0
BBX 25 49 3 -10
BITMAP
003E0000
003E0000
003E0000
003E0000
003E0000
00380000
00380000
003C0000
001C0000
000E0000
00000000
00000000
00FF0000
03FFC000
0FFFF000
1FFFF800
3FFFFC00
3FC1FC00
7F80FE00
7F00FE00
7F007F00
FF007F00
FE007F00
FE007F00
FE007F00
FE007F80
FE007F80
FE007F80
FE007F00
FE007F00
FE007F00
FE007F00
FF00FF00
FF80FE00
FFC1FE00
FFFFFC00
FFFFF800
FEFFF800
FE7FE000
FE1F8000
FE000000
FE000000
FE000000
FE000000
FE000000
FE000000
FE000000
FE000000
FE000000
ENDCHAR
STARTCHAR 1FE6
ENCODING 8166
SWIDTH 600 0
DWIDTH 30 0
BBX 24 37 3 -1
BITMAP
07C038
0FF078
1FFC78
1FFFF0
3C7FF0
3C1FE0
3807C0
000000
000000
000000
FE01FC
FE01FC
FE00FE
FE00FE
FE00FE
FE007E
FE007F
FE007F
FE007F
FE007F
FE003F
FE003F
FE003F
FE007F
FE007F
FE007F
FE007F
7E007F
7F007F
7F00FE
7F80FE
7FC3FE
3FFFFC
1FFFF8
1FFFF0
07FFE0
01FF00
ENDCHAR
STARTCHAR 1FE7
ENCODING 8167
SWIDTH 600 0
DWIDTH 30 0
BBX 24 46 3 -1
BITMAP
07C070
0FE0F0
1FF8E0
1FFFE0
1C3FE0
1C1FC0
3C0300
000000
000000
1F03E0
1F03E0
1F03E0
1F03E0
1F03E0
000000
000000
000000
000000
000000
FE01FC
FE01FC
FE00FE
FE00FE
FE00FE
FE007E
FE007F
FE007F
FE007F
FE007F
FE003F
FE003F
FE003F
FE007F
FE007F
FE007F
FE007F
7E007F
7F007F
7F00FE
7F80FE
7FC3FE
3FFFFC
1FFFF8
1FFFF0
07FFE0
01FF00
ENDCHAR
STARTCHAR 1FE8
ENCODING 8168
SWIDTH 600 0
DWIDTH 30 0
BBX 30 42 0 0
BITMAP
03C01F00
01E01E00
01F03E00
01FFFE00
00FFFC00
007FF800
001FE000
00000000
00000000
FF0003FC
7F0003F8
3F8007F0
3FC00FF0
1FC00FE0
1FE01FE0
0FE01FC0
07F03F80
07F03F80
03F87F00
03F87F00
01FCFE00
00FDFC00
00FFFC00
007FF800
007FF800
003FF000
001FE000
001FE000
001FE000
001FE000
001FE000
001FE000
001FE000
001FE000
001FE000
001FE000
001FE000
001FE000
001FE000
001FE000
001FE000
001FE000
ENDCHAR
STARTCHAR 1FE9
ENCODING 8169
SWIDTH 600 0
DWIDTH 30 0
BBX 30 42 0 0
BITMAP
00FFFC00
00FFFC00
00FFFC00
00FFFC00
00000000
00000000
00000000
00000000
00000000
FF0003FC
7F0003F8
3F8007F0
3FC00FF0
1FC00FE0
1FE01FE0
0FE01FC0
07F03F80
07F03F80
03F87F00
03F87F00
01FCFE00
00FDFC00
00FFFC00
007FF800
007FF800
003FF000
001FE000
001FE000
001FE000
001FE000
001FE000
001FE000
001FE000
001FE000
001FE000
001FE000
001FE000
001FE000
001FE000
001FE000
001FE000
001FE000
ENDCHAR
STARTCHAR 1FEA
ENCODING 8170
SWIDTH 600 0
DWIDTH 30 0
BBX 39 38 -9 0
BITMAP
FE00000000
7E00000000
7E00000000
3E00000000
3E00000000
1E7F8001FE
0E3F8001FC
0F1FC003F8
071FE007F8
000FE007F0
000FF00FF0
0007F00FE0
0003F81FC0
0003F81FC0
0001FC3F80
0001FC3F80
0000FE7F00
00007EFE00
00007FFE00
00003FFC00
00003FFC00
00001FF800
00000FF000
00000FF000
00000FF000
00000FF000
00000FF000
00000FF000
00000FF000
00000FF000
00000FF000
00000FF000
00000FF000
00000FF000
00000FF000
00000FF000
00000FF000
00000FF000
ENDCHAR
STARTCHAR 1FEB
ENCODING 8171
SWIDTH 600 0
DWIDTH 30 0
BBX 36 38 -6 0
BITMAP
7E00000000
7E00000000
7E00000000
7C00000000
F800000000
FBFC000FF0
F1FC000FE0
E0FE001FC0
E0FF003FC0
007F003F80
007F807F80
003F807F00
001FC0FE00
001FC0FE00
000FE1FC00
000FE1FC00
0007F3F800
0003F7F000
0003FFF000
0001FFE000
0001FFE000
0000FFC000
00007F8000
00007F8000
00007F8000
00007F8000
00007F8000
00007F8000
00007F8000
00007F8000
00007F8000
00007F8000
00007F8000
00007F8000
00007F8000
00007F8000
00007F8000
00007F8000
ENDCHAR
STARTCHAR 1FEC
ENCODING 8172
SWIDTH 600 0
DWIDTH 30 0
BBX 33 36 -5 0
BITMAP
FC00000000
FC00000000
FC00000000
FCFFFF8000
FCFFFFF000
E0FFFFF800
E0FFFFFE00
70FFFFFE00
70FFFFFF00
38FF00FF00
00FF007F80
00FF007F80
00FF003F80
00FF003F80
00FF003F80
00FF007F80
00FF007F00
00FF00FF00
00FFFFFF00
00FFFFFE00
00FFFFFC00
00FFFFF800
00FFFFE000
00FFFF8000
00FF000000
00FF000000
00FF000000
00FF000000
00FF000000
00FF000000
00FF000000
00FF000000
00FF000000
00FF000000
00FF000000
00FF000000
ENDCHAR
STARTCHAR 1FED
ENCODING 8173
SWIDTH 600 0
DWIDTH 30 0
BBX 23 8 0 29
BITMAP
01F800
01FC00
FCFC3E
FC7C3E
FC3C3E
FC3E3E
FC1E3E
FC0E3E
ENDCHAR
STARTCHAR 1FEE
ENCODING 8174
SWIDTH 600 0
DWIDTH 30 0
BBX 23 8 0 29
BITMAP
003F00
003F00
FC7E3E
FC7C3E
FC783E
FC783E
FCF03E
FCE03E
ENDCHAR
STARTCHAR 1FEF
ENCODING 8175
SWIDTH 600 0
DWIDTH 30 0
BBX 7 9 4 29
BITMAP
FC
FC
7E
7E
3E
1E
1E
0E
06
ENDCHAR
STARTCHAR 1FF2
ENCODING 8178
SWIDTH 600 0
DWIDTH 30 0
BBX 28 48 1 -10
BITMAP
00FE0000
007E0000
007E0000
003E0000
003E0000
001E0000
000F0000
000F0000
00070000
00000000
00000000
01801800
07801E00
0F801F00
1F801F80
1F801F80
3F000FC0
3E0007C0
7E0007E0
7E0007E0
7C1F83E0
FC1F83F0
FC1F83F0
FC1F83F0
FC1F83F0
FC1F83F0
FC1F83F0
FC1F83F0
FC1F83F0
FC1F83F0
7C1F83F0
7E1F87E0
7E3FC7E0
7E3FC7E0
3FF9FFC0
3FF9FFC0
1FF0FF80
0FF0FF00
07C03E00
00000000
00000000
000F0000
000F0000
000F0000
000F8000
000FC000
0007C000
0003C000
ENDCHAR
STARTCHAR 1FF3
ENCODING 8179
SWIDTH 600 0
DWIDTH 30 0
BBX 28 37 1 -10
BITMAP
01801800
07801E00
0F801F00
1F801F80
1F801F80
3F000FC0
3E0007C0
7E0007E0
7E0007E0
7C1F83E0
FC1F83F0
FC1F83F0
FC1F83F0
FC1F83F0
FC1F83F0
FC1F83F0
FC1F83F0
FC1F83F0
FC1F83F0
7C1F83F0
7E1F87E0
7E3FC7E0
7E3FC7E0
3FF9FFC0
3FF9FFC0
1FF0FF80
0FF0FF00
07C03E00
00000000
00000000
000F0000
000F0000
000F0000
000F8000
000FC000
0007C000
0003C000
ENDCHAR
STARTCHAR 1FF4
ENCODING 8180
SWIDTH 600 0
DWIDTH 30 0
BBX 28 48 1 -10
BITMAP
0007F000
0007E000
0007E000
0007C000
00078000
000F8000
000F0000
000E0000
000E0000
00000000
00000000
01801800
07801E00
0F801F00
1F801F80
1F801F80
3F000FC0
3E0007C0
7E0007E0
7E0007E0
7C1F83E0
FC1F83F0
FC1F83F0
FC1F83F0
FC1F83F0
FC1F83F0
FC1F83F0
FC1F83F0
FC1F83F0
FC1F83F0
7C1F83F0
7E1F87E0
7E3FC7E0
7E3FC7E0
3FF9FFC0
3FF9FFC0
1FF0FF80
0FF0FF00
07C03E00
00000000
00000000
000F0000
000F0000
000F0000
000F8000
000FC000
0007C000
0003C000
ENDCHAR
STARTCHAR 1FF6
ENCODING 8182
SWIDTH 600 0
DWIDTH 30 0
BBX 28 37 1 -1
BITMAP
00F00E00
03FC0E00
07FF9E00
07FFFE00
079FFE00
0703FC00
0F00F000
00000000
00000000
01801800
07801E00
0F801F00
1F801F80
1F801F80
3F000FC0
3E0007C0
7E0007E0
7E0007E0
7C1F83E0
FC1F83F0
FC1F83F0
FC1F83F0
FC1F83F0
FC1F83F0
FC1F83F0
FC1F83F0
FC1F83F0
FC1F83F0
7C1F83F0
7E1F87E0
7E3FC7E0
7E3FC7E0
3FF9FFC0
3FF9FFC0
1FF0FF80
0FF0FF00
07C03E00
ENDCHAR
STARTCHAR 1FF7
ENCODING 8183
SWIDTH 600 0
DWIDTH 30 0
BBX 28 46 1 -10
BITMAP
00F00E00
03FC0E00
07FF9E00
07FFFE00
079FFE00
0703FC00
0F00F000
00000000
00000000
01801800
07801E00
0F801F00
1F801F80
1F801F80
3F000FC0
3E0007C0
7E0007E0
7E0007E0
7C1F83E0
FC1F83F0
FC1F83F0
FC1F83F0
FC1F83F0
FC1F83F0
FC1F83F0
FC1F83F0
FC1F83F0
FC1F83F0
7C1F83F0
7E1F87E0
7E3FC7E0
7E3FC7E0
3FF9FFC0
3FF9FFC0
1FF0FF80
0FF0FF00
07C03E00
00000000
00000000
000F0000
000F0000
000F0000
000F8000
000FC000
0007C000
0003C000
ENDCHAR
STARTCHAR 1FF8
ENCODING 8184
SWIDTH 600 0
DWIDTH 30 0
BBX 32 39 -4 -1
BITMAP
FC000000
FC000000
7C000000
7C000000
3E01FE00
3E07FFC0
1E1FFFE0
0E3FFFF0
0E7FFFF8
00FFFFFC
00FF03FC
01FE01FE
01FE01FE
01FC00FE
03FC00FF
03FC00FF
03F8007F
03F8007F
03F8007F
03F8007F
03F8007F
03F8007F
03F8007F
03F8007F
03F8007F
03F8007F
03F8007F
03FC00FF
03FC00FF
01FC00FE
01FE01FE
01FE01FE
00FF03FC
00FFFFFC
007FFFF8
003FFFF0
001FFFE0
0007FF80
0001FE00
ENDCHAR
STARTCHAR 1FF9
ENCODING 8185
SWIDTH 600 0
DWIDTH 30 0
BBX 30 39 -2 -1
BITMAP
7F000000
7E000000
7E000000
7C000000
7C07F800
781FFF00
F07FFF80
F0FFFFC0
E1FFFFE0
03FFFFF0
03FC0FF0
07F807F8
07F807F8
07F003F8
0FF003FC
0FF003FC
0FE001FC
0FE001FC
0FE001FC
0FE001FC
0FE001FC
0FE001FC
0FE001FC
0FE001FC
0FE001FC
0FE001FC
0FE001FC
0FF003FC
0FF003FC
07F003F8
07F807F8
07F807F8
03FC0FF0
03FFFFF0
01FFFFE0
00FFFFC0
007FFF80
001FFE00
0007F800
ENDCHAR
STARTCHAR 1FFA
ENCODING 8186
SWIDTH 600 0
DWIDTH 30 0
BBX 33 38 -4 0
BITMAP
FC00000000
FC00000000
7C00000000
7C00000000
3E01FE0000
3E07FF8000
1E1FFFE000
0E3FFFF000
0E7FFFF800
00FFFFFC00
00FF03FC00
01FE01FE00
01FC00FE00
03FC00FF00
03F8007F00
03F8007F00
03F8007F00
03F8007F00
03F8007F00
03F8007F00
03F8007F00
03F8007F00
03F8007F00
03F8007F00
01F8007E00
01FC00FE00
01FC00FE00
00FE01FC00
00FE01F800
007F03F800
003F87F000
001F87E000
07CF87C780
07FF87FF80
07FF87FF80
07FF87FF80
07FF87FF80
07FF87FF80
ENDCHAR
STARTCHAR 1FFB
ENCODING 8187
SWIDTH 600 0
DWIDTH 30 0
BBX 31 38 -2 0
BITMAP
7F000000
7E000000
7E000000
7C000000
7C07F800
781FFE00
F07FFF80
F0FFFFC0
E1FFFFE0
03FFFFF0
03FC0FF0
07F807F8
07F003F8
0FF003FC
0FE001FC
0FE001FC
0FE001FC
0FE001FC
0FE001FC
0FE001FC
0FE001FC
0FE001FC
0FE001FC
0FE001FC
07E001F8
07F003F8
07F003F8
03F807F0
03F807E0
01FC0FE0
00FE1FC0
007E1F80
1F3E1F1E
1FFE1FFE
1FFE1FFE
1FFE1FFE
1FFE1FFE
1FFE1FFE
ENDCHAR
STARTCHAR 1FFC
ENCODING 8188
SWIDTH 600 0
DWIDTH 30 0
BBX 28 44 1 -10
BITMAP
003FC000
00FFF000
03FFFC00
07FFFE00
0FFFFF00
1FFFFF80
1FE07F80
3FC03FC0
3F801FC0
7F801FE0
7F000FE0
7F000FE0
7F000FE0
7F000FE0
7F000FE0
7F000FE0
7F000FE0
7F000FE0
7F000FE0
7F000FE0
3F000FC0
3F801FC0
3F801FC0
1FC03F80
1FC03F00
0FE07F00
07F0FE00
03F0FC00
F9F0F8F0
FFF0FFF0
FFF0FFF0
FFF0FFF0
FFF0FFF0
FFF0FFF0
00000000
00000000
00000000
000F0000
000F0000
000F0000
000F8000
000FC000
0007C000
0003C000
ENDCHAR
STARTCHAR 1FFD
ENCODING 8189
SWIDTH 600 0
DWIDTH 30 0
BBX 8 8 5 29
BITMAP
3F
3F
7E
7C
78
78
F0
E0
ENDCHAR
STARTCHAR 1FFE
ENCODING 8190
SWIDTH 600 0
DWIDTH 30 0
BBX 6 10 5 26
BITMAP
FC
FC
FC
FC
FC
60
70
70
38
38
ENDCHAR
STARTCHAR 2007
ENCODING 8199
SWIDTH 600 0
DWIDTH 30 0
BBX 0 0 0 0
BITMAP
ENDCHAR
STARTCHAR 200C
ENCODING 8204
SWIDTH 0 0
DWIDTH 0 0
BBX 2 38 -1 -7
BITMAP
C0
C0
C0
C0
C0
C0
C0
C0
C0
C0
C0
C0
C0
C0
C0
C0
C0
C0
C0
C0
C0
C0
C0
C0
C0
C0
C0
C0
C0
C0
C0
C0
C0
C0
C0
C0
C0
C0
ENDCHAR
STARTCHAR 200D
ENCODING 8205
SWIDTH 0 0
DWIDTH 0 0
BBX 10 42 -5 -7
BITMAP
8040
C0C0
E1C0
7380
3F00
1E00
1E00
3F00
6D80
CCC0
8C40
0C00
0C00
0C00
0C00
0C00
0C00
0C00
0C00
0C00
0C00
0C00
0C00
0C00
0C00
0C00
0C00
0C00
0C00
0C00
0C00
0C00
0C00
0C00
0C00
0C00
0C00
0C00
0C00
0C00
0C00
0C00
ENDCHAR
STARTCHAR 200E
ENCODING 8206
SWIDTH 0 0
DWIDTH 0 0
BBX 12 42 -1 -7
BITMAP
0200
0700
0380
01C0
FFE0
FFF0
C0E0
C1C0
C380
C700
C200
C000
C000
C000
C000
C000
C000
C000
C000
C000
C000
C000
C000
C000
C000
C000
C000
C000
C000
C000
C000
C000
C000
C000
C000
C000
C000
C000
C000
C000
C000
C000
ENDCHAR
STARTCHAR 200F
ENCODING 8207
SWIDTH 0 0
DWIDTH 0 0
BBX 11 42 -10 -7
BITMAP
0800
1C00
3800
7000
FFE0
FFE0
6060
3860
1C60
0C60
0060
0060
0060
0060
0060
0060
0060
0060
0060
0060
0060
0060
0060
0060
0060
0060
0060
0060
0060
0060
0060
0060
0060
0060
0060
0060
0060
0060
0060
0060
0060
0060
ENDCHAR
STARTCHAR 2010
ENCODING 8208
SWIDTH 600 0
DWIDTH 30 0
BBX 14 6 8 10
BITMAP
FFFC
FFFC
FFFC
FFFC
FFFC
FFFC
ENDCHAR
STARTCHAR 2012
ENCODING 8210
SWIDTH 600 0
DWIDTH 30 0
BBX 28 5 1 11
BITMAP
FFFFFFF0
FFFFFFF0
FFFFFFF0
FFFFFFF0
FFFFFFF0
ENDCHAR
STARTCHAR 2013
ENCODING 8211
SWIDTH 600 0
DWIDTH 30 0
BBX 22 5 4 10
BITMAP
FFFFFC
FFFFFC
FFFFFC
FFFFFC
FFFFFC
ENDCHAR
STARTCHAR 2014
ENCODING 8212
SWIDTH 600 0
DWIDTH 30 0
BBX 30 5 0 10
BITMAP
FFFFFFFC
FFFFFFFC
FFFFFFFC
FFFFFFFC
FFFFFFFC
ENDCHAR
STARTCHAR 2015
ENCODING 8213
SWIDTH 600 0
DWIDTH 30 0
BBX 30 5 0 10
BITMAP
FFFFFFFC
FFFFFFFC
FFFFFFFC
FFFFFFFC
FFFFFFFC
ENDCHAR
STARTCHAR 2017
ENCODING 8215
SWIDTH 600 0
DWIDTH 30 0
BBX 30 7 0 -10
BITMAP
FFFFFFFC
FFFFFFFC
00000000
00000000
00000000
FFFFFFFC
FFFFFFFC
ENDCHAR
STARTCHAR 2018
ENCODING 8216
SWIDTH 600 0
DWIDTH 30 0
BBX 12 15 9 21
BITMAP
01F0
01F0
03E0
03E0
07E0
07E0
0FC0
0FC0
1FC0
1F80
3F80
3F80
7F80
7F00
FF00
ENDCHAR
STARTCHAR 2019
ENCODING 8217
SWIDTH 600 0
DWIDTH 30 0
BBX 12 15 9 21
BITMAP
0FF0
0FE0
1FE0
1FC0
1FC0
1F80
3F80
3F00
3F00
3E00
7E00
7C00
7C00
F800
F800
ENDCHAR
STARTCHAR 201A
ENCODING 8218
SWIDTH 600 0
DWIDTH 30 0
BBX 12 15 8 -9
BITMAP
0FF0
1FE0
1FE0
1FC0
1FC0
3F80
3F80
3F00
3F00
7E00
7E00
7C00
FC00
F800
F800
ENDCHAR
STARTCHAR 201B
ENCODING 8219
SWIDTH 600 0
DWIDTH 30 0
BBX 12 15 9 21
BITMAP
FF00
7F00
7F80
3F80
3F80
1F80
1FC0
0FC0
0FC0
07E0
07E0
03E0
03E0
01F0
01F0
ENDCHAR
STARTCHAR 201C
ENCODING 8220
SWIDTH 600 0
DWIDTH 30 0
BBX 22 15 4 21
BITMAP
01E03C
03E07C
03E07C
07C0FC
07C0F8
0FC1F8
0FC1F8
1F83F8
1F83F0
3F87F0
3F87F0
7F0FE0
7F0FE0
FF1FE0
FE1FE0
ENDCHAR
STARTCHAR 201D
ENCODING 8221
SWIDTH 600 0
DWIDTH 30 0
BBX 22 15 4 21
BITMAP
1FE1FC
1FE3FC
1FC3F8
1FC3F8
3F87F0
3F87F0
3F07E0
7F07E0
7E0FC0
7E0FC0
7C0F80
FC0F80
F81F00
F81F00
F01E00
ENDCHAR
STARTCHAR 201E
ENCODING 8222
SWIDTH 600 0
DWIDTH 30 0
BBX 22 15 4 -9
BITMAP
1FE1FC
1FE3FC
1FC3F8
1FC3F8
3F87F0
3F87F0
3F07E0
7F07E0
7E0FC0
7E0FC0
7C0F80
FC0F80
F81F00
F81F00
F01E00
ENDCHAR
STARTCHAR 201F
ENCODING 8223
SWIDTH 600 0
DWIDTH 30 0
BBX 23 15 3 21
BITMAP
FF0FE0
7F0FF0
7F87F0
3F87F0
3F83F8
1F83F8
1FC1F8
0FC1F8
0FC0FC
07E0FC
07E07C
03E07E
03E03E
01F03E
01F01E
ENDCHAR
STARTCHAR 2020
ENCODING 8224
SWIDTH 600 0
DWIDTH 30 0
BBX 22 41 4 -5
BITMAP
00FC00
00FC00
00FC00
00FC00
00FC00
00FC00
00FC00
00FC00
FC78FC
FFFFFC
FFFFFC
FFFFFC
FC79FC
007800
007800
007800
007800
007800
007800
007800
007800
007800
007800
007800
007800
007800
007800
007800
007800
007800
007800
007800
007800
007800
007800
007800
007800
007800
007800
007800
007800
ENDCHAR
STARTCHAR 2021
ENCODING 8225
SWIDTH 600 0
DWIDTH 30 0
BBX 22 41 4 -5
BITMAP
00F800
00F800
00F800
00F800
00F800
00F800
00F800
00F800
FC79FC
FFFFFC
FFFFFC
FFFFFC
FC79FC
007800
007800
007800
007800
007800
007800
007000
007000
007000
007800
007800
007800
007800
007800
007800
FE79FC
FFFFFC
FFFFFC
FFFFFC
FCF9FC
00F800
00F800
00F800
00F800
00F800
00F800
00F800
00F800
ENDCHAR
STARTCHAR 2022
ENCODING 8226
SWIDTH 600 0
DWIDTH 30 0
BBX 14 14 8 10
BITMAP
0FC0
1FE0
7FF0
7FF8
FFFC
FFFC
FFFC
FFFC
FFFC
FFFC
7FF8
3FF0
1FE0
0FC0
ENDCHAR
STARTCHAR 2026
ENCODING 8230
SWIDTH 600 0
DWIDTH 30 0
BBX 28 7 1 0
BITMAP
FE1F87F0
FE1F87F0
FE1F87F0
FE1F87F0
FE1F87F0
FE1F87F0
FE1F87F0
ENDCHAR
STARTCHAR 202A
ENCODING 8234
SWIDTH 0 0
DWIDTH 0 0
BBX 12 37 -1 -7
BITMAP
FFF0
FFF0
C000
C000
C000
C000
C000
C000
C000
C000
C000
C000
C000
C000
C000
C000
C000
C000
C000
C000
C000
C000
C000
C000
C000
C000
C000
C000
C000
C000
C000
C000
C000
C000
C000
C000
C000
ENDCHAR
STARTCHAR 202B
ENCODING 8235
SWIDTH 0 0
DWIDTH 0 0
BBX 12 37 -11 -7
BITMAP
FFF0
FFF0
0030
0030
0030
0030
0030
0030
0030
0030
0030
0030
0030
0030
0030
0030
0030
0030
0030
0030
0030
0030
0030
0030
0030
0030
0030
0030
0030
0030
0030
0030
0030
0030
0030
0030
0030
ENDCHAR
STARTCHAR 202C
ENCODING 8236
SWIDTH 0 0
DWIDTH 0 0
BBX 12 41 -6 -7
BITMAP
FFF0
FFF0
FFF0
FFF0
FFF0
FFF0
FFF0
FFF0
FFF0
FFF0
FFF0
0600
0600
0600
0600
0600
0600
0600
0600
0600
0600
0600
0600
0600
0600
0600
0600
0600
0600
0600
0600
0600
0600
0600
0600
0600
0600
0600
0600
0600
0600
ENDCHAR
STARTCHAR 202D
ENCODING 8237
SWIDTH 0 0
DWIDTH 0 0
BBX 12 41 -6 -7
BITMAP
FFF0
FFF0
C000
C000
C000
C000
C000
C000
C000
FFF0
FFF0
0600
0600
0600
0600
0600
0600
0600
0600
0600
0600
0600
0600
0600
0600
0600
0600
0600
0600
0600
0600
0600
0600
0600
0600
0600
0600
0600
0600
0600
0600
ENDCHAR
STARTCHAR 202E
ENCODING 8238
SWIDTH 0 0
DWIDTH 0 0
BBX 12 41 -6 -7
BITMAP
FFF0
FFF0
0030
0030
0030
0030
0030
0030
0030
FFF0
FFF0
0600
0600
0600
0600
0600
0600
0600
0600
0600
0600
0600
0600
0600
0600
0600
0600
0600
0600
0600
0600
0600
0600
0600
0600
0600
0600
0600
0600
0600
0600
ENDCHAR
STARTCHAR 2030
ENCODING 8240
SWIDTH 600 0
DWIDTH 30 0
BBX 30 34 0 0
BITMAP
1F000000
3FC00000
7FC00000
79E00000
F1E00000
F0E00000
F0E00000
F0E00000
F0E00000
F1E3C000
F1E78000
7BEF0000
7FDE0000
3FFC0000
1F780000
00F00000
01E00000
03C00000
07800000
0F7E03E0
1EFF0FF0
1DFF8FF8
39E79E78
79C39E3C
03C3DC3C
03C3DC3C
03C3DC3C
03C3DC3C
03C3DC3C
01C39E3C
01E79F78
01FF8FF8
00FF0FF0
007E03E0
ENDCHAR
STARTCHAR 2032
ENCODING 8242
SWIDTH 600 0
DWIDTH 30 0
BBX 6 16 12 20
BITMAP
FC
FC
FC
FC
FC
FC
FC
FC
FC
FC
FC
FC
FC
FC
7C
78
ENDCHAR
STARTCHAR 2033
ENCODING 8243
SWIDTH 600 0
DWIDTH 30 0
BBX 18 16 6 20
BITMAP
FE1FC0
FE1FC0
FE1FC0
FE1FC0
FE1FC0
FC0FC0
FC0FC0
7C0FC0
7C0F80
7C0F80
7C0F80
7C0F80
7C0F80
7C0F80
7C0F80
7C0F80
ENDCHAR
STARTCHAR 2034
ENCODING 8244
SWIDTH 600 0
DWIDTH 30 0
BBX 26 16 2 20
BITMAP
FE3F1FC0
7E3F1FC0
7E3F1F80
7E3F1F80
7E3F1F80
7E3F1F80
7E3F1F80
7E3F1F80
7E3F1F80
7E3F1F80
7E3F0F80
7C3F0F80
7C3F0F80
7C3F0F80
7C1F0F80
7C1E0F80
ENDCHAR
STARTCHAR 2039
ENCODING 8249
SWIDTH 600 0
DWIDTH 30 0
BBX 12 20 9 3
BITMAP
03F0
07E0
0FE0
0FC0
1F80
3F80
7F00
7E00
FE00
FC00
FC00
FE00
7E00
7F00
3F80
1F80
0FC0
0FE0
07E0
03F0
ENDCHAR
STARTCHAR 203A
ENCODING 8250
SWIDTH 600 0
DWIDTH 30 0
BBX 12 20 9 3
BITMAP
FC00
7E00
7F00
3F00
1F80
1FC0
0FC0
07E0
07F0
03F0
03F0
07F0
07E0
0FC0
1FC0
1F80
3F00
7F00
7E00
FC00
ENDCHAR
STARTCHAR 203C
ENCODING 8252
SWIDTH 600 0
DWIDTH 30 0
BBX 22 33 4 0
BITMAP
FF03FC
FF03F8
7F03F8
7F03F8
7E01F8
7E01F8
7E01F8
7E01F8
7E01F8
7E01F8
7E01F8
7E01F8
7E01F8
7E01F8
7E01F8
7E01F8
7E01F8
7E01F8
7E01F8
7E01F8
7E01F8
7E01F8
7E01F8
000000
000000
000000
FE03F8
FE03F8
FE03F8
FE03F8
FE03F8
FE03F8
FE03F8
ENDCHAR
STARTCHAR 203E
ENCODING 8254
SWIDTH 600 0
DWIDTH 30 0
BBX 30 2 0 36
BITMAP
FFFFFFFC
FFFFFFFC
ENDCHAR
STARTCHAR 2044
ENCODING 8260
SWIDTH 600 0
DWIDTH 30 0
BBX 22 33 4 0
BITMAP
00003C
000078
000078
0000F0
0000F0
0001E0
0001E0
0003C0
000780
000780
000F00
000F00
001E00
001E00
003C00
003C00
007800
007800
00F000
01E000
01E000
03C000
03C000
078000
078000
0F0000
0F0000
1E0000
1E0000
3C0000
780000
780000
F00000
ENDCHAR
STARTCHAR 205E
ENCODING 8286
SWIDTH 600 0
DWIDTH 30 0
BBX 8 36 11 0
BITMAP
FF
FF
FF
FF
FF
FF
FF
00
00
00
FF
FF
FF
FF
FF
FF
FF
00
00
00
FF
FF
FF
FF
FF
FF
FF
00
00
FF
FF
FF
FF
FF
FF
FF
ENDCHAR
STARTCHAR 206A
ENCODING 8298
SWIDTH 0 0
DWIDTH 0 0
BBX 12 41 -6 -7
BITMAP
FFF0
FFF0
0600
0600
0600
0600
0600
0600
0600
FFF0
FFF0
0600
0600
0600
0600
0600
0600
0600
0600
0600
0600
0600
0600
0600
0600
0600
0600
0600
0600
0600
0600
0600
0600
0600
0600
0600
0600
0600
0600
0600
0600
ENDCHAR
STARTCHAR 206B
ENCODING 8299
SWIDTH 0 0
DWIDTH 0 0
BBX 12 41 -6 -7
BITMAP
FFF0
FFF0
C030
C030
C030
C030
C030
C030
C030
FFF0
FFF0
0600
0600
0600
0600
0600
0600
0600
0600
0600
0600
0600
0600
0600
0600
0600
0600
0600
0600
0600
0600
0600
0600
0600
0600
0600
0600
0600
0600
0600
0600
ENDCHAR
STARTCHAR 206C
ENCODING 8300
SWIDTH 0 0
DWIDTH 0 0
BBX 12 41 -6 -7
BITMAP
FFF0
7FE0
7FE0
3FC0
1F80
1F80
0F00
0F00
0600
0600
0600
0600
0600
0600
0600
0600
0600
0600
0600
0600
0600
0600
0600
0600
0600
0600
0600
0600
0600
0600
0600
0600
0600
0600
0600
0600
0600
0600
0600
0600
0600
ENDCHAR
STARTCHAR 206D
ENCODING 8301
SWIDTH 0 0
DWIDTH 0 0
BBX 12 42 -6 -7
BITMAP
0400
0600
0600
0F00
0F00
1F80
1F80
3FC0
7FE0
7FE0
FFF0
0600
0600
0600
0600
0600
0600
0600
0600
0600
0600
0600
0600
0600
0600
0600
0600
0600
0600
0600
0600
0600
0600
0600
0600
0600
0600
0600
0600
0600
0600
0600
ENDCHAR
STARTCHAR 206E
ENCODING 8302
SWIDTH 0 0
DWIDTH 0 0
BBX 12 42 -6 -7
BITMAP
0600
0F00
1F80
39C0
70E0
E070
70E0
39C0
1F80
0F00
0600
0600
0600
0600
0600
0600
0600
0600
0600
0600
0600
0600
0600
0600
0600
0600
0600
0600
0600
0600
0600
0600
0600
0600
0600
0600
0600
0600
0600
0600
0600
0600
ENDCHAR
STARTCHAR 206F
ENCODING 8303
SWIDTH 0 0
DWIDTH 0 0
BBX 12 41 -6 -7
BITMAP
FE00
FE00
0600
0600
0600
0600
0600
0600
0600
FFF0
FFF0
0600
0600
0600
0600
0600
0600
0600
0600
0600
0600
0600
0600
0600
0600
0600
0600
0600
0600
0600
0600
0600
0600
0600
0600
0600
0600
0600
0600
0600
0600
ENDCHAR
STARTCHAR 2074
ENCODING 8308
SWIDTH 600 0
DWIDTH 30 0
BBX 16 20 7 15
BITMAP
00F8
00F8
01F8
03F8
03B8
07F8
0F78
0E78
1E78
3C78
3878
7878
F078
FFFF
FFFF
FFFF
0078
0078
0078
0078
ENDCHAR
STARTCHAR 2075
ENCODING 8309
SWIDTH 600 0
DWIDTH 30 0
BBX 15 20 8 15
BITMAP
7FFC
7FFC
7FFC
7800
7800
7800
7BE0
7FF8
7FFC
7EFC
783E
003E
001E
001E
F03E
F83C
7C7C
7FF8
3FF0
0FE0
ENDCHAR
STARTCHAR 2076
ENCODING 8310
SWIDTH 600 0
DWIDTH 30 0
BBX 15 21 8 14
BITMAP
07E0
1FF0
3FF8
7E7C
783C
7800
F000
F3E0
F7F8
FFF8
FC7C
F83C
F03C
F03E
F03E
783C
783C
3C7C
3FF8
1FF0
07E0
ENDCHAR
STARTCHAR 2077
ENCODING 8311
SWIDTH 600 0
DWIDTH 30 0
BBX 14 20 9 15
BITMAP
FFFC
FFFC
FFFC
003C
0038
0078
00F0
01E0
01E0
03C0
03C0
0780
0780
0F80
0F00
0F00
0F00
1F00
1F00
1F00
ENDCHAR
STARTCHAR 2078
ENCODING 8312
SWIDTH 600 0
DWIDTH 30 0
BBX 15 21 8 14
BITMAP
0FE0
3FF8
7FFC
787C
783C
783C
783C
7C7C
3FF8
0FE0
3FF8
783C
F83E
F01E
F01E
F01E
F83E
783C
7FFC
3FF8
0FE0
ENDCHAR
STARTCHAR 2079
ENCODING 8313
SWIDTH 600 0
DWIDTH 30 0
BBX 15 21 8 14
BITMAP
0FC0
3FF0
7FF8
7CF8
F87C
F03C
F03C
F03C
F03E
F83E
7C7E
7FFE
3FDE
0F3C
003C
003C
F87C
7CF8
7FF0
3FE0
0FC0
ENDCHAR
STARTCHAR 207F
ENCODING 8319
SWIDTH 600 0
DWIDTH 30 0
BBX 15 16 8 13
BITMAP
F1F0
F7FC
F7FC
FC7C
F83E
F83E
F03E
F03E
F03E
F03E
F03E
F03E
F03E
F03E
F03E
F03E
ENDCHAR
STARTCHAR 2080
ENCODING 8320
SWIDTH 600 0
DWIDTH 30 0
BBX 14 21 8 -5
BITMAP
0FC0
3FF0
3FF0
7CF8
7878
F03C
F03C
F03C
F03C
F7BC
F7BC
F7BC
F7BC
F03C
F03C
F03C
7878
7CF8
3FF0
1FE0
0FC0
ENDCHAR
STARTCHAR 2081
ENCODING 8321
SWIDTH 600 0
DWIDTH 30 0
BBX 15 20 8 -4
BITMAP
03C0
07C0
1FC0
FFC0
FBC0
F3C0
03C0
03C0
03C0
03C0
03C0
03C0
03C0
03C0
03C0
03C0
03C0
FFFE
FFFE
FFFE
ENDCHAR
STARTCHAR 2082
ENCODING 8322
SWIDTH 600 0
DWIDTH 30 0
BBX 14 20 8 -4
BITMAP
0FC0
3FF0
7FF8
7CFC
F83C
F03C
003C
0078
00F8
01F0
07E0
0FC0
1F80
3E00
7C00
7800
F800
FFFC
FFFC
FFFC
ENDCHAR
STARTCHAR 2083
ENCODING 8323
SWIDTH 600 0
DWIDTH 30 0
BBX 15 21 7 -5
BITMAP
07E0
1FF8
3FFC
7E7C
783E
781E
001E
003E
007C
03F8
03E0
03F8
007C
001E
001E
F81E
781E
7E7E
3FFC
1FF8
07F0
ENDCHAR
STARTCHAR 2084
ENCODING 8324
SWIDTH 600 0
DWIDTH 30 0
BBX 16 20 7 -4
BITMAP
00F8
00F8
01F8
03F8
03B8
07F8
0F78
0E78
1E78
3C78
3878
7878
F078
FFFF
FFFF
FFFF
0078
0078
0078
0078
ENDCHAR
STARTCHAR 2085
ENCODING 8325
SWIDTH 600 0
DWIDTH 30 0
BBX 14 20 8 -4
BITMAP
7FF8
7FF8
7FF8
7800
7000
F000
F3E0
FFF0
FFF8
FCFC
F87C
003C
003C
003C
F03C
F07C
FCFC
7FF8
3FF0
1FC0
ENDCHAR
STARTCHAR 2086
ENCODING 8326
SWIDTH 600 0
DWIDTH 30 0
BBX 14 21 8 -5
BITMAP
07E0
1FF0
3FF8
7CF8
783C
F000
F000
F3E0
F7F0
FFF8
FC7C
F83C
F03C
F03C
F03C
783C
783C
7C7C
3FF8
1FF0
07C0
ENDCHAR
STARTCHAR 2087
ENCODING 8327
SWIDTH 600 0
DWIDTH 30 0
BBX 14 20 8 -4
BITMAP
FFFC
FFFC
FFFC
003C
0078
00F0
00F0
01E0
03E0
03C0
0780
0780
0F80
0F00
0F00
1F00
1F00
1E00
1E00
1E00
ENDCHAR
STARTCHAR 2088
ENCODING 8328
SWIDTH 600 0
DWIDTH 30 0
BBX 14 21 8 -5
BITMAP
0FC0
3FF0
7FF8
F87C
F03C
F03C
F07C
7878
3FF0
0FC0
7FF8
787C
F03C
F03C
F03C
F03C
F03C
F87C
7FF8
3FF0
0FC0
ENDCHAR
STARTCHAR 2089
ENCODING 8329
SWIDTH 600 0
DWIDTH 30 0
BBX 14 21 8 -5
BITMAP
0FC0
3FE0
7FF0
FCF8
F078
F07C
F03C
F03C
F03C
F07C
F8FC
7FFC
3FFC
1F3C
003C
0078
F078
FDF8
7FF0
3FE0
1F80
ENDCHAR
STARTCHAR 2090
ENCODING 8336
SWIDTH 600 0
DWIDTH 30 0
BBX 19 19 6 -3
BITMAP
03F000
0FFC00
1FFE00
3E3E00
3C1F00
7C1F00
001F00
001F00
0FFF00
3FFF00
7FFF00
7C1F00
F81F00
F81F00
FC3F00
7EFF00
7FEFE0
3FC7E0
1F83C0
ENDCHAR
STARTCHAR 2091
ENCODING 8337
SWIDTH 600 0
DWIDTH 30 0
BBX 16 19 7 -3
BITMAP
07E0
1FF8
3FFC
7C3E
781E
F81F
F80F
FFFF
FFFF
FFFF
F800
F800
F800
F800
7C1F
7E3E
3FFE
1FF8
07E0
ENDCHAR
STARTCHAR 2092
ENCODING 8338
SWIDTH 600 0
DWIDTH 30 0
BBX 18 19 6 -3
BITMAP
03F800
0FFE00
3FFF00
3F3F80
7C0F80
7C0780
F807C0
F807C0
F807C0
F807C0
F807C0
F807C0
F807C0
7C0F80
7C0F80
3F3F00
3FFF00
0FFC00
07F000
ENDCHAR
STARTCHAR 2093
ENCODING 8339
SWIDTH 600 0
DWIDTH 30 0
BBX 18 19 6 -3
BITMAP
F80F80
7C0F80
3E1F00
3E1E00
1F3E00
0FFC00
07F800
07F800
03F000
03F000
07F800
07F800
0FFC00
1F3E00
1F3E00
3E1F00
7C0F80
7C0F80
F807C0
ENDCHAR
STARTCHAR 2094
ENCODING 8340
SWIDTH 600 0
DWIDTH 30 0
BBX 16 19 7 -3
BITMAP
07E0
1FF8
3FFC
7C7E
F83E
001F
001F
001F
001F
FFFF
FFFF
FFFF
F01F
F81F
781E
7C3E
3FFC
1FF8
07E0
ENDCHAR
STARTCHAR 20A0
ENCODING 8352
SWIDTH 600 0
DWIDTH 30 0
BBX 28 35 1 0
BITMAP
00FF0000
07FFC000
0FFFE000
1FFFF000
3FC7F800
3F01FC00
7F01FC00
7E00FC00
7E000000
FE000000
FC000000
FC000000
FC0FFFE0
FC0FFFE0
FC0FFFE0
FC0FFFE0
7E0FFFE0
7E0F8000
7E0F8000
3F0F8000
3F8F8000
1FFFFFC0
0FFFFFC0
07FFFFC0
03FFFFC0
001FFFC0
000F8000
000F8000
000F8000
000F8000
000FFFF0
000FFFF0
000FFFF0
000FFFF0
000FFFF0
ENDCHAR
STARTCHAR 20A1
ENCODING 8353
SWIDTH 600 0
DWIDTH 30 0
BBX 27 40 2 -3
BITMAP
00038E00
00078E00
00071E00
003FDC00
01FFFC00
07FFFC00
0FFFFC00
1FFFFE00
1FFFFF00
3FEE7F80
3FDE7F80
7F9C7F80
7F1C7FC0
7F1C7E00
FF3C7000
FF38F000
FE38E000
FE38E000
FE38E000
FE79E000
FE71C000
FE71C000
FE71C000
FEF1C000
FFE3C000
FFE38000
FFE38C00
7FE39FE0
7FE79FC0
7FC73FC0
3FC77F80
3FE7FF80
1FFFFF00
1FFFFF00
0FFFFE00
07FFFC00
07FFF000
07FFC000
071C0000
071C0000
ENDCHAR
STARTCHAR 20A2
ENCODING 8354
SWIDTH 600 0
DWIDTH 30 0
BBX 26 35 2 -1
BITMAP
003FC000
01FFF000
07FFF800
0FFFFC00
1FFFFE00
1FFFFF00
3FE0FF00
3FC07F80
7F803F80
7F801FC0
7F001F80
FF001800
FF000000
FF000000
FE3F0F00
FE3F1F00
FE3F3F00
FE3F7F00
FE3F7F00
FE3F7F00
FE3FE000
FE3FC000
FF3F8000
FF3F8000
7F3F8F00
7F3F9FC0
7FBF9FC0
3FBFBFC0
3FFFFF80
1FFFFF80
0FFFFF00
0FFFFE00
03FFFC00
01FFF000
003FC000
ENDCHAR
STARTCHAR 20A3
ENCODING 8355
SWIDTH 600 0
DWIDTH 30 0
BBX 27 33 1 0
BITMAP
1FFFFFE0
1FFFFFE0
1FFFFFE0
1FFFFFE0
1FFFFFE0
1FC00000
1FC00000
1FC00000
1FC00000
1FC00000
1FC00000
1FC00000
1FC00000
1FFFFFC0
1FFFFFC0
1FFFFFC0
1FFFFFC0
1FFFFFC0
1FC00000
1FC00000
1FC00000
1FC00000
1FC00000
FFFFC000
FFFFC000
FFFFC000
FFFFC000
1FC00000
1FC00000
1FC00000
1FC00000
1FC00000
1FC00000
ENDCHAR
STARTCHAR 20A4
ENCODING 8356
SWIDTH 600 0
DWIDTH 30 0
BBX 27 33 2 0
BITMAP
001FE000
00FFF800
01FFFC00
03FFFE00
03FFFF00
07F03F00
07F01F80
07E01C00
07E00000
07E00000
07E00000
FFFFC000
FFFFC000
FFFFC000
FFFFC000
07E00000
07E00000
07E00000
FFFFC000
FFFFC000
FFFFC000
FFFFC000
07E00000
07E00000
0FC00780
0FC007E0
1F800FE0
7E003FC0
FFFFFFC0
FFFFFF80
FFFFFF00
FFFFFE00
FFFFF800
ENDCHAR
STARTCHAR 20A5
ENCODING 8357
SWIDTH 600 0
DWIDTH 30 0
BBX 26 37 2 -5
BITMAP
00001E00
00003C00
00003C00
00007800
00007800
00F87E00
F9FCFF00
FBFCFF80
FBFFFFC0
FFFFFFC0
FE3FCFC0
FC3FCFC0
FC3FCFC0
FC3F87C0
FC3F87C0
F83F07C0
F83F07C0
F83F07C0
F83F07C0
F83F07C0
F83F07C0
F83F07C0
F83F07C0
F87F07C0
F87F07C0
F8FF07C0
F8FF07C0
F9FF07C0
F9FF07C0
F9FF07C0
FBFF07C0
FBFF07C0
07800000
07800000
07800000
0F000000
0F000000
ENDCHAR
STARTCHAR 20A6
ENCODING 8358
SWIDTH 600 0
DWIDTH 30 0
BBX 30 33 0 0
BITMAP
1FF00FE0
1FF00FE0
1FF00FE0
1FF80FE0
1FF80FE0
1FFC0FE0
1FFC0FE0
1FFC0FE0
1FFE0FE0
1FFE0FE0
1FBF0FE0
FFFFFFFC
FFFFFFFC
FFFFFFFC
FFFFFFFC
1FCF8FE0
1FCFCFE0
1FCFCFE0
1FC7CFE0
FFFFFFFC
FFFFFFFC
FFFFFFFC
FFFFFFFC
1FC1F7E0
1FC1FFE0
1FC1FFE0
1FC0FFE0
1FC0FFE0
1FC07FE0
1FC07FE0
1FC07FE0
1FC03FE0
1FC03FE0
ENDCHAR
STARTCHAR 20A7
ENCODING 8359
SWIDTH 600 0
DWIDTH 30 0
BBX 29 33 1 0
BITMAP
FF800000
FFE00000
FFF00000
FFF00000
F8F80000
F8F80000
F8780000
F8780000
F8780000
F8780000
F8F80000
F8F80000
F9F00000
FFF00000
FFE70000
FFCF0000
FE0F0000
F83FE3C0
F83FEFE0
F83FEFF0
F80F0E70
F80F1E00
F80F0F00
F80F0F80
F80F07C0
F80F03E0
F80F01F0
F80F0070
F80F1C78
F80F1E70
F80FEFF0
F80FEFF0
F803E3C0
ENDCHAR
STARTCHAR 20A8
ENCODING 8360
SWIDTH 600 0
DWIDTH 30 0
BBX 29 34 1 -1
BITMAP
FFC00000
FFF00000
FFF80000
FFF80000
FFFC0000
FFFC0000
F87C1F80
F87C3FC0
F87C7FE0
F87CFFF0
F87CFFF0
F87CF0F0
F87DF0F8
F87DF0E0
F8FDF000
FFF9F000
FFF9FC00
FFF0FF00
FFE0FFC0
FFE07FE0
FFE03FF0
FBF01FF0
F9F007F8
F9F001F8
F9F800F8
F8F800F8
F8F8E0F8
F8FDE0F8
F87DF0F8
F87DFFF0
F87EFFF0
F87EFFE0
F83E7FC0
00001F80
ENDCHAR
STARTCHAR 20A9
ENCODING 8361
SWIDTH 600 0
DWIDTH 30 0
BBX 30 33 0 0
BITMAP
FC0000FC
FE0001FC
FE0001FC
7E0001F8
7E0001F8
7E0001F8
7E0001F8
7E0001F8
7E0001F8
7E0001F8
FFFFFFFC
FFFFFFFC
FFFFFFFC
FFFFFFFC
3F1FE3F0
3F1FE3F0
1F1FE3E0
1F3FF3E0
1FBFF7E0
FFFFFFFC
FFFFFFFC
FFFFFFFC
FFFFFFFC
0FFCFFC0
0FF87FC0
0FF87FC0
0FF87FC0
0FF87FC0
0FF03FC0
07F03F80
07F03F80
07F03F80
07E01F80
ENDCHAR
STARTCHAR 20AA
ENCODING 8362
SWIDTH 600 0
DWIDTH 30 0
BBX 28 30 1 0
BITMAP
FFFC01F0
FFFF01F0
FFFFC1F0
FFFFC1F0
FFFFE1F0
F80FE1F0
F803F1F0
F803F1F0
F801F1F0
F801F1F0
F801F1F0
F9F9F1F0
F9F9F1F0
F9F9F9F0
F9F9F9F0
F9F9F9F0
F9F9F9F0
F9F9F9F0
F9F9F9F0
F9F9F9F0
F9F801F0
F9F801F0
F9F803F0
F9F807E0
F9F80FE0
F9FFFFE0
F9FFFFC0
F9FFFF80
F9FFFF00
F9FFF800
ENDCHAR
STARTCHAR 20AB
ENCODING 8363
SWIDTH 600 0
DWIDTH 30 0
BBX 28 45 2 -9
BITMAP
00007F00
00007F00
00007F00
001FFFF0
001FFFF0
001FFFF0
001FFFF0
00007F00
00007F00
01F87F00
07FE7F00
0FFF7F00
1FFFFF00
3FFFFF00
3FC1FF00
7F80FF00
7F00FF00
7F007F00
7F007F00
FF007F00
FF007F00
FE007F00
FE007F00
FE007F00
FE007F00
FE007F00
FF007F00
7F007F00
7F007F00
7F00FF00
7F80FF00
3FC1FF00
3FFFFF00
1FFFBF00
0FFF3F00
07FE3F00
01F80000
00000000
00000000
00000000
3FFFFF00
3FFFFF00
3FFFFF00
3FFFFF00
3FFFFF00
ENDCHAR
STARTCHAR 20AC
ENCODING 8364
SWIDTH 600 0
DWIDTH 30 0
BBX 26 33 2 0
BITMAP
000FF800
003FFF00
00FFFF80
01FFFFC0
03FFFFC0
07FFFF80
07FC0F00
0FF00200
0FF00000
0FE00000
1FE00000
FFFFF000
FFFFF000
FFFFF000
1FC00000
1FC00000
1FC00000
1FC00000
FFFFF000
FFFFF000
FFFFF000
FFE00000
0FE00000
0FE00000
0FF00000
0FF80100
07FC0780
07FFFFC0
03FFFFC0
01FFFFC0
00FFFF80
003FFE00
000FF000
ENDCHAR
STARTCHAR 20AD
ENCODING 8365
SWIDTH 600 0
DWIDTH 30 0
BBX 29 33 1 0
BITMAP
3FC00FF0
3FC01FE0
3FC03FE0
3FC03FC0
3FC07F80
3FC0FF00
3FC1FE00
3FC1FE00
3FC3FC00
3FC7F800
3FCFF000
3FCFE000
3FDFE000
FFFFFFF0
FFFFFFF0
FFFFFFF0
FFFFFFF0
FFFFFFF0
FFFFFFF0
3FF7F800
3FF7F800
3FE3FC00
3FC3FE00
3FC1FE00
3FC0FF00
3FC0FF00
3FC07F80
3FC07FC0
3FC03FC0
3FC03FE0
3FC01FE0
3FC00FF0
3FC00FF8
ENDCHAR
STARTCHAR 20AE
ENCODING 8366
SWIDTH 600 0
DWIDTH 30 0
BBX 28 33 1 0
BITMAP
FFFFFFF0
FFFFFFF0
FFFFFFF0
FFFFFFF0
FFFFFFF0
FFFFFFF0
003FC000
003FC040
003FC3C0
003FCFC0
003FFFC0
003FFFC0
003FFFC0
003FFF00
00FFFC00
07FFE000
1FFFC000
1FFFC040
1FFFC3C0
1FBFCFC0
1E3FFFC0
183FFFC0
003FFFC0
003FFF00
00FFF800
07FFE000
1FFFC000
1FFFC000
1FFFC000
1FFFC000
1E3FC000
183FC000
003FC000
ENDCHAR
STARTCHAR 20AF
ENCODING 8367
SWIDTH 600 0
DWIDTH 30 0
BBX 30 46 0 -9
BITMAP
00030000
000E0000
001E0000
001C0000
00FF0000
07FF8000
1C7BC000
10F9E000
00F1E000
00F0E000
01F0F000
01F0F000
01E0F000
01E0F000
01E0F000
03E0F800
03E0F800
03E0F800
03C0F800
03C0F800
03C0F000
07C0F000
07C0F000
07C0F1E0
0780F3F0
0780F7B8
0781F738
0781EF3C
0781EF3C
7F01EF3C
7F03CF3C
CF03CF3C
CF038F3C
CF079F38
DFCF1F38
FCFE1FF8
787C1EF0
00001E00
00001E00
00001E00
00003E00
00003E00
00003C00
00003C00
00003C00
00003C00
ENDCHAR
STARTCHAR 20B0
ENCODING 8368
SWIDTH 600 0
DWIDTH 30 0
BBX 26 46 1 -10
BITMAP
0001FC00
0007FF00
000FFF80
001FFF80
001FFFC0
001F8FC0
003F0FC0
003F07C0
003F07C0
003F0FC0
003F0FC0
003F8FC0
001F8F80
001F8F80
001F9F00
001F9F00
000FFE00
000FFE00
000FFC00
000FFC00
0007F800
0007F800
0007F000
0003F000
0207F800
0307F800
078FF800
079FFC00
0FDFFC00
0FFFFC00
1FFFFC00
3FFEFE00
3F7EFE00
7F7C7E00
7E3C7E00
FE187F00
00087F00
00007F00
00003F00
00007F00
00107F00
001FFF00
001FFE00
001FFE00
001FFC00
001FF000
ENDCHAR
STARTCHAR 20B1
ENCODING 8369
SWIDTH 600 0
DWIDTH 30 0
BBX 30 33 0 0
BITMAP
1FFFF000
1FFFFE00
1FFFFF00
1FFFFF80
1FFFFFC0
1FFFFFE0
1FE03FE0
FFFFFFFC
FFFFFFFC
FFFFFFFC
1FE007F0
1FE007F0
FFFFFFFC
FFFFFFFC
FFFFFFFC
1FE03FE0
1FFFFFC0
1FFFFFC0
1FFFFF80
1FFFFE00
1FFFF800
1FFF0000
1FE00000
1FE00000
1FE00000
1FE00000
1FE00000
1FE00000
1FE00000
1FE00000
1FE00000
1FE00000
1FE00000
ENDCHAR
STARTCHAR 20B2
ENCODING 8370
SWIDTH 600 0
DWIDTH 30 0
BBX 26 43 2 -6
BITMAP
001E0000
001E0000
001E0000
007FC000
03FFF000
07FFF800
0FFFFC00
1FFFFE00
3FFFFE00
3FDEFF00
7F9E7F00
7F9E7F80
7F1E3F80
7F1E3800
FF1E0000
FF1E0000
FE1E0000
FE1E0000
FE1E0000
FE1FFFC0
FE1FFFC0
FE1FFFC0
FE1FFFC0
FE1FFFC0
FE1E1FC0
FF1E1FC0
7F1E1FC0
7F1E1FC0
7F1E1FC0
7F9E1FC0
3FDE1FC0
3FFE3FC0
1FFFFFC0
1FFFFF80
0FFFFF00
07FFFC00
01FFF000
007FC000
001E0000
001E0000
001E0000
001E0000
001E0000
ENDCHAR
STARTCHAR 20B3
ENCODING 8371
SWIDTH 600 0
DWIDTH 30 0
BBX 30 33 0 0
BITMAP
001FE000
003FF000
003FF000
003FF000
007FF800
007FF800
007FF800
00FCFC00
00FCFC00
00FCFC00
01F87E00
FFFFFFFC
FFFFFFFC
FFFFFFFC
FFFFFFFC
03F03F00
07F03F80
07F01F80
07E01F80
0FE01FC0
FFFFFFFC
FFFFFFFC
FFFFFFFC
FFFFFFFC
1FC007E0
3F8007F0
3F8007F0
3F8007F0
7F0003F8
7F0003F8
7F0003F8
FF0003FC
FE0001FC
ENDCHAR
STARTCHAR 20B4
ENCODING 8372
SWIDTH 600 0
DWIDTH 30 0
BBX 30 35 0 -1
BITMAP
001FF000
00FFFC00
03FFFF00
07FFFF80
0FFFFFC0
0FF83FE0
1FE00FE0
1FE00FE0
1FC007F0
1FC007F0
00000FF0
FFFFFFFC
FFFFFFFC
FFFFFFFC
FFFFFFFC
007FFFC0
01FFFF00
07FFFE00
0FFFF800
FFFFFFFC
FFFFFFFC
FFFFFFFC
FFFFFFFC
3F800000
3F800300
3F8003F8
3F8007F8
3F8007F8
3FC01FF0
1FFCFFF0
0FFFFFE0
0FFFFFC0
03FFFF80
01FFFE00
003FF000
ENDCHAR
STARTCHAR 20B5
ENCODING 8373
SWIDTH 600 0
DWIDTH 30 0
BBX 27 43 2 -6
BITMAP
000F0000
000F0000
000F0000
007FC000
01FFF000
07FFFC00
0FFFFE00
1FFFFF00
1FFFFF00
3FEF7F80
3FCF3F80
7F8F3FC0
7F0F1FC0
7F0F1800
FF0F0000
FF0F0000
FE0F0000
FE0F0000
FE0F0000
FE0F0000
FE0F0000
FE0F0000
FE0F0000
FE0F0000
FF0F0000
FF0F0000
FF0F0E00
7F0F1FE0
7F8F1FC0
7F8F3FC0
3FCF3F80
3FEF7F80
1FFFFF00
1FFFFF00
0FFFFE00
07FFFC00
01FFF000
007FC000
000F0000
000F0000
000F0000
000F0000
000F0000
ENDCHAR
STARTCHAR 20BF
ENCODING 8383
SWIDTH 600 0
DWIDTH 30 0
BBX 29 41 1 -4
BITMAP
00F1C000
00F1C000
00F1C000
00F1C000
FFFFF000
FFFFFE00
FFFFFF80
FFFFFF80
1FFFFFC0
1FE0FFE0
1FE01FE0
1FE01FE0
1FE00FE0
1FE00FE0
1FE00FE0
1FE01FC0
1FE03FC0
1FFFFF80
1FFFFF00
1FFFF800
1FFFFF00
1FFFFFC0
1FFFFFE0
1FE00FF0
1FE007F0
1FE007F8
1FE003F8
1FE003F8
1FE007F8
1FE007F8
1FE00FF8
1FE03FF0
1FFFFFF0
FFFFFFE0
FFFFFFC0
FFFFFF00
FFFFFC00
00F1C000
00F1C000
00F1C000
00F1C000
ENDCHAR
STARTCHAR 20F0
ENCODING 8432
SWIDTH 0 0
DWIDTH 0 0
BBX 19 19 -4 25
BITMAP
01F000
01F000
01F000
01F000
61F040
79F1C0
7FF7C0
FFFFE0
FFFFE0
3FFF80
03FC00
07FC00
0FFE00
0FBF00
1F9F00
3F1F80
3E0F80
0E0E00
040400
ENDCHAR
STARTCHAR 2105
ENCODING 8453
SWIDTH 600 0
DWIDTH 30 0
BBX 30 33 0 0
BITMAP
0F800380
1FC00700
3FE00700
7DF00E00
78F00E00
F0F01C00
F0F01C00
F0003800
F0007800
F0007000
F000F000
F000E000
F001E000
F079C7C0
F8F3DFF0
78F39FF0
7DF7BEF8
3FE73C78
1FCF787C
0F8E783C
001E783C
001C783C
003C783C
0038783C
0078783C
0070783C
00E0783C
00E0787C
01C03C78
01C03EF8
03801FF0
03801FE0
070007C0
ENDCHAR
STARTCHAR 2113
ENCODING 8467
SWIDTH 600 0
DWIDTH 30 0
BBX 21 36 4 -1
BITMAP
007F80
01FFE0
07FFF0
0FFFF8
0FE3F8
1FC1F8
1FC1F8
1FC0F8
1FC0F8
1FC1F8
1FC1F8
1FC1F8
1FC3F0
1FC3F0
1FC7E0
1FDFC0
1FFF80
1FFF00
3FFE00
FFF800
FFE000
FFC000
FFC000
9FC000
1FC000
1FC078
1FC078
1FC078
1FC0F0
1FE0F0
1FF3E0
0FFFE0
0FFFC0
07FF80
03FF00
00FC00
ENDCHAR
STARTCHAR 2116
ENCODING 8470
SWIDTH 600 0
DWIDTH 30 0
BBX 29 33 1 0
BITMAP
F03C0000
F83C0000
F83C0000
F83C0000
FC3C0000
FC3C0000
FC3C0000
FC3C0F80
FE3C1FC0
FE3C3FE0
FE3C7DF0
FE3C78F0
EF3C78F0
EF3C78F0
EF3CF8F0
E7BCF8F0
E7BCF8F8
E7BCF8F0
E7BCF8F0
E3FC78F0
E3FC78F0
E3FC78F0
E3FC7DF0
E1FC3FE0
E1FC1FC0
E1FC0F80
E0FC0000
E0FC0000
E0FC0000
E0FC7FF0
E07C7FF0
E07C7FF0
E07C7FF0
ENDCHAR
STARTCHAR 2117
ENCODING 8471
SWIDTH 600 0
DWIDTH 30 0
BBX 28 35 1 1
BITMAP
003FC000
01FFF800
03FFFC00
07C03E00
0F000F00
1E000780
3C0003C0
38FFC1C0
78FFF1E0
70FFF8E0
70E07CE0
F0E03CF0
E0E03C70
E0E01C70
E0E03C70
E0E03C70
E0E07870
E0FFF870
E0FFF070
E0FFC070
E0E00070
E0E00070
E0E00070
F0E000F0
70E000E0
70E000E0
78E001E0
38E001C0
3C0003C0
1E000780
0F000F00
07C03E00
03FFFC00
01FFF800
003FC000
ENDCHAR
STARTCHAR 2122
ENCODING 8482
SWIDTH 600 0
DWIDTH 30 0
BBX 29 16 0 20
BITMAP
FFF78078
FFF7C0F8
FFF7C0F8
0F07C0F8
0F07E1F8
0F07E1F8
0F07F1F8
0F0773B8
0F0773B8
0F077FB8
0F073F38
0F073F38
0F071F38
0F071E38
0F071E38
0F070C38
ENDCHAR
STARTCHAR 2126
ENCODING 8486
SWIDTH 600 0
DWIDTH 30 0
BBX 28 34 1 0
BITMAP
003FC000
00FFF000
03FFFC00
07FFFE00
0FFFFF00
1FFFFF80
1FE07F80
3FC03FC0
3F801FC0
7F801FE0
7F000FE0
7F000FE0
7F000FE0
7F000FE0
7F000FE0
7F000FE0
7F000FE0
7F000FE0
7F000FE0
7F000FE0
3F000FC0
3F801FC0
3F801FC0
1FC03F80
1FC03F00
0FE07F00
07F0FE00
03F0FC00
F9F0F8F0
FFF0FFF0
FFF0FFF0
FFF0FFF0
FFF0FFF0
FFF0FFF0
ENDCHAR
STARTCHAR 212E
ENCODING 8494
SWIDTH 600 0
DWIDTH 30 0
BBX 26 28 2 -1
BITMAP
003F8000
01FFF000
03FFF800
0FC07C00
1F001E00
1E001F00
3E001F00
3E001F80
7E001F80
7E001FC0
7E001FC0
FFFFFFC0
FFFFFFC0
FFFFFFC0
FE000000
FE000000
FE000000
7E000000
7E000000
7E000200
3E000780
3E000700
1E000F00
1F001E00
0FC07C00
07FFF800
01FFE000
007F8000
ENDCHAR
STARTCHAR 214D
ENCODING 8525
SWIDTH 600 0
DWIDTH 30 0
BBX 30 34 0 -1
BITMAP
07C00180
07C00380
07C00300
0FC00300
0EE00600
0EE00600
0EE00C00
1EF00C00
1CF01800
1C701800
3C703000
3FF83000
3FF87000
3FF86000
783CE000
783CCFC0
703CDFF0
F01DBFF8
0001FC78
00037878
00037800
00067C00
00067F00
000C3FE0
000C1FF0
001C0FF8
001800F8
0038007C
0030003C
0030F03C
00607878
00607FF8
00C03FF0
00000FC0
ENDCHAR
STARTCHAR 214E
ENCODING 8526
SWIDTH 600 0
DWIDTH 30 0
BBX 22 26 4 0
BITMAP
0001FC
0001FC
0001FC
0001FC
0001FC
0001FC
0001FC
0001FC
0001FC
0001FC
0001FC
7FFFFC
7FFFFC
7FFFFC
7FFFFC
7FFFFC
0001FC
0001FC
0001FC
0001FC
0001FC
FFFFFC
FFFFFC
FFFFFC
FFFFFC
FFFFFC
ENDCHAR
STARTCHAR 2153
ENCODING 8531
SWIDTH 600 0
DWIDTH 30 0
BBX 32 33 1 0
BITMAP
07C00F00
0FC00F00
3FC01E00
FFC01E00
FFC03C00
FFC03C00
E7C07800
07C07800
07C0F000
07C1E000
07C1E000
07C3C000
07C3C000
07C78000
07C783F0
07CF0FFC
07CF1FFC
07DE3F3E
07DE3E3E
003C3E3E
0078003E
0078007C
00F003F8
00F003F0
01E003FC
01E0007E
03C0003E
03C03C1F
07803E3F
07803F3E
0F003FFE
1E001FFC
1E0007F0
ENDCHAR
STARTCHAR 2154
ENCODING 8532
SWIDTH 600 0
DWIDTH 30 0
BBX 31 33 2 0
BITMAP
0FC01E00
3FE01E00
7FF03C00
F8F83C00
F0F87800
F0F87800
00F8F000
00F8F000
01F1E000
07E3C000
0FC3C000
3F878000
7E078000
7C0F0000
F80F07E0
FFFE1FF8
FFFE3FF8
FFFC7E7C
FFFC7C7C
00787C7C
00F0007C
00F000F8
01E007F0
01E007E0
03C007F8
03C000FC
0780007C
0780783E
0F007C7E
0F007E7C
1E007FFC
3C003FF8
3C000FE0
ENDCHAR
STARTCHAR 215B
ENCODING 8539
SWIDTH 600 0
DWIDTH 30 0
BBX 30 33 0 0
BITMAP
07C00F00
0FC01E00
3FC01E00
FFC03C00
FFC03C00
F7C07800
E7C07800
07C0F000
07C0F000
07C1E000
07C1E000
07C3C000
07C78000
07C78000
07CF1FC0
07CF3FF0
07DE7FF8
07DEFCF8
07FCF8F8
003CF8F8
0078F8F8
00787CF8
00F03FF0
01E01FC0
01E07FF8
03C0F8F8
03C0F87C
0780F87C
0780F87C
0F00F8F8
0F00FFF8
1E007FF0
1E001FC0
ENDCHAR
STARTCHAR 215C
ENCODING 8540
SWIDTH 600 0
DWIDTH 30 0
BBX 32 33 -1 0
BITMAP
0FC001E0
3FF003C0
3FF803C0
7CF80780
7C7C0780
787C0F00
00781E00
00F81E00
07F03C00
07C03C00
07F87800
00FC7800
007CF000
787CF000
F87DE7F0
7CFDEFFC
7FFBDFFE
3FF7BF3E
0FE7BE3E
000F3E3E
000F3E3E
001E1F3E
001E0FFC
003C07F0
003C1FFE
00783E3E
00783E1F
00F03E1F
01E03E1F
01E03E3E
03C03FFE
03C01FFC
078007F0
ENDCHAR
STARTCHAR 215D
ENCODING 8541
SWIDTH 600 0
DWIDTH 30 0
BBX 31 33 0 0
BITMAP
7FF003C0
7FF00780
7FF00780
FFF00F00
F8000F00
F8001E00
F8003C00
F7C03C00
FFF07800
FFF07800
F9F8F000
00F8F000
00F9E000
00F9E000
F8FBCFE0
F9FBDFF8
FFF7BFFC
7FEF7E7C
1F8F7C7C
001E7C7C
001E7C7C
003C3E7C
003C1FF8
00780FE0
00783FFC
00F07C7C
00F07C3E
01E07C3E
03C07C3E
03C07C7C
07807FFC
07803FF8
0F000FE0
ENDCHAR
STARTCHAR 215E
ENCODING 8542
SWIDTH 600 0
DWIDTH 30 0
BBX 30 33 0 0
BITMAP
FFFE1E00
FFFE1E00
FFFE3C00
FFFE3C00
007C7800
00F87800
00F0F000
01F0F000
03E1E000
03C3C000
07C3C000
07878000
0F878000
0F8F0000
0F8F1FC0
1F1E3FF0
1F1E7FF8
1F3CFCF8
1F3CF8F8
0078F8F8
00F0F8F8
00F07CF8
01E03FF0
01E01FC0
03C07FF8
03C0F8F8
0780F87C
0780F87C
0F00F87C
0F00F8F8
1E00FFF8
3C007FF0
3C001FC0
ENDCHAR
STARTCHAR 2184
ENCODING 8580
SWIDTH 600 0
DWIDTH 30 0
BBX 24 28 3 -1
BITMAP
00FF00
07FFC0
0FFFF0
1FFFF8
3FFFFC
7F83FC
7F01FE
FE00FE
FE00FF
00007F
00007F
00007F
00007F
00007F
00007F
00007F
00007F
00007F
FE007F
FE00FF
FE00FE
7F01FE
7F83FC
3FFFFC
1FFFF8
0FFFF0
07FFC0
00FF00
ENDCHAR
STARTCHAR 2190
ENCODING 8592
SWIDTH 600 0
DWIDTH 30 0
BBX 30 12 0 2
BITMAP
03000000
07000000
0E000000
1E000000
3C000000
FFFFFFFC
FFFFFFFC
3C000000
1E000000
0E000000
07000000
03000000
ENDCHAR
STARTCHAR 2191
ENCODING 8593
SWIDTH 600 0
DWIDTH 30 0
BBX 12 29 9 -1
BITMAP
0600
0600
0F00
1F80
3FC0
7FE0
E670
8610
0600
0600
0600
0600
0600
0600
0600
0600
0600
0600
0600
0600
0600
0600
0600
0600
0600
0600
0600
0600
0600
ENDCHAR
STARTCHAR 2192
ENCODING 8594
SWIDTH 600 0
DWIDTH 30 0
BBX 30 12 0 2
BITMAP
00000300
00000380
000001C0
000001E0
000000F0
FFFFFFFC
FFFFFFFC
000000F0
000001E0
000001C0
00000380
00000300
ENDCHAR
STARTCHAR 2193
ENCODING 8595
SWIDTH 600 0
DWIDTH 30 0
BBX 12 29 9 -1
BITMAP
0600
0600
0600
0600
0600
0600
0600
0600
0600
0600
0600
0600
0600
0600
0600
0600
0600
0600
0600
0600
0600
8610
E670
7FE0
3FC0
1F80
0F00
0600
0600
ENDCHAR
STARTCHAR 2194
ENCODING 8596
SWIDTH 600 0
DWIDTH 30 0
BBX 30 12 0 2
BITMAP
03000300
07000380
0E0001C0
1E0001E0
3C0000F0
FFFFFFFC
FFFFFFFC
3C0000F0
1E0001E0
0E0001C0
07000380
03000300
ENDCHAR
STARTCHAR 2195
ENCODING 8597
SWIDTH 600 0
DWIDTH 30 0
BBX 12 29 9 -1
BITMAP
0600
0600
0F00
1F80
3FC0
7FE0
E670
8610
0600
0600
0600
0600
0600
0600
0600
0600
0600
0600
0600
0600
0600
8610
E670
7FE0
3FC0
1F80
0F00
0600
0600
ENDCHAR
STARTCHAR 21A8
ENCODING 8616
SWIDTH 600 0
DWIDTH 30 0
BBX 12 32 9 -4
BITMAP
0600
0600
0F00
1F80
3FC0
7FE0
E670
8610
0600
0600
0600
0600
0600
0600
0600
0600
0600
0600
0600
0600
0600
8610
E670
7FE0
3FC0
1F80
0F00
0600
0600
0000
FFF0
FFF0
ENDCHAR
STARTCHAR 21D4
ENCODING 8660
SWIDTH 600 0
DWIDTH 30 0
BBX 30 11 0 10
BITMAP
03000300
07000380
0E0001C0
1FFFFFE0
7C0000F8
F800007C
780000F8
3FFFFFE0
0FFFFFC0
07000380
03000300
ENDCHAR
STARTCHAR 2202
ENCODING 8706
SWIDTH 600 0
DWIDTH 30 0
BBX 26 37 2 -1
BITMAP
003FC000
00FFF000
01FFFC00
01FFFE00
01FFFF00
01807F00
02003F80
00001F80
00001F80
00000F80
00000FC0
00000FC0
007F0FC0
01FFCFC0
03FFEFC0
0FFFFFC0
0FF0FFC0
1FC07F80
3F803F80
3F001F80
7E001F80
7E001F80
7E003F80
FC003F00
FC003F00
FC003F00
FC007E00
FC007E00
FC00FC00
FC01FC00
FC03F800
FE07F800
7FFFF000
7FFFE000
3FFF8000
0FFF0000
03F80000
ENDCHAR
STARTCHAR 2206
ENCODING 8710
SWIDTH 600 0
DWIDTH 30 0
BBX 30 33 0 0
BITMAP
001FF000
003FF000
003FF000
003FF800
007FF800
007FF800
00FFFC00
00FCFC00
00FCFC00
01FCFE00
01FC7E00
01F87F00
03F87F00
03F83F00
07F03F80
07F03F80
07F01F80
0FE01FC0
0FE01FC0
1FC00FE0
1FC00FE0
1FC00FE0
3F8007F0
3F8007F0
3F8007F0
7F0003F8
7F0003F8
FFFFFFFC
FFFFFFFC
FFFFFFFC
FFFFFFFC
FFFFFFFC
FFFFFFFC
ENDCHAR
STARTCHAR 220F
ENCODING 8719
SWIDTH 600 0
DWIDTH 30 0
BBX 24 44 3 -11
BITMAP
FFFFFF
FFFFFF
FFFFFF
FFFFFF
FFFFFF
FFFFFF
FE003F
FE003F
FE003F
FE003F
FE003F
FE003F
FE003F
FE003F
FE003F
FE003F
FE003F
FE003F
FE003F
FE003F
FE003F
FE003F
FE003F
FE003F
FE003F
FE003F
FE003F
FE003F
FE003F
FE003F
FE003F
FE003F
FE003F
FE003F
FE003F
FE003F
FE003F
FE003F
FE003F
FE003F
FE003F
FE003F
FE003F
FE003F
ENDCHAR
STARTCHAR 2211
ENCODING 8721
SWIDTH 600 0
DWIDTH 30 0
BBX 29 44 1 -11
BITMAP
FFFFFFE0
FFFFFFE0
FFFFFFE0
FFFFFFE0
FFFFFFE0
7FFFFFE0
3FC00000
1FE00000
0FE00000
0FF00000
07F80000
03FC0000
01FE0000
00FE0000
00FF0000
007F8000
003FC000
001FE000
000FE000
000FF000
0007F800
0003FC00
0003F800
0007F800
000FF000
001FE000
001FC000
003F8000
007F8000
00FF0000
01FE0000
03FC0000
03F80000
07F80000
0FF00000
1FE00000
3FC00000
3F800000
7FFFFFF8
FFFFFFF8
FFFFFFF8
FFFFFFF8
FFFFFFF8
FFFFFFF8
ENDCHAR
STARTCHAR 2212
ENCODING 8722
SWIDTH 600 0
DWIDTH 30 0
BBX 26 5 2 14
BITMAP
FFFFFFC0
FFFFFFC0
FFFFFFC0
FFFFFFC0
FFFFFFC0
ENDCHAR
STARTCHAR 2215
ENCODING 8725
SWIDTH 600 0
DWIDTH 30 0
BBX 22 33 4 0
BITMAP
00003C
000078
000078
0000F0
0000F0
0001E0
0001E0
0003C0
000780
000780
000F00
000F00
001E00
001E00
003C00
003C00
007800
007800
00F000
01E000
01E000
03C000
03C000
078000
078000
0F0000
0F0000
1E0000
1E0000
3C0000
780000
780000
F00000
ENDCHAR
STARTCHAR 2219
ENCODING 8729
SWIDTH 600 0
DWIDTH 30 0
BBX 8 7 11 10
BITMAP
FF
FF
FF
FF
FF
FF
FF
ENDCHAR
STARTCHAR 221A
ENCODING 8730
SWIDTH 600 0
DWIDTH 30 0
BBX 28 41 1 -1
BITMAP
000001F0
000001F0
000001E0
000003E0
000003E0
000003C0
000003C0
000007C0
00000780
00000780
00000F80
00000F80
00000F00
00001F00
00001F00
00001E00
00001E00
00003E00
FF003C00
FF803C00
FF807C00
FF807C00
07C07800
07C07800
03C0F800
03E0F000
03E0F000
01E1F000
01F1E000
00F1E000
00F3E000
00FBE000
007BC000
007BC000
007FC000
003F8000
003F8000
003F8000
001F0000
001F0000
001F0000
ENDCHAR
STARTCHAR 221E
ENCODING 8734
SWIDTH 600 0
DWIDTH 30 0
BBX 30 19 0 5
BITMAP
07C00F00
1FF01FC0
3FF87FE0
3FF87FF0
7E3CFFF8
7C1FF0F8
7C1FE0F8
780FC078
F807C078
F807807C
F807807C
780FC078
7C1FC0F8
7C1FE0F8
7E7CF1F8
3FFCFFF0
3FF87FF0
1FF03FE0
07C01F80
ENDCHAR
STARTCHAR 221F
ENCODING 8735
SWIDTH 600 0
DWIDTH 30 0
BBX 28 30 1 0
BITMAP
E0000000
E0000000
E0000000
E0000000
E0000000
E0000000
E0000000
E0000000
E0000000
E0000000
E0000000
E0000000
E0000000
E0000000
E0000000
E0000000
E0000000
E0000000
E0000000
E0000000
E0000000
E0000000
E0000000
E0000000
E0000000
E0000000
E0000000
E0000000
FFFFFFF0
FFFFFFF0
ENDCHAR
STARTCHAR 2229
ENCODING 8745
SWIDTH 600 0
DWIDTH 30 0
BBX 22 25 4 0
BITMAP
00FC00
07FF80
0FFFC0
1E01E0
3800F0
300070
700038
600018
E0001C
E0001C
C0000C
C0000C
C0000C
C0000C
C0000C
C0000C
C0000C
C0000C
C0000C
C0000C
C0000C
C0000C
C0000C
C0000C
C0000C
ENDCHAR
STARTCHAR 222B
ENCODING 8747
SWIDTH 600 0
DWIDTH 30 0
BBX 20 48 5 -11
BITMAP
0007F0
003FF0
007FF0
00FFF0
00FFF0
01FF10
01FC00
01FC00
01FC00
01F800
01F800
01F800
01F800
01F800
01F800
01F800
01F800
01F800
01F800
01F800
01F800
01F800
01F800
01F800
01F800
01F800
01F800
01F800
01F800
01F800
01F800
01F800
01F800
01F800
01F800
01F800
01F800
01F800
01F800
03F800
03F800
03F800
8FF800
FFF000
FFF000
FFE000
FFC000
FE0000
ENDCHAR
STARTCHAR 2248
ENCODING 8776
SWIDTH 600 0
DWIDTH 30 0
BBX 26 19 2 7
BITMAP
1FC00000
7FFC00C0
FFFF83C0
FFFFFFC0
FFFFFFC0
F07FFFC0
C00FFF80
0000FE00
00000000
00000000
00000000
1FE00000
7FFC00C0
FFFF83C0
FFFFFFC0
FFFFFFC0
F07FFFC0
C007FF80
0000FE00
ENDCHAR
STARTCHAR 2260
ENCODING 8800
SWIDTH 600 0
DWIDTH 30 0
BBX 26 31 2 1
BITMAP
00003E00
00007C00
00007C00
0000F800
0001F800
0001F000
FFFFFFC0
FFFFFFC0
FFFFFFC0
FFFFFFC0
FFFFFFC0
000F8000
001F8000
001F0000
003F0000
003E0000
007E0000
007C0000
00FC0000
00F80000
FFFFFFC0
FFFFFFC0
FFFFFFC0
FFFFFFC0
FFFFFFC0
07C00000
07C00000
0F800000
1F800000
1F000000
3F000000
ENDCHAR
STARTCHAR 2261
ENCODING 8801
SWIDTH 600 0
DWIDTH 30 0
BBX 24 21 3 6
BITMAP
FFFFFF
FFFFFF
FFFFFF
FFFFFF
000000
000000
000000
000000
000000
FFFFFF
FFFFFF
FFFFFF
FFFFFF
000000
000000
000000
000000
FFFFFF
FFFFFF
FFFFFF
FFFFFF
ENDCHAR
STARTCHAR 2262
ENCODING 8802
SWIDTH 600 0
DWIDTH 30 0
BBX 24 33 3 0
BITMAP
0000FC
0000F8
0000F8
0001F0
0001F0
0003E0
FFFFFF
FFFFFF
FFFFFF
FFFFFF
000F80
000F80
001F00
001F00
003F00
FFFFFF
FFFFFF
FFFFFF
007C00
00F800
00F800
01F800
01F000
FFFFFF
FFFFFF
FFFFFF
FFFFFF
07C000
0FC000
0F8000
0F8000
1F0000
1F0000
ENDCHAR
STARTCHAR 2264
ENCODING 8804
SWIDTH 600 0
DWIDTH 30 0
BBX 25 32 2 0
BITMAP
00000080
00000780
00003F80
0001FF80
000FFF80
007FFF80
03FFFC00
1FFFF000
FFFF8000
FFFC0000
FFE00000
FF000000
F8000000
FF000000
FFE00000
FFFC0000
FFFF8000
1FFFF000
03FFFE00
007FFF80
000FFF80
0001FF80
00003F80
00000780
00000080
00000000
00000000
FFFFFF80
FFFFFF80
FFFFFF80
FFFFFF80
FFFFFF80
ENDCHAR
STARTCHAR 2265
ENCODING 8805
SWIDTH 600 0
DWIDTH 30 0
BBX 25 32 3 0
BITMAP
80000000
F0000000
FE000000
FFC00000
FFF80000
FFFF0000
3FFFE000
07FFFC00
00FFFF80
001FFF80
0003FF80
00007F80
00000F80
00007F80
0003FF80
001FFF80
00FFFF80
07FFFC00
3FFFE000
FFFF0000
FFF80000
FFC00000
FE000000
F0000000
80000000
00000000
00000000
FFFFFF80
FFFFFF80
FFFFFF80
FFFFFF80
FFFFFF80
ENDCHAR
STARTCHAR 2302
ENCODING 8962
SWIDTH 600 0
DWIDTH 30 0
BBX 24 26 3 0
BITMAP
001800
003C00
007E00
00E700
01C380
0381C0
0700E0
0E0070
1C0038
38001C
70000E
E00007
C00003
C00003
C00003
C00003
C00003
C00003
C00003
C00003
C00003
C00003
C00003
C00003
FFFFFF
FFFFFF
ENDCHAR
STARTCHAR 2310
ENCODING 8976
SWIDTH 600 0
DWIDTH 30 0
BBX 24 14 3 4
BITMAP
FFFFFF
FFFFFF
FFFFFF
FFFFFF
E00000
E00000
E00000
E00000
E00000
E00000
E00000
E00000
E00000
E00000
ENDCHAR
STARTCHAR 2320
ENCODING 8992
SWIDTH 600 0
DWIDTH 30 0
BBX 12 57 13 -15
BITMAP
07C0
0FF0
19F0
30F0
30E0
7000
7000
7000
F000
F000
F000
F000
F000
F000
F000
F000
F000
F000
F000
F000
F000
F000
F000
F000
F000
F000
F000
F000
F000
F000
F000
F000
F000
F000
F000
F000
F000
F000
F000
F000
F000
F000
F000
F000
F000
F000
F000
F000
F000
F000
F000
F000
F000
F000
F000
F000
F000
ENDCHAR
STARTCHAR 2321
ENCODING 8993
SWIDTH 600 0
DWIDTH 30 0
BBX 12 57 5 -15
BITMAP
00F0
00F0
00F0
00F0
00F0
00F0
00F0
00F0
00F0
00F0
00F0
00F0
00F0
00F0
00F0
00F0
00F0
00F0
00F0
00F0
00F0
00F0
00F0
00F0
00F0
00F0
00F0
00F0
00F0
00F0
00F0
00F0
00F0
00F0
00F0
00F0
00F0
00F0
00F0
00F0
00F0
00F0
00F0
00F0
00F0
00F0
00F0
00F0
00F0
00E0
00E0
00E0
70C0
F0C0
F980
FF00
3E00
ENDCHAR
STARTCHAR 2500
ENCODING 9472
SWIDTH 600 0
DWIDTH 30 0
BBX 30 4 0 13
BITMAP
FFFFFFFC
FFFFFFFC
FFFFFFFC
FFFFFFFC
ENDCHAR
STARTCHAR 2502
ENCODING 9474
SWIDTH 600 0
DWIDTH 30 0
BBX 4 57 13 -15
BITMAP
F0
F0
F0
F0
F0
F0
F0
F0
F0
F0
F0
F0
F0
F0
F0
F0
F0
F0
F0
F0
F0
F0
F0
F0
F0
F0
F0
F0
F0
F0
F0
F0
F0
F0
F0
F0
F0
F0
F0
F0
F0
F0
F0
F0
F0
F0
F0
F0
F0
F0
F0
F0
F0
F0
F0
F0
F0
ENDCHAR
STARTCHAR 250C
ENCODING 9484
SWIDTH 600 0
DWIDTH 30 0
BBX 17 32 13 -15
BITMAP
FFFF80
FFFF80
FFFF80
FFFF80
F00000
F00000
F00000
F00000
F00000
F00000
F00000
F00000
F00000
F00000
F00000
F00000
F00000
F00000
F00000
F00000
F00000
F00000
F00000
F00000
F00000
F00000
F00000
F00000
F00000
F00000
F00000
F00000
ENDCHAR
STARTCHAR 2510
ENCODING 9488
SWIDTH 600 0
DWIDTH 30 0
BBX 17 32 0 -15
BITMAP
FFFF80
FFFF80
FFFF80
FFFF80
000780
000780
000780
000780
000780
000780
000780
000780
000780
000780
000780
000780
000780
000780
000780
000780
000780
000780
000780
000780
000780
000780
000780
000780
000780
000780
000780
000780
ENDCHAR
STARTCHAR 2514
ENCODING 9492
SWIDTH 600 0
DWIDTH 30 0
BBX 17 29 13 13
BITMAP
F00000
F00000
F00000
F00000
F00000
F00000
F00000
F00000
F00000
F00000
F00000
F00000
F00000
F00000
F00000
F00000
F00000
F00000
F00000
F00000
F00000
F00000
F00000
F00000
F00000
FFFF80
FFFF80
FFFF80
FFFF80
ENDCHAR
STARTCHAR 2518
ENCODING 9496
SWIDTH 600 0
DWIDTH 30 0
BBX 17 29 0 13
BITMAP
000780
000780
000780
000780
000780
000780
000780
000780
000780
000780
000780
000780
000780
000780
000780
000780
000780
000780
000780
000780
000780
000780
000780
000780
000780
FFFF80
FFFF80
FFFF80
FFFF80
ENDCHAR
STARTCHAR 251C
ENCODING 9500
SWIDTH 600 0
DWIDTH 30 0
BBX 17 57 13 -15
BITMAP
F00000
F00000
F00000
F00000
F00000
F00000
F00000
F00000
F00000
F00000
F00000
F00000
F00000
F00000
F00000
F00000
F00000
F00000
F00000
F00000
F00000
F00000
F00000
F00000
F00000
FFFF80
FFFF80
FFFF80
FFFF80
F00000
F00000
F00000
F00000
F00000
F00000
F00000
F00000
F00000
F00000
F00000
F00000
F00000
F00000
F00000
F00000
F00000
F00000
F00000
F00000
F00000
F00000
F00000
F00000
F00000
F00000
F00000
F00000
ENDCHAR
STARTCHAR 2524
ENCODING 9508
SWIDTH 600 0
DWIDTH 30 0
BBX 17 57 0 -15
BITMAP
000780
000780
000780
000780
000780
000780
000780
000780
000780
000780
000780
000780
000780
000780
000780
000780
000780
000780
000780
000780
000780
000780
000780
000780
000780
FFFF80
FFFF80
FFFF80
FFFF80
000780
000780
000780
000780
000780
000780
000780
000780
000780
000780
000780
000780
000780
000780
000780
000780
000780
000780
000780
000780
000780
000780
000780
000780
000780
000780
000780
000780
ENDCHAR
STARTCHAR 252C
ENCODING 9516
SWIDTH 600 0
DWIDTH 30 0
BBX 30 32 0 -15
BITMAP
FFFFFFFC
FFFFFFFC
FFFFFFFC
FFFFFFFC
00078000
00078000
00078000
00078000
00078000
00078000
00078000
00078000
00078000
00078000
00078000
00078000
00078000
00078000
00078000
00078000
00078000
00078000
00078000
00078000
00078000
00078000
00078000
00078000
00078000
00078000
00078000
00078000
ENDCHAR
STARTCHAR 2534
ENCODING 9524
SWIDTH 600 0
DWIDTH 30 0
BBX 30 29 0 13
BITMAP
00078000
00078000
00078000
00078000
00078000
00078000
00078000
00078000
00078000
00078000
00078000
00078000
00078000
00078000
00078000
00078000
00078000
00078000
00078000
00078000
00078000
00078000
00078000
00078000
00078000
FFFFFFFC
FFFFFFFC
FFFFFFFC
FFFFFFFC
ENDCHAR
STARTCHAR 253C
ENCODING 9532
SWIDTH 600 0
DWIDTH 30 0
BBX 30 57 0 -15
BITMAP
00078000
00078000
00078000
00078000
00078000
00078000
00078000
00078000
00078000
00078000
00078000
00078000
00078000
00078000
00078000
00078000
00078000
00078000
00078000
00078000
00078000
00078000
00078000
00078000
00078000
FFFFFFFC
FFFFFFFC
FFFFFFFC
FFFFFFFC
00078000
00078000
00078000
00078000
00078000
00078000
00078000
00078000
00078000
00078000
00078000
00078000
00078000
00078000
00078000
00078000
00078000
00078000
00078000
00078000
00078000
00078000
00078000
00078000
00078000
00078000
00078000
00078000
ENDCHAR
STARTCHAR 2550
ENCODING 9552
SWIDTH 600 0
DWIDTH 30 0
BBX 30 12 0 9
BITMAP
FFFFFFFC
FFFFFFFC
FFFFFFFC
FFFFFFFC
00000000
00000000
00000000
00000000
FFFFFFFC
FFFFFFFC
FFFFFFFC
FFFFFFFC
ENDCHAR
STARTCHAR 2551
ENCODING 9553
SWIDTH 600 0
DWIDTH 30 0
BBX 12 57 9 -15
BITMAP
E070
E070
E070
E070
E070
E070
E070
E070
E070
E070
E070
E070
E070
E070
E070
E070
E070
E070
E070
E070
E070
E070
E070
E070
E070
E070
E070
E070
E070
E070
E070
E070
E070
E070
E070
E070
E070
E070
E070
E070
E070
E070
E070
E070
E070
E070
E070
E070
E070
E070
E070
E070
E070
E070
E070
E070
E070
ENDCHAR
STARTCHAR 2552
ENCODING 9554
SWIDTH 600 0
DWIDTH 30 0
BBX 17 36 13 -15
BITMAP
FFFF80
FFFF80
FFFF80
FFFF80
F00000
F00000
F00000
F00000
FFFF80
FFFF80
FFFF80
FFFF80
F00000
F00000
F00000
F00000
F00000
F00000
F00000
F00000
F00000
F00000
F00000
F00000
F00000
F00000
F00000
F00000
F00000
F00000
F00000
F00000
F00000
F00000
F00000
F00000
ENDCHAR
STARTCHAR 2553
ENCODING 9555
SWIDTH 600 0
DWIDTH 30 0
BBX 21 32 9 -15
BITMAP
FFFFF8
FFFFF8
FFFFF8
FFFFF8
E07000
E07000
E07000
E07000
E07000
E07000
E07000
E07000
E07000
E07000
E07000
E07000
E07000
E07000
E07000
E07000
E07000
E07000
E07000
E07000
E07000
E07000
E07000
E07000
E07000
E07000
E07000
E07000
ENDCHAR
STARTCHAR 2554
ENCODING 9556
SWIDTH 600 0
DWIDTH 30 0
BBX 21 36 9 -15
BITMAP
FFFFF8
FFFFF8
FFFFF8
FFFFF8
E00000
E00000
E00000
E00000
E07FF8
E07FF8
E07FF8
E07FF8
E07000
E07000
E07000
E07000
E07000
E07000
E07000
E07000
E07000
E07000
E07000
E07000
E07000
E07000
E07000
E07000
E07000
E07000
E07000
E07000
E07000
E07000
E07000
E07000
ENDCHAR
STARTCHAR 2555
ENCODING 9557
SWIDTH 600 0
DWIDTH 30 0
BBX 17 36 0 -15
BITMAP
FFFF80
FFFF80
FFFF80
FFFF80
000780
000780
000780
000780
FFFF80
FFFF80
FFFF80
FFFF80
000780
000780
000780
000780
000780
000780
000780
000780
000780
000780
000780
000780
000780
000780
000780
000780
000780
000780
000780
000780
000780
000780
000780
000780
ENDCHAR
STARTCHAR 2556
ENCODING 9558
SWIDTH 600 0
DWIDTH 30 0
BBX 21 32 0 -15
BITMAP
FFFFF8
FFFFF8
FFFFF8
FFFFF8
007038
007038
007038
007038
007038
007038
007038
007038
007038
007038
007038
007038
007038
007038
007038
007038
007038
007038
007038
007038
007038
007038
007038
007038
007038
007038
007038
007038
ENDCHAR
STARTCHAR 2557
ENCODING 9559
SWIDTH 600 0
DWIDTH 30 0
BBX 21 36 0 -15
BITMAP
FFFFF8
FFFFF8
FFFFF8
FFFFF8
000038
000038
000038
000038
FFF038
FFF038
FFF038
FFF038
007038
007038
007038
007038
007038
007038
007038
007038
007038
007038
007038
007038
007038
007038
007038
007038
007038
007038
007038
007038
007038
007038
007038
007038
ENDCHAR
STARTCHAR 2558
ENCODING 9560
SWIDTH 600 0
DWIDTH 30 0
BBX 17 33 13 9
BITMAP
F00000
F00000
F00000
F00000
F00000
F00000
F00000
F00000
F00000
F00000
F00000
F00000
F00000
F00000
F00000
F00000
F00000
F00000
F00000
F00000
F00000
FFFF80
FFFF80
FFFF80
FFFF80
F00000
F00000
F00000
F00000
FFFF80
FFFF80
FFFF80
FFFF80
ENDCHAR
STARTCHAR 2559
ENCODING 9561
SWIDTH 600 0
DWIDTH 30 0
BBX 21 29 9 13
BITMAP
E07000
E07000
E07000
E07000
E07000
E07000
E07000
E07000
E07000
E07000
E07000
E07000
E07000
E07000
E07000
E07000
E07000
E07000
E07000
E07000
E07000
E07000
E07000
E07000
E07000
FFFFF8
FFFFF8
FFFFF8
FFFFF8
ENDCHAR
STARTCHAR 255A
ENCODING 9562
SWIDTH 600 0
DWIDTH 30 0
BBX 21 33 9 9
BITMAP
E07000
E07000
E07000
E07000
E07000
E07000
E07000
E07000
E07000
E07000
E07000
E07000
E07000
E07000
E07000
E07000
E07000
E07000
E07000
E07000
E07000
E07FF8
E07FF8
E07FF8
E07FF8
E00000
E00000
E00000
E00000
FFFFF8
FFFFF8
FFFFF8
FFFFF8
ENDCHAR
STARTCHAR 255B
ENCODING 9563
SWIDTH 600 0
DWIDTH 30 0
BBX 17 33 0 9
BITMAP
000780
000780
000780
000780
000780
000780
000780
000780
000780
000780
000780
000780
000780
000780
000780
000780
000780
000780
000780
000780
000780
FFFF80
FFFF80
FFFF80
FFFF80
000780
000780
000780
000780
FFFF80
FFFF80
FFFF80
FFFF80
ENDCHAR
STARTCHAR 255C
ENCODING 9564
SWIDTH 600 0
DWIDTH 30 0
BBX 21 29 0 13
BITMAP
007038
007038
007038
007038
007038
007038
007038
007038
007038
007038
007038
007038
007038
007038
007038
007038
007038
007038
007038
007038
007038
007038
007038
007038
007038
FFFFF8
FFFFF8
FFFFF8
FFFFF8
ENDCHAR
STARTCHAR 255D
ENCODING 9565
SWIDTH 600 0
DWIDTH 30 0
BBX 21 33 0 9
BITMAP
007038
007038
007038
007038
007038
007038
007038
007038
007038
007038
007038
007038
007038
007038
007038
007038
007038
007038
007038
007038
007038
FFF038
FFF038
FFF038
FFF038
000038
000038
000038
000038
FFFFF8
FFFFF8
FFFFF8
FFFFF8
ENDCHAR
STARTCHAR 255E
ENCODING 9566
SWIDTH 600 0
DWIDTH 30 0
BBX 17 57 13 -15
BITMAP
F00000
F00000
F00000
F00000
F00000
F00000
F00000
F00000
F00000
F00000
F00000
F00000
F00000
F00000
F00000
F00000
F00000
F00000
F00000
F00000
F00000
FFFF80
FFFF80
FFFF80
FFFF80
F00000
F00000
F00000
F00000
FFFF80
FFFF80
FFFF80
FFFF80
F00000
F00000
F00000
F00000
F00000
F00000
F00000
F00000
F00000
F00000
F00000
F00000
F00000
F00000
F00000
F00000
F00000
F00000
F00000
F00000
F00000
F00000
F00000
F00000
ENDCHAR
STARTCHAR 255F
ENCODING 9567
SWIDTH 600 0
DWIDTH 30 0
BBX 21 57 9 -15
BITMAP
E07000
E07000
E07000
E07000
E07000
E07000
E07000
E07000
E07000
E07000
E07000
E07000
E07000
E07000
E07000
E07000
E07000
E07000
E07000
E07000
E07000
E07000
E07000
E07000
E07000
E07FF8
E07FF8
E07FF8
E07FF8
E07000
E07000
E07000
E07000
E07000
E07000
E07000
E07000
E07000
E07000
E07000
E07000
E07000
E07000
E07000
E07000
E07000
E07000
E07000
E07000
E07000
E07000
E07000
E07000
E07000
E07000
E07000
E07000
ENDCHAR
STARTCHAR 2560
ENCODING 9568
SWIDTH 600 0
DWIDTH 30 0
BBX 21 57 9 -15
BITMAP
E07000
E07000
E07000
E07000
E07000
E07000
E07000
E07000
E07000
E07000
E07000
E07000
E07000
E07000
E07000
E07000
E07000
E07000
E07000
E07000
E07000
E07FF8
E07FF8
E07FF8
E07FF8
E00000
E00000
E00000
E00000
E07FF8
E07FF8
E07FF8
E07FF8
E07000
E07000
E07000
E07000
E07000
E07000
E07000
E07000
E07000
E07000
E07000
E07000
E07000
E07000
E07000
E07000
E07000
E07000
E07000
E07000
E07000
E07000
E07000
E07000
ENDCHAR
STARTCHAR 2561
ENCODING 9569
SWIDTH 600 0
DWIDTH 30 0
BBX 17 57 0 -15
BITMAP
000780
000780
000780
000780
000780
000780
000780
000780
000780
000780
000780
000780
000780
000780
000780
000780
000780
000780
000780
000780
000780
FFFF80
FFFF80
FFFF80
FFFF80
000780
000780
000780
000780
FFFF80
FFFF80
FFFF80
FFFF80
000780
000780
000780
000780
000780
000780
000780
000780
000780
000780
000780
000780
000780
000780
000780
000780
000780
000780
000780
000780
000780
000780
000780
000780
ENDCHAR
STARTCHAR 2562
ENCODING 9570
SWIDTH 600 0
DWIDTH 30 0
BBX 21 57 0 -15
BITMAP
007038
007038
007038
007038
007038
007038
007038
007038
007038
007038
007038
007038
007038
007038
007038
007038
007038
007038
007038
007038
007038
007038
007038
007038
007038
FFF038
FFF038
FFF038
FFF038
007038
007038
007038
007038
007038
007038
007038
007038
007038
007038
007038
007038
007038
007038
007038
007038
007038
007038
007038
007038
007038
007038
007038
007038
007038
007038
007038
007038
ENDCHAR
STARTCHAR 2563
ENCODING 9571
SWIDTH 600 0
DWIDTH 30 0
BBX 21 57 0 -15
BITMAP
007038
007038
007038
007038
007038
007038
007038
007038
007038
007038
007038
007038
007038
007038
007038
007038
007038
007038
007038
007038
007038
FFF038
FFF038
FFF038
FFF038
000038
000038
000038
000038
FFF038
FFF038
FFF038
FFF038
007038
007038
007038
007038
007038
007038
007038
007038
007038
007038
007038
007038
007038
007038
007038
007038
007038
007038
007038
007038
007038
007038
007038
007038
ENDCHAR
STARTCHAR 2564
ENCODING 9572
SWIDTH 600 0
DWIDTH 30 0
BBX 30 36 0 -15
BITMAP
FFFFFFFC
FFFFFFFC
FFFFFFFC
FFFFFFFC
00000000
00000000
00000000
00000000
FFFFFFFC
FFFFFFFC
FFFFFFFC
FFFFFFFC
00078000
00078000
00078000
00078000
00078000
00078000
00078000
00078000
00078000
00078000
00078000
00078000
00078000
00078000
00078000
00078000
00078000
00078000
00078000
00078000
00078000
00078000
00078000
00078000
ENDCHAR
STARTCHAR 2565
ENCODING 9573
SWIDTH 600 0
DWIDTH 30 0
BBX 30 32 0 -15
BITMAP
FFFFFFFC
FFFFFFFC
FFFFFFFC
FFFFFFFC
00703800
00703800
00703800
00703800
00703800
00703800
00703800
00703800
00703800
00703800
00703800
00703800
00703800
00703800
00703800
00703800
00703800
00703800
00703800
00703800
00703800
00703800
00703800
00703800
00703800
00703800
00703800
00703800
ENDCHAR
STARTCHAR 2566
ENCODING 9574
SWIDTH 600 0
DWIDTH 30 0
BBX 30 36 0 -15
BITMAP
FFFFFFFC
FFFFFFFC
FFFFFFFC
FFFFFFFC
00000000
00000000
00000000
00000000
FFF03FFC
FFF03FFC
FFF03FFC
FFF03FFC
00703800
00703800
00703800
00703800
00703800
00703800
00703800
00703800
00703800
00703800
00703800
00703800
00703800
00703800
00703800
00703800
00703800
00703800
00703800
00703800
00703800
00703800
00703800
00703800
ENDCHAR
STARTCHAR 2567
ENCODING 9575
SWIDTH 600 0
DWIDTH 30 0
BBX 30 33 0 9
BITMAP
00078000
00078000
00078000
00078000
00078000
00078000
00078000
00078000
00078000
00078000
00078000
00078000
00078000
00078000
00078000
00078000
00078000
00078000
00078000
00078000
00078000
FFFFFFFC
FFFFFFFC
FFFFFFFC
FFFFFFFC
00000000
00000000
00000000
00000000
FFFFFFFC
FFFFFFFC
FFFFFFFC
FFFFFFFC
ENDCHAR
STARTCHAR 2568
ENCODING 9576
SWIDTH 600 0
DWIDTH 30 0
BBX 30 29 0 13
BITMAP
00703800
00703800
00703800
00703800
00703800
00703800
00703800
00703800
00703800
00703800
00703800
00703800
00703800
00703800
00703800
00703800
00703800
00703800
00703800
00703800
00703800
00703800
00703800
00703800
00703800
FFFFFFFC
FFFFFFFC
FFFFFFFC
FFFFFFFC
ENDCHAR
STARTCHAR 2569
ENCODING 9577
SWIDTH 600 0
DWIDTH 30 0
BBX 30 33 0 9
BITMAP
00703800
00703800
00703800
00703800
00703800
00703800
00703800
00703800
00703800
00703800
00703800
00703800
00703800
00703800
00703800
00703800
00703800
00703800
00703800
00703800
00703800
FFF03FFC
FFF03FFC
FFF03FFC
FFF03FFC
00000000
00000000
00000000
00000000
FFFFFFFC
FFFFFFFC
FFFFFFFC
FFFFFFFC
ENDCHAR
STARTCHAR 256A
ENCODING 9578
SWIDTH 600 0
DWIDTH 30 0
BBX 30 57 0 -15
BITMAP
00078000
00078000
00078000
00078000
00078000
00078000
00078000
00078000
00078000
00078000
00078000
00078000
00078000
00078000
00078000
00078000
00078000
00078000
00078000
00078000
00078000
FFFFFFFC
FFFFFFFC
FFFFFFFC
FFFFFFFC
00078000
00078000
00078000
00078000
FFFFFFFC
FFFFFFFC
FFFFFFFC
FFFFFFFC
00078000
00078000
00078000
00078000
00078000
00078000
00078000
00078000
00078000
00078000
00078000
00078000
00078000
00078000
00078000
00078000
00078000
00078000
00078000
00078000
00078000
00078000
00078000
00078000
ENDCHAR
STARTCHAR 256B
ENCODING 9579
SWIDTH 600 0
DWIDTH 30 0
BBX 30 57 0 -15
BITMAP
00703800
00703800
00703800
00703800
00703800
00703800
00703800
00703800
00703800
00703800
00703800
00703800
00703800
00703800
00703800
00703800
00703800
00703800
00703800
00703800
00703800
00703800
00703800
00703800
00703800
FFFFFFFC
FFFFFFFC
FFFFFFFC
FFFFFFFC
00703800
00703800
00703800
00703800
00703800
00703800
00703800
00703800
00703800
00703800
00703800
00703800
00703800
00703800
00703800
00703800
00703800
00703800
00703800
00703800
00703800
00703800
00703800
00703800
00703800
00703800
00703800
00703800
ENDCHAR
STARTCHAR 256C
ENCODING 9580
SWIDTH 600 0
DWIDTH 30 0
BBX 30 57 0 -15
BITMAP
00703800
00703800
00703800
00703800
00703800
00703800
00703800
00703800
00703800
00703800
00703800
00703800
00703800
00703800
00703800
00703800
00703800
00703800
00703800
00703800
00703800
FFF03FFC
FFF03FFC
FFF03FFC
FFF03FFC
00000000
00000000
00000000
00000000
FFF03FFC
FFF03FFC
FFF03FFC
FFF03FFC
00703800
00703800
00703800
00703800
00703800
00703800
00703800
00703800
00703800
00703800
00703800
00703800
00703800
00703800
00703800
00703800
00703800
00703800
00703800
00703800
00703800
00703800
00703800
00703800
ENDCHAR
STARTCHAR 2580
ENCODING 9600
SWIDTH 600 0
DWIDTH 30 0
BBX 30 27 0 15
BITMAP
FFFFFFFC
FFFFFFFC
FFFFFFFC
FFFFFFFC
FFFFFFFC
FFFFFFFC
FFFFFFFC
FFFFFFFC
FFFFFFFC
FFFFFFFC
FFFFFFFC
FFFFFFFC
FFFFFFFC
FFFFFFFC
FFFFFFFC
FFFFFFFC
FFFFFFFC
FFFFFFFC
FFFFFFFC
FFFFFFFC
FFFFFFFC
FFFFFFFC
FFFFFFFC
FFFFFFFC
FFFFFFFC
FFFFFFFC
FFFFFFFC
ENDCHAR
STARTCHAR 2584
ENCODING 9604
SWIDTH 600 0
DWIDTH 30 0
BBX 30 30 0 -15
BITMAP
FFFFFFFC
FFFFFFFC
FFFFFFFC
FFFFFFFC
FFFFFFFC
FFFFFFFC
FFFFFFFC
FFFFFFFC
FFFFFFFC
FFFFFFFC
FFFFFFFC
FFFFFFFC
FFFFFFFC
FFFFFFFC
FFFFFFFC
FFFFFFFC
FFFFFFFC
FFFFFFFC
FFFFFFFC
FFFFFFFC
FFFFFFFC
FFFFFFFC
FFFFFFFC
FFFFFFFC
FFFFFFFC
FFFFFFFC
FFFFFFFC
FFFFFFFC
FFFFFFFC
FFFFFFFC
ENDCHAR
STARTCHAR 2588
ENCODING 9608
SWIDTH 600 0
DWIDTH 30 0
BBX 30 57 0 -15
BITMAP
FFFFFFFC
FFFFFFFC
FFFFFFFC
FFFFFFFC
FFFFFFFC
FFFFFFFC
FFFFFFFC
FFFFFFFC
FFFFFFFC
FFFFFFFC
FFFFFFFC
FFFFFFFC
FFFFFFFC
FFFFFFFC
FFFFFFFC
FFFFFFFC
FFFFFFFC
FFFFFFFC
FFFFFFFC
FFFFFFFC
FFFFFFFC
FFFFFFFC
FFFFFFFC
FFFFFFFC
FFFFFFFC
FFFFFFFC
FFFFFFFC
FFFFFFFC
FFFFFFFC
FFFFFFFC
FFFFFFFC
FFFFFFFC
FFFFFFFC
FFFFFFFC
FFFFFFFC
FFFFFFFC
FFFFFFFC
FFFFFFFC
FFFFFFFC
FFFFFFFC
FFFFFFFC
FFFFFFFC
FFFFFFFC
FFFFFFFC
FFFFFFFC
FFFFFFFC
FFFFFFFC
FFFFFFFC
FFFFFFFC
FFFFFFFC
FFFFFFFC
FFFFFFFC
FFFFFFFC
FFFFFFFC
FFFFFFFC
FFFFFFFC
FFFFFFFC
ENDCHAR
STARTCHAR 258C
ENCODING 9612
SWIDTH 600 0
DWIDTH 30 0
BBX 15 57 0 -15
BITMAP
FFFE
FFFE
FFFE
FFFE
FFFE
FFFE
FFFE
FFFE
FFFE
FFFE
FFFE
FFFE
FFFE
FFFE
FFFE
FFFE
FFFE
FFFE
FFFE
FFFE
FFFE
FFFE
FFFE
FFFE
FFFE
FFFE
FFFE
FFFE
FFFE
FFFE
FFFE
FFFE
FFFE
FFFE
FFFE
FFFE
FFFE
FFFE
FFFE
FFFE
FFFE
FFFE
FFFE
FFFE
FFFE
FFFE
FFFE
FFFE
FFFE
FFFE
FFFE
FFFE
FFFE
FFFE
FFFE
FFFE
FFFE
ENDCHAR
STARTCHAR 2590
ENCODING 9616
SWIDTH 600 0
DWIDTH 30 0
BBX 15 57 15 -15
BITMAP
FFFE
FFFE
FFFE
FFFE
FFFE
FFFE
FFFE
FFFE
FFFE
FFFE
FFFE
FFFE
FFFE
FFFE
FFFE
FFFE
FFFE
FFFE
FFFE
FFFE
FFFE
FFFE
FFFE
FFFE
FFFE
FFFE
FFFE
FFFE
FFFE
FFFE
FFFE
FFFE
FFFE
FFFE
FFFE
FFFE
FFFE
FFFE
FFFE
FFFE
FFFE
FFFE
FFFE
FFFE
FFFE
FFFE
FFFE
FFFE
FFFE
FFFE
FFFE
FFFE
FFFE
FFFE
FFFE
FFFE
FFFE
ENDCHAR
STARTCHAR 2591
ENCODING 9617
SWIDTH 600 0
DWIDTH 30 0
BBX 28 55 0 -13
BITMAP
E0380E00
E0380E00
00000000
00000000
00000000
0701C070
0701C070
00000000
00000000
00000000
E0380E00
E0380E00
00000000
00000000
0701C070
0701C070
00000000
00000000
00000000
E0380E00
E0380E00
00000000
00000000
00000000
0701C070
0701C070
00000000
00000000
00000000
E0380E00
E0380E00
00000000
00000000
00000000
0701C070
0701C070
00000000
00000000
E0380E00
E0380E00
00000000
00000000
00000000
0701C070
0701C070
00000000
00000000
00000000
E0380E00
E0380E00
00000000
00000000
00000000
0701C070
0701C070
ENDCHAR
STARTCHAR 2592
ENCODING 9618
SWIDTH 600 0
DWIDTH 30 0
BBX 30 55 0 -13
BITMAP
39CE718C
39CE718C
00000000
00000000
00000000
C739CE70
C739CE70
00000000
00000000
00000000
39CE718C
39CE718C
00000000
00000000
C739CE70
C739CE70
00000000
00000000
00000000
39CE718C
39CE718C
00000000
00000000
00000000
C739CE70
C739CE70
00000000
00000000
00000000
39CE718C
39CE718C
00000000
00000000
00000000
C739CE70
C739CE70
00000000
00000000
39CE718C
39CE718C
00000000
00000000
00000000
C739CE70
C739CE70
00000000
00000000
00000000
39CE718C
39CE718C
00000000
00000000
00000000
C739CE70
C739CE70
ENDCHAR
STARTCHAR 2593
ENCODING 9619
SWIDTH 600 0
DWIDTH 30 0
BBX 30 56 0 -15
BITMAP
39CE718C
39CE718C
FFFFFFFC
FFFFFFFC
C739CE70
C739CE70
C739CE70
FFFFFFFC
FFFFFFFC
39CE718C
39CE718C
FFFFFFFC
FFFFFFFC
C739CE70
C739CE70
C739CE70
FFFFFFFC
FFFFFFFC
39CE718C
39CE718C
39CE718C
FFFFFFFC
FFFFFFFC
C739CE70
C739CE70
FFFFFFFC
FFFFFFFC
39CE718C
39CE718C
39CE718C
FFFFFFFC
FFFFFFFC
C739CE70
C739CE70
C739CE70
FFFFFFFC
FFFFFFFC
39CE718C
39CE718C
39CE718C
FFFFFFFC
FFFFFFFC
C739CE70
C739CE70
FFFFFFFC
FFFFFFFC
39CE718C
39CE718C
39CE718C
FFFFFFFC
FFFFFFFC
C739CE70
C739CE70
C739CE70
FFFFFFFC
FFFFFFFC
ENDCHAR
STARTCHAR 25A0
ENCODING 9632
SWIDTH 600 0
DWIDTH 30 0
BBX 24 24 3 3
BITMAP
FFFFFF
FFFFFF
FFFFFF
FFFFFF
FFFFFF
FFFFFF
FFFFFF
FFFFFF
FFFFFF
FFFFFF
FFFFFF
FFFFFF
FFFFFF
FFFFFF
FFFFFF
FFFFFF
FFFFFF
FFFFFF
FFFFFF
FFFFFF
FFFFFF
FFFFFF
FFFFFF
FFFFFF
ENDCHAR
STARTCHAR 25A1
ENCODING 9633
SWIDTH 600 0
DWIDTH 30 0
BBX 30 30 0 0
BITMAP
FFFFFFFC
FFFFFFFC
C000000C
C000000C
C000000C
C000000C
C000000C
C000000C
C000000C
C000000C
C000000C
C000000C
C000000C
C000000C
C000000C
C000000C
C000000C
C000000C
C000000C
C000000C
C000000C
C000000C
C000000C
C000000C
C000000C
C000000C
C000000C
C000000C
FFFFFFFC
FFFFFFFC
ENDCHAR
STARTCHAR 25AA
ENCODING 9642
SWIDTH 600 0
DWIDTH 30 0
BBX 12 12 9 10
BITMAP
FFF0
FFF0
FFF0
FFF0
FFF0
FFF0
FFF0
FFF0
FFF0
FFF0
FFF0
FFF0
ENDCHAR
STARTCHAR 25AB
ENCODING 9643
SWIDTH 600 0
DWIDTH 30 0
BBX 12 12 9 10
BITMAP
FFF0
FFF0
C030
C030
C030
C030
C030
C030
C030
C030
FFF0
FFF0
ENDCHAR
STARTCHAR 25AC
ENCODING 9644
SWIDTH 600 0
DWIDTH 30 0
BBX 30 11 0 2
BITMAP
FFFFFFFC
FFFFFFFC
FFFFFFFC
FFFFFFFC
FFFFFFFC
FFFFFFFC
FFFFFFFC
FFFFFFFC
FFFFFFFC
FFFFFFFC
FFFFFFFC
ENDCHAR
STARTCHAR 25B2
ENCODING 9650
SWIDTH 600 0
DWIDTH 30 0
BBX 28 28 1 1
BITMAP
00020000
00060000
00060000
000F0000
000F0000
001F8000
001F8000
003FC000
003FC000
007FE000
007FF000
00FFF000
01FFF800
01FFF800
03FFFC00
03FFFC00
07FFFE00
07FFFE00
0FFFFF00
0FFFFF00
1FFFFF80
1FFFFF80
3FFFFFC0
3FFFFFC0
7FFFFFE0
7FFFFFE0
FFFFFFF0
FFFFFFF0
ENDCHAR
STARTCHAR 25BA
ENCODING 9658
SWIDTH 600 0
DWIDTH 30 0
BBX 28 30 1 -1
BITMAP
80000000
E0000000
F8000000
FE000000
FF800000
FFE00000
FFF80000
FFFE0000
FFFF8000
FFFFC000
FFFFF000
FFFFFC00
FFFFFF00
FFFFFFC0
FFFFFFF0
FFFFFFF0
FFFFFFC0
FFFFFF00
FFFFFC00
FFFFF000
FFFFC000
FFFF8000
FFFE0000
FFF80000
FFE00000
FF800000
FE000000
F8000000
E0000000
80000000
ENDCHAR
STARTCHAR 25BC
ENCODING 9660
SWIDTH 600 0
DWIDTH 30 0
BBX 28 28 1 -1
BITMAP
FFFFFFF0
FFFFFFF0
7FFFFFE0
7FFFFFE0
3FFFFFC0
3FFFFFC0
1FFFFF80
1FFFFF80
0FFFFF00
0FFFFF00
07FFFE00
07FFFE00
03FFFC00
03FFFC00
01FFF800
01FFF800
00FFF000
007FE000
007FE000
003FC000
003FC000
001F8000
001F8000
000F0000
000F0000
00060000
00060000
00020000
ENDCHAR
STARTCHAR 25C4
ENCODING 9668
SWIDTH 600 0
DWIDTH 30 0
BBX 28 30 1 -1
BITMAP
00000010
00000070
000001F0
000007F0
00001FF0
00007FF0
0001FFF0
0007FFF0
001FFFF0
003FFFF0
00FFFFF0
03FFFFF0
0FFFFFF0
3FFFFFF0
FFFFFFF0
FFFFFFF0
3FFFFFF0
0FFFFFF0
03FFFFF0
00FFFFF0
003FFFF0
001FFFF0
0007FFF0
0001FFF0
00007FF0
00001FF0
000007F0
000001F0
00000070
00000010
ENDCHAR
STARTCHAR 25CA
ENCODING 9674
SWIDTH 600 0
DWIDTH 30 0
BBX 24 35 3 0
BITMAP
003C00
003C00
007E00
00FE00
00FF00
01FF80
01FF80
03E7C0
07C3E0
07C3E0
0F81F0
1F81F8
1F00F8
3E007C
3E007C
7C003E
FC003F
F8001F
FC003F
7C003E
3E007C
3E007C
1F00F8
1F01F8
0F81F0
07C3E0
07C3E0
03E7C0
01E780
01FF80
00FF00
00FE00
007E00
003C00
003C00
ENDCHAR
STARTCHAR 25CB
ENCODING 9675
SWIDTH 600 0
DWIDTH 30 0
BBX 22 22 4 4
BITMAP
00FC00
07FF80
0F03C0
1C00E0
380070
700038
600018
600018
C0000C
C0000C
C0000C
C0000C
C0000C
C0000C
600018
600018
700038
380070
1C00E0
0F03C0
07FF80
00FC00
ENDCHAR
STARTCHAR 25CC
ENCODING 9676
SWIDTH 600 0
DWIDTH 30 0
BBX 24 25 3 2
BITMAP
011880
0399C0
018180
180010
180018
180018
000000
400002
E00007
600006
000000
800001
C00003
C00003
000000
400002
E00007
600006
000000
180010
180018
190098
0381C0
019980
001800
ENDCHAR
STARTCHAR 25CF
ENCODING 9679
SWIDTH 600 0
DWIDTH 30 0
BBX 22 22 4 3
BITMAP
00FC00
03FF00
0FFFC0
1FFFE0
3FFFF0
3FFFF0
7FFFF8
7FFFF8
7FFFF8
FFFFFC
FFFFFC
FFFFFC
FFFFFC
FFFFF8
7FFFF8
7FFFF8
3FFFF0
3FFFF0
1FFFE0
0FFFC0
07FF80
00FC00
ENDCHAR
STARTCHAR 25D0
ENCODING 9680
SWIDTH 600 0
DWIDTH 30 0
BBX 22 22 4 3
BITMAP
00FE00
03E180
0FE040
1FE020
3FE010
3FE008
7FE008
7FE004
FFE004
FFE004
FFE004
FFE004
FFE004
7FE004
7FE004
7FE008
3FE008
3FE010
1FE020
0FE040
03E180
003600
ENDCHAR
STARTCHAR 25D1
ENCODING 9681
SWIDTH 600 0
DWIDTH 30 0
BBX 22 22 4 3
BITMAP
01FC00
061F00
081FC0
101FE0
201FF0
401FF0
401FF8
801FF8
801FF8
801FFC
801FFC
801FFC
801FFC
801FF8
801FF8
401FF8
401FF0
201FE0
101FE0
081F80
061F00
01F800
ENDCHAR
STARTCHAR 25D2
ENCODING 9682
SWIDTH 600 0
DWIDTH 30 0
BBX 22 22 4 3
BITMAP
01FE00
060180
080040
100020
200010
400008
400008
800004
800004
800004
800004
FFFFFC
FFFFFC
7FFFF8
7FFFF8
7FFFF8
3FFFF0
3FFFF0
1FFFE0
0FFFC0
03FF00
007000
ENDCHAR
STARTCHAR 25D3
ENCODING 9683
SWIDTH 600 0
DWIDTH 30 0
BBX 22 22 4 3
BITMAP
00FC00
03FF00
0FFFC0
1FFFE0
3FFFF0
3FFFF0
7FFFF8
7FFFF8
7FFFF8
FFFFFC
FFFFFC
800004
800004
800004
800004
400008
400008
200010
100020
080040
060180
01BE00
ENDCHAR
STARTCHAR 25D4
ENCODING 9684
SWIDTH 600 0
DWIDTH 30 0
BBX 22 22 4 3
BITMAP
01FC00
061F00
081FC0
101FE0
201FF0
401FF0
401FF8
801FF8
801FF8
801FFC
801FFC
800004
800004
800004
800004
400008
400008
200010
100020
080040
060180
01FE00
ENDCHAR
STARTCHAR 25D5
ENCODING 9685
SWIDTH 600 0
DWIDTH 30 0
BBX 22 22 4 3
BITMAP
01FC00
061F00
081FC0
101FE0
201FF0
401FF0
401FF8
801FF8
801FF8
801FFC
801FFC
FFFFFC
FFFFFC
7FFFF8
7FFFF8
7FFFF8
3FFFF0
3FFFE0
1FFFE0
0FFF80
03FF00
007800
ENDCHAR
STARTCHAR 25D6
ENCODING 9686
SWIDTH 600 0
DWIDTH 30 0
BBX 10 21 10 3
BITMAP
00C0
07C0
0FC0
1FC0
3FC0
7FC0
7FC0
FFC0
FFC0
FFC0
FFC0
FFC0
FFC0
FFC0
FFC0
7FC0
7FC0
3FC0
1FC0
0FC0
03C0
ENDCHAR
STARTCHAR 25D7
ENCODING 9687
SWIDTH 600 0
DWIDTH 30 0
BBX 10 21 10 3
BITMAP
C000
F800
FC00
FE00
FF00
FF80
FF80
FFC0
FFC0
FFC0
FFC0
FFC0
FFC0
FFC0
FFC0
FF80
FF80
FF00
FE00
FC00
F000
ENDCHAR
STARTCHAR 25D8
ENCODING 9688
SWIDTH 600 0
DWIDTH 30 0
BBX 28 28 1 0
BITMAP
FFFFFFF0
FFFFFFF0
FFFFFFF0
FFE07FF0
FF801FF0
FE0007F0
FC0003F0
F80001F0
F80001F0
F00000F0
F00000F0
E00000F0
E0000070
E0000070
E0000070
E0000070
E00000F0
F00000F0
F00000F0
F80001F0
F80001F0
FC0003F0
FE0007F0
FF801FF0
FFE07FF0
FFFFFFF0
FFFFFFF0
FFFFFFF0
ENDCHAR
STARTCHAR 25D9
ENCODING 9689
SWIDTH 600 0
DWIDTH 30 0
BBX 28 28 1 0
BITMAP
FFFFFFF0
FFFFFFF0
FFFFFFF0
FFE07FF0
FF801FF0
FE1F87F0
FC7FE3F0
F8FFF1F0
F9FFF9F0
F3FFFCF0
F3FFFCF0
E7FFFEF0
E7FFFE70
E7FFFE70
E7FFFE70
E7FFFE70
E7FFFEF0
F3FFFCF0
F3FFFCF0
F9FFF9F0
F8FFF1F0
FC7FE3F0
FE1F87F0
FF801FF0
FFE07FF0
FFFFFFF0
FFFFFFF0
FFFFFFF0
ENDCHAR
STARTCHAR 25E6
ENCODING 9702
SWIDTH 600 0
DWIDTH 30 0
BBX 12 12 9 10
BITMAP
0F00
3FC0
70E0
E060
C030
C030
C030
C030
E070
70E0
3FC0
1F00
ENDCHAR
STARTCHAR 263A
ENCODING 9786
SWIDTH 600 0
DWIDTH 30 0
BBX 28 29 1 0
BITMAP
003FC000
00FFF000
03801C00
06000600
0C000300
18000180
300000C0
60000060
60000060
C1C03020
C1C03830
C1C03830
80000010
80000010
80000010
80000010
80000010
C0000030
C1000830
C3801C20
61E07860
60FFF060
303FC0C0
18000180
0C000300
06000600
03801C00
00FFF000
003FC000
ENDCHAR
STARTCHAR 263B
ENCODING 9787
SWIDTH 600 0
DWIDTH 30 0
BBX 28 29 1 0
BITMAP
003FC000
00FFF000
03FFFC00
07FFFE00
0FFFFF00
1FFFFF80
3FFFFFC0
7FFFFFE0
7FFFFFE0
FE3FCFE0
FE3FC7F0
FE3FC7F0
FFFFFFF0
FFFFFFF0
FFFFFFF0
FFFFFFF0
FFFFFFF0
FFFFFFF0
FEFFF7F0
FC7FE7E0
7E1F87E0
7F000FE0
3FC03FC0
1FFFFF80
0FFFFF00
07FFFE00
03FFFC00
00FFF000
003FC000
ENDCHAR
STARTCHAR 263C
ENCODING 9788
SWIDTH 600 0
DWIDTH 30 0
BBX 28 30 1 -4
BITMAP
00060000
00060000
00060000
00060000
08060100
0C060300
061F8600
077FEC00
03E07C00
01801800
03001C00
03000C00
02000400
06000600
FE0007F0
FE0007F0
06000600
02000400
03000C00
03801800
01801800
03E07C00
077FEE00
0E1F8600
0C060300
08060100
00060000
00060000
00060000
00060000
ENDCHAR
STARTCHAR 2640
ENCODING 9792
SWIDTH 600 0
DWIDTH 30 0
BBX 14 27 8 2
BITMAP
0FC0
1FE0
3030
6018
C00C
C00C
C00C
8004
C00C
C00C
C00C
6018
3030
1FE0
0FC0
0300
0300
0300
0300
0300
FFFC
FFFC
0300
0300
0300
0300
0300
ENDCHAR
STARTCHAR 2642
ENCODING 9794
SWIDTH 600 0
DWIDTH 30 0
BBX 21 22 4 2
BITMAP
000FF8
0001F8
000078
000078
0000D8
000198
000308
07C608
1FFC08
383800
601800
600C00
C00C00
C00400
C00600
C00400
C00C00
600C00
601800
383800
1FF000
07C000
ENDCHAR
STARTCHAR 2660
ENCODING 9824
SWIDTH 600 0
DWIDTH 30 0
BBX 25 29 2 0
BITMAP
000C0000
000C0000
000C0000
001E0000
001E0000
003F0000
007F8000
00FFC000
01FFE000
03FFF000
07FFF800
0FFFFC00
1FFFFE00
3FFFFF00
7FFFFF80
7FFFFF80
7FFFFF80
FFFFFF80
7FFFFF80
7FFFFF80
7FFFFF80
3FEDFF00
0F8C7C00
001E0000
001E0000
003F0000
007F8000
07FFF800
0FFFFC00
ENDCHAR
STARTCHAR 2663
ENCODING 9827
SWIDTH 600 0
DWIDTH 30 0
BBX 26 29 2 0
BITMAP
003F0000
00FFC000
01FFE000
01FFE000
03FFF000
03FFF000
03FFF000
01FFE000
01FFE000
01FFE000
00FFC000
07FFF800
1FFFFE00
3FFFFF00
7FFFFF80
7FFFFF80
FFFFFFC0
FFFFFFC0
FFFFFFC0
7FFFFF80
7FFFFF80
3FEDFF00
0F8C7C00
001E0000
001E0000
003F0000
007F8000
07FFF800
0FFFFC00
ENDCHAR
STARTCHAR 2665
ENCODING 9829
SWIDTH 600 0
DWIDTH 30 0
BBX 25 28 2 0
BITMAP
0F807C00
1FC0FE00
3FE1FF00
7FF3FF80
7FF7FF80
FFFFFF80
FFFFFF80
7FFFFF80
7FFFFF80
7FFFFF80
3FFFFF00
3FFFFF00
1FFFFE00
1FFFFC00
0FFFFC00
07FFF800
03FFF000
03FFF000
01FFE000
00FFC000
007F8000
007F8000
003F0000
001E0000
001E0000
000C0000
000C0000
000C0000
ENDCHAR
STARTCHAR 2666
ENCODING 9830
SWIDTH 600 0
DWIDTH 30 0
BBX 24 29 3 0
BITMAP
001800
001800
003C00
007E00
00FF00
00FF00
01FF80
03FFC0
07FFE0
0FFFF0
0FFFF0
1FFFF8
3FFFFC
7FFFFE
FFFFFF
7FFFFE
3FFFFC
1FFFF8
0FFFF0
0FFFE0
07FFE0
03FFC0
01FF80
00FF00
00FF00
007E00
003C00
001800
001800
ENDCHAR
STARTCHAR 2669
ENCODING 9833
SWIDTH 600 0
DWIDTH 30 0
BBX 9 27 7 1
BITMAP
0080
0080
0080
0080
0080
0080
0080
0080
0080
0080
0080
0080
0080
0080
0080
0080
0080
0080
0080
0080
0E80
3F80
7F80
FF80
FF80
FF00
7E00
ENDCHAR
STARTCHAR 266A
ENCODING 9834
SWIDTH 600 0
DWIDTH 30 0
BBX 16 26 7 1
BITMAP
0080
0080
0080
00C0
00E0
00F0
00F8
00FC
00BC
008E
0086
0087
0083
0083
0083
0083
0082
0082
0086
1F84
7F80
FF80
FF80
FF80
FF00
7C00
ENDCHAR
STARTCHAR 266B
ENCODING 9835
SWIDTH 600 0
DWIDTH 30 0
BBX 23 29 3 -1
BITMAP
00000E
0003FE
00FFFE
00FFFE
00FF82
00C002
008002
008002
008002
008002
008002
008002
008002
008002
008002
008002
008002
008002
008002
008002
00807E
0081FE
1E81FE
7F83FE
FF83FE
FF81FC
FF80F0
FF0000
7C0000
ENDCHAR
STARTCHAR 266C
ENCODING 9836
SWIDTH 600 0
DWIDTH 30 0
BBX 23 29 3 -1
BITMAP
00001E
000FFE
00FFFE
00FFFE
00FE02
008002
008006
0081FE
00FFFE
00FFFE
00FF82
00E002
008002
008002
008002
008002
008002
008002
008002
008002
00807E
0081FE
1E83FE
7F83FE
FF83FE
FF81FC
FF80F0
FF0000
7C0000
ENDCHAR
STARTCHAR 266F
ENCODING 9839
SWIDTH 600 0
DWIDTH 30 0
BBX 22 42 4 -6
BITMAP
000180
000180
000180
000180
000180
000180
060184
06019C
0601FC
0603FC
060FF8
067FE0
07FF80
07FD80
3FF180
FFC180
FF0180
FE0180
E60180
860180
060180
060180
060184
06019C
0601FC
0603FC
060FFC
063FE0
06FF80
07FF80
1FF980
FFC180
FF0180
FE0180
E60180
860180
060000
060000
060000
060000
060000
060000
ENDCHAR
STARTCHAR 2C60
ENCODING 11360
SWIDTH 600 0
DWIDTH 30 0
BBX 25 33 2 0
BITMAP
1FC00000
1FC00000
1FC00000
1FC00000
1FC00000
1FC00000
1FC00000
1FC00000
FFFFE000
FFFFE000
FFFFE000
FFFFE000
FFFFE000
1FC00000
1FC00000
1FC00000
1FC00000
FFFFE000
FFFFE000
FFFFE000
FFFFE000
FFFFE000
1FC00000
1FC00000
1FC00000
1FC00000
1FC00000
1FFFFF80
1FFFFF80
1FFFFF80
1FFFFF80
1FFFFF80
1FFFFF80
ENDCHAR
STARTCHAR 2C61
ENCODING 11361
SWIDTH 600 0
DWIDTH 30 0
BBX 12 36 9 0
BITMAP
1F80
1F80
1F80
1F80
1F80
1F80
1F80
1F80
1F80
1F80
1F80
FFF0
FFF0
FFF0
FFF0
FFF0
1F80
1F80
1F80
1F80
1F80
FFF0
FFF0
FFF0
FFF0
FFF0
1F80
1F80
1F80
1F80
1F80
1F80
1F80
1F80
1F80
1F80
ENDCHAR
STARTCHAR 2C62
ENCODING 11362
SWIDTH 600 0
DWIDTH 30 0
BBX 27 33 0 0
BITMAP
07F00000
07F00000
07F00000
07F00000
07F00000
07F00000
07F00000
07F00000
07F00000
07F00000
07F00000
3FF1C000
7FF1C000
FFF3C000
FFFFC000
F7FF8000
E7FF8000
E7FE0000
07F00000
07F00000
07F00000
07F00000
07F00000
07F00000
07F00000
07F00000
07F00000
07FFFFE0
07FFFFE0
07FFFFE0
07FFFFE0
07FFFFE0
07FFFFE0
ENDCHAR
STARTCHAR 2C63
ENCODING 11363
SWIDTH 600 0
DWIDTH 30 0
BBX 28 33 0 0
BITMAP
1FFFF000
1FFFFE00
1FFFFF00
1FFFFF80
1FFFFFC0
1FFFFFE0
1FE01FE0
1FE00FF0
FFFF0FF0
FFFF07F0
FFFF07F0
FFFF07F0
FFFF0FF0
1FE00FF0
1FE01FE0
1FE03FE0
1FFFFFC0
1FFFFFC0
1FFFFF80
1FFFFE00
1FFFF800
1FFF0000
1FE00000
1FE00000
1FE00000
1FE00000
1FE00000
1FE00000
1FE00000
1FE00000
1FE00000
1FE00000
1FE00000
ENDCHAR
STARTCHAR 2C64
ENCODING 11364
SWIDTH 600 0
DWIDTH 30 0
BBX 27 43 3 -10
BITMAP
FFFF8000
FFFFF000
FFFFFC00
FFFFFE00
FFFFFF00
FFFFFF00
FF00FF80
FF007F80
FF003F80
FF003F80
FF003F80
FF003F80
FF007F80
FF007F80
FF01FF00
FFFFFF00
FFFFFE00
FFFFFC00
FFFFF000
FFFFE000
FFFFE000
FF0FF000
FF07F800
FF07F800
FF03FC00
FF01FC00
FF01FE00
FF00FF00
FF00FF00
FF007F80
FF007F80
FF003FC0
FF001FE0
FF000000
FF000000
FF000000
FF000000
7FF80000
7FF80000
7FF80000
3FF80000
1FF80000
07F80000
ENDCHAR
STARTCHAR 2C65
ENCODING 11365
SWIDTH 600 0
DWIDTH 30 0
BBX 26 46 3 -10
BITMAP
0003C000
0003C000
0003C000
0003C000
00078000
00078000
00078000
00078000
000F0000
01FF0000
07FF8000
1FFFE000
1FFFF000
3FFFF800
7F9FF800
7F1FFC00
7F1FFC00
003DFC00
003DFC00
003DFC00
03FFFC00
1FFFFC00
3FFFFC00
7FFFFC00
FF79FC00
FE79FC00
FEF1FC00
FEF1FC00
FEF1FC00
FEF3FC00
FEF7FC00
FFEFFC00
FFFFFE00
7FFEFFC0
7FFC7FC0
3FF87FC0
0FE01F80
03C00000
03C00000
07800000
07800000
07800000
07800000
0F000000
0F000000
0F000000
ENDCHAR
STARTCHAR 2C66
ENCODING 11366
SWIDTH 600 0
DWIDTH 30 0
BBX 25 46 3 -10
BITMAP
00000780
00000F00
00000F00
01F01E00
01F01E00
01F01E00
03F03C00
03F03C00
03F07800
03F07800
7FFFF800
7FFFF800
7FFFF800
7FFFF800
7FFFF800
07F3C000
07F3C000
07F78000
07F78000
07FF0000
07FF0000
07FE0000
07FE0000
07FC0000
07FC0000
07F80000
07F80000
07F80000
07F00000
07F00000
07F00000
07F80000
03FFFC00
07FFFC00
07FFFC00
07FFFC00
0F3FF800
0F000000
1E000000
1E000000
3C000000
3C000000
78000000
78000000
F0000000
F0000000
ENDCHAR
STARTCHAR 2C67
ENCODING 11367
SWIDTH 600 0
DWIDTH 30 0
BBX 26 43 3 -10
BITMAP
FF00FF00
FF00FF00
FF00FF00
FF00FF00
FF00FF00
FF00FF00
FF00FF00
FF00FF00
FF00FF00
FF00FF00
FF00FF00
FF00FF00
FF00FF00
FFFFFF00
FFFFFF00
FFFFFF00
FFFFFF00
FFFFFF00
FFFFFF00
FF00FF00
FF00FF00
FF00FF00
FF00FF00
FF00FF00
FF00FF00
FF00FF00
FF00FF00
FF00FFC0
FF00FFC0
FF00FFC0
FF00FFC0
FF00FFC0
FF00FFC0
00000FC0
00000FC0
00000FC0
00000FC0
00000FC0
00000FC0
00000FC0
00000FC0
00000FC0
00000FC0
ENDCHAR
STARTCHAR 2C68
ENCODING 11368
SWIDTH 600 0
DWIDTH 30 0
BBX 27 46 3 -10
BITMAP
FE000000
FE000000
FE000000
FE000000
FE000000
FE000000
FE000000
FE000000
FE000000
FE07E000
FE1FF800
FE7FFC00
FE7FFE00
FEFFFE00
FFE1FE00
FFC0FF00
FF807F00
FF007F00
FF007F00
FF007F00
FE007F00
FE007F00
FE007F00
FE007F00
FE007F00
FE007F00
FE007F00
FE007F00
FE007F00
FE007F00
FE007F00
FE007FE0
FE007FE0
FE007FE0
FE007FE0
FE007FE0
000007E0
000007E0
000007E0
000007E0
000007E0
000007E0
000007E0
000007E0
000007E0
000007E0
ENDCHAR
STARTCHAR 2C69
ENCODING 11369
SWIDTH 600 0
DWIDTH 30 0
BBX 27 43 3 -10
BITMAP
FF003FC0
FF007F80
FF00FF80
FF00FF00
FF01FE00
FF03FC00
FF07F800
FF07F800
FF0FF000
FF1FE000
FF1FC000
FF3F8000
FF7F8000
FFFF0000
FFFF0000
FFFF0000
FFFF8000
FFFF8000
FFFFC000
FFFFE000
FFDFE000
FF8FF000
FF0FF000
FF07F800
FF03FC00
FF03FC00
FF01FE00
FF01FFE0
FF00FFE0
FF00FFE0
FF007FE0
FF003FE0
FF003FE0
000007E0
000007E0
000007E0
000007E0
000007E0
000007E0
000007E0
000007E0
000007E0
000007E0
ENDCHAR
STARTCHAR 2C6A
ENCODING 11370
SWIDTH 600 0
DWIDTH 30 0
BBX 24 46 4 -10
BITMAP
FE0000
FE0000
FE0000
FE0000
FE0000
FE0000
FE0000
FE0000
FE0000
FE0000
FE00FE
FE01FC
FE03FC
FE07F8
FE0FF0
FE0FE0
FE1FC0
FE3F80
FE7F00
FEFE00
FFFE00
FFFF00
FFFF00
FFFF80
FFBF80
FF1FC0
FE1FE0
FE0FE0
FE07F0
FE07F8
FE03F8
FE03FF
FE01FF
FE00FF
FE00FF
FE007F
00001F
00001F
00001F
00001F
00001F
00001F
00001F
00001F
00001F
00001F
ENDCHAR
STARTCHAR 2C6B
ENCODING 11371
SWIDTH 600 0
DWIDTH 30 0
BBX 26 43 2 -10
BITMAP
3FFFFF80
3FFFFF80
3FFFFF80
3FFFFF80
3FFFFF80
3FFFFF00
0000FF00
0001FE00
0003FC00
0003FC00
0007F800
000FF000
001FE000
001FE000
003FC000
007F8000
00FF0000
00FF0000
01FE0000
03FC0000
03F80000
07F80000
0FF00000
1FE00000
1FE00000
3FC00000
7F800000
FFFFFFC0
FFFFFFC0
FFFFFFC0
FFFFFFC0
FFFFFFC0
FFFFFFC0
00000FC0
00000FC0
00000FC0
00000FC0
00000FC0
00000FC0
00000FC0
00000FC0
00000FC0
00000FC0
ENDCHAR
STARTCHAR 2C6C
ENCODING 11372
SWIDTH 600 0
DWIDTH 30 0
BBX 23 36 3 -10
BITMAP
7FFFFC
7FFFFC
7FFFFC
7FFFFC
7FFFFC
0003FC
0007F8
000FF0
001FE0
003FC0
007F80
007F00
00FF00
01FE00
03FC00
07F800
0FF000
1FE000
1FC000
3FC000
7F8000
FFFFFE
FFFFFE
FFFFFE
FFFFFE
FFFFFE
00007E
00007E
00007E
00007E
00007E
00007E
00007E
00007E
00007E
00007E
ENDCHAR
STARTCHAR 2C6D
ENCODING 11373
SWIDTH 600 0
DWIDTH 30 0
BBX 25 35 2 -1
BITMAP
007F0000
01FFE180
07FFF780
0FFFFF80
1FFFFF80
1FFFFF80
3FC0FF80
3F807F80
7F807F80
7F007F80
7F007F80
FF007F80
FE007F80
FE007F80
FE007F80
FE007F80
FE007F80
FE007F80
FE007F80
FE007F80
FE007F80
FE007F80
FE007F80
FF007F80
FF007F80
7F007F80
7F007F80
7F807F80
3FC0FF80
3FF3FF80
1FFFFF80
0FFFFF80
07FFFF80
03FFDF80
007F0000
ENDCHAR
STARTCHAR 2C71
ENCODING 11377
SWIDTH 600 0
DWIDTH 30 0
BBX 32 27 1 0
BITMAP
000001F8
FE0003FF
FF0007FF
7F000FFF
7F000FFE
7F801FFE
3F801FC0
3F801F80
1FC03F80
1FC03F80
1FC07F00
0FE07F00
0FE07E00
07E0FE00
07F0FE00
07F0FC00
03F1FC00
03F9FC00
03F9F800
01F9F800
01FBF000
00FFF000
00FFF000
00FFE000
007FE000
007FC000
007FC000
ENDCHAR
STARTCHAR 2C72
ENCODING 11378
SWIDTH 600 0
DWIDTH 30 0
BBX 33 34 0 0
BITMAP
0000007E00
FC0000FF80
FC0001FF80
FC0001FF00
7E0001FF00
7E0003FE00
7E0003F000
7E0003F000
7E0003F000
7E0003F000
7E0F83E000
3E0F83E000
3F0F87E000
3F1FC7E000
3F1FC7E000
3F1FC7E000
3F1FE7E000
1F3FE7C000
1F3FE7C000
1F3DE7C000
1F7DF7C000
1FFDF7C000
1FFCF7C000
0FF8FF8000
0FF8FF8000
0FF8FF8000
0FF87F8000
0FF07F8000
0FF07F8000
0FF07F8000
07F07F0000
07E03F0000
07E03F0000
07E03F0000
ENDCHAR
STARTCHAR 2C73
ENCODING 11379
SWIDTH 600 0
DWIDTH 30 0
BBX 33 27 0 0
BITMAP
0000003E00
FC0000FF80
7C0000FF80
7C0001FF80
7C0001FF00
7C0001FA00
7C0001F000
7C0F83F000
3E0F83E000
3E0F83E000
3E1FC3E000
3E1FC3E000
3E1FC3E000
3E3DE3C000
1E3DE7C000
1F3DE7C000
1F7DF7C000
1F78F7C000
1F78F7C000
1FF8F78000
0FF07F8000
0FF07F8000
0FF07F8000
0FE03F8000
0FE03F8000
0FE03F0000
07C03F0000
ENDCHAR
STARTCHAR 2C74
ENCODING 11380
SWIDTH 600 0
DWIDTH 30 0
BBX 27 27 2 0
BITMAP
07E00000
0FF80FE0
1FF81FE0
3FFC1FC0
3F3C1FC0
3F3C3F80
3F3C3F80
3F3C3F80
3F7C7F00
3FF87F00
3FF87E00
3FE0FE00
FFC0FE00
FFC0FC00
FFE1FC00
6FE1F800
07E3F800
07F3F800
07F3F000
03F3F000
03F7E000
01FFE000
01FFE000
01FFC000
00FFC000
00FFC000
007F8000
ENDCHAR
STARTCHAR 2C75
ENCODING 11381
SWIDTH 600 0
DWIDTH 30 0
BBX 23 33 3 0
BITMAP
FF0000
FF0000
FF0000
FF0000
FF0000
FF0000
FF0000
FF0000
FF0000
FF0000
FF0000
FF0000
FF0000
FFFFFE
FFFFFE
FFFFFE
FFFFFE
FFFFFE
FFFFFE
FF0000
FF0000
FF0000
FF0000
FF0000
FF0000
FF0000
FF0000
FF0000
FF0000
FF0000
FF0000
FF0000
FF0000
ENDCHAR
STARTCHAR 2C76
ENCODING 11382
SWIDTH 600 0
DWIDTH 30 0
BBX 19 26 6 0
BITMAP
FE0000
FE0000
FE0000
FE0000
FE0000
FE0000
FE0000
FE0000
FE0000
FE0000
FFFFE0
FFFFE0
FFFFE0
FFFFE0
FFFFE0
FE0000
FE0000
FE0000
FE0000
FE0000
FE0000
FE0000
FE0000
FE0000
FE0000
FE0000
ENDCHAR
STARTCHAR 2C77
ENCODING 11383
SWIDTH 600 0
DWIDTH 30 0
BBX 28 28 1 -1
BITMAP
00C0FC00
03C3FF00
07C7FF80
1FC7FFC0
1FCFCFC0
3F8F87E0
7F1F87E0
7E1F83E0
7E1F83F0
FC1F03F0
FC1F03F0
FC1F03F0
FC1F03F0
FC1F03F0
FC1F03F0
FC1F03F0
FC1F03F0
FC1F03F0
FC1F03E0
7C1F07E0
7E1F07E0
7E1F0FC0
3F9F1FC0
1FFFFF80
1FFFFF00
07FFFE00
03FFFC00
007FE000
ENDCHAR
STARTCHAR 2E17
ENCODING 11799
SWIDTH 600 0
DWIDTH 30 0
BBX 12 22 9 2
BITMAP
0010
00F0
07F0
3FF0
FFF0
FFF0
FFC0
FE00
F000
8000
0000
0000
0010
00F0
07F0
3FF0
FFF0
FFF0
FFC0
FE00
F000
8000
ENDCHAR
STARTCHAR A717
ENCODING 42775
SWIDTH 0 0
DWIDTH 0 0
BBX 10 13 -5 23
BITMAP
03C0
03C0
03C0
03C0
03C0
F3C0
F3C0
F3C0
F3C0
03C0
03C0
03C0
03C0
ENDCHAR
STARTCHAR A718
ENCODING 42776
SWIDTH 0 0
DWIDTH 0 0
BBX 12 12 -2 25
BITMAP
F040
F0E0
F1F0
F1E0
03C0
0780
0F00
1E00
3E00
7C00
3800
1000
ENDCHAR
STARTCHAR A719
ENCODING 42777
SWIDTH 0 0
DWIDTH 0 0
BBX 12 9 -6 27
BITMAP
0F00
0F00
0F00
0F00
0000
0000
FFF0
FFF0
FFF0
ENDCHAR
STARTCHAR A71A
ENCODING 42778
SWIDTH 0 0
DWIDTH 0 0
BBX 12 9 -6 27
BITMAP
0070
0070
0070
0070
0070
0070
FFF0
FFF0
FFF0
ENDCHAR
STARTCHAR A71B
ENCODING 42779
SWIDTH 600 0
DWIDTH 30 0
BBX 18 20 6 25
BITMAP
00C000
01E000
03F000
07F800
0FFC00
1FFE00
3FFF00
7FFF80
FFFFC0
01E000
01E000
01E000
01E000
01E000
01E000
01E000
01E000
01E000
01E000
01E000
ENDCHAR
STARTCHAR A71C
ENCODING 42780
SWIDTH 600 0
DWIDTH 30 0
BBX 18 20 6 25
BITMAP
01E000
01E000
01E000
01E000
01E000
01E000
01E000
01E000
01E000
01E000
01E000
FFFFC0
7FFF80
3FFF00
1FFE00
0FFC00
07F800
03F000
01E000
00C000
ENDCHAR
STARTCHAR A71D
ENCODING 42781
SWIDTH 600 0
DWIDTH 30 0
BBX 8 26 11 23
BITMAP
FF
FF
7E
7E
7E
7E
7E
7E
7E
7E
7E
7E
7E
7E
7E
7E
00
00
00
FE
FE
FE
FE
FE
FE
FE
ENDCHAR
STARTCHAR A71E
ENCODING 42782
SWIDTH 600 0
DWIDTH 30 0
BBX 8 26 11 23
BITMAP
FE
FE
FE
FE
FE
FE
FE
00
00
00
7E
7E
7E
7E
7E
7E
7E
7E
7E
7E
7E
7E
7E
7E
FF
FF
ENDCHAR
STARTCHAR A71F
ENCODING 42783
SWIDTH 600 0
DWIDTH 30 0
BBX 8 26 11 10
BITMAP
FE
FE
FE
FE
FE
FE
FE
00
00
00
7E
7E
7E
7E
7E
7E
7E
7E
7E
7E
7E
7E
7E
7E
FF
FF
ENDCHAR
STARTCHAR A720
ENCODING 42784
SWIDTH 0 0
DWIDTH 0 0
BBX 17 9 -9 27
BITMAP
FFFF80
FFFF80
FFFF80
F0E000
F0E000
F0E000
F0E000
F0E000
F00000
ENDCHAR
STARTCHAR A721
ENCODING 42785
SWIDTH 0 0
DWIDTH 0 0
BBX 17 9 -9 0
BITMAP
F00000
F0E000
F0E000
F0E000
F0E000
F0E000
FFFF80
FFFF80
FFFF80
ENDCHAR
STARTCHAR A788
ENCODING 42888
SWIDTH 600 0
DWIDTH 30 0
BBX 16 7 0 -10
BITMAP
03E0
07F0
0FF8
1FFC
3E7E
7E3F
FC1F
ENDCHAR
STARTCHAR A789
ENCODING 42889
SWIDTH 600 0
DWIDTH 30 0
BBX 8 20 11 6
BITMAP
FF
FF
FF
FF
FF
FF
FF
00
00
00
00
00
00
FF
FF
FF
FF
FF
FF
FF
ENDCHAR
STARTCHAR A78A
ENCODING 42890
SWIDTH 600 0
DWIDTH 30 0
BBX 16 19 7 7
BITMAP
FFFF
FFFF
FFFF
FFFF
FFFF
0000
0000
0000
0000
0000
0000
0000
0000
0000
FFFF
FFFF
FFFF
FFFF
FFFF
ENDCHAR
STARTCHAR A78B
ENCODING 42891
SWIDTH 600 0
DWIDTH 30 0
BBX 8 23 11 11
BITMAP
FF
FF
FF
7E
7E
7E
7E
7E
7E
7E
7E
7E
7E
7E
7E
7E
7E
7E
7E
7E
7E
7E
7E
ENDCHAR
STARTCHAR A78C
ENCODING 42892
SWIDTH 600 0
DWIDTH 30 0
BBX 8 16 11 20
BITMAP
FF
FF
7E
7E
7E
7E
7E
7E
7E
7E
7E
7E
7E
7E
7E
7E
ENDCHAR
STARTCHAR FB01
ENCODING 64257
SWIDTH 600 0
DWIDTH 30 0
BBX 26 37 1 0
BITMAP
00FE0000
03FF1FC0
07FF1FC0
0FFF1FC0
0FFF1FC0
1FE01FC0
1FC00000
1FC00000
1FC00000
1FC00000
1FC00000
FFFF1FC0
FFFF1FC0
FFFF1FC0
FFFF1FC0
FFFF1FC0
1FC01FC0
1FC01FC0
1FC01FC0
1FC01FC0
1FC01FC0
1FC01FC0
1FC01FC0
1FC01FC0
1FC01FC0
1FC01FC0
1FC01FC0
1FC01FC0
1FC01FC0
1FC01FC0
1FC01FC0
1FC01FC0
1FC01FC0
1FC01FC0
1FC01FC0
1FC01FC0
1FC01FC0
ENDCHAR
STARTCHAR FB02
ENCODING 64258
SWIDTH 600 0
DWIDTH 30 0
BBX 26 37 1 0
BITMAP
00FE0000
03FF1FC0
07FF1FC0
0FFF1FC0
0FFF1FC0
1FE01FC0
1FC01FC0
1FC01FC0
1FC01FC0
1FC01FC0
1FC01FC0
FFFF1FC0
FFFF1FC0
FFFF1FC0
FFFF1FC0
FFFF1FC0
1FC01FC0
1FC01FC0
1FC01FC0
1FC01FC0
1FC01FC0
1FC01FC0
1FC01FC0
1FC01FC0
1FC01FC0
1FC01FC0
1FC01FC0
1FC01FC0
1FC01FC0
1FC01FC0
1FC01FC0
1FC01FC0
1FC01FC0
1FC01FC0
1FC01FC0
1FC01FC0
1FC01FC0
ENDCHAR
STARTCHAR FB1D
ENCODING 64285
SWIDTH 600 0
DWIDTH 30 0
BBX 6 23 12 7
BITMAP
FC
FC
FC
FC
FC
FC
FC
FC
FC
FC
FC
FC
FC
FC
FC
FC
00
00
00
30
78
78
30
ENDCHAR
STARTCHAR FB1E
ENCODING 64286
SWIDTH 0 0
DWIDTH 0 0
BBX 16 8 7 35
BITMAP
F81F
F81F
F81F
FC3F
7FFE
7FFE
1FFC
0FF0
ENDCHAR
STARTCHAR FB1F
ENCODING 64287
SWIDTH 600 0
DWIDTH 30 0
BBX 22 27 4 3
BITMAP
FE01FC
FE01FC
FE01FC
FE01FC
FE01FC
FE01FC
FE01FC
FE01FC
FE01FC
FE01FC
FE01FC
FE01FC
FE01FC
FE01FC
FE01FC
FE01FC
000000
000000
000000
000000
000000
000000
000000
000000
01FE00
01FE00
01FE00
ENDCHAR
STARTCHAR FB20
ENCODING 64288
SWIDTH 600 0
DWIDTH 30 0
BBX 28 31 1 -1
BITMAP
3F8007F0
3F8007F0
3F8007F0
1FC007F0
1FC007F0
1FE007F0
0FE007E0
0FE007E0
07F007E0
07F00FE0
07F00FE0
03F80FE0
03F80FE0
03F80FC0
01FC1FC0
01FC1FC0
00FC1FC0
00FE3F80
00FE3F80
007E7F00
007FFF00
007FFE00
003FFE00
007FFC00
FFFFF800
FFFFF000
FFFFC000
FFFF8000
FFFC0000
FFE00000
FC000000
ENDCHAR
STARTCHAR FB21
ENCODING 64289
SWIDTH 600 0
DWIDTH 30 0
BBX 28 30 1 0
BITMAP
7F8007E0
3FC00FE0
1FC00FE0
1FE00FE0
0FF00FE0
07F00FE0
07F80FE0
03FC0FC0
01FC0FC0
01FE1FC0
07FF1FC0
0FFF1F80
0FFFBF80
1FFFBF00
1F9FFE00
3F9FFE00
3F0FFC00
3F07F800
3F07F800
7F03FC00
7F01FC00
7F01FE00
7E00FF00
7E007F00
7E007F80
FE003FC0
FE001FC0
FE001FE0
FC000FF0
FC0007F0
ENDCHAR
STARTCHAR FB22
ENCODING 64290
SWIDTH 600 0
DWIDTH 30 0
BBX 26 30 2 0
BITMAP
FFFFFFC0
FFFFFFC0
FFFFFFC0
FFFFFFC0
FFFFFFC0
FFFFFFC0
0000FE00
0000FE00
0000FE00
0000FE00
0000FE00
0000FE00
0000FE00
0000FE00
0000FE00
0000FE00
0000FE00
0000FE00
0000FE00
0000FE00
0000FE00
0000FE00
0000FE00
0000FE00
0000FE00
0000FE00
0000FE00
0000FE00
0000FE00
0000FE00
ENDCHAR
STARTCHAR FB23
ENCODING 64291
SWIDTH 600 0
DWIDTH 30 0
BBX 26 30 2 0
BITMAP
FFFFC000
FFFFF800
FFFFFE00
FFFFFF00
FFFFFF00
FFFFFF80
0000FF80
00003F80
00001FC0
00001FC0
00001FC0
00001FC0
FE001FC0
FE001FC0
FE001FC0
FE001FC0
FE001FC0
FE001FC0
FE001FC0
FE001FC0
FE001FC0
FE001FC0
FE001FC0
FE001FC0
FE001FC0
FE001FC0
FE001FC0
FE001FC0
FE001FC0
FE001FC0
ENDCHAR
STARTCHAR FB24
ENCODING 64292
SWIDTH 600 0
DWIDTH 30 0
BBX 23 30 3 0
BITMAP
FFFC00
FFFF80
FFFFE0
FFFFF0
FFFFF8
FFFFF8
000FFC
0003FC
0001FE
0000FE
0000FE
0000FE
00007E
00007E
00007E
00007E
00007E
00007E
0000FE
0000FE
0000FE
0001FE
0003FC
000FFC
FFFFF8
FFFFF0
FFFFF0
FFFFC0
FFFF80
FFFC00
ENDCHAR
STARTCHAR FB25
ENCODING 64293
SWIDTH 600 0
DWIDTH 30 0
BBX 24 42 3 -1
BITMAP
FE0000
FE0000
FE0000
FE0000
FE0000
FE0000
FE0000
FE0000
FE0000
FE0000
FE0000
FFFFC0
FFFFF0
FFFFFC
FFFFFE
FFFFFE
FFFFFF
0001FF
00007F
00007F
00003F
00003F
00007F
00007F
00007F
0000FE
0000FE
0001FE
0003FC
0007FC
000FF8
001FF0
007FE0
01FFC0
0FFF80
1FFF00
1FFE00
1FF800
1FF000
1FC000
1E0000
100000
ENDCHAR
STARTCHAR FB26
ENCODING 64294
SWIDTH 600 0
DWIDTH 30 0
BBX 24 30 3 0
BITMAP
FFFF00
FFFFE0
FFFFF8
FFFFFC
FFFFFE
FFFFFE
FC01FF
FC00FF
FC007F
FC007F
FC003F
FC003F
FC003F
FC003F
FC003F
FC003F
FC003F
FC003F
FC003F
FC003F
FC003F
FC003F
FC003F
FC003F
FFFFFF
FFFFFF
FFFFFF
FFFFFF
FFFFFF
FFFFFF
ENDCHAR
STARTCHAR FB27
ENCODING 64295
SWIDTH 600 0
DWIDTH 30 0
BBX 24 30 2 0
BITMAP
FFFF00
FFFFE0
FFFFF0
FFFFF8
FFFFFC
FFFFFC
0003FE
0000FE
0000FE
00007F
00007F
00007F
00007F
00007F
00007F
00007F
00007F
00007F
00007F
00007F
00007F
00007F
00007F
00007F
00007F
00007F
00007F
00007F
00007F
00007F
ENDCHAR
STARTCHAR FB28
ENCODING 64296
SWIDTH 600 0
DWIDTH 30 0
BBX 27 30 1 0
BITMAP
7FFFE000
7FFFFC00
7FFFFE00
7FFFFF00
7FFFFF80
7FFFFF80
0FE07FC0
0FE01FC0
0FE01FC0
0FE00FE0
0FE00FE0
0FE00FE0
0FE00FE0
0FE00FE0
0FE00FE0
0FE00FE0
0FE00FE0
0FE00FE0
0FE00FE0
0FE00FE0
0FE00FE0
0FE00FE0
0FE00FE0
1FC00FE0
FFC00FE0
FFC00FE0
FFC00FE0
FF800FE0
FF000FE0
FC000FE0
ENDCHAR
STARTCHAR FB29
ENCODING 64297
SWIDTH 600 0
DWIDTH 30 0
BBX 26 17 2 11
BITMAP
003F0000
003F0000
003F0000
003F0000
003F0000
003F0000
003F0000
003F0000
003F0000
003F0000
003F0000
FFFFFFC0
FFFFFFC0
FFFFFFC0
FFFFFFC0
FFFFFFC0
FFFFFFC0
ENDCHAR
STARTCHAR FB2A
ENCODING 64298
SWIDTH 600 0
DWIDTH 30 0
BBX 28 37 1 0
BITMAP
00000060
000000F0
000000F0
00000070
00000000
00000000
00000000
FC0FC3F0
FC0FC3F0
FC0FC3F0
FC0FC3F0
FC0F83F0
FC0F83F0
7E1F83F0
7E1F83F0
7E1F83F0
7E1F83F0
7E1F87E0
7E1F87E0
7F3F87E0
3F7F07E0
3FFF07E0
3FFE07E0
3FFE07E0
3FF80FE0
3FC00FC0
1F800FC0
1F801FC0
1F803FC0
1F807F80
1F81FF80
1FFFFF00
0FFFFE00
0FFFFC00
0FFFF800
0FFFC000
0FFC0000
ENDCHAR
STARTCHAR FB2B
ENCODING 64299
SWIDTH 600 0
DWIDTH 30 0
BBX 28 37 1 0
BITMAP
60000000
F0000000
F0000000
60000000
00000000
00000000
00000000
FC0FC3F0
FC0FC3F0
FC0FC3F0
FC0FC3F0
FC0F83F0
FC0F83F0
7E1F83F0
7E1F83F0
7E1F83F0
7E1F83F0
7E1F87E0
7E1F87E0
7F3F87E0
3F7F07E0
3FFF07E0
3FFE07E0
3FFE07E0
3FF80FE0
3FC00FC0
1F800FC0
1F801FC0
1F803FC0
1F807F80
1F81FF80
1FFFFF00
0FFFFE00
0FFFFC00
0FFFF800
0FFFC000
0FFC0000
ENDCHAR
STARTCHAR FB2C
ENCODING 64300
SWIDTH 600 0
DWIDTH 30 0
BBX 28 37 1 0
BITMAP
00000060
000000F0
000000F0
00000070
00000000
00000000
00000000
FC0FC3F0
FC0FC3F0
FC0FC3F0
FC0FC3F0
FC0F83F0
FC0F83F0
7E1F83F0
7E1F83F0
7E1F83F0
7E1F83F0
7E1F87E0
7E1F87E0
7F3F87E0
3F7F07E0
3FFF07E0
3FFE07E0
3FFE07E0
3FF98FE0
3FC1CFC0
1F81CFC0
1F81DFC0
1F803FC0
1F807F80
1F81FF80
1FFFFF00
0FFFFE00
0FFFFC00
0FFFF800
0FFFC000
0FFC0000
ENDCHAR
STARTCHAR FB2D
ENCODING 64301
SWIDTH 600 0
DWIDTH 30 0
BBX 28 37 1 0
BITMAP
60000000
F0000000
F0000000
60000000
00000000
00000000
00000000
FC0FC3F0
FC0FC3F0
FC0FC3F0
FC0FC3F0
FC0F83F0
FC0F83F0
7E1F83F0
7E1F83F0
7E1F83F0
7E1F83F0
7E1F87E0
7E1F87E0
7F3F87E0
3F7F07E0
3FFF07E0
3FFE07E0
3FFE07E0
3FF98FE0
3FC1CFC0
1F81CFC0
1F81DFC0
1F803FC0
1F807F80
1F81FF80
1FFFFF00
0FFFFE00
0FFFFC00
0FFFF800
0FFFC000
0FFC0000
ENDCHAR
STARTCHAR FB2E
ENCODING 64302
SWIDTH 600 0
DWIDTH 30 0
BBX 28 36 1 -6
BITMAP
7F8007E0
3FC00FE0
1FC00FE0
1FE00FE0
0FF00FE0
07F00FE0
07F80FE0
03FC0FC0
01FC0FC0
01FE1FC0
07FF1FC0
0FFF1F80
0FFFBF80
1FFFBF00
1F9FFE00
3F9FFE00
3F0FFC00
3F07F800
3F07F800
7F03FC00
7F01FC00
7F01FE00
7E00FF00
7E007F00
7E007F80
FE003FC0
FE001FC0
FE001FE0
FC000FF0
FC0007F0
00000000
00000000
00000000
007F8000
007F8000
007F8000
ENDCHAR
STARTCHAR FB2F
ENCODING 64303
SWIDTH 600 0
DWIDTH 30 0
BBX 28 39 1 -9
BITMAP
7F8007E0
3FC00FE0
1FC00FE0
1FE00FE0
0FF00FE0
07F00FE0
07F80FE0
03FC0FC0
01FC0FC0
01FE1FC0
07FF1FC0
0FFF1F80
0FFFBF80
1FFFBF00
1F9FFE00
3F9FFE00
3F0FFC00
3F07F800
3F07F800
7F03FC00
7F01FC00
7F01FE00
7E00FF00
7E007F00
7E007F80
FE003FC0
FE001FC0
FE001FE0
FC000FF0
FC0007F0
00000000
00000000
00000000
007F8000
007F8000
007F8000
000E0000
000E0000
000E0000
ENDCHAR
STARTCHAR FB30
ENCODING 64304
SWIDTH 600 0
DWIDTH 30 0
BBX 28 30 1 0
BITMAP
7F8007E0
3FC00FE0
1FC00FE0
1FE00FE0
0FF00FE0
07F00FE0
07F80FE0
03FC0FC0
01FC0FC0
01FE1FC0
07FF1FC0
0FFF1F80
0FFFBF80
1FFFBF00
1F9FFE00
3F9FFE00
3F0FFC00
3F07F800
3F07F800
7F03FC00
7F01FC00
7F01FE00
7E00FF00
7E387F00
7E387F80
FE383FC0
FE381FC0
FE001FE0
FC000FF0
FC0007F0
ENDCHAR
STARTCHAR FB31
ENCODING 64305
SWIDTH 600 0
DWIDTH 30 0
BBX 26 30 2 0
BITMAP
7FFE0000
7FFF8000
7FFFE000
7FFFF000
7FFFF800
7FFFFC00
0007FC00
0001FC00
0001FC00
0000FE00
0000FE00
0000FE00
0000FE00
0180FE00
03C0FE00
03C0FE00
01C0FE00
0000FE00
0000FE00
0000FE00
0000FE00
0000FE00
0000FE00
0000FE00
FFFFFFC0
FFFFFFC0
FFFFFFC0
FFFFFFC0
FFFFFFC0
FFFFFFC0
ENDCHAR
STARTCHAR FB32
ENCODING 64306
SWIDTH 600 0
DWIDTH 30 0
BBX 20 30 5 0
BITMAP
3FC000
3FF000
3FF800
3FFC00
3FFC00
3FFE00
01FE00
00FE00
007E00
187F00
3C3F00
3C3F00
183F00
003F80
007F80
03FF80
07FF80
0FFFC0
1FFFC0
3FCFC0
3F8FC0
7F0FE0
7F0FE0
7F07E0
7E07E0
FE07F0
FE07F0
FE07F0
FC03F0
FC03F0
ENDCHAR
STARTCHAR FB33
ENCODING 64307
SWIDTH 600 0
DWIDTH 30 0
BBX 26 30 2 0
BITMAP
FFFFFFC0
FFFFFFC0
FFFFFFC0
FFFFFFC0
FFFFFFC0
FFFFFFC0
0000FE00
0000FE00
0000FE00
0000FE00
0000FE00
0000FE00
0000FE00
0000FE00
0000FE00
00C0FE00
01E0FE00
01E0FE00
01C0FE00
0000FE00
0000FE00
0000FE00
0000FE00
0000FE00
0000FE00
0000FE00
0000FE00
0000FE00
0000FE00
0000FE00
ENDCHAR
STARTCHAR FB34
ENCODING 64308
SWIDTH 600 0
DWIDTH 30 0
BBX 26 30 2 0
BITMAP
FFFFC000
FFFFF800
FFFFFE00
FFFFFF00
FFFFFF00
FFFFFF80
0000FF80
00003F80
00001FC0
00001FC0
00001FC0
00001FC0
FE001FC0
FE001FC0
FE001FC0
FE0C1FC0
FE1E1FC0
FE1E1FC0
FE0C1FC0
FE001FC0
FE001FC0
FE001FC0
FE001FC0
FE001FC0
FE001FC0
FE001FC0
FE001FC0
FE001FC0
FE001FC0
FE001FC0
ENDCHAR
STARTCHAR FB35
ENCODING 64309
SWIDTH 600 0
DWIDTH 30 0
BBX 12 30 8 0
BITMAP
03F0
03F0
03F0
03F0
03F0
03F0
03F0
03F0
03F0
03F0
03F0
03F0
03F0
63F0
F3F0
F3F0
E3F0
03F0
03F0
03F0
03F0
03F0
03F0
03F0
03F0
03F0
03F0
03F0
03F0
03F0
ENDCHAR
STARTCHAR FB36
ENCODING 64310
SWIDTH 600 0
DWIDTH 30 0
BBX 18 30 6 0
BITMAP
300000
3E0000
3FE000
3FFC00
3FFFC0
3FFFC0
3FFFC0
03FFC0
007FC0
007FC0
00FE40
01FC00
01F800
03F800
03F800
63F800
E3F800
E3F800
E3F800
03F800
03F800
03F800
03F800
03F800
03F800
03F800
03F800
03F800
03F800
03F800
ENDCHAR
STARTCHAR FB38
ENCODING 64312
SWIDTH 600 0
DWIDTH 30 0
BBX 26 30 2 0
BITMAP
FE07F000
FE1FFC00
FE1FFE00
FE1FFF00
FE1FFF00
FE1FFF80
FE187F80
FE003FC0
FE001FC0
FE001FC0
FE001FC0
FE001FC0
FE001FC0
FE0C1FC0
FE1E1FC0
FE1E1FC0
FE1C1FC0
FE001FC0
FE001FC0
FE001FC0
7E001FC0
7F003F80
7F007F80
7FC0FF80
3FFFFF00
3FFFFF00
1FFFFE00
0FFFFC00
07FFF000
00FF8000
ENDCHAR
STARTCHAR FB39
ENCODING 64313
SWIDTH 600 0
DWIDTH 30 0
BBX 12 16 8 14
BITMAP
03F0
03F0
03F0
03F0
03F0
03F0
03F0
63F0
F3F0
F3F0
E3F0
03F0
03F0
03F0
03F0
03F0
ENDCHAR
STARTCHAR FB3A
ENCODING 64314
SWIDTH 600 0
DWIDTH 30 0
BBX 24 39 3 -9
BITMAP
FFFF00
FFFFE0
FFFFF0
FFFFF8
FFFFFC
FFFFFE
0003FE
0000FE
0000FF
00007F
00007F
00007F
00007F
00007F
00007F
00C07F
01E07F
01E07F
00C07F
00007F
00007F
00007F
00007F
00007F
00007F
00007F
00007F
00007F
00007F
00007F
00007F
00007F
00007F
00007F
00007F
00007F
00007F
00007F
00007F
ENDCHAR
STARTCHAR FB3B
ENCODING 64315
SWIDTH 600 0
DWIDTH 30 0
BBX 23 30 3 0
BITMAP
FFFC00
FFFF80
FFFFE0
FFFFF0
FFFFF8
FFFFF8
000FFC
0003FC
0001FE
0000FE
0000FE
0000FE
00007E
00607E
00F07E
00F07E
00607E
00007E
0000FE
0000FE
0000FE
0001FE
0003FC
000FFC
FFFFF8
FFFFF0
FFFFF0
FFFFC0
FFFF80
FFFC00
ENDCHAR
STARTCHAR FB3C
ENCODING 64316
SWIDTH 600 0
DWIDTH 30 0
BBX 24 42 3 -1
BITMAP
FE0000
FE0000
FE0000
FE0000
FE0000
FE0000
FE0000
FE0000
FE0000
FE0000
FE0000
FFFFC0
FFFFF0
FFFFFC
FFFFFE
FFFFFE
FFFFFF
0001FF
00007F
00007F
00003F
00003F
00607F
00E07F
00E07F
00E0FE
0000FE
0001FE
0003FC
0007FC
000FF8
001FF0
007FE0
01FFC0
0FFF80
1FFF00
1FFE00
1FF800
1FF000
1FC000
1E0000
100000
ENDCHAR
STARTCHAR FB3E
ENCODING 64318
SWIDTH 600 0
DWIDTH 30 0
BBX 28 30 0 0
BITMAP
FF03F800
7F0FFF00
7F9FFF80
3FBFFF80
1FFFFFC0
1FFFFFC0
0FFE1FE0
0FFC0FE0
07F80FE0
03F807E0
03F807E0
07F007E0
07F007E0
07F0C7F0
0FE1C7F0
0FE1E7F0
0FE1C7F0
0FE007F0
1FC007F0
1FC007F0
1FC007F0
1FC007F0
3F8007F0
3F8007F0
3F87FFF0
3F87FFF0
7F07FFF0
7F07FFF0
7F07FFF0
7F07FFF0
ENDCHAR
STARTCHAR FB40
ENCODING 64320
SWIDTH 600 0
DWIDTH 30 0
BBX 17 30 6 0
BITMAP
7FE000
7FFC00
7FFE00
7FFE00
7FFF00
7FFF00
00FF00
007F80
003F80
003F80
003F80
003F80
003F80
0C3F80
1E3F80
1E3F80
0C3F80
003F80
003F80
003F80
003F80
003F80
003F80
003F80
FFFF80
FFFF80
FFFF80
FFFF80
FFFF80
FFFF80
ENDCHAR
STARTCHAR FB41
ENCODING 64321
SWIDTH 600 0
DWIDTH 30 0
BBX 28 30 0 0
BITMAP
FFFFF000
FFFFFE00
FFFFFF00
FFFFFF80
FFFFFFC0
FFFFFFE0
07C03FE0
0FC00FF0
0FC00FF0
1FC007F0
1F8007F0
1F8007F0
1F8007F0
3F8307F0
3F8787F0
3F8787F0
3F8387F0
3F8007F0
1F8007F0
1FC007F0
1FC007F0
1FC007F0
1FE00FE0
0FF01FE0
0FFFFFE0
07FFFFC0
07FFFF80
03FFFF00
00FFFE00
001FF000
ENDCHAR
STARTCHAR FB43
ENCODING 64323
SWIDTH 600 0
DWIDTH 30 0
BBX 24 39 3 -9
BITMAP
FFFF00
FFFFE0
FFFFF8
FFFFFC
FFFFFC
FFFFFE
FC03FE
FC00FF
FC007F
FC007F
FC007F
FC003F
FC003F
FFF03F
FFF33F
FFF7BF
FFF7BF
FFF33F
FFF03F
00003F
00003F
00003F
00003F
00003F
00003F
00003F
00003F
00003F
00003F
00003F
00003F
00003F
00003F
00003F
00003F
00003F
00003F
00003F
00003F
ENDCHAR
STARTCHAR FB44
ENCODING 64324
SWIDTH 600 0
DWIDTH 30 0
BBX 26 30 2 0
BITMAP
FFFF8000
FFFFF000
FFFFF800
FFFFFE00
FFFFFE00
FFFFFF00
FE01FF80
FE007F80
FE003F80
FE003F80
FE001FC0
FE001FC0
FFF81FC0
FFF99FC0
FFFBDFC0
FFFBDFC0
FFF99FC0
FFF81FC0
00001FC0
00001FC0
00003F80
00007F80
0000FF80
0001FF00
7FFFFF00
7FFFFE00
7FFFFC00
7FFFF800
7FFFE000
7FFF0000
ENDCHAR
STARTCHAR FB46
ENCODING 64326
SWIDTH 600 0
DWIDTH 30 0
BBX 28 30 0 0
BITMAP
FF0007F0
7F8007F0
3FC007F0
1FE007F0
0FE007F0
0FF007E0
07F80FE0
03FC0FE0
01FC0FE0
01FE0FE0
00FF1FC0
007F9FC0
003FFF80
003FFF80
001FFF00
000FFC00
0007F000
0067F800
00F3FC00
00F1FE00
00E0FF00
0000FF00
00007F80
00003FC0
3FFFFFE0
3FFFFFE0
3FFFFFF0
3FFFFFF0
3FFFFFF0
3FFFFFF0
ENDCHAR
STARTCHAR FB47
ENCODING 64327
SWIDTH 600 0
DWIDTH 30 0
BBX 25 39 3 -9
BITMAP
FFFFC000
FFFFF800
FFFFFC00
FFFFFE00
FFFFFF00
FFFFFF00
0000FF80
00007F80
00003F80
00003F80
00003F80
7F003F80
7F183F80
7F3C3F80
7F3C3F80
7F183F00
7F003F00
7F007F00
7F007F00
7F00FE00
7F01FE00
7F03FC00
7F07FC00
7F0FF800
7F1FF000
7F1FE000
7F1FC000
7F1F8000
7F1F0000
7F1C0000
7F100000
7F000000
7F000000
7F000000
7F000000
7F000000
7F000000
7F000000
7F000000
ENDCHAR
STARTCHAR FB48
ENCODING 64328
SWIDTH 600 0
DWIDTH 30 0
BBX 24 30 2 0
BITMAP
FFFF00
FFFFE0
FFFFF0
FFFFF8
FFFFFC
FFFFFC
0003FE
0000FE
0000FE
00007F
00007F
00007F
00007F
00007F
00007F
00C07F
01E07F
01E07F
01C07F
00007F
00007F
00007F
00007F
00007F
00007F
00007F
00007F
00007F
00007F
00007F
ENDCHAR
STARTCHAR FB49
ENCODING 64329
SWIDTH 600 0
DWIDTH 30 0
BBX 28 30 1 0
BITMAP
FC0FC3F0
FC0FC3F0
FC0FC3F0
FC0FC3F0
FC0F83F0
FC0F83F0
7E1F83F0
7E1F83F0
7E1F83F0
7E1F83F0
7E1F87E0
7E1F87E0
7F3F87E0
3F7F07E0
3FFF07E0
3FFE07E0
3FFE07E0
3FF98FE0
3FC1CFC0
1F81CFC0
1F81DFC0
1F803FC0
1F807F80
1F81FF80
1FFFFF00
0FFFFE00
0FFFFC00
0FFFF800
0FFFC000
0FFC0000
ENDCHAR
STARTCHAR FB4A
ENCODING 64330
SWIDTH 600 0
DWIDTH 30 0
BBX 27 30 1 0
BITMAP
7FFFE000
7FFFFC00
7FFFFE00
7FFFFF00
7FFFFF80
7FFFFF80
0FE07FC0
0FE01FC0
0FE01FC0
0FE00FE0
0FE00FE0
0FE00FE0
0FE00FE0
0FE00FE0
0FE00FE0
0FE30FE0
0FE78FE0
0FE78FE0
0FE38FE0
0FE00FE0
0FE00FE0
0FE00FE0
0FE00FE0
1FC00FE0
FFC00FE0
FFC00FE0
FFC00FE0
FF800FE0
FF000FE0
FC000FE0
ENDCHAR
STARTCHAR FB4B
ENCODING 64331
SWIDTH 600 0
DWIDTH 30 0
BBX 6 39 12 0
BITMAP
30
78
78
30
00
00
00
00
00
FC
FC
FC
FC
FC
FC
FC
FC
FC
FC
FC
FC
FC
FC
FC
FC
FC
FC
FC
FC
FC
FC
FC
FC
FC
FC
FC
FC
FC
FC
ENDCHAR
STARTCHAR FB4C
ENCODING 64332
SWIDTH 600 0
DWIDTH 30 0
BBX 26 36 2 0
BITMAP
00FF0000
00FF0000
00FF0000
00000000
00000000
00000000
7FFE0000
7FFF8000
7FFFE000
7FFFF000
7FFFF800
7FFFFC00
0007FC00
0001FC00
0001FC00
0000FE00
0000FE00
0000FE00
0000FE00
0000FE00
0000FE00
0000FE00
0000FE00
0000FE00
0000FE00
0000FE00
0000FE00
0000FE00
0000FE00
0000FE00
FFFFFFC0
FFFFFFC0
FFFFFFC0
FFFFFFC0
FFFFFFC0
FFFFFFC0
ENDCHAR
STARTCHAR FB4D
ENCODING 64333
SWIDTH 600 0
DWIDTH 30 0
BBX 23 36 3 0
BITMAP
03FC00
03FC00
03FC00
000000
000000
000000
FFFC00
FFFF80
FFFFE0
FFFFF0
FFFFF8
FFFFF8
000FFC
0003FC
0001FE
0000FE
0000FE
0000FE
00007E
00007E
00007E
00007E
00007E
00007E
0000FE
0000FE
0000FE
0001FE
0003FC
000FFC
FFFFF8
FFFFF0
FFFFF0
FFFFC0
FFFF80
FFFC00
ENDCHAR
STARTCHAR FB4E
ENCODING 64334
SWIDTH 600 0
DWIDTH 30 0
BBX 26 36 2 0
BITMAP
01FE0000
01FE0000
01FE0000
00000000
00000000
00000000
FFFF8000
FFFFF000
FFFFF800
FFFFFE00
FFFFFE00
FFFFFF00
FE01FF80
FE007F80
FE003F80
FE003F80
FE001FC0
FE001FC0
FFF81FC0
FFF81FC0
FFF81FC0
FFF81FC0
FFF81FC0
FFF81FC0
00001FC0
00001FC0
00003F80
00007F80
0000FF80
0001FF00
7FFFFF00
7FFFFE00
7FFFFC00
7FFFF800
7FFFE000
7FFF0000
ENDCHAR
STARTCHAR FB4F
ENCODING 64335
SWIDTH 600 0
DWIDTH 30 0
BBX 28 41 1 0
BITMAP
FE000000
FE000000
FE000000
FE000000
FE000000
FE000000
FE000000
FE000000
FE000000
FE000000
FE000000
FF800FE0
FF800FE0
FFC00FE0
FFE00FE0
0FE00FE0
0FF00FC0
07F80FC0
03F81FC0
03FC1FC0
01FE1FC0
00FE1F80
00FF3F80
007F3F80
003FFF00
003FFE00
001FFC00
000FF800
000FF000
0007F800
0003F800
0003FC00
0001FE00
0000FE00
0000FF00
00007F80
00003F80
00003FC0
00001FE0
00000FE0
00000FF0
ENDCHAR
STARTCHAR FE20
ENCODING 65056
SWIDTH 0 0
DWIDTH 0 0
BBX 19 9 -19 30
BITMAP
0007E0
007FE0
01FFE0
07F800
0F8000
1E0000
380000
700000
E00000
ENDCHAR
STARTCHAR FE21
ENCODING 65057
SWIDTH 0 0
DWIDTH 0 0
BBX 19 9 0 30
BITMAP
FC0000
FFC000
FFF000
03FC00
003E00
000F80
000380
0001C0
0000E0
ENDCHAR
STARTCHAR FE22
ENCODING 65058
SWIDTH 0 0
DWIDTH 0 0
BBX 19 7 -19 30
BITMAP
03FE00
0FFFE0
3FFFE0
3FFFE0
7C01E0
700020
F00000
ENDCHAR
STARTCHAR FE23
ENCODING 65059
SWIDTH 0 0
DWIDTH 0 0
BBX 19 7 0 30
BITMAP
0001E0
8001C0
F007C0
FFFF80
FFFF80
FFFE00
0FF800
ENDCHAR
ENDFONT
