STARTFONT 2.1
COMMENT
COMMENT Converted from OpenType font "LiberationMono-Bold.ttf" by "otf2bdf 3.0".
COMMENT
FONT -FreeType-Liberation Mono-Bold-R-Normal--30-300-72-72-P-146-ISO10646-1
SIZE 30 72 72
FONTBOUNDINGBOX 35 41 -14 -11
STARTPROPERTIES 19
FOUNDRY "FreeType"
FAMILY_NAME "Liberation Mono"
WEIGHT_NAME "Bold"
SLANT "R"
SETWIDTH_NAME "Normal"
ADD_STYLE_NAME ""
PIXEL_SIZE 30
POINT_SIZE 300
RESOLUTION_X 72
RESOLUTION_Y 72
SPACING "P"
AVERAGE_WIDTH 146
CHARSET_REGISTRY "ISO10646"
CHARSET_ENCODING "1"
FONT_ASCENT 24
FONT_DESCENT 9
COPYRIGHT "Digitized data copyright (c) 2010 Google Corporation.  Copyright (c) 2012 Red Hat, Inc."
_OTF_FONTFILE "LiberationMono-Bold.ttf"
_OTF_PSNAME "LiberationMono-Bold"
ENDPROPERTIES
CHARS 2305
STARTCHAR 0020
ENCODING 32
SWIDTH 600 0
DWIDTH 18 0
BBX 0 0 0 0
BITMAP
ENDCHAR
STARTCHAR 0021
ENCODING 33
SWIDTH 600 0
DWIDTH 18 0
BBX 4 20 7 0
BITMAP
F0
F0
F0
F0
F0
F0
F0
F0
F0
F0
F0
F0
F0
F0
00
00
F0
F0
F0
F0
ENDCHAR
STARTCHAR 0022
ENCODING 34
SWIDTH 600 0
DWIDTH 18 0
BBX 10 9 4 13
BITMAP
F3C0
F3C0
F3C0
E1C0
E1C0
E1C0
E1C0
E1C0
E1C0
ENDCHAR
STARTCHAR 0023
ENCODING 35
SWIDTH 600 0
DWIDTH 18 0
BBX 16 20 1 0
BITMAP
070C
060C
060C
061C
0E1C
7FFF
7FFF
0C18
0C38
1C30
1830
1830
FFFE
FFFE
3860
3060
3060
3060
30E0
70C0
ENDCHAR
STARTCHAR 0024
ENCODING 36
SWIDTH 600 0
DWIDTH 18 0
BBX 16 25 1 -3
BITMAP
0180
0180
0FF0
3FF8
7FFC
79BE
799E
799E
7980
7F80
3FE0
1FF8
07FE
01FE
019F
018F
718F
F18F
799E
7FFE
3FFC
0FF0
0180
0180
0180
ENDCHAR
STARTCHAR 0025
ENCODING 37
SWIDTH 600 0
DWIDTH 18 0
BBX 18 20 0 0
BITMAP
3C0380
7F0300
E70600
E30E00
E31C00
E31800
E33800
E77000
7E6000
3CE000
01CF00
01BF80
03B9C0
0731C0
0631C0
0E31C0
1C31C0
1839C0
303F80
700F00
ENDCHAR
STARTCHAR 0026
ENCODING 38
SWIDTH 600 0
DWIDTH 18 0
BBX 18 20 0 0
BITMAP
03F000
07F800
0F7C00
0E1C00
0E1C00
0E3C00
0E7800
0FF000
0FC000
1F8700
3F8700
7BC700
71EF00
F0FE00
F0FE00
F07C00
787E00
7FFFC0
3FFFC0
0FC3C0
ENDCHAR
STARTCHAR 0027
ENCODING 39
SWIDTH 600 0
DWIDTH 18 0
BBX 4 9 7 13
BITMAP
F0
F0
F0
F0
F0
F0
F0
F0
60
ENDCHAR
STARTCHAR 0028
ENCODING 40
SWIDTH 600 0
DWIDTH 18 0
BBX 8 28 5 -6
BITMAP
0F
1F
1E
3C
3C
7C
78
78
78
F0
F0
F0
F0
F0
F0
F0
F0
F0
F0
78
78
78
7C
3C
3C
1E
1F
0F
ENDCHAR
STARTCHAR 0029
ENCODING 41
SWIDTH 600 0
DWIDTH 18 0
BBX 8 28 5 -6
BITMAP
F0
F8
78
3C
3C
3E
1E
1E
1E
0F
0F
0F
0F
0F
0F
0F
0F
0F
0F
1E
1E
1E
3E
3C
3C
78
F8
F0
ENDCHAR
STARTCHAR 002A
ENCODING 42
SWIDTH 600 0
DWIDTH 18 0
BBX 12 11 3 11
BITMAP
0F00
0700
4620
76E0
FFF0
3FC0
0F00
1F80
39C0
39C0
1080
ENDCHAR
STARTCHAR 002B
ENCODING 43
SWIDTH 600 0
DWIDTH 18 0
BBX 16 15 1 3
BITMAP
03C0
03C0
03C0
03C0
03C0
03C0
FFFF
FFFF
FFFF
03C0
03C0
03C0
03C0
03C0
03C0
ENDCHAR
STARTCHAR 002C
ENCODING 44
SWIDTH 600 0
DWIDTH 18 0
BBX 7 10 4 -6
BITMAP
3E
3C
3C
78
78
70
70
E0
E0
E0
ENDCHAR
STARTCHAR 002D
ENCODING 45
SWIDTH 600 0
DWIDTH 18 0
BBX 8 4 5 6
BITMAP
FF
FF
FF
FF
ENDCHAR
STARTCHAR 002E
ENCODING 46
SWIDTH 600 0
DWIDTH 18 0
BBX 4 4 7 0
BITMAP
F0
F0
F0
F0
ENDCHAR
STARTCHAR 002F
ENCODING 47
SWIDTH 600 0
DWIDTH 18 0
BBX 14 22 2 0
BITMAP
001C
001C
0038
0078
0070
00F0
00E0
01E0
01C0
03C0
0380
0700
0F00
0E00
1E00
1C00
3C00
3800
7800
7000
F000
E000
ENDCHAR
STARTCHAR 0030
ENCODING 48
SWIDTH 600 0
DWIDTH 18 0
BBX 14 20 2 0
BITMAP
0FC0
3FF0
7FF8
7CF8
F878
F03C
F03C
F03C
F7BC
F7BC
F7BC
F7BC
F03C
F03C
F03C
7878
7CF8
3FF0
3FE0
0FC0
ENDCHAR
STARTCHAR 0031
ENCODING 49
SWIDTH 600 0
DWIDTH 18 0
BBX 15 20 2 0
BITMAP
03C0
07C0
1FC0
FFC0
FBC0
E3C0
03C0
03C0
03C0
03C0
03C0
03C0
03C0
03C0
03C0
03C0
03C0
FFFE
FFFE
FFFE
ENDCHAR
STARTCHAR 0032
ENCODING 50
SWIDTH 600 0
DWIDTH 18 0
BBX 14 20 2 0
BITMAP
0FC0
3FF0
7FF8
7CFC
F83C
F03C
003C
0078
00F8
01F0
07E0
0FC0
1F80
3E00
7C00
7800
F800
FFFC
FFFC
FFFC
ENDCHAR
STARTCHAR 0033
ENCODING 51
SWIDTH 600 0
DWIDTH 18 0
BBX 15 20 1 0
BITMAP
07E0
1FF8
3FFC
7C7E
783E
001E
001E
007C
03F8
03E0
03F8
007E
001E
001E
F81E
781E
7E7E
3FFC
1FF8
0FE0
ENDCHAR
STARTCHAR 0034
ENCODING 52
SWIDTH 600 0
DWIDTH 18 0
BBX 16 20 1 0
BITMAP
00F8
00F8
01F8
03F8
03F8
07F8
0F78
0E78
1E78
3C78
3878
7878
F078
FFFF
FFFF
FFFF
0078
0078
0078
0078
ENDCHAR
STARTCHAR 0035
ENCODING 53
SWIDTH 600 0
DWIDTH 18 0
BBX 14 20 2 0
BITMAP
7FF8
7FF8
7FF8
7800
7000
F000
F3E0
FFF0
FFF8
FCFC
F87C
003C
003C
003C
F03C
F03C
FCFC
7FF8
3FF0
0FC0
ENDCHAR
STARTCHAR 0036
ENCODING 54
SWIDTH 600 0
DWIDTH 18 0
BBX 14 20 2 0
BITMAP
07E0
1FF0
3FF8
7CF8
783C
F000
F000
F3E0
FFF0
FFF8
F87C
F03C
F03C
F03C
F03C
783C
7C7C
3FF8
1FF0
07C0
ENDCHAR
STARTCHAR 0037
ENCODING 55
SWIDTH 600 0
DWIDTH 18 0
BBX 14 20 2 0
BITMAP
FFFC
FFFC
FFFC
003C
0078
0070
00F0
01E0
01E0
03C0
07C0
0780
0F80
0F00
0F00
1F00
1F00
1E00
1E00
1E00
ENDCHAR
STARTCHAR 0038
ENCODING 56
SWIDTH 600 0
DWIDTH 18 0
BBX 14 20 2 0
BITMAP
0FC0
3FF0
7FF8
F87C
F03C
F03C
F07C
7878
3FF0
0FC0
7FF8
F87C
F03C
F03C
F03C
F03C
F87C
7FF8
3FF0
1FC0
ENDCHAR
STARTCHAR 0039
ENCODING 57
SWIDTH 600 0
DWIDTH 18 0
BBX 14 20 2 0
BITMAP
0FC0
3FE0
7FF0
F8F8
F078
F03C
F03C
F03C
F07C
F8FC
7FFC
3FFC
1F3C
003C
003C
F078
FCF8
7FF0
3FE0
1F80
ENDCHAR
STARTCHAR 003A
ENCODING 58
SWIDTH 600 0
DWIDTH 18 0
BBX 4 16 7 0
BITMAP
F0
F0
F0
F0
00
00
00
00
00
00
00
00
F0
F0
F0
F0
ENDCHAR
STARTCHAR 003B
ENCODING 59
SWIDTH 600 0
DWIDTH 18 0
BBX 7 22 5 -6
BITMAP
3C
3C
3C
3C
00
00
00
00
00
00
00
00
3E
3C
3C
78
78
70
70
E0
E0
E0
ENDCHAR
STARTCHAR 003C
ENCODING 60
SWIDTH 600 0
DWIDTH 18 0
BBX 16 16 1 2
BITMAP
0003
001F
007F
03FE
1FF8
7FC0
FE00
F800
F800
FE00
7FC0
0FF8
03FE
007F
000F
0003
ENDCHAR
STARTCHAR 003D
ENCODING 61
SWIDTH 600 0
DWIDTH 18 0
BBX 16 11 1 5
BITMAP
FFFF
FFFF
FFFF
0000
0000
0000
0000
0000
FFFF
FFFF
FFFF
ENDCHAR
STARTCHAR 003E
ENCODING 62
SWIDTH 600 0
DWIDTH 18 0
BBX 16 16 1 2
BITMAP
C000
F800
FE00
7FC0
1FF8
03FE
007F
001F
001F
007F
03FE
0FF0
7FC0
FE00
F000
C000
ENDCHAR
STARTCHAR 003F
ENCODING 63
SWIDTH 600 0
DWIDTH 18 0
BBX 15 20 1 0
BITMAP
07E0
1FF8
7FFC
7E7E
F81E
F01E
001E
003E
007C
00F8
01F0
03E0
03C0
0780
0000
0000
0780
0780
0780
0780
ENDCHAR
STARTCHAR 0040
ENCODING 64
SWIDTH 600 0
DWIDTH 18 0
BBX 16 26 1 -4
BITMAP
03E0
0FF8
1C1C
380E
3006
7003
61DB
67FB
C63B
CC3B
CC3B
DC33
D833
D833
D873
D873
D863
DCE6
CFBE
C73C
6000
6000
3004
381C
1FF8
07E0
ENDCHAR
STARTCHAR 0041
ENCODING 65
SWIDTH 600 0
DWIDTH 18 0
BBX 18 20 0 0
BITMAP
03F000
03F000
03F000
07F800
07F800
073800
0F3C00
0F3C00
0F3C00
1E1E00
1E1E00
1E1E00
3FFF00
3FFF00
3FFF00
7C0F80
780780
780780
F807C0
F003C0
ENDCHAR
STARTCHAR 0042
ENCODING 66
SWIDTH 600 0
DWIDTH 18 0
BBX 15 20 2 0
BITMAP
FFE0
FFF8
FFFC
F07C
F03C
F03C
F03C
F07C
FFF8
FFC0
FFF8
F03C
F01E
F01E
F01E
F01E
F03E
FFFC
FFFC
FFF0
ENDCHAR
STARTCHAR 0043
ENCODING 67
SWIDTH 600 0
DWIDTH 18 0
BBX 16 20 1 0
BITMAP
07E0
1FF8
3FFC
3F7E
7C1E
781F
F80C
F800
F800
F800
F800
F800
F800
780E
780F
7C1E
3F7E
3FFC
1FF8
07E0
ENDCHAR
STARTCHAR 0044
ENCODING 68
SWIDTH 600 0
DWIDTH 18 0
BBX 15 20 2 0
BITMAP
FF00
FFE0
FFF0
FFF8
F07C
F07C
F03C
F03E
F03E
F03E
F03E
F03E
F03E
F03C
F03C
F07C
F1F8
FFF0
FFE0
FFC0
ENDCHAR
STARTCHAR 0045
ENCODING 69
SWIDTH 600 0
DWIDTH 18 0
BBX 15 20 2 0
BITMAP
FFFC
FFFC
FFFC
F000
F000
F000
F000
F000
FFF8
FFF8
FFF8
F000
F000
F000
F000
F000
F000
FFFE
FFFE
FFFE
ENDCHAR
STARTCHAR 0046
ENCODING 70
SWIDTH 600 0
DWIDTH 18 0
BBX 14 20 2 0
BITMAP
FFFC
FFFC
FFFC
F800
F800
F800
F800
F800
F800
FFFC
FFFC
FFFC
F800
F800
F800
F800
F800
F800
F800
F800
ENDCHAR
STARTCHAR 0047
ENCODING 71
SWIDTH 600 0
DWIDTH 18 0
BBX 16 20 1 0
BITMAP
07E0
1FF8
3FFC
7F7C
7C3E
781C
F800
F800
F800
F8FF
F8FF
F8FF
F80F
780F
780F
7C0F
3F7F
3FFE
1FFC
07E0
ENDCHAR
STARTCHAR 0048
ENCODING 72
SWIDTH 600 0
DWIDTH 18 0
BBX 14 20 2 0
BITMAP
F03C
F03C
F03C
F03C
F03C
F03C
F03C
F03C
FFFC
FFFC
FFFC
FFFC
F03C
F03C
F03C
F03C
F03C
F03C
F03C
F03C
ENDCHAR
STARTCHAR 0049
ENCODING 73
SWIDTH 600 0
DWIDTH 18 0
BBX 14 20 2 0
BITMAP
FFFC
FFFC
FFFC
0780
0780
0780
0780
0780
0780
0780
0780
0780
0780
0780
0780
0780
0780
FFFC
FFFC
FFFC
ENDCHAR
STARTCHAR 004A
ENCODING 74
SWIDTH 600 0
DWIDTH 18 0
BBX 13 20 2 0
BITMAP
0FF8
0FF8
0FF8
0078
0078
0078
0078
0078
0078
0078
0078
0078
0078
F078
F0F8
F8F8
FDF0
7FF0
3FE0
1F80
ENDCHAR
STARTCHAR 004B
ENCODING 75
SWIDTH 600 0
DWIDTH 18 0
BBX 16 20 2 0
BITMAP
F03E
F03E
F07C
F0F8
F1F0
F1E0
F3E0
F7C0
F780
FFC0
FFC0
FFE0
FDE0
F9F0
F0F8
F0F8
F07C
F07C
F03E
F01F
ENDCHAR
STARTCHAR 004C
ENCODING 76
SWIDTH 600 0
DWIDTH 18 0
BBX 13 20 3 0
BITMAP
F000
F000
F000
F000
F000
F000
F000
F000
F000
F000
F000
F000
F000
F000
F000
F000
F000
FFF8
FFF8
FFF8
ENDCHAR
STARTCHAR 004D
ENCODING 77
SWIDTH 600 0
DWIDTH 18 0
BBX 16 20 1 0
BITMAP
FC3F
FC3F
FC3F
FC3F
FE7F
FE7F
FE7F
FE7F
F7EF
F7EF
F7EF
F3EF
F3CF
F3CF
F3CF
F00F
F00F
F00F
F00F
F00F
ENDCHAR
STARTCHAR 004E
ENCODING 78
SWIDTH 600 0
DWIDTH 18 0
BBX 14 20 2 0
BITMAP
F83C
F83C
FC3C
FC3C
FE3C
EE3C
EE3C
FF3C
F73C
F73C
F7BC
F3BC
F3FC
F1FC
F1DC
F1FC
F0FC
F0FC
F0FC
F07C
ENDCHAR
STARTCHAR 004F
ENCODING 79
SWIDTH 600 0
DWIDTH 18 0
BBX 16 20 1 0
BITMAP
07E0
1FF8
3FFC
7FFE
7C3E
781E
F81F
F81F
F00F
F00F
F00F
F01F
F81F
F81F
781E
7C3E
7FFE
3FFC
1FF8
07E0
ENDCHAR
STARTCHAR 0050
ENCODING 80
SWIDTH 600 0
DWIDTH 18 0
BBX 15 20 2 0
BITMAP
FFE0
FFF8
FFFC
F0FC
F03E
F03E
F03E
F03E
F03C
F0FC
FFF8
FFF0
FFE0
F000
F000
F000
F000
F000
F000
F000
ENDCHAR
STARTCHAR 0051
ENCODING 81
SWIDTH 600 0
DWIDTH 18 0
BBX 16 26 1 -6
BITMAP
07E0
1FF8
3FFC
7FFE
7C3E
781E
F81F
F81F
F01F
F00F
F00F
F01F
F81F
F81F
781E
7C3E
7E7E
3FFC
1FF8
0FE0
03E0
01E0
01F8
00FF
00FF
003F
ENDCHAR
STARTCHAR 0052
ENCODING 82
SWIDTH 600 0
DWIDTH 18 0
BBX 16 20 2 0
BITMAP
FFE0
FFF8
FFFC
F0FE
F03E
F01E
F01E
F03E
F07C
FFFC
FFF8
FFE0
F1F0
F1F0
F0F8
F078
F07C
F03C
F03E
F01F
ENDCHAR
STARTCHAR 0053
ENCODING 83
SWIDTH 600 0
DWIDTH 18 0
BBX 16 20 1 0
BITMAP
07E0
1FF8
7FFC
7C3E
781E
781F
7800
7E00
3FE0
1FF8
0FFE
00FE
001F
000F
F00F
F80F
FC3F
7FFE
3FFC
0FF0
ENDCHAR
STARTCHAR 0054
ENCODING 84
SWIDTH 600 0
DWIDTH 18 0
BBX 16 20 1 0
BITMAP
FFFF
FFFF
FFFF
03C0
03C0
03C0
03C0
03C0
03C0
03C0
03C0
03C0
03C0
03C0
03C0
03C0
03C0
03C0
03C0
03C0
ENDCHAR
STARTCHAR 0055
ENCODING 85
SWIDTH 600 0
DWIDTH 18 0
BBX 14 20 2 0
BITMAP
F03C
F03C
F03C
F03C
F03C
F03C
F03C
F03C
F03C
F03C
F03C
F03C
F03C
F03C
F07C
F87C
7DF8
7FF8
3FF0
0FC0
ENDCHAR
STARTCHAR 0056
ENCODING 86
SWIDTH 600 0
DWIDTH 18 0
BBX 18 20 0 0
BITMAP
F807C0
780780
780780
7C0F80
3C0F00
3C0F00
3C0F00
1E1E00
1E1E00
1E1E00
0F3C00
0F3C00
0F3C00
07B800
07F800
07F800
03F000
03F000
03F000
01E000
ENDCHAR
STARTCHAR 0057
ENCODING 87
SWIDTH 600 0
DWIDTH 18 0
BBX 18 20 0 0
BITMAP
F003C0
F003C0
F003C0
700380
700380
700380
79E780
79E780
79E780
79E780
3BF700
3BF700
3BF700
3B3F00
3F3F00
3F3F00
1F3E00
1E1E00
1E1E00
1E1E00
ENDCHAR
STARTCHAR 0058
ENCODING 88
SWIDTH 600 0
DWIDTH 18 0
BBX 18 20 0 0
BITMAP
780780
3C0F00
3E1F00
1E1E00
0F3C00
0FBC00
07F800
07F000
03F000
01E000
03F000
07F000
07F800
0FBC00
1F3C00
1E1E00
3E1F00
3C0F00
7C0780
F807C0
ENDCHAR
STARTCHAR 0059
ENCODING 89
SWIDTH 600 0
DWIDTH 18 0
BBX 18 20 0 0
BITMAP
F807C0
780780
7C0F80
3C0F00
1E1E00
1E1E00
0F3C00
0F3C00
07F800
07F800
03F000
01E000
01E000
01E000
01E000
01E000
01E000
01E000
01E000
01E000
ENDCHAR
STARTCHAR 005A
ENCODING 90
SWIDTH 600 0
DWIDTH 18 0
BBX 16 20 1 0
BITMAP
7FFE
7FFE
7FFE
003E
007C
0078
00F8
01F0
03E0
03C0
07C0
0F80
1F00
1E00
3E00
7C00
7800
FFFF
FFFF
FFFF
ENDCHAR
STARTCHAR 005B
ENCODING 91
SWIDTH 600 0
DWIDTH 18 0
BBX 9 28 5 -6
BITMAP
FF80
FF80
FF80
F000
F000
F000
F000
F000
F000
F000
F000
F000
F000
F000
F000
F000
F000
F000
F000
F000
F000
F000
F000
F000
F000
FF80
FF80
FF80
ENDCHAR
STARTCHAR 005C
ENCODING 92
SWIDTH 600 0
DWIDTH 18 0
BBX 14 22 2 0
BITMAP
E000
F000
7000
7800
3800
3C00
1C00
1E00
0E00
0700
0700
0380
03C0
01C0
01E0
00E0
00F0
0070
0078
0038
003C
001C
ENDCHAR
STARTCHAR 005D
ENCODING 93
SWIDTH 600 0
DWIDTH 18 0
BBX 9 28 4 -6
BITMAP
FF80
FF80
FF80
0780
0780
0780
0780
0780
0780
0780
0780
0780
0780
0780
0780
0780
0780
0780
0780
0780
0780
0780
0780
0780
0780
FF80
FF80
FF80
ENDCHAR
STARTCHAR 005E
ENCODING 94
SWIDTH 600 0
DWIDTH 18 0
BBX 16 13 1 7
BITMAP
07C0
07E0
0FE0
0EF0
1E70
1C78
1C38
3838
381C
781C
701E
F00E
E00F
ENDCHAR
STARTCHAR 005F
ENCODING 95
SWIDTH 600 0
DWIDTH 18 0
BBX 18 1 0 -3
BITMAP
FFFFC0
ENDCHAR
STARTCHAR 0060
ENCODING 96
SWIDTH 600 0
DWIDTH 18 0
BBX 7 4 5 17
BITMAP
F0
78
1C
0E
ENDCHAR
STARTCHAR 0061
ENCODING 97
SWIDTH 600 0
DWIDTH 18 0
BBX 15 16 2 0
BITMAP
0FC0
3FF0
7FF0
78F8
F878
0078
1FF8
7FF8
F878
F078
F078
F0F8
F1F8
FFBE
7F3E
3E1E
ENDCHAR
STARTCHAR 0062
ENCODING 98
SWIDTH 600 0
DWIDTH 18 0
BBX 15 22 2 0
BITMAP
F000
F000
F000
F000
F000
F000
F1E0
F7F8
FFF8
FC7C
F83C
F83C
F03E
F03E
F03E
F03E
F83C
F83C
FC7C
FFF8
F7F0
F1E0
ENDCHAR
STARTCHAR 0063
ENCODING 99
SWIDTH 600 0
DWIDTH 18 0
BBX 14 16 2 0
BITMAP
0FC0
3FF0
7FF8
787C
F83C
F000
F000
F000
F000
F000
F03C
F83C
787C
7FF8
3FF0
0FC0
ENDCHAR
STARTCHAR 0064
ENCODING 100
SWIDTH 600 0
DWIDTH 18 0
BBX 15 22 1 0
BITMAP
001E
001E
001E
001E
001E
001E
0F9E
3FDE
3FFE
7C7E
783E
783E
F81E
F81E
F81E
F81E
783E
783E
7C7E
3FDE
3FDE
0F9E
ENDCHAR
STARTCHAR 0065
ENCODING 101
SWIDTH 600 0
DWIDTH 18 0
BBX 16 16 1 0
BITMAP
07E0
1FF8
3FFC
7C3C
781E
781E
7FFE
FFFF
FFFF
7800
7800
781E
7C1E
3FFC
1FF8
07E0
ENDCHAR
STARTCHAR 0066
ENCODING 102
SWIDTH 600 0
DWIDTH 18 0
BBX 14 22 2 0
BITMAP
03FC
07FC
0FFC
0F00
1F00
1F00
FFFC
FFFC
FFFC
1F00
1F00
1F00
1F00
1F00
1F00
1F00
1F00
1F00
1F00
1F00
1F00
1F00
ENDCHAR
STARTCHAR 0067
ENCODING 103
SWIDTH 600 0
DWIDTH 18 0
BBX 14 22 2 -6
BITMAP
1F3C
3FBC
7FFC
787C
F87C
F03C
F03C
F03C
F03C
F03C
F03C
F87C
F87C
7FFC
3FBC
1F3C
003C
003C
F87C
7FF8
3FF0
0FC0
ENDCHAR
STARTCHAR 0068
ENCODING 104
SWIDTH 600 0
DWIDTH 18 0
BBX 14 22 2 0
BITMAP
F000
F000
F000
F000
F000
F000
F1F0
F7F8
F7FC
FC7C
F83C
F83C
F03C
F03C
F03C
F03C
F03C
F03C
F03C
F03C
F03C
F03C
ENDCHAR
STARTCHAR 0069
ENCODING 105
SWIDTH 600 0
DWIDTH 18 0
BBX 15 22 2 0
BITMAP
03C0
03C0
03C0
0000
0000
0000
7FC0
7FC0
7FC0
03C0
03C0
03C0
03C0
03C0
03C0
03C0
03C0
03C0
03C0
FFFE
FFFE
FFFE
ENDCHAR
STARTCHAR 006A
ENCODING 106
SWIDTH 600 0
DWIDTH 18 0
BBX 11 28 2 -6
BITMAP
01E0
01E0
01E0
0000
0000
0000
7FE0
7FE0
7FE0
01E0
01E0
01E0
01E0
01E0
01E0
01E0
01E0
01E0
01E0
01E0
01E0
01E0
03E0
03E0
87C0
FFC0
FF80
FE00
ENDCHAR
STARTCHAR 006B
ENCODING 107
SWIDTH 600 0
DWIDTH 18 0
BBX 14 22 3 0
BITMAP
F000
F000
F000
F000
F000
F000
F078
F0F0
F1F0
F3E0
F7C0
F780
FF00
FF80
FFC0
F3C0
F3E0
F1E0
F0F0
F0F8
F078
F07C
ENDCHAR
STARTCHAR 006C
ENCODING 108
SWIDTH 600 0
DWIDTH 18 0
BBX 14 22 3 0
BITMAP
FF80
FF80
FF80
0780
0780
0780
0780
0780
0780
0780
0780
0780
0780
0780
0780
0780
0780
0780
0780
07FC
03FC
01FC
ENDCHAR
STARTCHAR 006D
ENCODING 109
SWIDTH 600 0
DWIDTH 18 0
BBX 16 16 1 0
BITMAP
E71C
EFBE
FFFF
F3CF
F3CF
F3C7
E3C7
E3C7
E3C7
E3C7
E3C7
E3C7
E3C7
E3C7
E3C7
E3C7
ENDCHAR
STARTCHAR 006E
ENCODING 110
SWIDTH 600 0
DWIDTH 18 0
BBX 14 16 2 0
BITMAP
F1F0
F7F8
F7FC
FC7C
F83C
F83C
F03C
F03C
F03C
F03C
F03C
F03C
F03C
F03C
F03C
F03C
ENDCHAR
STARTCHAR 006F
ENCODING 111
SWIDTH 600 0
DWIDTH 18 0
BBX 16 16 1 0
BITMAP
07E0
1FF8
3FFC
7C3E
781E
781E
F81F
F81F
F81F
F81F
781E
781E
7C3E
3FFC
1FF8
07E0
ENDCHAR
STARTCHAR 0070
ENCODING 112
SWIDTH 600 0
DWIDTH 18 0
BBX 15 22 2 -6
BITMAP
F1E0
F7F8
F7F8
FC7C
F83C
F83C
F03E
F03E
F03E
F03E
F03C
F83C
FC7C
FFF8
F7F8
F3E0
F000
F000
F000
F000
F000
F000
ENDCHAR
STARTCHAR 0071
ENCODING 113
SWIDTH 600 0
DWIDTH 18 0
BBX 15 22 1 -6
BITMAP
0F1E
1FDE
3FDE
7C7E
783E
783E
F81E
F81E
F81E
F81E
783E
783E
7C7E
3FFE
3FDE
0F9E
001E
001E
001E
001E
001E
001E
ENDCHAR
STARTCHAR 0072
ENCODING 114
SWIDTH 600 0
DWIDTH 18 0
BBX 13 16 3 0
BITMAP
F1F8
F3F8
F7F8
7FB8
7E00
7C00
7800
7800
7800
7800
7800
7800
7800
7800
7800
7800
ENDCHAR
STARTCHAR 0073
ENCODING 115
SWIDTH 600 0
DWIDTH 18 0
BBX 14 16 2 0
BITMAP
0FC0
3FF0
7FF8
707C
F03C
F800
7F80
3FF0
1FF8
01FC
003C
F03C
F03C
7FFC
7FF8
1FE0
ENDCHAR
STARTCHAR 0074
ENCODING 116
SWIDTH 600 0
DWIDTH 18 0
BBX 13 20 2 0
BITMAP
0E00
0E00
1E00
1E00
FFF8
FFF8
FFF8
1E00
1E00
1E00
1E00
1E00
1E00
1E00
1E00
1E00
1E00
1FF8
0FF8
07F8
ENDCHAR
STARTCHAR 0075
ENCODING 117
SWIDTH 600 0
DWIDTH 18 0
BBX 14 16 2 0
BITMAP
F03C
F03C
F03C
F03C
F03C
F03C
F03C
F03C
F03C
F03C
F07C
F87C
F8FC
7FBC
7F3C
3E3C
ENDCHAR
STARTCHAR 0076
ENCODING 118
SWIDTH 600 0
DWIDTH 18 0
BBX 16 16 1 0
BITMAP
F00F
F00F
F81F
781E
781E
7C3C
3C3C
3C3C
1E78
1E78
1E70
0FF0
0FF0
0FE0
07E0
07E0
ENDCHAR
STARTCHAR 0077
ENCODING 119
SWIDTH 600 0
DWIDTH 18 0
BBX 18 16 0 0
BITMAP
F003C0
F003C0
700380
700380
71E380
71E380
71E380
7BE780
3BF700
3B3700
3B3700
3F3F00
3F3F00
3E1F00
1E1E00
1E1E00
ENDCHAR
STARTCHAR 0078
ENCODING 120
SWIDTH 600 0
DWIDTH 18 0
BBX 16 16 1 0
BITMAP
F81F
783E
3C3C
1E78
1EF8
0FF0
07E0
07C0
07E0
0FF0
0FF0
1E78
3C7C
3C3C
781E
F01F
ENDCHAR
STARTCHAR 0079
ENCODING 121
SWIDTH 600 0
DWIDTH 18 0
BBX 16 22 1 -6
BITMAP
F00F
F00F
781F
781E
781E
3C3C
3C3C
1E3C
1E78
1E78
0F70
0FF0
07F0
07E0
03E0
03C0
03C0
07C0
0780
7F80
7F00
7E00
ENDCHAR
STARTCHAR 007A
ENCODING 122
SWIDTH 600 0
DWIDTH 18 0
BBX 14 16 2 0
BITMAP
7FF8
7FF8
7FF8
00F8
01F0
03E0
07C0
0780
0F00
1F00
3E00
7C00
F800
FFFC
FFFC
FFFC
ENDCHAR
STARTCHAR 007B
ENCODING 123
SWIDTH 600 0
DWIDTH 18 0
BBX 12 28 3 -6
BITMAP
07F0
0FF0
0FF0
1F00
1E00
1E00
1E00
1E00
1E00
1E00
1E00
1E00
3E00
FC00
F000
FC00
3E00
1E00
1E00
1E00
1E00
1E00
1E00
1E00
1F00
1FF0
0FF0
07F0
ENDCHAR
STARTCHAR 007C
ENCODING 124
SWIDTH 600 0
DWIDTH 18 0
BBX 4 29 7 -7
BITMAP
F0
F0
F0
F0
F0
F0
F0
F0
F0
F0
F0
F0
F0
F0
F0
F0
F0
F0
F0
F0
F0
F0
F0
F0
F0
F0
F0
F0
F0
ENDCHAR
STARTCHAR 007D
ENCODING 125
SWIDTH 600 0
DWIDTH 18 0
BBX 12 28 3 -6
BITMAP
FE00
FF00
FF00
0F80
0780
0780
0780
0780
0780
0780
0780
0780
07C0
03F0
00F0
03F0
07C0
0780
0780
0780
0780
0780
0780
0780
0F80
FF80
FF00
FE00
ENDCHAR
STARTCHAR 007E
ENCODING 126
SWIDTH 600 0
DWIDTH 18 0
BBX 16 5 1 8
BITMAP
3E01
FFC3
FFFF
C3FF
807C
ENDCHAR
STARTCHAR 00A0
ENCODING 160
SWIDTH 600 0
DWIDTH 18 0
BBX 0 0 0 0
BITMAP
ENDCHAR
STARTCHAR 00A1
ENCODING 161
SWIDTH 600 0
DWIDTH 18 0
BBX 4 20 7 -4
BITMAP
F0
F0
F0
F0
00
00
F0
F0
F0
F0
F0
F0
F0
F0
F0
F0
F0
F0
F0
F0
ENDCHAR
STARTCHAR 00A2
ENCODING 162
SWIDTH 600 0
DWIDTH 18 0
BBX 16 21 1 -1
BITMAP
0180
0180
01C0
0FF8
1FFC
3FBE
7D9E
799F
7980
F980
F980
F980
798E
799E
7D9E
3FFC
1FF8
07F0
0180
0180
0180
ENDCHAR
STARTCHAR 00A3
ENCODING 163
SWIDTH 600 0
DWIDTH 18 0
BBX 16 20 1 0
BITMAP
03F0
0FF8
1FFC
1E1E
1E1C
1E00
1C00
1C00
1C00
FFE0
FFE0
1C00
1C00
1C00
1C07
3C0F
781F
FFFE
FFFC
FFF8
ENDCHAR
STARTCHAR 00A4
ENCODING 164
SWIDTH 600 0
DWIDTH 18 0
BBX 14 15 2 2
BITMAP
4008
E79C
FFFC
7FF8
7CF8
7878
7038
7038
7038
7878
7CF8
7FF8
FFFC
EFDC
4008
ENDCHAR
STARTCHAR 00A5
ENCODING 165
SWIDTH 600 0
DWIDTH 18 0
BBX 16 20 1 0
BITMAP
F00F
F81F
781E
7C3E
3C3C
1E78
1E78
0FF0
0FF0
07E0
7FFE
7FFE
03C0
03C0
7FFE
7FFE
03C0
03C0
03C0
03C0
ENDCHAR
STARTCHAR 00A6
ENCODING 166
SWIDTH 600 0
DWIDTH 18 0
BBX 4 29 7 -7
BITMAP
F0
F0
F0
F0
F0
F0
F0
F0
F0
F0
F0
F0
00
00
00
00
00
F0
F0
F0
F0
F0
F0
F0
F0
F0
F0
F0
F0
ENDCHAR
STARTCHAR 00A7
ENCODING 167
SWIDTH 600 0
DWIDTH 18 0
BBX 14 25 2 -3
BITMAP
0FE0
3FF8
7FF8
703C
F000
7000
7C00
3FC0
1FF0
3FF8
707C
F03C
F01C
F01C
7E78
3FF0
1FF0
03F8
007C
003C
E01C
F03C
FFF8
7FF0
1FC0
ENDCHAR
STARTCHAR 00A8
ENCODING 168
SWIDTH 600 0
DWIDTH 18 0
BBX 10 3 4 18
BITMAP
F3C0
F3C0
F3C0
ENDCHAR
STARTCHAR 00A9
ENCODING 169
SWIDTH 600 0
DWIDTH 18 0
BBX 18 21 0 1
BITMAP
03F000
0FFC00
1C0E00
380700
31E300
67F980
661980
6E1180
4C0080
CC0080
CC00C0
CC0080
4C0080
6E1D80
671980
63F980
31E300
380700
1C0E00
0FFC00
03F000
ENDCHAR
STARTCHAR 00AA
ENCODING 170
SWIDTH 600 0
DWIDTH 18 0
BBX 12 12 3 9
BITMAP
1F00
7F80
71C0
F1C0
01C0
3FC0
7FC0
E1C0
E1C0
F3E0
FFF0
7CF0
ENDCHAR
STARTCHAR 00AB
ENCODING 171
SWIDTH 600 0
DWIDTH 18 0
BBX 14 12 2 2
BITMAP
1E3C
1E38
3C78
78F0
71E0
F1E0
F1E0
71E0
78F0
3C78
1E38
1E3C
ENDCHAR
STARTCHAR 00AC
ENCODING 172
SWIDTH 600 0
DWIDTH 18 0
BBX 15 10 1 2
BITMAP
FFFE
FFFE
FFFE
000E
000E
000E
000E
000E
000E
000E
ENDCHAR
STARTCHAR 00AD
ENCODING 173
SWIDTH 600 0
DWIDTH 18 0
BBX 8 4 5 6
BITMAP
FF
FF
FF
FF
ENDCHAR
STARTCHAR 00AE
ENCODING 174
SWIDTH 600 0
DWIDTH 18 0
BBX 18 21 0 1
BITMAP
03F000
0FFC00
1C0E00
380700
37F300
67F980
661D80
661D80
461C80
C61880
C7F8C0
C7E080
467080
663180
663980
661980
361F00
380700
1C0E00
0FFC00
03F000
ENDCHAR
STARTCHAR 00AF
ENCODING 175
SWIDTH 600 0
DWIDTH 18 0
BBX 18 1 0 22
BITMAP
FFFFC0
ENDCHAR
STARTCHAR 00B0
ENCODING 176
SWIDTH 600 0
DWIDTH 18 0
BBX 10 9 4 12
BITMAP
1E00
7F80
7380
E1C0
E1C0
E1C0
7380
7F80
1E00
ENDCHAR
STARTCHAR 00B1
ENCODING 177
SWIDTH 600 0
DWIDTH 18 0
BBX 16 19 1 0
BITMAP
03C0
03C0
03C0
03C0
03C0
FFFF
FFFF
FFFF
03C0
03C0
03C0
03C0
03C0
0000
0000
0000
FFFF
FFFF
FFFF
ENDCHAR
STARTCHAR 00B2
ENCODING 178
SWIDTH 600 0
DWIDTH 18 0
BBX 10 12 4 9
BITMAP
1F00
7F80
73C0
F3C0
03C0
0780
0F00
3E00
7800
F000
FFC0
FFC0
ENDCHAR
STARTCHAR 00B3
ENCODING 179
SWIDTH 600 0
DWIDTH 18 0
BBX 10 12 4 9
BITMAP
1F00
7F80
F3C0
E1C0
0380
1F80
1F80
03C0
E1C0
F3C0
7F80
3F00
ENDCHAR
STARTCHAR 00B4
ENCODING 180
SWIDTH 600 0
DWIDTH 18 0
BBX 8 4 5 17
BITMAP
0F
3E
78
F0
ENDCHAR
STARTCHAR 00B5
ENCODING 181
SWIDTH 600 0
DWIDTH 18 0
BBX 14 22 2 -6
BITMAP
F03C
F03C
F03C
F03C
F03C
F03C
F03C
F03C
F03C
F03C
F03C
F07C
F8FC
FFFC
FFBC
F73C
F000
F000
F000
F000
F000
F000
ENDCHAR
STARTCHAR 00B6
ENCODING 182
SWIDTH 600 0
DWIDTH 18 0
BBX 14 25 2 -5
BITMAP
3FFC
7FFC
FE30
FE30
FE30
FE30
FE30
FE30
7E30
3E30
0630
0630
0630
0630
0630
0630
0630
0630
0630
0630
0630
0630
0630
0630
0630
ENDCHAR
STARTCHAR 00B7
ENCODING 183
SWIDTH 600 0
DWIDTH 18 0
BBX 4 4 7 6
BITMAP
F0
F0
F0
F0
ENDCHAR
STARTCHAR 00B8
ENCODING 184
SWIDTH 600 0
DWIDTH 18 0
BBX 6 7 1 -7
BITMAP
30
70
7C
1C
1C
FC
F8
ENDCHAR
STARTCHAR 00B9
ENCODING 185
SWIDTH 600 0
DWIDTH 18 0
BBX 10 12 4 9
BITMAP
1E00
3E00
FE00
FE00
1E00
1E00
1E00
1E00
1E00
1E00
FFC0
FFC0
ENDCHAR
STARTCHAR 00BA
ENCODING 186
SWIDTH 600 0
DWIDTH 18 0
BBX 12 12 3 9
BITMAP
1F80
3FC0
7DE0
70E0
F0F0
F0F0
F0F0
F0F0
70E0
79E0
3FC0
1F80
ENDCHAR
STARTCHAR 00BB
ENCODING 187
SWIDTH 600 0
DWIDTH 18 0
BBX 14 12 2 2
BITMAP
F1E0
71E0
78F0
3C78
1E38
1E3C
1E3C
1E38
3C78
78F0
71E0
F1E0
ENDCHAR
STARTCHAR 00BC
ENCODING 188
SWIDTH 600 0
DWIDTH 18 0
BBX 17 20 0 0
BITMAP
1C0600
3C0C00
FC0C00
FC1800
1C3800
1C3000
1C7000
1C6000
1CE000
1CC700
1DCF00
019F00
03BF00
033700
066700
06FF80
0CFF80
1C0700
180700
380700
ENDCHAR
STARTCHAR 00BD
ENCODING 189
SWIDTH 600 0
DWIDTH 18 0
BBX 18 20 0 0
BITMAP
1C0E00
3C0C00
FC1C00
FC1800
1C3800
1C3000
1C7000
1C6000
1CC000
1CCF00
1D9F80
03B9C0
0331C0
070380
060780
0E0E00
0C1C00
1C3800
183FC0
383FC0
ENDCHAR
STARTCHAR 00BE
ENCODING 190
SWIDTH 600 0
DWIDTH 18 0
BBX 18 20 0 0
BITMAP
3E0300
7F0700
670600
070E00
1E0C00
1F1800
071800
03B000
E7F000
7F6780
3EE780
00CF80
01DB80
01BB80
03F380
037FC0
077FC0
060380
0C0380
1C0380
ENDCHAR
STARTCHAR 00BF
ENCODING 191
SWIDTH 600 0
DWIDTH 18 0
BBX 15 20 2 -4
BITMAP
03C0
03C0
03C0
03C0
0000
0000
03C0
07C0
0F80
1F00
3E00
7C00
F800
F000
F01E
F03E
FC7C
7FFC
3FF8
0FE0
ENDCHAR
STARTCHAR 00C0
ENCODING 192
SWIDTH 600 0
DWIDTH 18 0
BBX 18 25 0 0
BITMAP
0F0000
078000
03C000
00E000
000000
03F000
03F000
03F000
07F800
07F800
073800
0F3C00
0F3C00
0F3C00
1E1E00
1E1E00
1E1E00
3FFF00
3FFF00
3FFF00
7C0F80
780780
780780
F807C0
F003C0
ENDCHAR
STARTCHAR 00C1
ENCODING 193
SWIDTH 600 0
DWIDTH 18 0
BBX 18 25 0 0
BITMAP
003C00
007800
00E000
01C000
000000
03F000
03F000
03F000
07F800
07F800
073800
0F3C00
0F3C00
0F3C00
1E1E00
1E1E00
1E1E00
3FFF00
3FFF00
3FFF00
7C0F80
780780
780780
F807C0
F003C0
ENDCHAR
STARTCHAR 00C2
ENCODING 194
SWIDTH 600 0
DWIDTH 18 0
BBX 18 25 0 0
BITMAP
01E000
03F000
073800
0E1C00
000000
03F000
03F000
03F000
07F800
07F800
073800
0F3C00
0F3C00
0F3C00
1E1E00
1E1E00
1E1E00
3FFF00
3FFF00
3FFF00
7C0F80
780780
780780
F807C0
F003C0
ENDCHAR
STARTCHAR 00C3
ENCODING 195
SWIDTH 600 0
DWIDTH 18 0
BBX 18 25 0 0
BITMAP
078600
0FFC00
1FFC00
187800
000000
03F000
03F000
03F000
07F800
07F800
073800
0F3C00
0F3C00
0F3C00
1E1E00
1E1E00
1E1E00
3FFF00
3FFF00
3FFF00
7C0F80
780780
780780
F807C0
F003C0
ENDCHAR
STARTCHAR 00C4
ENCODING 196
SWIDTH 600 0
DWIDTH 18 0
BBX 18 24 0 0
BITMAP
0F3C00
0F3C00
0F3C00
000000
03F000
03F000
03F000
07F800
07F800
073800
0F3C00
0F3C00
0F3C00
1E1E00
1E1E00
1E1E00
3FFF00
3FFF00
3FFF00
7C0F80
780780
780780
F807C0
F003C0
ENDCHAR
STARTCHAR 00C5
ENCODING 197
SWIDTH 600 0
DWIDTH 18 0
BBX 18 25 0 0
BITMAP
01E000
03F000
033800
033800
03F000
03F000
03F000
03F000
07F800
07F800
073800
0F3C00
0F3C00
0F3C00
1E1E00
1E1E00
1E1E00
3FFF00
3FFF00
3FFF00
7C0F80
780780
780780
F807C0
F003C0
ENDCHAR
STARTCHAR 00C6
ENCODING 198
SWIDTH 600 0
DWIDTH 18 0
BBX 18 20 0 0
BITMAP
07FF80
07FF80
07FF80
0F7800
0F7800
0F7800
0E7800
1E7800
1E7F80
1C7F80
1C7F80
3FF800
3FF800
3FF800
787800
787800
787800
707FC0
F07FC0
F07FC0
ENDCHAR
STARTCHAR 00C7
ENCODING 199
SWIDTH 600 0
DWIDTH 18 0
BBX 16 27 1 -7
BITMAP
07E0
1FF8
3FFC
3F7E
7C1E
781F
F80C
F800
F800
F800
F800
F800
F800
780E
780F
7C1E
3F7E
3FFC
1FF8
07E0
0180
0180
03E0
00E0
0060
07E0
07C0
ENDCHAR
STARTCHAR 00C8
ENCODING 200
SWIDTH 600 0
DWIDTH 18 0
BBX 15 25 2 0
BITMAP
3C00
1E00
0700
0380
0000
FFFC
FFFC
FFFC
F000
F000
F000
F000
F000
FFF8
FFF8
FFF8
F000
F000
F000
F000
F000
F000
FFFE
FFFE
FFFE
ENDCHAR
STARTCHAR 00C9
ENCODING 201
SWIDTH 600 0
DWIDTH 18 0
BBX 15 25 2 0
BITMAP
00F0
01E0
0380
0700
0000
FFFC
FFFC
FFFC
F000
F000
F000
F000
F000
FFF8
FFF8
FFF8
F000
F000
F000
F000
F000
F000
FFFE
FFFE
FFFE
ENDCHAR
STARTCHAR 00CA
ENCODING 202
SWIDTH 600 0
DWIDTH 18 0
BBX 15 25 2 0
BITMAP
0780
0FC0
1CE0
3870
0000
FFFC
FFFC
FFFC
F000
F000
F000
F000
F000
FFF8
FFF8
FFF8
F000
F000
F000
F000
F000
F000
FFFE
FFFE
FFFE
ENDCHAR
STARTCHAR 00CB
ENCODING 203
SWIDTH 600 0
DWIDTH 18 0
BBX 15 24 2 0
BITMAP
1C70
1C70
1C70
0000
FFFC
FFFC
FFFC
F000
F000
F000
F000
F000
FFF8
FFF8
FFF8
F000
F000
F000
F000
F000
F000
FFFE
FFFE
FFFE
ENDCHAR
STARTCHAR 00CC
ENCODING 204
SWIDTH 600 0
DWIDTH 18 0
BBX 14 25 2 0
BITMAP
3C00
1E00
0700
0380
0000
FFFC
FFFC
FFFC
0780
0780
0780
0780
0780
0780
0780
0780
0780
0780
0780
0780
0780
0780
FFFC
FFFC
FFFC
ENDCHAR
STARTCHAR 00CD
ENCODING 205
SWIDTH 600 0
DWIDTH 18 0
BBX 14 25 2 0
BITMAP
00F0
01E0
03C0
0700
0000
FFFC
FFFC
FFFC
0780
0780
0780
0780
0780
0780
0780
0780
0780
0780
0780
0780
0780
0780
FFFC
FFFC
FFFC
ENDCHAR
STARTCHAR 00CE
ENCODING 206
SWIDTH 600 0
DWIDTH 18 0
BBX 14 25 2 0
BITMAP
0780
0FC0
1CE0
3870
0000
FFFC
FFFC
FFFC
0780
0780
0780
0780
0780
0780
0780
0780
0780
0780
0780
0780
0780
0780
FFFC
FFFC
FFFC
ENDCHAR
STARTCHAR 00CF
ENCODING 207
SWIDTH 600 0
DWIDTH 18 0
BBX 14 24 2 0
BITMAP
3CF0
3CF0
3CF0
0000
FFFC
FFFC
FFFC
0780
0780
0780
0780
0780
0780
0780
0780
0780
0780
0780
0780
0780
0780
FFFC
FFFC
FFFC
ENDCHAR
STARTCHAR 00D0
ENCODING 208
SWIDTH 600 0
DWIDTH 18 0
BBX 17 20 0 0
BITMAP
3FE000
3FFC00
3FFE00
3CFE00
3C1F00
3C0F00
3C0F80
3C0F80
FFC780
FFC780
FFC780
3C0780
3C0F80
3C0F80
3C0F00
3C1F00
3C7E00
3FFE00
3FFC00
3FE000
ENDCHAR
STARTCHAR 00D1
ENCODING 209
SWIDTH 600 0
DWIDTH 18 0
BBX 14 25 2 0
BITMAP
1E18
3FF0
7FF0
61E0
0000
F83C
F83C
FC3C
FC3C
FE3C
EE3C
EE3C
FF3C
F73C
F73C
F7BC
F3BC
F3FC
F1FC
F1DC
F1FC
F0FC
F0FC
F0FC
F07C
ENDCHAR
STARTCHAR 00D2
ENCODING 210
SWIDTH 600 0
DWIDTH 18 0
BBX 16 25 1 0
BITMAP
1E00
0F00
0380
01C0
0000
07E0
1FF8
3FFC
7FFE
7C3E
781E
F81F
F81F
F00F
F00F
F00F
F01F
F81F
F81F
781E
7C3E
7FFE
3FFC
1FF8
07E0
ENDCHAR
STARTCHAR 00D3
ENCODING 211
SWIDTH 600 0
DWIDTH 18 0
BBX 16 25 1 0
BITMAP
0078
00F0
01E0
0380
0000
07E0
1FF8
3FFC
7FFE
7C3E
781E
F81F
F81F
F00F
F00F
F00F
F01F
F81F
F81F
781E
7C3E
7FFE
3FFC
1FF8
07E0
ENDCHAR
STARTCHAR 00D4
ENCODING 212
SWIDTH 600 0
DWIDTH 18 0
BBX 16 25 1 0
BITMAP
03C0
07E0
0E70
1C38
0000
07E0
1FF8
3FFC
7FFE
7C3E
781E
F81F
F81F
F00F
F00F
F00F
F01F
F81F
F81F
781E
7C3E
7FFE
3FFC
1FF8
07E0
ENDCHAR
STARTCHAR 00D5
ENCODING 213
SWIDTH 600 0
DWIDTH 18 0
BBX 16 25 1 0
BITMAP
0F0C
1FF8
3FF8
30F0
0000
07E0
1FF8
3FFC
7FFE
7C3E
781E
F81F
F81F
F00F
F00F
F00F
F01F
F81F
F81F
781E
7C3E
7FFE
3FFC
1FF8
07E0
ENDCHAR
STARTCHAR 00D6
ENCODING 214
SWIDTH 600 0
DWIDTH 18 0
BBX 16 24 1 0
BITMAP
1E78
1E78
1E78
0000
07E0
1FF8
3FFC
7FFE
7C3E
781E
F81F
F81F
F00F
F00F
F00F
F01F
F81F
F81F
781E
7C3E
7FFE
3FFC
1FF8
07E0
ENDCHAR
STARTCHAR 00D7
ENCODING 215
SWIDTH 600 0
DWIDTH 18 0
BBX 14 15 2 3
BITMAP
4008
E01C
F03C
7878
3CF0
1FE0
0FC0
0780
0FC0
1FE0
3CF0
7878
F03C
E01C
4008
ENDCHAR
STARTCHAR 00D8
ENCODING 216
SWIDTH 600 0
DWIDTH 18 0
BBX 16 20 1 0
BITMAP
07E2
1FFF
3FFE
7FFE
7C3E
783E
F87F
F87F
F0CF
F1CF
F38F
F31F
FE1F
FE1F
7C1E
7C3E
7FFE
7FFC
FFF8
C7E0
ENDCHAR
STARTCHAR 00D9
ENCODING 217
SWIDTH 600 0
DWIDTH 18 0
BBX 14 25 2 0
BITMAP
3C00
1E00
0F00
0380
0000
F03C
F03C
F03C
F03C
F03C
F03C
F03C
F03C
F03C
F03C
F03C
F03C
F03C
F03C
F07C
F87C
7DF8
7FF8
3FF0
0FC0
ENDCHAR
STARTCHAR 00DA
ENCODING 218
SWIDTH 600 0
DWIDTH 18 0
BBX 14 25 2 0
BITMAP
00F0
01E0
0380
0700
0000
F03C
F03C
F03C
F03C
F03C
F03C
F03C
F03C
F03C
F03C
F03C
F03C
F03C
F03C
F07C
F87C
7DF8
7FF8
3FF0
0FC0
ENDCHAR
STARTCHAR 00DB
ENCODING 219
SWIDTH 600 0
DWIDTH 18 0
BBX 14 25 2 0
BITMAP
0780
0FC0
1CE0
3870
0000
F03C
F03C
F03C
F03C
F03C
F03C
F03C
F03C
F03C
F03C
F03C
F03C
F03C
F03C
F07C
F87C
7DF8
7FF8
3FF0
0FC0
ENDCHAR
STARTCHAR 00DC
ENCODING 220
SWIDTH 600 0
DWIDTH 18 0
BBX 14 24 2 0
BITMAP
3CF0
3CF0
3CF0
0000
F03C
F03C
F03C
F03C
F03C
F03C
F03C
F03C
F03C
F03C
F03C
F03C
F03C
F03C
F07C
F87C
7DF8
7FF8
3FF0
0FC0
ENDCHAR
STARTCHAR 00DD
ENCODING 221
SWIDTH 600 0
DWIDTH 18 0
BBX 18 25 0 0
BITMAP
003C00
007800
00F000
01C000
000000
F807C0
780780
7C0F80
3C0F00
1E1E00
1E1E00
0F3C00
0F3C00
07F800
07F800
03F000
01E000
01E000
01E000
01E000
01E000
01E000
01E000
01E000
01E000
ENDCHAR
STARTCHAR 00DE
ENCODING 222
SWIDTH 600 0
DWIDTH 18 0
BBX 15 20 2 0
BITMAP
F000
F000
F000
FFE0
FFF8
FFFC
F07C
F03E
F01E
F01E
F01E
F03E
F07C
FFFC
FFF8
FFE0
F000
F000
F000
F000
ENDCHAR
STARTCHAR 00DF
ENCODING 223
SWIDTH 600 0
DWIDTH 18 0
BBX 15 22 2 0
BITMAP
0FC0
3FF0
7FF8
7878
F03C
F03C
F078
F0F8
F1F0
F1E0
F3C0
F1E0
F1F8
F0FC
F07E
F03E
F01E
F01E
F01E
F3FE
F3FC
F3F0
ENDCHAR
STARTCHAR 00E0
ENCODING 224
SWIDTH 600 0
DWIDTH 18 0
BBX 15 22 2 0
BITMAP
7C00
1E00
0F00
0380
0000
0000
0FC0
3FF0
7FF0
78F8
F878
0078
1FF8
7FF8
F878
F078
F078
F0F8
F1F8
FFBE
7F3E
3E1E
ENDCHAR
STARTCHAR 00E1
ENCODING 225
SWIDTH 600 0
DWIDTH 18 0
BBX 15 22 2 0
BITMAP
00F0
01E0
0380
0700
0000
0000
0FC0
3FF0
7FF0
78F8
F878
0078
1FF8
7FF8
F878
F078
F078
F0F8
F1F8
FFBE
7F3E
3E1E
ENDCHAR
STARTCHAR 00E2
ENCODING 226
SWIDTH 600 0
DWIDTH 18 0
BBX 15 22 2 0
BITMAP
0780
0FC0
3CE0
7870
0000
0000
0FC0
3FF0
7FF0
78F8
F878
0078
1FF8
7FF8
F878
F078
F078
F0F8
F1F8
FFBE
7F3E
3E1E
ENDCHAR
STARTCHAR 00E3
ENCODING 227
SWIDTH 600 0
DWIDTH 18 0
BBX 15 22 2 0
BITMAP
1C38
3FF0
7FF0
61E0
0000
0000
0FC0
3FF0
7FF0
78F8
F878
0078
1FF8
7FF8
F878
F078
F078
F0F8
F1F8
FFBE
7F3E
3E1E
ENDCHAR
STARTCHAR 00E4
ENCODING 228
SWIDTH 600 0
DWIDTH 18 0
BBX 15 21 2 0
BITMAP
38F0
38F0
38F0
0000
0000
0FC0
3FF0
7FF0
78F8
F878
0078
1FF8
7FF8
F878
F078
F078
F0F8
F1F8
FFBE
7F3E
3E1E
ENDCHAR
STARTCHAR 00E5
ENCODING 229
SWIDTH 600 0
DWIDTH 18 0
BBX 15 24 2 0
BITMAP
0780
0FC0
18C0
18C0
0FC0
0780
0000
0000
0FC0
3FF0
7FF0
78F8
F878
0078
1FF8
7FF8
F878
F078
F078
F0F8
F1F8
FFBE
7F3E
3E1E
ENDCHAR
STARTCHAR 00E6
ENCODING 230
SWIDTH 600 0
DWIDTH 18 0
BBX 18 16 0 0
BITMAP
1F1E00
3FBF00
3FFF80
71E380
71E380
01C1C0
1FFFC0
7FFFC0
79FFC0
F1C000
E1C000
E1E180
F3E380
7F7F80
7E7F00
3C3E00
ENDCHAR
STARTCHAR 00E7
ENCODING 231
SWIDTH 600 0
DWIDTH 18 0
BBX 14 23 2 -7
BITMAP
0FC0
3FF0
7FF8
787C
F83C
F000
F000
F000
F000
F000
F03C
F83C
787C
7FF8
3FF0
0FC0
0300
0700
07C0
01C0
01C0
0FC0
0F80
ENDCHAR
STARTCHAR 00E8
ENCODING 232
SWIDTH 600 0
DWIDTH 18 0
BBX 16 22 1 0
BITMAP
1E00
0F00
0380
01C0
0000
0000
07E0
1FF8
3FFC
7C3C
781E
781E
7FFE
FFFF
FFFF
7800
7800
781E
7C1E
3FFC
1FF8
07E0
ENDCHAR
STARTCHAR 00E9
ENCODING 233
SWIDTH 600 0
DWIDTH 18 0
BBX 16 22 1 0
BITMAP
0078
00F0
01E0
0380
0000
0000
07E0
1FF8
3FFC
7C3C
781E
781E
7FFE
FFFF
FFFF
7800
7800
781E
7C1E
3FFC
1FF8
07E0
ENDCHAR
STARTCHAR 00EA
ENCODING 234
SWIDTH 600 0
DWIDTH 18 0
BBX 16 22 1 0
BITMAP
03C0
07E0
0E70
1C38
0000
0000
07E0
1FF8
3FFC
7C3C
781E
781E
7FFE
FFFF
FFFF
7800
7800
781E
7C1E
3FFC
1FF8
07E0
ENDCHAR
STARTCHAR 00EB
ENCODING 235
SWIDTH 600 0
DWIDTH 18 0
BBX 16 21 1 0
BITMAP
1E38
1E38
1E38
0000
0000
07E0
1FF8
3FFC
7C3C
781E
781E
7FFE
FFFF
FFFF
7800
7800
781E
7C1E
3FFC
1FF8
07E0
ENDCHAR
STARTCHAR 00EC
ENCODING 236
SWIDTH 600 0
DWIDTH 18 0
BBX 15 22 2 0
BITMAP
3C00
1E00
0700
03C0
0000
0000
7FC0
7FC0
7FC0
03C0
03C0
03C0
03C0
03C0
03C0
03C0
03C0
03C0
03C0
FFFE
FFFE
FFFE
ENDCHAR
STARTCHAR 00ED
ENCODING 237
SWIDTH 600 0
DWIDTH 18 0
BBX 15 22 2 0
BITMAP
00F0
01E0
03C0
0700
0000
0000
7FC0
7FC0
7FC0
03C0
03C0
03C0
03C0
03C0
03C0
03C0
03C0
03C0
03C0
FFFE
FFFE
FFFE
ENDCHAR
STARTCHAR 00EE
ENCODING 238
SWIDTH 600 0
DWIDTH 18 0
BBX 15 22 2 0
BITMAP
0780
0FC0
1EE0
3870
0000
0000
7FC0
7FC0
7FC0
03C0
03C0
03C0
03C0
03C0
03C0
03C0
03C0
03C0
03C0
FFFE
FFFE
FFFE
ENDCHAR
STARTCHAR 00EF
ENCODING 239
SWIDTH 600 0
DWIDTH 18 0
BBX 15 21 2 0
BITMAP
1C70
1C70
1C70
0000
0000
7FC0
7FC0
7FC0
03C0
03C0
03C0
03C0
03C0
03C0
03C0
03C0
03C0
03C0
FFFE
FFFE
FFFE
ENDCHAR
STARTCHAR 00F0
ENCODING 240
SWIDTH 600 0
DWIDTH 18 0
BBX 16 22 1 0
BITMAP
1E18
0FF8
03F8
0FE0
0FF0
0C78
007C
07FC
1FFE
3FFE
7C3E
781E
F81F
F81F
F81F
F81F
F81E
781E
7C3E
3FFC
1FF8
07E0
ENDCHAR
STARTCHAR 00F1
ENCODING 241
SWIDTH 600 0
DWIDTH 18 0
BBX 14 22 2 0
BITMAP
1E18
3FF8
3FF0
70E0
0000
0000
F1F0
F7F8
F7FC
FC7C
F83C
F83C
F03C
F03C
F03C
F03C
F03C
F03C
F03C
F03C
F03C
F03C
ENDCHAR
STARTCHAR 00F2
ENCODING 242
SWIDTH 600 0
DWIDTH 18 0
BBX 16 22 1 0
BITMAP
1E00
0F00
0380
01C0
0000
0000
07E0
1FF8
3FFC
7C3E
781E
781E
F81F
F81F
F81F
F81F
781E
781E
7C3E
3FFC
1FF8
07E0
ENDCHAR
STARTCHAR 00F3
ENCODING 243
SWIDTH 600 0
DWIDTH 18 0
BBX 16 22 1 0
BITMAP
0078
00F0
01E0
0380
0000
0000
07E0
1FF8
3FFC
7C3E
781E
781E
F81F
F81F
F81F
F81F
781E
781E
7C3E
3FFC
1FF8
07E0
ENDCHAR
STARTCHAR 00F4
ENCODING 244
SWIDTH 600 0
DWIDTH 18 0
BBX 16 22 1 0
BITMAP
03C0
07E0
0E70
1C38
0000
0000
07E0
1FF8
3FFC
7C3E
781E
781E
F81F
F81F
F81F
F81F
781E
781E
7C3E
3FFC
1FF8
07E0
ENDCHAR
STARTCHAR 00F5
ENCODING 245
SWIDTH 600 0
DWIDTH 18 0
BBX 16 22 1 0
BITMAP
0F0C
1FF8
3FF8
30F0
0000
0000
07E0
1FF8
3FFC
7C3E
781E
781E
F81F
F81F
F81F
F81F
781E
781E
7C3E
3FFC
1FF8
07E0
ENDCHAR
STARTCHAR 00F6
ENCODING 246
SWIDTH 600 0
DWIDTH 18 0
BBX 16 21 1 0
BITMAP
1E78
1E78
1E78
0000
0000
07E0
1FF8
3FFC
7C3E
781E
781E
F81F
F81F
F81F
F81F
781E
781E
7C3E
3FFC
1FF8
07E0
ENDCHAR
STARTCHAR 00F7
ENCODING 247
SWIDTH 600 0
DWIDTH 18 0
BBX 16 15 1 3
BITMAP
03C0
03C0
03C0
03C0
0000
0000
FFFF
FFFF
FFFF
0000
0000
0000
03C0
03C0
03C0
ENDCHAR
STARTCHAR 00F8
ENCODING 248
SWIDTH 600 0
DWIDTH 18 0
BBX 16 16 1 0
BITMAP
07E2
1FFE
3FFC
7C3E
783E
787E
F8FF
F9DF
FB9F
FF1F
7E1E
7C1E
7C3E
3FFC
7FF8
47E0
ENDCHAR
STARTCHAR 00F9
ENCODING 249
SWIDTH 600 0
DWIDTH 18 0
BBX 14 22 2 0
BITMAP
3C00
1E00
0F00
0380
0000
0000
F03C
F03C
F03C
F03C
F03C
F03C
F03C
F03C
F03C
F03C
F07C
F87C
F8FC
7FBC
7F3C
3E3C
ENDCHAR
STARTCHAR 00FA
ENCODING 250
SWIDTH 600 0
DWIDTH 18 0
BBX 14 22 2 0
BITMAP
00F0
01E0
0380
0700
0000
0000
F03C
F03C
F03C
F03C
F03C
F03C
F03C
F03C
F03C
F03C
F07C
F87C
F8FC
7FBC
7F3C
3E3C
ENDCHAR
STARTCHAR 00FB
ENCODING 251
SWIDTH 600 0
DWIDTH 18 0
BBX 14 22 2 0
BITMAP
0780
0FC0
1CE0
3870
0000
0000
F03C
F03C
F03C
F03C
F03C
F03C
F03C
F03C
F03C
F03C
F07C
F87C
F8FC
7FBC
7F3C
3E3C
ENDCHAR
STARTCHAR 00FC
ENCODING 252
SWIDTH 600 0
DWIDTH 18 0
BBX 14 21 2 0
BITMAP
3CF0
3CF0
3CF0
0000
0000
F03C
F03C
F03C
F03C
F03C
F03C
F03C
F03C
F03C
F03C
F07C
F87C
F8FC
7FBC
7F3C
3E3C
ENDCHAR
STARTCHAR 00FD
ENCODING 253
SWIDTH 600 0
DWIDTH 18 0
BBX 16 27 1 -6
BITMAP
0078
00F0
01E0
0380
0000
F00F
F00F
781F
781E
781E
3C3C
3C3C
1E3C
1E78
1E78
0F70
0FF0
07F0
07E0
03E0
03C0
03C0
07C0
0780
7F80
7F00
7E00
ENDCHAR
STARTCHAR 00FE
ENCODING 254
SWIDTH 600 0
DWIDTH 18 0
BBX 15 28 2 -6
BITMAP
F000
F000
F000
F000
F000
F000
F1E0
F7F8
FFF8
FC7C
F83C
F03C
F03C
F03E
F03E
F03C
F03C
F83C
FC7C
FFF8
F7F0
F3E0
F000
F000
F000
F000
F000
F000
ENDCHAR
STARTCHAR 00FF
ENCODING 255
SWIDTH 600 0
DWIDTH 18 0
BBX 16 27 1 -6
BITMAP
1E38
1E38
1E38
0000
0000
F00F
F00F
781F
781E
781E
3C3C
3C3C
1E3C
1E78
1E78
0F70
0FF0
07F0
07E0
03E0
03C0
03C0
07C0
0780
7F80
7F00
7E00
ENDCHAR
STARTCHAR 0100
ENCODING 256
SWIDTH 600 0
DWIDTH 18 0
BBX 18 24 0 0
BITMAP
07FC00
07FC00
000000
000000
03F000
03F000
03F000
07F800
07F800
073800
0F3C00
0F3C00
0F3C00
1E1E00
1E1E00
1E1E00
3FFF00
3FFF00
3FFF00
7C0F80
780780
780780
F807C0
F003C0
ENDCHAR
STARTCHAR 0101
ENCODING 257
SWIDTH 600 0
DWIDTH 18 0
BBX 15 20 2 0
BITMAP
3FE0
3FE0
0000
0000
0FC0
3FF0
7FF0
78F8
F878
0078
1FF8
7FF8
F878
F078
F078
F0F8
F1F8
FFBE
7F3E
3E1E
ENDCHAR
STARTCHAR 0102
ENCODING 258
SWIDTH 600 0
DWIDTH 18 0
BBX 18 25 0 0
BITMAP
0C0C00
0F3C00
07F800
03F000
000000
03F000
03F000
03F000
07F800
07F800
073800
0F3C00
0F3C00
0F3C00
1E1E00
1E1E00
1E1E00
3FFF00
3FFF00
3FFF00
7C0F80
780780
780780
F807C0
F003C0
ENDCHAR
STARTCHAR 0103
ENCODING 259
SWIDTH 600 0
DWIDTH 18 0
BBX 15 22 2 0
BITMAP
3070
3CF0
1FE0
0F80
0000
0000
0FC0
3FF0
7FF0
78F8
F878
0078
1FF8
7FF8
F878
F078
F078
F0F8
F1F8
FFBE
7F3E
3E1E
ENDCHAR
STARTCHAR 0104
ENCODING 260
SWIDTH 600 0
DWIDTH 18 0
BBX 18 26 0 -6
BITMAP
03F000
03F000
03F000
07F800
07F800
073800
0F3C00
0F3C00
0F3C00
1E1E00
1E1E00
1E1E00
3FFF00
3FFF00
3FFF00
7C0F80
780780
780780
F807C0
F003C0
000300
000600
000E00
000E00
0007C0
0003C0
ENDCHAR
STARTCHAR 0105
ENCODING 261
SWIDTH 600 0
DWIDTH 18 0
BBX 15 22 2 -6
BITMAP
0FC0
3FF0
7FF0
78F8
F878
0078
1FF8
7FF8
F878
F078
F078
F0F8
F1F8
FFBE
7F3E
3E1E
0018
0038
0030
0070
003E
001E
ENDCHAR
STARTCHAR 0106
ENCODING 262
SWIDTH 600 0
DWIDTH 18 0
BBX 16 25 1 0
BITMAP
007C
00F0
01E0
03C0
0000
07E0
1FF8
3FFC
3F7E
7C1E
781F
F80C
F800
F800
F800
F800
F800
F800
780E
780F
7C1E
3F7E
3FFC
1FF8
07E0
ENDCHAR
STARTCHAR 0107
ENCODING 263
SWIDTH 600 0
DWIDTH 18 0
BBX 14 22 2 0
BITMAP
00F0
01E0
03C0
0700
0000
0000
0FC0
3FF0
7FF8
787C
F83C
F000
F000
F000
F000
F000
F03C
F83C
787C
7FF8
3FF0
0FC0
ENDCHAR
STARTCHAR 0108
ENCODING 264
SWIDTH 600 0
DWIDTH 18 0
BBX 16 25 1 0
BITMAP
03E0
07F0
0F78
1C1C
0000
07E0
1FF8
3FFC
3F7E
7C1E
781F
F80C
F800
F800
F800
F800
F800
F800
780E
780F
7C1E
3F7E
3FFC
1FF8
07E0
ENDCHAR
STARTCHAR 0109
ENCODING 265
SWIDTH 600 0
DWIDTH 18 0
BBX 14 22 2 0
BITMAP
0780
0FC0
1CE0
3870
0000
0000
0FC0
3FF0
7FF8
787C
F83C
F000
F000
F000
F000
F000
F03C
F83C
787C
7FF8
3FF0
0FC0
ENDCHAR
STARTCHAR 010A
ENCODING 266
SWIDTH 600 0
DWIDTH 18 0
BBX 16 24 1 0
BITMAP
03E0
03E0
03E0
0000
07E0
1FF8
3FFC
3F7E
7C1E
781F
F80C
F800
F800
F800
F800
F800
F800
780E
780F
7C1E
3F7E
3FFC
1FF8
07E0
ENDCHAR
STARTCHAR 010B
ENCODING 267
SWIDTH 600 0
DWIDTH 18 0
BBX 14 22 2 0
BITMAP
0780
0780
0780
0000
0000
0000
0FC0
3FF0
7FF8
787C
F83C
F000
F000
F000
F000
F000
F03C
F83C
787C
7FF8
3FF0
0FC0
ENDCHAR
STARTCHAR 010C
ENCODING 268
SWIDTH 600 0
DWIDTH 18 0
BBX 16 25 1 0
BITMAP
1C1C
0F78
07F0
03E0
0000
07E0
1FF8
3FFC
3F7E
7C1E
781F
F80C
F800
F800
F800
F800
F800
F800
780E
780F
7C1E
3F7E
3FFC
1FF8
07E0
ENDCHAR
STARTCHAR 010D
ENCODING 269
SWIDTH 600 0
DWIDTH 18 0
BBX 14 22 2 0
BITMAP
3870
1CE0
0FC0
0780
0000
0000
0FC0
3FF0
7FF8
787C
F83C
F000
F000
F000
F000
F000
F03C
F83C
787C
7FF8
3FF0
0FC0
ENDCHAR
STARTCHAR 010E
ENCODING 270
SWIDTH 600 0
DWIDTH 18 0
BBX 15 25 2 0
BITMAP
7070
3DE0
1FC0
0F80
0000
FF00
FFE0
FFF0
FFF8
F07C
F07C
F03C
F03E
F03E
F03E
F03E
F03E
F03E
F03C
F03C
F07C
F1F8
FFF0
FFE0
FFC0
ENDCHAR
STARTCHAR 010F
ENCODING 271
SWIDTH 600 0
DWIDTH 18 0
BBX 18 22 0 0
BITMAP
0079C0
007BC0
007B80
007B80
007B00
007800
1E7800
3F7800
3FF800
7CF800
787800
787800
F87800
F87800
F87800
F87800
787800
787800
7CF800
3FF800
3F7800
1E7800
ENDCHAR
STARTCHAR 0110
ENCODING 272
SWIDTH 600 0
DWIDTH 18 0
BBX 17 20 0 0
BITMAP
3FE000
3FFC00
3FFE00
3CFE00
3C1F00
3C0F00
3C0F80
3C0F80
FFC780
FFC780
FFC780
3C0780
3C0F80
3C0F80
3C0F00
3C1F00
3C7E00
3FFE00
3FFC00
3FE000
ENDCHAR
STARTCHAR 0111
ENCODING 273
SWIDTH 600 0
DWIDTH 18 0
BBX 17 22 1 0
BITMAP
001E00
001E00
01FF80
01FF80
001E00
001E00
0F1E00
3FDE00
3FDE00
7C7E00
783E00
783E00
F81E00
F81E00
F81E00
F81E00
783E00
783E00
7C7E00
3FDE00
3FDE00
0F1E00
ENDCHAR
STARTCHAR 0112
ENCODING 274
SWIDTH 600 0
DWIDTH 18 0
BBX 15 24 2 0
BITMAP
1FF0
1FF0
0000
0000
FFFC
FFFC
FFFC
F000
F000
F000
F000
F000
FFF8
FFF8
FFF8
F000
F000
F000
F000
F000
F000
FFFE
FFFE
FFFE
ENDCHAR
STARTCHAR 0113
ENCODING 275
SWIDTH 600 0
DWIDTH 18 0
BBX 16 20 1 0
BITMAP
0FF8
0FF8
0000
0000
07E0
1FF8
3FFC
7C3C
781E
781E
7FFE
FFFF
FFFF
7800
7800
781E
7C1E
3FFC
1FF8
07E0
ENDCHAR
STARTCHAR 0114
ENCODING 276
SWIDTH 600 0
DWIDTH 18 0
BBX 15 25 2 0
BITMAP
3030
3CF0
1FE0
0FC0
0000
FFFC
FFFC
FFFC
F000
F000
F000
F000
F000
FFF8
FFF8
FFF8
F000
F000
F000
F000
F000
F000
FFFE
FFFE
FFFE
ENDCHAR
STARTCHAR 0115
ENCODING 277
SWIDTH 600 0
DWIDTH 18 0
BBX 16 22 1 0
BITMAP
1818
1E78
0FF0
07E0
0000
0000
07E0
1FF8
3FFC
7C3C
781E
781E
7FFE
FFFF
FFFF
7800
7800
781E
7C1E
3FFC
1FF8
07E0
ENDCHAR
STARTCHAR 0116
ENCODING 278
SWIDTH 600 0
DWIDTH 18 0
BBX 15 24 2 0
BITMAP
0780
0780
0780
0000
FFFC
FFFC
FFFC
F000
F000
F000
F000
F000
FFF8
FFF8
FFF8
F000
F000
F000
F000
F000
F000
FFFE
FFFE
FFFE
ENDCHAR
STARTCHAR 0117
ENCODING 279
SWIDTH 600 0
DWIDTH 18 0
BBX 16 22 1 0
BITMAP
03C0
03C0
03C0
0000
0000
0000
07E0
1FF8
3FFC
7C3C
781E
781E
7FFE
FFFF
FFFF
7800
7800
781E
7C1E
3FFC
1FF8
07E0
ENDCHAR
STARTCHAR 0118
ENCODING 280
SWIDTH 600 0
DWIDTH 18 0
BBX 15 26 2 -6
BITMAP
FFFC
FFFC
FFFC
F000
F000
F000
F000
F000
FFF8
FFF8
FFF8
F000
F000
F000
F000
F000
F000
FFFE
FFFE
FFFE
0038
0030
0070
0070
007E
003E
ENDCHAR
STARTCHAR 0119
ENCODING 281
SWIDTH 600 0
DWIDTH 18 0
BBX 16 22 1 -6
BITMAP
07E0
1FF8
3FFC
7C3C
781E
781E
7FFE
FFFF
FFFF
7800
7800
781E
7C1E
3FFC
1FF8
07E0
00C0
0180
0380
0380
03F0
01F0
ENDCHAR
STARTCHAR 011A
ENCODING 282
SWIDTH 600 0
DWIDTH 18 0
BBX 15 25 2 0
BITMAP
3870
1EE0
0FC0
0780
0000
FFFC
FFFC
FFFC
F000
F000
F000
F000
F000
FFF8
FFF8
FFF8
F000
F000
F000
F000
F000
F000
FFFE
FFFE
FFFE
ENDCHAR
STARTCHAR 011B
ENCODING 283
SWIDTH 600 0
DWIDTH 18 0
BBX 16 22 1 0
BITMAP
1C38
0E70
07E0
03C0
0000
0000
07E0
1FF8
3FFC
7C3C
781E
781E
7FFE
FFFF
FFFF
7800
7800
781E
7C1E
3FFC
1FF8
07E0
ENDCHAR
STARTCHAR 011C
ENCODING 284
SWIDTH 600 0
DWIDTH 18 0
BBX 16 25 1 0
BITMAP
03C0
07E0
0E70
1C38
0000
07E0
1FF8
3FFC
7F7C
7C3E
781C
F800
F800
F800
F8FF
F8FF
F8FF
F80F
780F
780F
7C0F
3F7F
3FFE
1FFC
07E0
ENDCHAR
STARTCHAR 011D
ENCODING 285
SWIDTH 600 0
DWIDTH 18 0
BBX 14 28 2 -6
BITMAP
0780
0FC0
1CE0
3870
0000
0000
1F3C
3FBC
7FFC
787C
F87C
F03C
F03C
F03C
F03C
F03C
F03C
F87C
F87C
7FFC
3FBC
1F3C
003C
003C
F87C
7FF8
3FF0
0FC0
ENDCHAR
STARTCHAR 011E
ENCODING 286
SWIDTH 600 0
DWIDTH 18 0
BBX 16 25 1 0
BITMAP
1818
1E78
0FF0
07E0
0000
07E0
1FF8
3FFC
7F7C
7C3E
781C
F800
F800
F800
F8FF
F8FF
F8FF
F80F
780F
780F
7C0F
3F7F
3FFE
1FFC
07E0
ENDCHAR
STARTCHAR 011F
ENCODING 287
SWIDTH 600 0
DWIDTH 18 0
BBX 14 28 2 -6
BITMAP
3070
3CF0
1FE0
0FC0
0000
0000
1F3C
3FBC
7FFC
787C
F87C
F03C
F03C
F03C
F03C
F03C
F03C
F87C
F87C
7FFC
3FBC
1F3C
003C
003C
F87C
7FF8
3FF0
0FC0
ENDCHAR
STARTCHAR 0120
ENCODING 288
SWIDTH 600 0
DWIDTH 18 0
BBX 16 24 1 0
BITMAP
03C0
03C0
03C0
0000
07E0
1FF8
3FFC
7F7C
7C3E
781C
F800
F800
F800
F8FF
F8FF
F8FF
F80F
780F
780F
7C0F
3F7F
3FFE
1FFC
07E0
ENDCHAR
STARTCHAR 0121
ENCODING 289
SWIDTH 600 0
DWIDTH 18 0
BBX 14 28 2 -6
BITMAP
0780
0780
0780
0000
0000
0000
1F3C
3FBC
7FFC
787C
F87C
F03C
F03C
F03C
F03C
F03C
F03C
F87C
F87C
7FFC
3FBC
1F3C
003C
003C
F87C
7FF8
3FF0
0FC0
ENDCHAR
STARTCHAR 0122
ENCODING 290
SWIDTH 600 0
DWIDTH 18 0
BBX 16 26 1 -6
BITMAP
07E0
1FF8
3FFC
7F7C
7C3E
781C
F800
F800
F800
F8FF
F8FF
F8FF
F80F
780F
780F
7C0F
3F7F
3FFE
1FFC
07E0
0000
01C0
03C0
0380
0380
0700
ENDCHAR
STARTCHAR 0123
ENCODING 291
SWIDTH 600 0
DWIDTH 18 0
BBX 14 29 2 -6
BITMAP
01C0
0380
0380
0780
0F00
0000
0000
1F3C
3FBC
7FFC
787C
F87C
F03C
F03C
F03C
F03C
F03C
F03C
F87C
F87C
7FFC
3FBC
1F3C
003C
003C
F87C
7FF8
3FF0
0FC0
ENDCHAR
STARTCHAR 0124
ENCODING 292
SWIDTH 600 0
DWIDTH 18 0
BBX 14 25 2 0
BITMAP
0780
0FC0
1CE0
3870
0000
F03C
F03C
F03C
F03C
F03C
F03C
F03C
F03C
FFFC
FFFC
FFFC
FFFC
F03C
F03C
F03C
F03C
F03C
F03C
F03C
F03C
ENDCHAR
STARTCHAR 0125
ENCODING 293
SWIDTH 600 0
DWIDTH 18 0
BBX 14 25 2 0
BITMAP
0780
0FC0
1CE0
3870
0000
F000
F000
F000
F000
F1F0
F7F8
F7FC
FC7C
F83C
F83C
F03C
F03C
F03C
F03C
F03C
F03C
F03C
F03C
F03C
F03C
ENDCHAR
STARTCHAR 0126
ENCODING 294
SWIDTH 600 0
DWIDTH 18 0
BBX 18 20 0 0
BITMAP
3C0F00
3C0F00
3C0F00
FFFFC0
FFFFC0
3C0F00
3C0F00
3C0F00
3FFF00
3FFF00
3FFF00
3FFF00
3C0F00
3C0F00
3C0F00
3C0F00
3C0F00
3C0F00
3C0F00
3C0F00
ENDCHAR
STARTCHAR 0127
ENCODING 295
SWIDTH 600 0
DWIDTH 18 0
BBX 16 22 0 0
BITMAP
3C00
3C00
FFE0
FFE0
3C00
3C00
3C7C
3DFE
3DFF
3F1F
3E0F
3E0F
3C0F
3C0F
3C0F
3C0F
3C0F
3C0F
3C0F
3C0F
3C0F
3C0F
ENDCHAR
STARTCHAR 0128
ENCODING 296
SWIDTH 600 0
DWIDTH 18 0
BBX 14 25 2 0
BITMAP
1E18
3FF0
7FF0
61E0
0000
FFFC
FFFC
FFFC
0780
0780
0780
0780
0780
0780
0780
0780
0780
0780
0780
0780
0780
0780
FFFC
FFFC
FFFC
ENDCHAR
STARTCHAR 0129
ENCODING 297
SWIDTH 600 0
DWIDTH 18 0
BBX 15 22 2 0
BITMAP
1E18
3FF8
7FF0
61E0
0000
0000
7FC0
7FC0
7FC0
03C0
03C0
03C0
03C0
03C0
03C0
03C0
03C0
03C0
03C0
FFFE
FFFE
FFFE
ENDCHAR
STARTCHAR 012A
ENCODING 298
SWIDTH 600 0
DWIDTH 18 0
BBX 14 24 2 0
BITMAP
1FF0
1FF0
0000
0000
FFFC
FFFC
FFFC
0780
0780
0780
0780
0780
0780
0780
0780
0780
0780
0780
0780
0780
0780
FFFC
FFFC
FFFC
ENDCHAR
STARTCHAR 012B
ENCODING 299
SWIDTH 600 0
DWIDTH 18 0
BBX 15 20 2 0
BITMAP
1FF0
1FF0
0000
0000
7FC0
7FC0
7FC0
03C0
03C0
03C0
03C0
03C0
03C0
03C0
03C0
03C0
03C0
FFFE
FFFE
FFFE
ENDCHAR
STARTCHAR 012C
ENCODING 300
SWIDTH 600 0
DWIDTH 18 0
BBX 14 25 2 0
BITMAP
3030
3CF0
1FE0
0FC0
0000
FFFC
FFFC
FFFC
0780
0780
0780
0780
0780
0780
0780
0780
0780
0780
0780
0780
0780
0780
FFFC
FFFC
FFFC
ENDCHAR
STARTCHAR 012D
ENCODING 301
SWIDTH 600 0
DWIDTH 18 0
BBX 15 22 2 0
BITMAP
3830
3CF0
1FE0
07C0
0000
0000
7FC0
7FC0
7FC0
03C0
03C0
03C0
03C0
03C0
03C0
03C0
03C0
03C0
03C0
FFFE
FFFE
FFFE
ENDCHAR
STARTCHAR 012E
ENCODING 302
SWIDTH 600 0
DWIDTH 18 0
BBX 14 26 2 -6
BITMAP
FFFC
FFFC
FFFC
0780
0780
0780
0780
0780
0780
0780
0780
0780
0780
0780
0780
0780
0780
FFFC
FFFC
FFFC
0300
0600
0E00
0E00
07C0
03C0
ENDCHAR
STARTCHAR 012F
ENCODING 303
SWIDTH 600 0
DWIDTH 18 0
BBX 15 28 2 -6
BITMAP
03C0
03C0
03C0
0000
0000
0000
7FC0
7FC0
7FC0
03C0
03C0
03C0
03C0
03C0
03C0
03C0
03C0
03C0
03C0
FFFE
FFFE
FFFE
0380
0300
0700
0700
07E0
03E0
ENDCHAR
STARTCHAR 0130
ENCODING 304
SWIDTH 600 0
DWIDTH 18 0
BBX 14 24 2 0
BITMAP
0780
0780
0780
0000
FFFC
FFFC
FFFC
0780
0780
0780
0780
0780
0780
0780
0780
0780
0780
0780
0780
0780
0780
FFFC
FFFC
FFFC
ENDCHAR
STARTCHAR 0131
ENCODING 305
SWIDTH 600 0
DWIDTH 18 0
BBX 15 16 2 0
BITMAP
7FC0
7FC0
7FC0
03C0
03C0
03C0
03C0
03C0
03C0
03C0
03C0
03C0
03C0
FFFE
FFFE
FFFE
ENDCHAR
STARTCHAR 0132
ENCODING 306
SWIDTH 600 0
DWIDTH 18 0
BBX 16 20 1 0
BITMAP
F0FF
F0FF
F0FF
F00F
F00F
F00F
F00F
F00F
F00F
F00F
F00F
F00F
F00F
F00F
F78F
F78F
F7DF
F3FE
F3FC
F0F8
ENDCHAR
STARTCHAR 0133
ENCODING 307
SWIDTH 600 0
DWIDTH 18 0
BBX 13 28 2 -6
BITMAP
F878
F878
F878
0000
0000
0000
F878
F878
F878
F878
F878
F878
F878
F878
F878
F878
F878
F878
F878
F878
F878
F878
0078
0078
30F8
3FF0
3FE0
1FC0
ENDCHAR
STARTCHAR 0134
ENCODING 308
SWIDTH 600 0
DWIDTH 18 0
BBX 14 25 2 0
BITMAP
01E0
03F0
0778
1E1C
0000
0FF8
0FF8
0FF8
0078
0078
0078
0078
0078
0078
0078
0078
0078
0078
F078
F0F8
F8F8
FDF0
7FF0
3FE0
1F80
ENDCHAR
STARTCHAR 0135
ENCODING 309
SWIDTH 600 0
DWIDTH 18 0
BBX 13 28 3 -6
BITMAP
07C0
0FE0
1EF0
3838
0000
0000
7FE0
7FE0
7FE0
03E0
03E0
03E0
03E0
03E0
03E0
03E0
03E0
03E0
03E0
03E0
03E0
03E0
03E0
03C0
87C0
FFC0
FF80
FE00
ENDCHAR
STARTCHAR 0136
ENCODING 310
SWIDTH 600 0
DWIDTH 18 0
BBX 16 26 2 -6
BITMAP
F03E
F03E
F07C
F0F8
F1F0
F1E0
F3E0
F7C0
F780
FFC0
FFC0
FFE0
FDE0
F9F0
F0F8
F0F8
F07C
F07C
F03E
F01F
0000
0380
0780
0700
0700
0E00
ENDCHAR
STARTCHAR 0137
ENCODING 311
SWIDTH 600 0
DWIDTH 18 0
BBX 14 28 3 -6
BITMAP
F000
F000
F000
F000
F000
F000
F078
F0F0
F1F0
F3E0
F7C0
F780
FF00
FF80
FFC0
F3C0
F3E0
F1E0
F0F0
F0F8
F078
F07C
0000
0700
0F00
0E00
0E00
1C00
ENDCHAR
STARTCHAR 0138
ENCODING 312
SWIDTH 600 0
DWIDTH 18 0
BBX 14 16 3 0
BITMAP
F078
F0F0
F1F0
F3E0
F3C0
F780
FF00
FF80
FF80
FBC0
F3E0
F1E0
F0F0
F0F8
F078
F07C
ENDCHAR
STARTCHAR 0139
ENCODING 313
SWIDTH 600 0
DWIDTH 18 0
BBX 13 25 3 0
BITMAP
0F00
1E00
3C00
7000
0000
F000
F000
F000
F000
F000
F000
F000
F000
F000
F000
F000
F000
F000
F000
F000
F000
F000
FFF8
FFF8
FFF8
ENDCHAR
STARTCHAR 013A
ENCODING 314
SWIDTH 600 0
DWIDTH 18 0
BBX 15 25 2 0
BITMAP
00F8
01E0
03C0
0700
0000
7FC0
7FC0
7FC0
03C0
03C0
03C0
03C0
03C0
03C0
03C0
03C0
03C0
03C0
03C0
03C0
03C0
03C0
FFFE
FFFE
FFFE
ENDCHAR
STARTCHAR 013B
ENCODING 315
SWIDTH 600 0
DWIDTH 18 0
BBX 13 26 3 -6
BITMAP
F000
F000
F000
F000
F000
F000
F000
F000
F000
F000
F000
F000
F000
F000
F000
F000
F000
FFF8
FFF8
FFF8
0000
0780
0F00
0E00
0E00
0C00
ENDCHAR
STARTCHAR 013C
ENCODING 316
SWIDTH 600 0
DWIDTH 18 0
BBX 14 28 3 -6
BITMAP
FF80
FF80
FF80
0780
0780
0780
0780
0780
0780
0780
0780
0780
0780
0780
0780
0780
0780
0780
0780
07FC
03FC
01FC
0000
0700
0F00
0E00
0E00
1C00
ENDCHAR
STARTCHAR 013D
ENCODING 317
SWIDTH 600 0
DWIDTH 18 0
BBX 13 20 3 0
BITMAP
F078
F078
F070
F0E0
F0E0
F000
F000
F000
F000
F000
F000
F000
F000
F000
F000
F000
F000
FFF8
FFF8
FFF8
ENDCHAR
STARTCHAR 013E
ENCODING 318
SWIDTH 600 0
DWIDTH 18 0
BBX 15 22 3 0
BITMAP
FF1E
FF3C
FF38
0F38
0F30
0F00
0F00
0F00
0F00
0F00
0F00
0F00
0F00
0F00
0F00
0F00
0F00
0F00
0F00
0FF8
07F8
01F8
ENDCHAR
STARTCHAR 013F
ENCODING 319
SWIDTH 600 0
DWIDTH 18 0
BBX 13 20 3 0
BITMAP
F000
F000
F000
F000
F000
F000
F000
F000
F1E0
F1E0
F1E0
F000
F000
F000
F000
F000
F000
FFF8
FFF8
FFF8
ENDCHAR
STARTCHAR 0140
ENCODING 320
SWIDTH 600 0
DWIDTH 18 0
BBX 14 22 3 0
BITMAP
FF80
FF80
FF80
0780
0780
0780
0780
0780
0780
0780
07BC
07BC
07BC
0780
0780
0780
0780
0780
0780
07FC
03FC
01FC
ENDCHAR
STARTCHAR 0141
ENCODING 321
SWIDTH 600 0
DWIDTH 18 0
BBX 17 20 0 0
BITMAP
1F0000
1F0000
1F0000
1F0000
1F0000
1F0000
1F2000
1F7000
1FF000
1FE000
1F8000
7F0000
FF0000
7F0000
5F0000
1F0000
1F0000
1FFF80
1FFF80
1FFF80
ENDCHAR
STARTCHAR 0142
ENCODING 322
SWIDTH 600 0
DWIDTH 18 0
BBX 15 22 2 0
BITMAP
7FC0
7FC0
7FC0
03C0
03C0
03C0
03C8
03FC
03FC
03F0
07C0
1FC0
3FC0
3BC0
33C0
03C0
03C0
03C0
03C0
FFFE
FFFE
FFFE
ENDCHAR
STARTCHAR 0143
ENCODING 323
SWIDTH 600 0
DWIDTH 18 0
BBX 14 25 2 0
BITMAP
00F8
01E0
03C0
0700
0000
F83C
F83C
FC3C
FC3C
FE3C
EE3C
EE3C
FF3C
F73C
F73C
F7BC
F3BC
F3FC
F1FC
F1DC
F1FC
F0FC
F0FC
F0FC
F07C
ENDCHAR
STARTCHAR 0144
ENCODING 324
SWIDTH 600 0
DWIDTH 18 0
BBX 14 22 2 0
BITMAP
0078
01F0
03C0
0780
0000
0000
F1F0
F7F8
F7FC
FC7C
F83C
F83C
F03C
F03C
F03C
F03C
F03C
F03C
F03C
F03C
F03C
F03C
ENDCHAR
STARTCHAR 0145
ENCODING 325
SWIDTH 600 0
DWIDTH 18 0
BBX 14 26 2 -6
BITMAP
F83C
F83C
FC3C
FC3C
FE3C
EE3C
EE3C
FF3C
F73C
F73C
F7BC
F3BC
F3FC
F1FC
F1DC
F1FC
F0FC
F0FC
F0FC
F07C
0000
0780
0700
0F00
0E00
0E00
ENDCHAR
STARTCHAR 0146
ENCODING 326
SWIDTH 600 0
DWIDTH 18 0
BBX 14 22 2 -6
BITMAP
F1F0
F7F8
F7FC
FC7C
F83C
F83C
F03C
F03C
F03C
F03C
F03C
F03C
F03C
F03C
F03C
F03C
0000
0780
0700
0700
0E00
0E00
ENDCHAR
STARTCHAR 0147
ENCODING 327
SWIDTH 600 0
DWIDTH 18 0
BBX 14 25 2 0
BITMAP
3870
1CE0
0FC0
0780
0000
F83C
F83C
FC3C
FC3C
FE3C
EE3C
EE3C
FF3C
F73C
F73C
F7BC
F3BC
F3FC
F1FC
F1DC
F1FC
F0FC
F0FC
F0FC
F07C
ENDCHAR
STARTCHAR 0148
ENCODING 328
SWIDTH 600 0
DWIDTH 18 0
BBX 14 22 2 0
BITMAP
3870
1CE0
0FC0
0780
0000
0000
F1F0
F7F8
F7FC
FC7C
F83C
F83C
F03C
F03C
F03C
F03C
F03C
F03C
F03C
F03C
F03C
F03C
ENDCHAR
STARTCHAR 0149
ENCODING 329
SWIDTH 600 0
DWIDTH 18 0
BBX 17 20 0 0
BITMAP
780000
700000
700000
E00000
EF1E00
0F7F00
0FFF80
0FCF80
0F8780
0F0780
0F0780
0F0780
0F0780
0F0780
0F0780
0F0780
0F0780
0F0780
0F0780
0F0780
ENDCHAR
STARTCHAR 014A
ENCODING 330
SWIDTH 600 0
DWIDTH 18 0
BBX 15 20 2 0
BITMAP
F1F0
F3F8
F7FC
FE7C
FC3C
F83E
F83E
F03E
F03E
F03E
F03E
F03E
F03E
F03E
F03E
F33C
F7BC
F7FC
F3F8
F1F0
ENDCHAR
STARTCHAR 014B
ENCODING 331
SWIDTH 600 0
DWIDTH 18 0
BBX 14 22 2 -6
BITMAP
F1F0
F7F8
F7FC
FC7C
F83C
F83C
F03C
F03C
F03C
F03C
F03C
F03C
F03C
F03C
F03C
F03C
003C
003C
003C
01FC
01F8
01F0
ENDCHAR
STARTCHAR 014C
ENCODING 332
SWIDTH 600 0
DWIDTH 18 0
BBX 16 24 1 0
BITMAP
0FF8
0FF8
0000
0000
07E0
1FF8
3FFC
7FFE
7C3E
781E
F81F
F81F
F00F
F00F
F00F
F01F
F81F
F81F
781E
7C3E
7FFE
3FFC
1FF8
07E0
ENDCHAR
STARTCHAR 014D
ENCODING 333
SWIDTH 600 0
DWIDTH 18 0
BBX 16 20 1 0
BITMAP
0FF8
0FF8
0000
0000
07E0
1FF8
3FFC
7C3E
781E
781E
F81F
F81F
F81F
F81F
781E
781E
7C3E
3FFC
1FF8
07E0
ENDCHAR
STARTCHAR 014E
ENCODING 334
SWIDTH 600 0
DWIDTH 18 0
BBX 16 25 1 0
BITMAP
1818
1E78
0FF0
07E0
0000
07E0
1FF8
3FFC
7FFE
7C3E
781E
F81F
F81F
F00F
F00F
F00F
F01F
F81F
F81F
781E
7C3E
7FFE
3FFC
1FF8
07E0
ENDCHAR
STARTCHAR 014F
ENCODING 335
SWIDTH 600 0
DWIDTH 18 0
BBX 16 22 1 0
BITMAP
1818
1E78
0FF0
07E0
0000
0000
07E0
1FF8
3FFC
7C3E
781E
781E
F81F
F81F
F81F
F81F
781E
781E
7C3E
3FFC
1FF8
07E0
ENDCHAR
STARTCHAR 0150
ENCODING 336
SWIDTH 600 0
DWIDTH 18 0
BBX 16 25 1 0
BITMAP
03CF
079E
0F3C
1C70
0000
07E0
1FF8
3FFC
7FFE
7C3E
781E
F81F
F81F
F00F
F00F
F00F
F01F
F81F
F81F
781E
7C3E
7FFE
3FFC
1FF8
07E0
ENDCHAR
STARTCHAR 0151
ENCODING 337
SWIDTH 600 0
DWIDTH 18 0
BBX 16 22 1 0
BITMAP
01CF
038E
071C
0C30
0000
0000
07E0
1FF8
3FFC
7C3E
781E
781E
F81F
F81F
F81F
F81F
781E
781E
7C3E
3FFC
1FF8
07E0
ENDCHAR
STARTCHAR 0152
ENCODING 338
SWIDTH 600 0
DWIDTH 18 0
BBX 18 20 0 0
BITMAP
07FF80
1FFF80
3FFF80
3C7800
787800
787800
787800
707800
F07F80
F07F80
F07F80
F07800
707800
787800
787800
787800
3C7800
3FFFC0
1FFFC0
07FFC0
ENDCHAR
STARTCHAR 0153
ENCODING 339
SWIDTH 600 0
DWIDTH 18 0
BBX 18 16 0 0
BITMAP
1E1E00
3FBF00
7FFF80
71E380
71E380
71E180
F0FFC0
E0FFC0
E0FFC0
F0E000
71E000
71E380
71F380
7FFF80
3F3F00
1E1E00
ENDCHAR
STARTCHAR 0154
ENCODING 340
SWIDTH 600 0
DWIDTH 18 0
BBX 16 25 2 0
BITMAP
00F0
01E0
0380
0F00
0000
FFE0
FFF8
FFFC
F0FE
F03E
F01E
F01E
F03E
F07C
FFFC
FFF8
FFE0
F1F0
F1F0
F0F8
F078
F07C
F03C
F03E
F01F
ENDCHAR
STARTCHAR 0155
ENCODING 341
SWIDTH 600 0
DWIDTH 18 0
BBX 13 22 3 0
BITMAP
01E0
03C0
0700
0E00
0000
0000
F1F8
F3F8
F7F8
7FB8
7E00
7C00
7800
7800
7800
7800
7800
7800
7800
7800
7800
7800
ENDCHAR
STARTCHAR 0156
ENCODING 342
SWIDTH 600 0
DWIDTH 18 0
BBX 16 26 2 -6
BITMAP
FFE0
FFF8
FFFC
F0FE
F03E
F01E
F01E
F03E
F07C
FFFC
FFF8
FFE0
F1F0
F1F0
F0F8
F078
F07C
F03C
F03E
F01F
0000
0780
0780
0700
0700
0E00
ENDCHAR
STARTCHAR 0157
ENCODING 343
SWIDTH 600 0
DWIDTH 18 0
BBX 14 22 2 -6
BITMAP
78FC
79FC
7BFC
7FDC
3F00
3E00
3C00
3C00
3C00
3C00
3C00
3C00
3C00
3C00
3C00
3C00
0000
3800
7800
7000
7000
E000
ENDCHAR
STARTCHAR 0158
ENCODING 344
SWIDTH 600 0
DWIDTH 18 0
BBX 16 25 2 0
BITMAP
7070
3DE0
0FC0
0780
0000
FFE0
FFF8
FFFC
F0FE
F03E
F01E
F01E
F03E
F07C
FFFC
FFF8
FFE0
F1F0
F1F0
F0F8
F078
F07C
F03C
F03E
F01F
ENDCHAR
STARTCHAR 0159
ENCODING 345
SWIDTH 600 0
DWIDTH 18 0
BBX 13 22 3 0
BITMAP
7070
3DE0
1FC0
0F80
0000
0000
F1F8
F3F8
F7F8
7FB8
7E00
7C00
7800
7800
7800
7800
7800
7800
7800
7800
7800
7800
ENDCHAR
STARTCHAR 015A
ENCODING 346
SWIDTH 600 0
DWIDTH 18 0
BBX 16 25 1 0
BITMAP
007C
00F0
01E0
0380
0000
07E0
1FF8
7FFC
7C3E
781E
781F
7800
7E00
3FE0
1FF8
0FFE
00FE
001F
000F
F00F
F80F
FC3F
7FFE
3FFC
0FF0
ENDCHAR
STARTCHAR 015B
ENCODING 347
SWIDTH 600 0
DWIDTH 18 0
BBX 14 22 2 0
BITMAP
00F0
01E0
0380
0700
0000
0000
0FC0
3FF0
7FF8
707C
F03C
F800
7F80
3FF0
1FF8
01FC
003C
F03C
F03C
7FFC
7FF8
1FE0
ENDCHAR
STARTCHAR 015C
ENCODING 348
SWIDTH 600 0
DWIDTH 18 0
BBX 16 25 1 0
BITMAP
03C0
07E0
0E70
1C38
0000
07E0
1FF8
7FFC
7C3E
781E
781F
7800
7E00
3FE0
1FF8
0FFE
00FE
001F
000F
F00F
F80F
FC3F
7FFE
3FFC
0FF0
ENDCHAR
STARTCHAR 015D
ENCODING 349
SWIDTH 600 0
DWIDTH 18 0
BBX 14 22 2 0
BITMAP
0780
0FE0
1EF0
3838
0000
0000
0FC0
3FF0
7FF8
707C
F03C
F800
7F80
3FF0
1FF8
01FC
003C
F03C
F03C
7FFC
7FF8
1FE0
ENDCHAR
STARTCHAR 015E
ENCODING 350
SWIDTH 600 0
DWIDTH 18 0
BBX 16 27 1 -7
BITMAP
07E0
1FF8
7FFC
7C3E
781E
781F
7800
7E00
3FE0
1FF8
0FFE
00FE
001F
000F
F00F
F80F
FC3F
7FFE
3FFC
0FF0
0180
0300
03E0
00E0
00E0
07E0
0780
ENDCHAR
STARTCHAR 015F
ENCODING 351
SWIDTH 600 0
DWIDTH 18 0
BBX 14 23 2 -7
BITMAP
0FC0
3FF0
7FF8
707C
F03C
F800
7F80
3FF0
1FF8
01FC
003C
F03C
F03C
7FFC
7FF8
1FE0
0300
0300
07C0
01C0
01C0
0FC0
0F80
ENDCHAR
STARTCHAR 0160
ENCODING 352
SWIDTH 600 0
DWIDTH 18 0
BBX 16 25 1 0
BITMAP
1C38
0E70
07E0
03C0
0000
07E0
1FF8
7FFC
7C3E
781E
781F
7800
7E00
3FE0
1FF8
0FFE
00FE
001F
000F
F00F
F80F
FC3F
7FFE
3FFC
0FF0
ENDCHAR
STARTCHAR 0161
ENCODING 353
SWIDTH 600 0
DWIDTH 18 0
BBX 14 22 2 0
BITMAP
3870
1CE0
0FC0
0780
0000
0000
0FC0
3FF0
7FF8
707C
F03C
F800
7F80
3FF0
1FF8
01FC
003C
F03C
F03C
7FFC
7FF8
1FE0
ENDCHAR
STARTCHAR 0162
ENCODING 354
SWIDTH 600 0
DWIDTH 18 0
BBX 16 26 1 -6
BITMAP
FFFF
FFFF
FFFF
03C0
03C0
03C0
03C0
03C0
03C0
03C0
03C0
03C0
03C0
03C0
03C0
03C0
03C0
03C0
03C0
03C0
0000
03C0
0380
0780
0700
0700
ENDCHAR
STARTCHAR 0163
ENCODING 355
SWIDTH 600 0
DWIDTH 18 0
BBX 13 26 2 -6
BITMAP
0E00
0E00
1E00
1E00
FFF8
FFF8
FFF8
1E00
1E00
1E00
1E00
1E00
1E00
1E00
1E00
1E00
1E00
1FF8
0FF8
07F8
0000
03C0
0780
0700
0700
0E00
ENDCHAR
STARTCHAR 0164
ENCODING 356
SWIDTH 600 0
DWIDTH 18 0
BBX 16 25 1 0
BITMAP
1C38
0E70
07E0
03C0
0000
FFFF
FFFF
FFFF
03C0
03C0
03C0
03C0
03C0
03C0
03C0
03C0
03C0
03C0
03C0
03C0
03C0
03C0
03C0
03C0
03C0
ENDCHAR
STARTCHAR 0165
ENCODING 357
SWIDTH 600 0
DWIDTH 18 0
BBX 17 23 1 0
BITMAP
000780
000700
000700
0C0E00
1C0E00
1C0000
1C0000
FFF000
FFF000
FFF000
3C0000
3C0000
3C0000
3C0000
3C0000
3C0000
3C0000
3C0000
3C0000
3E0000
1FF800
1FF800
07F800
ENDCHAR
STARTCHAR 0166
ENCODING 358
SWIDTH 600 0
DWIDTH 18 0
BBX 16 20 1 0
BITMAP
FFFF
FFFF
FFFF
03C0
03C0
03C0
03C0
03C0
1FFC
1FFC
1FFC
03C0
03C0
03C0
03C0
03C0
03C0
03C0
03C0
03C0
ENDCHAR
STARTCHAR 0167
ENCODING 359
SWIDTH 600 0
DWIDTH 18 0
BBX 12 20 3 0
BITMAP
1C00
1C00
1C00
3C00
FFF0
FFF0
FFF0
3C00
3C00
3C00
FFF0
FFF0
FFF0
3C00
3C00
3C00
3C00
3FF0
1FF0
0FF0
ENDCHAR
STARTCHAR 0168
ENCODING 360
SWIDTH 600 0
DWIDTH 18 0
BBX 14 25 2 0
BITMAP
1E18
3FF0
7FF0
61E0
0000
F03C
F03C
F03C
F03C
F03C
F03C
F03C
F03C
F03C
F03C
F03C
F03C
F03C
F03C
F07C
F87C
7DF8
7FF8
3FF0
0FC0
ENDCHAR
STARTCHAR 0169
ENCODING 361
SWIDTH 600 0
DWIDTH 18 0
BBX 14 22 2 0
BITMAP
1E18
3FF8
7FF0
61E0
0000
0000
F03C
F03C
F03C
F03C
F03C
F03C
F03C
F03C
F03C
F03C
F07C
F87C
F8FC
7FBC
7F3C
3E3C
ENDCHAR
STARTCHAR 016A
ENCODING 362
SWIDTH 600 0
DWIDTH 18 0
BBX 14 24 2 0
BITMAP
1FF0
1FF0
0000
0000
F03C
F03C
F03C
F03C
F03C
F03C
F03C
F03C
F03C
F03C
F03C
F03C
F03C
F03C
F07C
F87C
7DF8
7FF8
3FF0
0FC0
ENDCHAR
STARTCHAR 016B
ENCODING 363
SWIDTH 600 0
DWIDTH 18 0
BBX 14 20 2 0
BITMAP
1FF0
1FF0
0000
0000
F03C
F03C
F03C
F03C
F03C
F03C
F03C
F03C
F03C
F03C
F07C
F87C
F8FC
7FBC
7F3C
3E3C
ENDCHAR
STARTCHAR 016C
ENCODING 364
SWIDTH 600 0
DWIDTH 18 0
BBX 14 25 2 0
BITMAP
3030
3CF0
1FE0
0FC0
0000
F03C
F03C
F03C
F03C
F03C
F03C
F03C
F03C
F03C
F03C
F03C
F03C
F03C
F03C
F07C
F87C
7DF8
7FF8
3FF0
0FC0
ENDCHAR
STARTCHAR 016D
ENCODING 365
SWIDTH 600 0
DWIDTH 18 0
BBX 14 22 2 0
BITMAP
3030
3CF0
1FE0
0FC0
0000
0000
F03C
F03C
F03C
F03C
F03C
F03C
F03C
F03C
F03C
F03C
F07C
F87C
F8FC
7FBC
7F3C
3E3C
ENDCHAR
STARTCHAR 016E
ENCODING 366
SWIDTH 600 0
DWIDTH 18 0
BBX 14 25 2 0
BITMAP
0780
0FC0
1CE0
1CE0
0FC0
F7BC
F03C
F03C
F03C
F03C
F03C
F03C
F03C
F03C
F03C
F03C
F03C
F03C
F03C
F07C
F87C
7DF8
7FF8
3FF0
0FC0
ENDCHAR
STARTCHAR 016F
ENCODING 367
SWIDTH 600 0
DWIDTH 18 0
BBX 14 24 2 0
BITMAP
0780
0FC0
1CE0
1CE0
0FC0
0780
0000
0000
F03C
F03C
F03C
F03C
F03C
F03C
F03C
F03C
F03C
F03C
F07C
F87C
F8FC
7FBC
7F3C
3E3C
ENDCHAR
STARTCHAR 0170
ENCODING 368
SWIDTH 600 0
DWIDTH 18 0
BBX 15 25 2 0
BITMAP
079E
0E38
1C70
38E0
0000
F03C
F03C
F03C
F03C
F03C
F03C
F03C
F03C
F03C
F03C
F03C
F03C
F03C
F03C
F07C
F87C
7DF8
7FF8
3FF0
0FC0
ENDCHAR
STARTCHAR 0171
ENCODING 369
SWIDTH 600 0
DWIDTH 18 0
BBX 15 22 2 0
BITMAP
079E
0E38
1C70
38E0
0000
0000
F03C
F03C
F03C
F03C
F03C
F03C
F03C
F03C
F03C
F03C
F07C
F87C
F8FC
7FBC
7F3C
3E3C
ENDCHAR
STARTCHAR 0172
ENCODING 370
SWIDTH 600 0
DWIDTH 18 0
BBX 14 26 2 -6
BITMAP
F03C
F03C
F03C
F03C
F03C
F03C
F03C
F03C
F03C
F03C
F03C
F03C
F03C
F03C
F07C
F87C
7DF8
7FF8
3FF0
0FC0
0180
0300
0700
0700
07E0
03E0
ENDCHAR
STARTCHAR 0173
ENCODING 371
SWIDTH 600 0
DWIDTH 18 0
BBX 14 22 2 -6
BITMAP
F03C
F03C
F03C
F03C
F03C
F03C
F03C
F03C
F03C
F03C
F07C
F87C
F8FC
7FBC
7F3C
3E3C
0030
0060
00E0
00E0
007C
003C
ENDCHAR
STARTCHAR 0174
ENCODING 372
SWIDTH 600 0
DWIDTH 18 0
BBX 18 25 0 0
BITMAP
01E000
03F000
073800
0E1C00
000000
F003C0
F003C0
F003C0
700380
700380
700380
79E780
79E780
79E780
79E780
3BF700
3BF700
3BF700
3B3F00
3F3F00
3F3F00
1F3E00
1E1E00
1E1E00
1E1E00
ENDCHAR
STARTCHAR 0175
ENCODING 373
SWIDTH 600 0
DWIDTH 18 0
BBX 18 22 0 0
BITMAP
01E000
03F000
073800
0E1C00
000000
000000
F003C0
F003C0
700380
700380
71E380
71E380
71E380
7BE780
3BF700
3B3700
3B3700
3F3F00
3F3F00
3E1F00
1E1E00
1E1E00
ENDCHAR
STARTCHAR 0176
ENCODING 374
SWIDTH 600 0
DWIDTH 18 0
BBX 18 25 0 0
BITMAP
01E000
03F000
073800
0E1C00
000000
F807C0
780780
7C0F80
3C0F00
1E1E00
1E1E00
0F3C00
0F3C00
07F800
07F800
03F000
01E000
01E000
01E000
01E000
01E000
01E000
01E000
01E000
01E000
ENDCHAR
STARTCHAR 0177
ENCODING 375
SWIDTH 600 0
DWIDTH 18 0
BBX 16 27 1 -6
BITMAP
03C0
07E0
0E70
1C38
0000
F00F
F00F
781F
781E
781E
3C3C
3C3C
1E3C
1E78
1E78
0F70
0FF0
07F0
07E0
03E0
03C0
03C0
07C0
0780
7F80
7F00
7E00
ENDCHAR
STARTCHAR 0178
ENCODING 376
SWIDTH 600 0
DWIDTH 18 0
BBX 18 24 0 0
BITMAP
0F3C00
0F3C00
0F3C00
000000
F807C0
780780
7C0F80
3C0F00
1E1E00
1E1E00
0F3C00
0F3C00
07F800
07F800
03F000
01E000
01E000
01E000
01E000
01E000
01E000
01E000
01E000
01E000
ENDCHAR
STARTCHAR 0179
ENCODING 377
SWIDTH 600 0
DWIDTH 18 0
BBX 16 25 1 0
BITMAP
0078
00F0
01E0
0380
0000
7FFE
7FFE
7FFE
003E
007C
0078
00F8
01F0
03E0
03C0
07C0
0F80
1F00
1E00
3E00
7C00
7800
FFFF
FFFF
FFFF
ENDCHAR
STARTCHAR 017A
ENCODING 378
SWIDTH 600 0
DWIDTH 18 0
BBX 14 22 2 0
BITMAP
00F0
01E0
0380
0700
0000
0000
7FF8
7FF8
7FF8
00F8
01F0
03E0
07C0
0780
0F00
1F00
3E00
7C00
F800
FFFC
FFFC
FFFC
ENDCHAR
STARTCHAR 017B
ENCODING 379
SWIDTH 600 0
DWIDTH 18 0
BBX 16 24 1 0
BITMAP
03C0
03C0
03C0
0000
7FFE
7FFE
7FFE
003E
007C
0078
00F8
01F0
03E0
03C0
07C0
0F80
1F00
1E00
3E00
7C00
7800
FFFF
FFFF
FFFF
ENDCHAR
STARTCHAR 017C
ENCODING 380
SWIDTH 600 0
DWIDTH 18 0
BBX 14 22 2 0
BITMAP
0780
0780
0780
0000
0000
0000
7FF8
7FF8
7FF8
00F8
01F0
03E0
07C0
0780
0F00
1F00
3E00
7C00
F800
FFFC
FFFC
FFFC
ENDCHAR
STARTCHAR 017D
ENCODING 381
SWIDTH 600 0
DWIDTH 18 0
BBX 16 25 1 0
BITMAP
1C38
0F70
07E0
03C0
0000
7FFE
7FFE
7FFE
003E
007C
0078
00F8
01F0
03E0
03C0
07C0
0F80
1F00
1E00
3E00
7C00
7800
FFFF
FFFF
FFFF
ENDCHAR
STARTCHAR 017E
ENCODING 382
SWIDTH 600 0
DWIDTH 18 0
BBX 14 22 2 0
BITMAP
3870
1CE0
0FC0
0780
0000
0000
7FF8
7FF8
7FF8
00F8
01F0
03E0
07C0
0780
0F00
1F00
3E00
7C00
F800
FFFC
FFFC
FFFC
ENDCHAR
STARTCHAR 017F
ENCODING 383
SWIDTH 600 0
DWIDTH 18 0
BBX 11 22 5 0
BITMAP
1FE0
3FE0
7FE0
7800
F800
F800
F800
F800
F800
F800
F800
F800
F800
F800
F800
F800
F800
F800
F800
F800
F800
F800
ENDCHAR
STARTCHAR 0180
ENCODING 384
SWIDTH 600 0
DWIDTH 18 0
BBX 17 22 0 0
BITMAP
3C0000
3C0000
FFE000
FFE000
3C0000
3C0000
3C7800
3DFE00
3DFE00
3F1F00
3E0F00
3C0F00
3C0F80
3C0F80
3C0F80
3C0F80
3C0F00
3E0F00
3E1F00
3DFE00
3DFE00
3C7800
ENDCHAR
STARTCHAR 0181
ENCODING 385
SWIDTH 600 0
DWIDTH 18 0
BBX 17 20 0 0
BITMAP
3FF800
7FFE00
FFFE00
EFBF00
EF9F00
EF8F00
EF8F00
0F9E00
0FFC00
0FF000
0FFE00
0F9F00
0F8F80
0F8780
0F8780
0F8F80
0F9F80
0FFF00
0FFE00
0FF800
ENDCHAR
STARTCHAR 0182
ENCODING 386
SWIDTH 600 0
DWIDTH 18 0
BBX 15 20 2 0
BITMAP
FFF8
FFF8
FFF8
F000
F000
F000
F000
F000
FFE0
FFF8
FFFC
F07E
F03E
F01E
F03E
F03E
F07C
FFFC
FFF8
FFE0
ENDCHAR
STARTCHAR 0183
ENCODING 387
SWIDTH 600 0
DWIDTH 18 0
BBX 15 22 2 0
BITMAP
FFF0
FFF0
FFF0
F000
F000
F000
F1E0
F7F8
F7F8
FC7C
F83C
F83C
F03E
F03E
F03E
F03E
F83C
F83C
FC7C
F7F8
F7F0
F1E0
ENDCHAR
STARTCHAR 0184
ENCODING 388
SWIDTH 600 0
DWIDTH 18 0
BBX 17 20 0 0
BITMAP
0C0000
1C0000
7C0000
FC0000
7C0000
3C0000
3C0000
3C0000
3FF800
3FFE00
3FFF00
3C1F80
3C0F80
3C0780
3C0F80
3C0F80
3C1F00
3FFF00
3FFE00
3FF800
ENDCHAR
STARTCHAR 0185
ENCODING 389
SWIDTH 600 0
DWIDTH 18 0
BBX 17 22 0 0
BITMAP
0C0000
1C0000
7C0000
FC0000
7C0000
3C0000
3C7800
3DFE00
3DFE00
3F1F00
3E0F00
3E0F00
3C0F80
3C0F80
3C0F80
3C0F80
3E0F00
3E0F00
3F1F00
3DFE00
3DFC00
3C7800
ENDCHAR
STARTCHAR 0186
ENCODING 390
SWIDTH 600 0
DWIDTH 18 0
BBX 16 20 1 0
BITMAP
07E0
1FF8
3FFC
3EFE
7C3E
781F
181F
000F
000F
000F
000F
000F
000F
301F
F81F
783E
7EFE
3FFC
1FF8
07E0
ENDCHAR
STARTCHAR 0187
ENCODING 391
SWIDTH 600 0
DWIDTH 18 0
BBX 17 24 1 0
BITMAP
000780
000F80
001F80
001E00
07DE00
1FFE00
3FFE00
7F7E00
7C3E00
781E00
F81800
F80000
F80000
F80000
F80000
F80000
F80000
F81C00
781E00
7C3E00
3F7C00
3FFC00
1FF800
07E000
ENDCHAR
STARTCHAR 0188
ENCODING 392
SWIDTH 600 0
DWIDTH 18 0
BBX 17 19 1 0
BITMAP
000F80
001F80
001F80
07BC00
1FFC00
3FFC00
7C7C00
783C00
780000
F80000
F80000
F80000
F80000
783C00
783C00
7C7C00
3FF800
1FF000
0FC000
ENDCHAR
STARTCHAR 0189
ENCODING 393
SWIDTH 600 0
DWIDTH 18 0
BBX 17 20 0 0
BITMAP
3FE000
3FFC00
3FFE00
3CFE00
3C1F00
3C0F00
3C0F80
3C0F80
FFC780
FFC780
FFC780
3C0780
3C0F80
3C0F80
3C0F00
3C1F00
3C7E00
3FFE00
3FFC00
3FE000
ENDCHAR
STARTCHAR 018A
ENCODING 394
SWIDTH 600 0
DWIDTH 18 0
BBX 18 20 0 0
BITMAP
3FF800
7FFC00
FFFF00
EFBF00
EF8F80
EF8780
EF8780
0F8780
0F8780
0F87C0
0F87C0
0F8780
0F8780
0F8780
0F8780
0F8F80
0FBF00
0FFF00
0FFE00
0FF800
ENDCHAR
STARTCHAR 018B
ENCODING 395
SWIDTH 600 0
DWIDTH 18 0
BBX 15 20 1 0
BITMAP
1FFE
1FFE
1FFE
001E
001E
001E
001E
001E
0FFE
3FFE
7FFE
FC1E
F81E
F01E
F01E
F81E
7C1E
7FFE
3FFE
0FFE
ENDCHAR
STARTCHAR 018C
ENCODING 396
SWIDTH 600 0
DWIDTH 18 0
BBX 15 22 1 0
BITMAP
0FFE
0FFE
0FFE
001E
001E
001E
0F1E
3FDE
3FDE
7C7E
783E
783E
F81E
F81E
F81E
F81E
783E
783E
7C7E
3FDE
3FDE
0F1E
ENDCHAR
STARTCHAR 018D
ENCODING 397
SWIDTH 600 0
DWIDTH 18 0
BBX 16 22 1 -6
BITMAP
07E0
1FF8
3FFC
7C3E
781E
F81F
F00F
F00F
F00F
F00F
F81F
781E
7C3E
3FFC
1FF8
0FE0
03C0
01F0
00F8
7FFE
7FFE
7FFE
ENDCHAR
STARTCHAR 018E
ENCODING 398
SWIDTH 600 0
DWIDTH 18 0
BBX 15 20 1 0
BITMAP
FFFE
FFFE
FFFE
001E
001E
001E
001E
001E
3FFE
3FFE
3FFE
001E
001E
001E
001E
001E
001E
7FFE
7FFE
7FFE
ENDCHAR
STARTCHAR 018F
ENCODING 399
SWIDTH 600 0
DWIDTH 18 0
BBX 16 20 1 0
BITMAP
07E0
1FF8
3FFC
7EFC
783E
181E
001F
001F
FFFF
FFFF
FFFF
F81F
F81F
F81F
781E
7C3E
7FFE
3FFC
1FF8
07E0
ENDCHAR
STARTCHAR 0190
ENCODING 400
SWIDTH 600 0
DWIDTH 18 0
BBX 16 20 1 0
BITMAP
0FE0
3FF8
7FFC
7C3E
781E
780C
7800
7C00
3FC0
0FC0
3FC0
7C00
F800
F00C
F00F
F81F
7E7E
7FFE
3FF8
0FE0
ENDCHAR
STARTCHAR 0191
ENCODING 401
SWIDTH 600 0
DWIDTH 18 0
BBX 16 26 0 -6
BITMAP
3FFF
3FFF
3FFF
3E00
3E00
3E00
3E00
3E00
3E00
3FFF
3FFF
3FFF
3E00
3E00
3E00
3E00
3E00
3E00
3E00
3E00
3E00
3E00
3E00
FC00
FC00
F000
ENDCHAR
STARTCHAR 0192
ENCODING 402
SWIDTH 600 0
DWIDTH 18 0
BBX 13 26 3 -6
BITMAP
01F8
07F8
0FF8
0F00
0F00
0F00
FFF0
FFF0
FFF0
1E00
1E00
3E00
3C00
3C00
3C00
3C00
7C00
7800
7800
7800
7800
F800
F000
F000
F000
F000
ENDCHAR
STARTCHAR 0193
ENCODING 403
SWIDTH 600 0
DWIDTH 18 0
BBX 17 24 1 0
BITMAP
000780
000F80
001F80
001E00
07FE00
1FFE00
3FFE00
7F7E00
7C3E00
781C00
F80000
F80000
F80000
F8FF00
F8FF00
F8FF00
F80F00
780F00
780F00
7C0F00
3F7F00
3FFE00
1FFC00
07E000
ENDCHAR
STARTCHAR 0194
ENCODING 404
SWIDTH 600 0
DWIDTH 18 0
BBX 18 26 0 -6
BITMAP
F807C0
780780
7C0780
3C0F00
3C0F00
3E1F00
1E1E00
1E1E00
0F3C00
0F3C00
07BC00
07F800
07F800
03F000
03F000
01E000
03F000
03F000
07F800
073800
073800
0F3C00
073C00
07F800
07F800
01F000
ENDCHAR
STARTCHAR 0195
ENCODING 405
SWIDTH 600 0
DWIDTH 18 0
BBX 16 22 1 0
BITMAP
E000
E000
E000
E000
E000
E000
E707
EF87
EF87
F387
F3C7
F3C7
E3C7
E3C7
E3C7
E3C7
E3C7
E3CF
E1CE
E1FE
E0FC
E078
ENDCHAR
STARTCHAR 0196
ENCODING 406
SWIDTH 600 0
DWIDTH 18 0
BBX 14 20 2 0
BITMAP
FFFC
FFFC
FFFC
0780
0780
0780
0780
0780
0780
0780
0780
0780
0780
0780
0780
0780
0780
FFFC
FFFC
FFFC
ENDCHAR
STARTCHAR 0197
ENCODING 407
SWIDTH 600 0
DWIDTH 18 0
BBX 14 20 2 0
BITMAP
FFFC
FFFC
FFFC
0780
0780
0780
0780
0780
7FF8
7FF8
7FF8
0780
0780
0780
0780
0780
0780
FFFC
FFFC
FFFC
ENDCHAR
STARTCHAR 0198
ENCODING 408
SWIDTH 600 0
DWIDTH 18 0
BBX 16 20 2 0
BITMAP
3E3E
7E3E
7E7C
F8F8
F1F0
F1F0
F3E0
F7C0
F780
FF80
FFC0
FFE0
FDE0
F9F0
F0F0
F0F8
F07C
F07C
F03E
F01F
ENDCHAR
STARTCHAR 0199
ENCODING 409
SWIDTH 600 0
DWIDTH 18 0
BBX 14 22 3 0
BITMAP
3E00
FE00
FE00
F000
F000
F000
F078
F0F0
F1F0
F3E0
F3C0
F780
FF00
FF80
FFC0
FBC0
F3E0
F1E0
F1F0
F0F8
F078
F07C
ENDCHAR
STARTCHAR 019A
ENCODING 410
SWIDTH 600 0
DWIDTH 18 0
BBX 15 22 2 0
BITMAP
7FC0
7FC0
7FC0
03C0
03C0
03C0
03C0
03C0
03C0
03C0
3FF8
3FF8
3FF8
03C0
03C0
03C0
03C0
03C0
03C0
FFFE
FFFE
FFFE
ENDCHAR
STARTCHAR 019B
ENCODING 411
SWIDTH 600 0
DWIDTH 18 0
BBX 16 22 1 0
BITMAP
0F20
0F70
0FF0
07E0
3FC0
7FC0
7BC0
63E0
07E0
07E0
0FF0
0F70
0E78
1E78
1E38
3C3C
3C3C
3C1E
781E
781E
780F
F80F
ENDCHAR
STARTCHAR 019C
ENCODING 412
SWIDTH 600 0
DWIDTH 18 0
BBX 16 20 1 0
BITMAP
F3CF
F3CF
F3CF
F3CF
F3CF
F3CF
F3CF
F3CF
F3CF
F3CF
F3CF
F3CF
F3CF
F3CF
F3CF
F3CF
F3CF
FFFF
7DF7
38E7
ENDCHAR
STARTCHAR 019D
ENCODING 413
SWIDTH 600 0
DWIDTH 18 0
BBX 17 26 -1 -6
BITMAP
1F0780
1F0780
1F8780
1F8780
1FC780
1DC780
1DC780
1FE780
1EE780
1EF780
1EF780
1E7780
1E7F80
1E3F80
1E3B80
1E3F80
1E1F80
1E1F80
1E1F80
1E0F80
1E0000
1E0000
BE0000
FC0000
FC0000
F80000
ENDCHAR
STARTCHAR 019E
ENCODING 414
SWIDTH 600 0
DWIDTH 18 0
BBX 14 22 2 -6
BITMAP
F1F0
F7F8
FFFC
FC7C
F83C
F83C
F03C
F03C
F03C
F03C
F03C
F03C
F03C
F03C
F03C
F03C
003C
003C
003C
003C
003C
003C
ENDCHAR
STARTCHAR 019F
ENCODING 415
SWIDTH 600 0
DWIDTH 18 0
BBX 16 20 1 0
BITMAP
07E0
1FF8
3FFC
7FFE
7C3E
781E
F81F
F81F
FFFF
FFFF
FFFF
F81F
F81F
F81F
781E
7C3E
7FFE
3FFC
1FF8
07E0
ENDCHAR
STARTCHAR 01A0
ENCODING 416
SWIDTH 600 0
DWIDTH 18 0
BBX 18 21 1 0
BITMAP
0001C0
07E1C0
1FF1C0
3FF9C0
7EFCC0
7C3C80
783F80
F81F00
F81E00
F01E00
F01E00
F01E00
F01E00
F81E00
F81E00
783E00
7C3C00
7EFC00
3FF800
1FF000
07E000
ENDCHAR
STARTCHAR 01A1
ENCODING 417
SWIDTH 600 0
DWIDTH 18 0
BBX 18 16 1 0
BITMAP
07E1C0
1FF1C0
3FF9C0
7C7DC0
783CC0
783E80
F83F80
F83F80
F83F00
F83E00
783E00
783C00
7C7C00
3FF800
1FF000
0FC000
ENDCHAR
STARTCHAR 01A2
ENCODING 418
SWIDTH 600 0
DWIDTH 18 0
BBX 16 26 1 -6
BITMAP
0F8F
1FFF
3FFF
78FF
70EF
F0EF
F0EF
E0EF
E0EF
E0EF
E0EF
E0EF
E0EF
F0EF
F0EF
70EF
78EF
3FEF
3FEF
0F8F
000F
000F
000F
000F
000F
000F
ENDCHAR
STARTCHAR 01A3
ENCODING 419
SWIDTH 600 0
DWIDTH 18 0
BBX 16 22 1 -6
BITMAP
0FC7
3FFF
7FFF
F0E7
F0E7
E0E7
E0E7
E0E7
E0E7
E0E7
E0E7
F0E7
F0E7
7FE7
3FE7
0F87
0007
0007
0007
0007
0007
0007
ENDCHAR
STARTCHAR 01A4
ENCODING 420
SWIDTH 600 0
DWIDTH 18 0
BBX 17 20 0 0
BITMAP
3FF800
7FFE00
FFFF00
E7BF80
E78F80
E78780
E78780
078780
078F80
078F80
07FF00
07FE00
07FC00
078000
078000
078000
078000
078000
078000
078000
ENDCHAR
STARTCHAR 01A5
ENCODING 421
SWIDTH 600 0
DWIDTH 18 0
BBX 15 28 2 -6
BITMAP
3F00
7F00
FF00
FB00
F000
F000
F1E0
F7F8
F7F8
FC7C
F83C
F83C
F03E
F03E
F03E
F03E
F03C
F83C
FC7C
FFF8
F7F8
F3E0
F000
F000
F000
F000
F000
F000
ENDCHAR
STARTCHAR 01A6
ENCODING 422
SWIDTH 600 0
DWIDTH 18 0
BBX 16 25 2 -5
BITMAP
F000
F000
FFE0
FFF8
FFFC
F0FC
F03E
F01E
F01E
F03E
F07E
FFFC
FFF8
FFF0
F1E0
F1E0
F1F0
F0F0
F0F8
F078
007C
003C
003E
003E
001F
ENDCHAR
STARTCHAR 01A7
ENCODING 423
SWIDTH 600 0
DWIDTH 18 0
BBX 16 20 1 0
BITMAP
07E0
1FF8
3FFE
7C3E
781E
F81E
001E
007E
07FE
1FF8
7FF0
7F00
F800
F000
F00F
F01F
FC3F
7FFE
3FFC
0FF0
ENDCHAR
STARTCHAR 01A8
ENCODING 424
SWIDTH 600 0
DWIDTH 18 0
BBX 14 16 2 0
BITMAP
0FC0
3FF0
7FF8
F838
F03C
007C
07F8
3FF0
7FE0
FE00
F000
F03C
F03C
FFF8
7FF8
1FE0
ENDCHAR
STARTCHAR 01A9
ENCODING 425
SWIDTH 600 0
DWIDTH 18 0
BBX 16 20 1 0
BITMAP
7FFE
7FFE
7FFE
7FFE
3E00
1F00
0F80
07C0
03E0
01E0
03E0
07C0
0F80
0F00
1E00
3C00
7FFF
FFFF
FFFF
FFFF
ENDCHAR
STARTCHAR 01AA
ENCODING 426
SWIDTH 600 0
DWIDTH 18 0
BBX 11 28 3 -6
BITMAP
7C00
FE00
CE00
CF00
DF00
7F00
0F00
0F00
0F00
0F00
0F00
0F00
0F00
0F00
0F00
0F00
0F00
0F00
0F00
0F00
0F00
0F00
0F00
0F00
0F80
0FE0
07E0
03E0
ENDCHAR
STARTCHAR 01AB
ENCODING 427
SWIDTH 600 0
DWIDTH 18 0
BBX 13 26 2 -6
BITMAP
0E00
0E00
1E00
1E00
FFF8
FFF8
FFF8
1E00
1E00
1E00
1E00
1E00
1E00
1E00
1E00
1E00
1E00
1FF8
0FF8
07F8
0038
0078
0078
03F8
03F0
03E0
ENDCHAR
STARTCHAR 01AC
ENCODING 428
SWIDTH 600 0
DWIDTH 18 0
BBX 17 20 0 0
BITMAP
3FFF80
7FFF80
FFFF80
F1E000
E1E000
E1E000
E1E000
01E000
01E000
01E000
01E000
01E000
01E000
01E000
01E000
01E000
01E000
01E000
01E000
01E000
ENDCHAR
STARTCHAR 01AD
ENCODING 429
SWIDTH 600 0
DWIDTH 18 0
BBX 13 22 2 0
BITMAP
07F8
0FF8
1FF8
1E00
1E00
1E00
FFF8
FFF8
FFF8
1E00
1E00
1E00
1E00
1E00
1E00
1E00
1E00
1E00
1E00
1FF8
0FF8
07F8
ENDCHAR
STARTCHAR 01AE
ENCODING 430
SWIDTH 600 0
DWIDTH 18 0
BBX 16 26 1 -6
BITMAP
FFFF
FFFF
FFFF
03C0
03C0
03C0
03C0
03C0
03C0
03C0
03C0
03C0
03C0
03C0
03C0
03C0
03C0
03C0
03C0
03C0
03C0
03C0
03E0
03F8
01F8
00F8
ENDCHAR
STARTCHAR 01AF
ENCODING 431
SWIDTH 600 0
DWIDTH 18 0
BBX 17 21 2 0
BITMAP
000380
F07B80
F07B80
F07B80
F07880
F07980
F07980
F07B00
F07F00
F07E00
F07800
F07800
F07800
F07800
F07800
F07800
F8F800
FDF800
7FF000
3FE000
1FC000
ENDCHAR
STARTCHAR 01B0
ENCODING 432
SWIDTH 600 0
DWIDTH 18 0
BBX 17 16 2 0
BITMAP
F07B80
F07B80
F07B80
F07B80
F07980
F07980
F07980
F07B00
F07F00
F07C00
F07800
F0F800
F9F800
FFF800
7F7800
3E7800
ENDCHAR
STARTCHAR 01B1
ENCODING 433
SWIDTH 600 0
DWIDTH 18 0
BBX 16 20 1 0
BITMAP
FE7F
FE7F
FE7F
0E70
1E78
3C3C
781E
781E
F01F
F00F
F00F
F00F
F00F
F00F
F81F
781E
7E7E
3FFC
1FF8
07E0
ENDCHAR
STARTCHAR 01B2
ENCODING 434
SWIDTH 600 0
DWIDTH 18 0
BBX 16 20 1 0
BITMAP
F8FC
F8FE
F8FF
F83F
F80F
F80F
F80F
F80F
F80F
F80F
F80F
F80F
F80F
780F
781F
781E
7E7E
3FFC
1FF8
0FE0
ENDCHAR
STARTCHAR 01B3
ENCODING 435
SWIDTH 600 0
DWIDTH 18 0
BBX 18 20 0 0
BITMAP
F81F80
783FC0
7C3F80
3C7880
3C7800
3E7000
1EF000
1EF000
0FE000
0FE000
07E000
07C000
03C000
03C000
03C000
03C000
03C000
03C000
03C000
03C000
ENDCHAR
STARTCHAR 01B4
ENCODING 436
SWIDTH 600 0
DWIDTH 18 0
BBX 21 28 0 -6
BITMAP
0001F0
0003F8
0007F0
0007F0
000700
000F00
F80F00
780E00
781E00
3C1E00
3C1C00
3C3C00
1E3C00
1E3800
0E3800
0F7800
0F7000
077000
07F000
03E000
03E000
03E000
03C000
03C000
078000
3F8000
3F0000
3E0000
ENDCHAR
STARTCHAR 01B5
ENCODING 437
SWIDTH 600 0
DWIDTH 18 0
BBX 16 20 1 0
BITMAP
7FFE
7FFE
7FFE
003E
007C
0078
00F8
01F0
FFFE
FFFE
FFFE
0F80
1F00
1E00
3E00
7C00
7800
FFFF
FFFF
FFFF
ENDCHAR
STARTCHAR 01B6
ENCODING 438
SWIDTH 600 0
DWIDTH 18 0
BBX 14 16 2 0
BITMAP
7FF8
7FF8
7FF8
00F8
01F0
03E0
03C0
FFF8
FFF8
FFF8
3E00
7C00
7800
FFFC
FFFC
FFFC
ENDCHAR
STARTCHAR 01B7
ENCODING 439
SWIDTH 600 0
DWIDTH 18 0
BBX 17 26 0 -6
BITMAP
7FFF80
7FFF80
7FFF80
001F00
003E00
007C00
00F800
01F000
03E000
07C000
07F800
07FE00
07FF00
003F00
000F80
000780
000780
000780
000780
100780
F80F80
7C0F80
7F7F00
3FFE00
1FFC00
07F000
ENDCHAR
STARTCHAR 01B8
ENCODING 440
SWIDTH 600 0
DWIDTH 18 0
BBX 17 26 1 -6
BITMAP
FFFF00
FFFF00
FFFF00
7C0000
3E0000
1F0000
0F8000
07C000
03E000
01F000
0FF000
3FF000
7FF000
7E0000
F80000
F00000
F00000
F00000
F00000
F00400
F00F80
F81F00
7F7F00
3FFE00
1FFC00
07F000
ENDCHAR
STARTCHAR 01B9
ENCODING 441
SWIDTH 600 0
DWIDTH 18 0
BBX 14 22 2 -6
BITMAP
FFFC
FFFC
FFFC
7C00
3E00
1F00
0F80
07C0
0FC0
3FC0
7FC0
FC00
F800
F000
F000
F000
F03C
F03C
F87C
7FF8
3FF0
0FE0
ENDCHAR
STARTCHAR 01BA
ENCODING 442
SWIDTH 600 0
DWIDTH 18 0
BBX 14 22 2 -6
BITMAP
FFF8
FFF8
FFF8
01F0
03E0
07C0
0F00
0FF0
0FF8
007C
003C
007C
01F8
1FF8
7FE0
FE00
F000
F03C
F07C
FFF8
7FF0
1FC0
ENDCHAR
STARTCHAR 01BB
ENCODING 443
SWIDTH 600 0
DWIDTH 18 0
BBX 14 20 2 0
BITMAP
0FC0
3FF0
7FF8
7CFC
F83C
F03C
007C
0078
00F8
FFFC
FFFC
FFFC
1F00
3E00
7C00
7800
F800
FFFC
FFFC
FFFC
ENDCHAR
STARTCHAR 01BC
ENCODING 444
SWIDTH 600 0
DWIDTH 18 0
BBX 14 20 2 0
BITMAP
FFFC
FFFC
FFFC
3C00
3C00
3C00
3C00
3FC0
3FF0
3FF8
007C
003C
003C
003C
F03C
F03C
F8FC
7FF8
3FF0
0FC0
ENDCHAR
STARTCHAR 01BD
ENCODING 445
SWIDTH 600 0
DWIDTH 18 0
BBX 14 16 2 0
BITMAP
FFF8
FFF8
FFF8
3C00
3C00
3C00
3FE0
3FF8
3FFC
003C
003C
F03C
F83C
7FFC
3FF8
0FE0
ENDCHAR
STARTCHAR 01BE
ENCODING 446
SWIDTH 600 0
DWIDTH 18 0
BBX 16 20 0 0
BITMAP
0C00
1C00
1C00
1C00
FF80
FF80
FF80
3C00
3E00
1F00
1FF0
0FFC
07FE
007F
000F
3C0F
3C0F
1FFE
1FFE
07F8
ENDCHAR
STARTCHAR 01BF
ENCODING 447
SWIDTH 600 0
DWIDTH 18 0
BBX 15 22 2 -6
BITMAP
F3F0
FFF8
FFFC
FC7C
F83E
F01E
F01E
F01E
F03E
F03C
F03C
F07C
F078
F0F8
F3F0
F7C0
FF80
FE00
F800
F000
F000
F000
ENDCHAR
STARTCHAR 01C0
ENCODING 448
SWIDTH 600 0
DWIDTH 18 0
BBX 4 22 7 0
BITMAP
F0
F0
F0
F0
F0
F0
F0
F0
F0
F0
F0
F0
F0
F0
F0
F0
F0
F0
F0
F0
F0
F0
ENDCHAR
STARTCHAR 01C1
ENCODING 449
SWIDTH 600 0
DWIDTH 18 0
BBX 10 22 4 0
BITMAP
F3C0
F3C0
F3C0
F3C0
F3C0
F3C0
F3C0
F3C0
F3C0
F3C0
F3C0
F3C0
F3C0
F3C0
F3C0
F3C0
F3C0
F3C0
F3C0
F3C0
F3C0
F3C0
ENDCHAR
STARTCHAR 01C2
ENCODING 450
SWIDTH 600 0
DWIDTH 18 0
BBX 16 22 1 0
BITMAP
03C0
03C0
03C0
03C0
03C0
03C0
FFFF
FFFF
FFFF
03C0
03C0
03C0
03C0
FFFF
FFFF
FFFF
03C0
03C0
03C0
03C0
03C0
03C0
ENDCHAR
STARTCHAR 01C3
ENCODING 451
SWIDTH 600 0
DWIDTH 18 0
BBX 4 20 7 0
BITMAP
F0
F0
F0
F0
F0
F0
F0
F0
F0
F0
F0
F0
F0
F0
00
00
F0
F0
F0
F0
ENDCHAR
STARTCHAR 01C4
ENCODING 452
SWIDTH 600 0
DWIDTH 18 0
BBX 19 25 0 0
BITMAP
00E0E0
007BC0
003F80
001F00
000000
FC3FC0
FE3FC0
FF3FC0
FF0380
F78780
F38780
F38700
F38F00
F38F00
F38E00
F39E00
F39E00
F39C00
F3BC00
F3BC00
F7B800
FF7800
FF7FC0
FE7FC0
FC7FC0
ENDCHAR
STARTCHAR 01C5
ENCODING 453
SWIDTH 600 0
DWIDTH 18 0
BBX 19 22 0 0
BITMAP
00E0E0
007BC0
FC3F80
FE1F00
FF0000
FF0000
F7BF80
F3BF80
F3BF80
F38780
F38700
F38F00
F38F00
F38E00
F39E00
F39C00
F3BC00
F7BC00
FF3800
FF7FC0
FE7FC0
FC7FC0
ENDCHAR
STARTCHAR 01C6
ENCODING 454
SWIDTH 600 0
DWIDTH 18 0
BBX 19 22 0 0
BITMAP
03F0E0
03B9C0
039F80
038F00
038000
038000
3BBF80
3FBF80
7FBF80
778380
778780
E38700
E38F00
E38E00
E38E00
E39C00
E39C00
77B800
77B800
7FBFC0
3FBFC0
3BBFC0
ENDCHAR
STARTCHAR 01C7
ENCODING 455
SWIDTH 600 0
DWIDTH 18 0
BBX 16 20 1 0
BITMAP
F007
F007
F007
F007
F007
F007
F007
F007
F007
F007
F007
F007
F007
F007
F007
F00F
F05E
FF7E
FF7E
FF78
ENDCHAR
STARTCHAR 01C8
ENCODING 456
SWIDTH 600 0
DWIDTH 18 0
BBX 15 28 1 -6
BITMAP
000E
000E
F00E
F000
F000
F000
F07E
F07E
F07E
F00E
F00E
F00E
F00E
F00E
F00E
F00E
F00E
F00E
F00E
FF0E
FF0E
FF0E
000E
000E
009E
00FE
00FC
00F8
ENDCHAR
STARTCHAR 01C9
ENCODING 457
SWIDTH 600 0
DWIDTH 18 0
BBX 17 28 0 -6
BITMAP
7E0780
7E0780
7E0780
0E0000
0E0000
0E0000
0E3F80
0E3F80
0E3F80
0E0780
0E0780
0E0780
0E0780
0E0780
0E0780
0E0780
0E0780
0E0780
0E0780
FFC780
FFC780
FFC780
000780
000780
004F00
007F00
007E00
007C00
ENDCHAR
STARTCHAR 01CA
ENCODING 458
SWIDTH 600 0
DWIDTH 18 0
BBX 16 20 1 0
BITMAP
F307
F307
F307
F307
F307
FB07
FB07
FB07
FB07
FB07
FB07
FF07
EF07
EF07
EF07
EF0F
EF5E
EF7E
E77E
E778
ENDCHAR
STARTCHAR 01CB
ENCODING 459
SWIDTH 600 0
DWIDTH 18 0
BBX 14 28 2 -6
BITMAP
001C
001C
E71C
F700
F700
F700
F77C
F77C
F77C
FF1C
FF1C
FF1C
FF1C
FF1C
FF1C
EF1C
EF1C
EF1C
EF1C
EF1C
EF1C
E71C
001C
003C
023C
03F8
03F8
01F0
ENDCHAR
STARTCHAR 01CC
ENCODING 460
SWIDTH 600 0
DWIDTH 18 0
BBX 15 28 1 -6
BITMAP
000E
000E
000E
0000
0000
0000
EF3E
FFBE
FFBE
F3CE
F3CE
F3CE
E3CE
E3CE
E3CE
E3CE
E3CE
E3CE
E3CE
E3CE
E3CE
E3CE
000E
000E
009E
00FE
00FC
00F8
ENDCHAR
STARTCHAR 01CD
ENCODING 461
SWIDTH 600 0
DWIDTH 18 0
BBX 18 25 0 0
BITMAP
0E1C00
073800
03F000
01E000
000000
03F000
03F000
03F000
07F800
07F800
073800
0F3C00
0F3C00
0F3C00
1E1E00
1E1E00
1E1E00
3FFF00
3FFF00
3FFF00
7C0F80
780780
780780
F807C0
F003C0
ENDCHAR
STARTCHAR 01CE
ENCODING 462
SWIDTH 600 0
DWIDTH 18 0
BBX 15 22 2 0
BITMAP
3870
1CE0
0FC0
0780
0000
0000
0FC0
3FF0
7FF0
78F8
F878
0078
1FF8
7FF8
F878
F078
F078
F0F8
F1F8
FFBE
7F3E
3E1E
ENDCHAR
STARTCHAR 01CF
ENCODING 463
SWIDTH 600 0
DWIDTH 18 0
BBX 14 25 2 0
BITMAP
3870
1CE0
0FC0
0780
0000
FFFC
FFFC
FFFC
0780
0780
0780
0780
0780
0780
0780
0780
0780
0780
0780
0780
0780
0780
FFFC
FFFC
FFFC
ENDCHAR
STARTCHAR 01D0
ENCODING 464
SWIDTH 600 0
DWIDTH 18 0
BBX 15 22 2 0
BITMAP
3838
1EF0
0FE0
07C0
0000
0000
7FC0
7FC0
7FC0
03C0
03C0
03C0
03C0
03C0
03C0
03C0
03C0
03C0
03C0
FFFE
FFFE
FFFE
ENDCHAR
STARTCHAR 01D1
ENCODING 465
SWIDTH 600 0
DWIDTH 18 0
BBX 16 25 1 0
BITMAP
1C38
0E70
07E0
03C0
0000
07E0
1FF8
3FFC
7FFE
7C3E
781E
F81F
F81F
F00F
F00F
F00F
F01F
F81F
F81F
781E
7C3E
7FFE
3FFC
1FF8
07E0
ENDCHAR
STARTCHAR 01D2
ENCODING 466
SWIDTH 600 0
DWIDTH 18 0
BBX 16 22 1 0
BITMAP
1C38
0E70
07E0
03C0
0000
0000
07E0
1FF8
3FFC
7C3E
781E
781E
F81F
F81F
F81F
F81F
781E
781E
7C3E
3FFC
1FF8
07E0
ENDCHAR
STARTCHAR 01D3
ENCODING 467
SWIDTH 600 0
DWIDTH 18 0
BBX 14 25 2 0
BITMAP
3870
1CE0
0FC0
0780
0000
F03C
F03C
F03C
F03C
F03C
F03C
F03C
F03C
F03C
F03C
F03C
F03C
F03C
F03C
F07C
F87C
7DF8
7FF8
3FF0
0FC0
ENDCHAR
STARTCHAR 01D4
ENCODING 468
SWIDTH 600 0
DWIDTH 18 0
BBX 14 22 2 0
BITMAP
3870
1CE0
0FC0
0780
0000
0000
F03C
F03C
F03C
F03C
F03C
F03C
F03C
F03C
F03C
F03C
F07C
F87C
F8FC
7FBC
7F3C
3E3C
ENDCHAR
STARTCHAR 01D5
ENCODING 469
SWIDTH 600 0
DWIDTH 18 0
BBX 14 26 2 0
BITMAP
1FE0
1FE0
0000
1860
1860
0000
F03C
F03C
F03C
F03C
F03C
F03C
F03C
F03C
F03C
F03C
F03C
F03C
F03C
F03C
F07C
F87C
7DF8
7FF8
3FF0
0FC0
ENDCHAR
STARTCHAR 01D6
ENCODING 470
SWIDTH 600 0
DWIDTH 18 0
BBX 14 25 2 0
BITMAP
3FE0
3FE0
0000
0000
38F0
38F0
38F0
0000
0000
F03C
F03C
F03C
F03C
F03C
F03C
F03C
F03C
F03C
F03C
F07C
F87C
F8FC
7FBC
7F3C
3E3C
ENDCHAR
STARTCHAR 01D7
ENCODING 471
SWIDTH 600 0
DWIDTH 18 0
BBX 14 26 2 0
BITMAP
01E0
0380
0000
18E0
18E0
0000
F03C
F03C
F03C
F03C
F03C
F03C
F03C
F03C
F03C
F03C
F03C
F03C
F03C
F03C
F07C
F87C
7DF8
7FF8
3FF0
0FC0
ENDCHAR
STARTCHAR 01D8
ENCODING 472
SWIDTH 600 0
DWIDTH 18 0
BBX 14 26 2 0
BITMAP
00F0
01E0
0380
0700
0000
3CF0
3CF0
3CF0
0000
0000
F03C
F03C
F03C
F03C
F03C
F03C
F03C
F03C
F03C
F03C
F07C
F87C
F8FC
7FBC
7F3C
3E3C
ENDCHAR
STARTCHAR 01D9
ENCODING 473
SWIDTH 600 0
DWIDTH 18 0
BBX 14 26 2 0
BITMAP
1CE0
0FC0
0000
1860
1860
0000
F03C
F03C
F03C
F03C
F03C
F03C
F03C
F03C
F03C
F03C
F03C
F03C
F03C
F03C
F07C
F87C
7DF8
7FF8
3FF0
0FC0
ENDCHAR
STARTCHAR 01DA
ENCODING 474
SWIDTH 600 0
DWIDTH 18 0
BBX 14 26 2 0
BITMAP
3870
1CE0
0FC0
0780
0000
3CF0
3CF0
3CF0
0000
0000
F03C
F03C
F03C
F03C
F03C
F03C
F03C
F03C
F03C
F03C
F07C
F87C
F8FC
7FBC
7F3C
3E3C
ENDCHAR
STARTCHAR 01DB
ENCODING 475
SWIDTH 600 0
DWIDTH 18 0
BBX 14 26 2 0
BITMAP
1E00
0700
0000
1C60
1C60
0000
F03C
F03C
F03C
F03C
F03C
F03C
F03C
F03C
F03C
F03C
F03C
F03C
F03C
F03C
F07C
F87C
7DF8
7FF8
3FF0
0FC0
ENDCHAR
STARTCHAR 01DC
ENCODING 476
SWIDTH 600 0
DWIDTH 18 0
BBX 14 26 2 0
BITMAP
3C00
1E00
0700
0380
0000
3CF0
3CF0
3CF0
0000
0000
F03C
F03C
F03C
F03C
F03C
F03C
F03C
F03C
F03C
F03C
F07C
F87C
F8FC
7FBC
7F3C
3E3C
ENDCHAR
STARTCHAR 01DD
ENCODING 477
SWIDTH 600 0
DWIDTH 18 0
BBX 16 16 1 0
BITMAP
07E0
1FF8
3FFC
783E
781E
001E
001E
FFFF
7FFF
7FFE
781E
781E
3C3E
3FFC
1FF8
07E0
ENDCHAR
STARTCHAR 01DE
ENCODING 478
SWIDTH 600 0
DWIDTH 18 0
BBX 18 26 0 0
BITMAP
07F800
07F800
000000
061800
061800
000000
03F000
03F000
03F000
07F800
07F800
073800
0F3C00
0F3C00
0F3C00
1E1E00
1E1E00
1E1E00
3FFF00
3FFF00
3FFF00
7C0F80
780780
780780
F807C0
F003C0
ENDCHAR
STARTCHAR 01DF
ENCODING 479
SWIDTH 600 0
DWIDTH 18 0
BBX 15 25 2 0
BITMAP
3FE0
3FE0
0000
0000
38F0
38F0
38F0
0000
0000
0FC0
3FF0
7FF0
78F8
F878
0078
1FF8
7FF8
F878
F078
F078
F0F8
F1F8
FFBE
7F3E
3E1E
ENDCHAR
STARTCHAR 01E0
ENCODING 480
SWIDTH 600 0
DWIDTH 18 0
BBX 18 26 0 0
BITMAP
07F800
07F800
000000
00C000
00C000
000000
03F000
03F000
03F000
07F800
07F800
073800
0F3C00
0F3C00
0F3C00
1E1E00
1E1E00
1E1E00
3FFF00
3FFF00
3FFF00
7C0F80
780780
780780
F807C0
F003C0
ENDCHAR
STARTCHAR 01E1
ENCODING 481
SWIDTH 600 0
DWIDTH 18 0
BBX 15 25 2 0
BITMAP
3FE0
3FE0
0000
0000
0780
0780
0780
0000
0000
0FC0
3FF0
7FF0
78F8
F878
0078
1FF8
7FF8
F878
F078
F078
F0F8
F1F8
FFBE
7F3E
3E1E
ENDCHAR
STARTCHAR 01E2
ENCODING 482
SWIDTH 600 0
DWIDTH 18 0
BBX 18 24 0 0
BITMAP
01FF00
01FF00
000000
000000
07FF80
07FF80
07FF80
0F7800
0F7800
0F7800
0E7800
1E7800
1E7F80
1C7F80
1C7F80
3FF800
3FF800
3FF800
787800
787800
787800
707FC0
F07FC0
F07FC0
ENDCHAR
STARTCHAR 01E3
ENCODING 483
SWIDTH 600 0
DWIDTH 18 0
BBX 18 20 0 0
BITMAP
07FC00
07FC00
000000
000000
1F1E00
3FBF00
3FFF80
71E380
71E380
01C1C0
1FFFC0
7FFFC0
79FFC0
F1C000
E1C000
E1E180
F3E380
7F7F80
7E7F00
3C3E00
ENDCHAR
STARTCHAR 01E4
ENCODING 484
SWIDTH 600 0
DWIDTH 18 0
BBX 17 20 1 0
BITMAP
07E000
1FF800
3FFC00
7F7C00
7C3E00
781C00
F80000
F80000
F80000
F8FF00
F8FF00
F8FF00
F80F00
78FF80
78FF80
7C1F00
3F7F00
3FFE00
1FF800
07E000
ENDCHAR
STARTCHAR 01E5
ENCODING 485
SWIDTH 600 0
DWIDTH 18 0
BBX 16 22 1 -6
BITMAP
0F9E
1FDE
3FFE
3C3E
7C1E
781E
781E
781E
781E
781E
7C1E
7C3E
3FFE
1FFE
0F9E
001E
FFFF
001E
7C3E
3FFC
1FF8
0FE0
ENDCHAR
STARTCHAR 01E6
ENCODING 486
SWIDTH 600 0
DWIDTH 18 0
BBX 16 25 1 0
BITMAP
1C38
0E70
07E0
03C0
0000
07E0
1FF8
3FFC
7F7C
7C3E
781C
F800
F800
F800
F8FF
F8FF
F8FF
F80F
780F
780F
7C0F
3F7F
3FFE
1FFC
07E0
ENDCHAR
STARTCHAR 01E7
ENCODING 487
SWIDTH 600 0
DWIDTH 18 0
BBX 14 28 2 -6
BITMAP
3870
1CE0
0FC0
0780
0000
0000
1F3C
3FBC
7FFC
787C
F87C
F03C
F03C
F03C
F03C
F03C
F03C
F87C
F87C
7FFC
3FBC
1F3C
003C
003C
F87C
7FF8
3FF0
0FC0
ENDCHAR
STARTCHAR 01E8
ENCODING 488
SWIDTH 600 0
DWIDTH 18 0
BBX 16 25 2 0
BITMAP
3870
1CE0
0FC0
0780
0000
F03E
F03E
F07C
F0F8
F1F0
F1E0
F3E0
F7C0
F780
FFC0
FFC0
FFE0
FDE0
F9F0
F0F8
F0F8
F07C
F07C
F03E
F01F
ENDCHAR
STARTCHAR 01E9
ENCODING 489
SWIDTH 600 0
DWIDTH 18 0
BBX 14 25 3 0
BITMAP
7070
3DE0
1FC0
0F80
0000
F000
F000
F000
F000
F078
F0F0
F1F0
F3E0
F7C0
F780
FF00
FF80
FFC0
F3C0
F3E0
F1E0
F0F0
F0F8
F078
F07C
ENDCHAR
STARTCHAR 01EA
ENCODING 490
SWIDTH 600 0
DWIDTH 18 0
BBX 16 26 1 -6
BITMAP
07E0
1FF8
3FFC
7FFE
7C3E
781E
F81F
F81F
F00F
F00F
F00F
F01F
F81F
F81F
781E
7C3E
7FFE
3FFC
1FF8
07E0
00C0
01C0
0180
01C0
01F0
00F0
ENDCHAR
STARTCHAR 01EB
ENCODING 491
SWIDTH 600 0
DWIDTH 18 0
BBX 16 22 1 -6
BITMAP
07E0
1FF8
3FFC
7C3E
781E
781E
F81F
F81F
F81F
F81F
781E
781E
7C3E
3FFC
1FF8
07E0
00C0
01C0
0180
01C0
01F0
00F0
ENDCHAR
STARTCHAR 01EC
ENCODING 492
SWIDTH 600 0
DWIDTH 18 0
BBX 16 30 1 -6
BITMAP
0FF8
0FF8
0000
0000
07E0
1FF8
3FFC
7FFE
7C3E
781E
F81F
F81F
F00F
F00F
F00F
F01F
F81F
F81F
781E
7C3E
7FFE
3FFC
1FF8
07E0
00C0
01C0
0180
01C0
01F0
00F0
ENDCHAR
STARTCHAR 01ED
ENCODING 493
SWIDTH 600 0
DWIDTH 18 0
BBX 16 26 1 -6
BITMAP
0FF8
0FF8
0000
0000
07E0
1FF8
3FFC
7C3E
781E
781E
F81F
F81F
F81F
F81F
781E
781E
7C3E
3FFC
1FF8
07E0
00C0
01C0
0180
01C0
01F0
00F0
ENDCHAR
STARTCHAR 01EE
ENCODING 494
SWIDTH 600 0
DWIDTH 18 0
BBX 17 31 0 -6
BITMAP
0E1C00
073800
03F000
01E000
000000
7FFF80
7FFF80
7FFF80
001F00
003E00
007C00
00F800
01F000
03E000
07C000
07F800
07FE00
07FF00
003F00
000F80
000780
000780
000780
000780
100780
F80F80
7C0F80
7F7F00
3FFE00
1FFC00
07F000
ENDCHAR
STARTCHAR 01EF
ENCODING 495
SWIDTH 600 0
DWIDTH 18 0
BBX 15 28 1 -6
BITMAP
1C38
0E70
07E0
03C0
0000
0000
7FFE
7FFE
7FFE
007C
00F8
01F0
03E0
07C0
07C0
07F8
07FC
007E
003E
001E
001E
001E
F81E
781E
7C3E
3FFC
1FF8
0FE0
ENDCHAR
STARTCHAR 01F0
ENCODING 496
SWIDTH 600 0
DWIDTH 18 0
BBX 13 28 3 -6
BITMAP
3838
1EF0
0FE0
07C0
0000
0000
7FE0
7FE0
7FE0
03E0
03E0
03E0
03E0
03E0
03E0
03E0
03E0
03E0
03E0
03E0
03E0
03E0
03E0
03C0
87C0
FFC0
FF80
FE00
ENDCHAR
STARTCHAR 01F1
ENCODING 497
SWIDTH 600 0
DWIDTH 18 0
BBX 18 20 0 0
BITMAP
FC3FC0
FE3FC0
FF3FC0
FF0380
F78780
F38780
F38700
F38F00
F38F00
F38E00
F39E00
F39E00
F39C00
F3BC00
F3BC00
F7B800
FF7800
FF7FC0
FE7FC0
FC7FC0
ENDCHAR
STARTCHAR 01F2
ENCODING 498
SWIDTH 600 0
DWIDTH 18 0
BBX 18 20 0 0
BITMAP
FC0000
FE0000
FF0000
FF0000
F7BF80
F3BF80
F3BF80
F38780
F38700
F38F00
F38F00
F38E00
F39E00
F39C00
F3BC00
F7BC00
FF3800
FF7FC0
FE7FC0
FC7FC0
ENDCHAR
STARTCHAR 01F3
ENCODING 499
SWIDTH 600 0
DWIDTH 18 0
BBX 18 22 0 0
BITMAP
038000
038000
038000
038000
038000
038000
3BBF80
3FBF80
7FBF80
778380
778780
E38700
E38F00
E38E00
E38E00
E39C00
E39C00
77B800
77B800
7FBFC0
3FBFC0
3BBFC0
ENDCHAR
STARTCHAR 01F4
ENCODING 500
SWIDTH 600 0
DWIDTH 18 0
BBX 16 25 1 0
BITMAP
007C
00F0
01E0
03C0
0000
07E0
1FF8
3FFC
7F7C
7C3E
781C
F800
F800
F800
F8FF
F8FF
F8FF
F80F
780F
780F
7C0F
3F7F
3FFE
1FFC
07E0
ENDCHAR
STARTCHAR 01F5
ENCODING 501
SWIDTH 600 0
DWIDTH 18 0
BBX 14 28 2 -6
BITMAP
00F8
01E0
03C0
0700
0000
0000
1F3C
3FBC
7FFC
787C
F87C
F03C
F03C
F03C
F03C
F03C
F03C
F87C
F87C
7FFC
3FBC
1F3C
003C
003C
F87C
7FF8
3FF0
0FC0
ENDCHAR
STARTCHAR 01F6
ENCODING 502
SWIDTH 600 0
DWIDTH 18 0
BBX 16 20 1 0
BITMAP
F1C0
F1C0
F1C0
F1C0
F1CF
F1CF
F1CF
F1CF
FFCF
FFCF
FFCF
FFCF
F1CF
F1CF
F1CF
F1CF
F1EF
F1FE
F0FE
F07C
ENDCHAR
STARTCHAR 01F7
ENCODING 503
SWIDTH 600 0
DWIDTH 18 0
BBX 15 26 2 -6
BITMAP
F3E0
F7F8
FFF8
FEFC
F83C
F83E
F03E
F03E
F03E
F03E
F03E
F03C
F03C
F07C
F07C
F0F8
F1F0
F7F0
FFE0
FF80
FF00
FC00
F000
F000
F000
F000
ENDCHAR
STARTCHAR 01F8
ENCODING 504
SWIDTH 600 0
DWIDTH 18 0
BBX 14 25 2 0
BITMAP
3C00
1E00
0700
0380
0000
F83C
F83C
FC3C
FC3C
FE3C
EE3C
EE3C
FF3C
F73C
F73C
F7BC
F3BC
F3FC
F1FC
F1DC
F1FC
F0FC
F0FC
F0FC
F07C
ENDCHAR
STARTCHAR 01F9
ENCODING 505
SWIDTH 600 0
DWIDTH 18 0
BBX 14 22 2 0
BITMAP
3C00
1E00
0700
0380
0000
0000
F1F0
F7F8
F7FC
FC7C
F83C
F83C
F03C
F03C
F03C
F03C
F03C
F03C
F03C
F03C
F03C
F03C
ENDCHAR
STARTCHAR 01FA
ENCODING 506
SWIDTH 600 0
DWIDTH 18 0
BBX 18 25 0 0
BITMAP
003E00
007800
00F000
01C000
01E000
03F000
073000
073800
03F000
03F000
03F000
07F800
073800
0F3C00
0F3C00
0E1C00
1E1E00
1E1E00
3FFF00
3FFF00
3FFF00
7C0F80
780780
780780
F803C0
ENDCHAR
STARTCHAR 01FB
ENCODING 507
SWIDTH 600 0
DWIDTH 18 0
BBX 15 24 2 0
BITMAP
00F8
01E0
03C0
0700
0780
0FC0
18C0
1CC0
0FC0
3FF0
7FF0
78F8
F878
0078
1FF8
7FF8
F878
F078
F078
F0F8
F1F8
FFBE
7F3E
3E1E
ENDCHAR
STARTCHAR 01FC
ENCODING 508
SWIDTH 600 0
DWIDTH 18 0
BBX 18 25 0 0
BITMAP
000F00
001E00
003C00
007000
000000
07FF80
07FF80
07FF80
0F7800
0F7800
0F7800
0E7800
1E7800
1E7F80
1C7F80
1C7F80
3FF800
3FF800
3FF800
787800
787800
787800
707FC0
F07FC0
F07FC0
ENDCHAR
STARTCHAR 01FD
ENCODING 509
SWIDTH 600 0
DWIDTH 18 0
BBX 18 22 0 0
BITMAP
003C00
007800
00F000
01C000
000000
000000
1F1E00
3FBF00
3FFF80
71E380
71E380
01C1C0
1FFFC0
7FFFC0
79FFC0
F1C000
E1C000
E1E180
F3E380
7F7F80
7E7F00
3C3E00
ENDCHAR
STARTCHAR 01FE
ENCODING 510
SWIDTH 600 0
DWIDTH 18 0
BBX 16 25 1 0
BITMAP
0078
00F0
01E0
0380
0000
07E2
1FFF
3FFE
7FFE
7C3E
783E
F87F
F87F
F0CF
F1CF
F38F
F31F
FE1F
FE1F
7C1E
7C3E
7FFE
7FFC
FFF8
C7E0
ENDCHAR
STARTCHAR 01FF
ENCODING 511
SWIDTH 600 0
DWIDTH 18 0
BBX 16 22 1 0
BITMAP
0078
00F0
01E0
0380
0000
0000
07E2
1FFE
3FFC
7C3E
783E
787E
F8FF
F9DF
FB9F
FF1F
7E1E
7C1E
7C3E
3FFC
7FF8
47E0
ENDCHAR
STARTCHAR 0200
ENCODING 512
SWIDTH 600 0
DWIDTH 18 0
BBX 18 25 0 0
BITMAP
79E000
3CF000
0E3800
071C00
000000
03F000
03F000
03F000
07F800
07F800
073800
0F3C00
0F3C00
0F3C00
1E1E00
1E1E00
1E1E00
3FFF00
3FFF00
3FFF00
7C0F80
780780
780780
F807C0
F003C0
ENDCHAR
STARTCHAR 0201
ENCODING 513
SWIDTH 600 0
DWIDTH 18 0
BBX 16 22 1 0
BITMAP
F3C0
79E0
3CE0
0C30
0000
0000
07E0
1FF8
3FF8
3C7C
7C3C
003C
0FFC
3FFC
7C3C
783C
783C
787C
78FC
7FDF
3F9F
1F0F
ENDCHAR
STARTCHAR 0202
ENCODING 514
SWIDTH 600 0
DWIDTH 18 0
BBX 18 25 0 0
BITMAP
03F000
07F800
0F3C00
0E1C00
000000
03F000
03F000
03F000
07F800
07F800
073800
0F3C00
0F3C00
0F3C00
1E1E00
1E1E00
1E1E00
3FFF00
3FFF00
3FFF00
7C0F80
780780
780780
F807C0
F003C0
ENDCHAR
STARTCHAR 0203
ENCODING 515
SWIDTH 600 0
DWIDTH 18 0
BBX 15 22 2 0
BITMAP
0F80
1FE0
38E0
3070
0000
0000
0FC0
3FF0
7FF0
78F8
F878
0078
1FF8
7FF8
F878
F078
F078
F0F8
F1F8
FFBE
7F3E
3E1E
ENDCHAR
STARTCHAR 0204
ENCODING 516
SWIDTH 600 0
DWIDTH 18 0
BBX 15 25 2 0
BITMAP
F380
71C0
38E0
0C30
0000
FFFC
FFFC
FFFC
F000
F000
F000
F000
F000
FFF8
FFF8
FFF8
F000
F000
F000
F000
F000
F000
FFFE
FFFE
FFFE
ENDCHAR
STARTCHAR 0205
ENCODING 517
SWIDTH 600 0
DWIDTH 18 0
BBX 16 22 1 0
BITMAP
F3C0
79E0
1C70
0E38
0000
0000
07E0
1FF8
3FFC
7C3C
781E
781E
7FFE
FFFF
FFFF
7800
7800
781E
7C1E
3FFC
1FF8
07E0
ENDCHAR
STARTCHAR 0206
ENCODING 518
SWIDTH 600 0
DWIDTH 18 0
BBX 15 25 2 0
BITMAP
07C0
1FE0
1C70
3830
0000
FFFC
FFFC
FFFC
F000
F000
F000
F000
F000
FFF8
FFF8
FFF8
F000
F000
F000
F000
F000
F000
FFFE
FFFE
FFFE
ENDCHAR
STARTCHAR 0207
ENCODING 519
SWIDTH 600 0
DWIDTH 18 0
BBX 16 22 1 0
BITMAP
03E0
0FF0
1E78
1C18
0000
0000
07E0
1FF8
3FFC
7C3C
781E
781E
7FFE
FFFF
FFFF
7800
7800
781E
7C1E
3FFC
1FF8
07E0
ENDCHAR
STARTCHAR 0208
ENCODING 520
SWIDTH 600 0
DWIDTH 18 0
BBX 15 25 1 0
BITMAP
F3C0
79E0
1C70
0E38
0000
7FFE
7FFE
7FFE
03C0
03C0
03C0
03C0
03C0
03C0
03C0
03C0
03C0
03C0
03C0
03C0
03C0
03C0
7FFE
7FFE
7FFE
ENDCHAR
STARTCHAR 0209
ENCODING 521
SWIDTH 600 0
DWIDTH 18 0
BBX 16 22 1 0
BITMAP
F3C0
79E0
1C70
0E38
0000
0000
3FE0
3FE0
3FE0
01E0
01E0
01E0
01E0
01E0
01E0
01E0
01E0
01E0
01E0
7FFF
7FFF
7FFF
ENDCHAR
STARTCHAR 020A
ENCODING 522
SWIDTH 600 0
DWIDTH 18 0
BBX 14 25 2 0
BITMAP
0FC0
1FE0
3CF0
3870
0000
FFFC
FFFC
FFFC
0780
0780
0780
0780
0780
0780
0780
0780
0780
0780
0780
0780
0780
0780
FFFC
FFFC
FFFC
ENDCHAR
STARTCHAR 020B
ENCODING 523
SWIDTH 600 0
DWIDTH 18 0
BBX 15 22 2 0
BITMAP
07C0
1FE0
1C70
3830
0000
0000
7FC0
7FC0
7FC0
03C0
03C0
03C0
03C0
03C0
03C0
03C0
03C0
03C0
03C0
FFFE
FFFE
FFFE
ENDCHAR
STARTCHAR 020C
ENCODING 524
SWIDTH 600 0
DWIDTH 18 0
BBX 16 25 1 0
BITMAP
F3C0
79E0
1C70
0E38
0000
07E0
1FF8
3FFC
7FFE
7C3E
781E
F81F
F81F
F00F
F00F
F00F
F01F
F81F
F81F
781E
7C3E
7FFE
3FFC
1FF8
07E0
ENDCHAR
STARTCHAR 020D
ENCODING 525
SWIDTH 600 0
DWIDTH 18 0
BBX 16 22 1 0
BITMAP
F3C0
79E0
3CE0
0C30
0000
0000
07E0
1FF8
3FFC
7C3E
781E
781E
F81F
F81F
F81F
F81F
781E
781E
7C3E
3FFC
1FF8
07E0
ENDCHAR
STARTCHAR 020E
ENCODING 526
SWIDTH 600 0
DWIDTH 18 0
BBX 16 25 1 0
BITMAP
07E0
0FF0
1E78
1C38
0000
07E0
1FF8
3FFC
7FFE
7C3E
781E
F81F
F81F
F00F
F00F
F00F
F01F
F81F
F81F
781E
7C3E
7FFE
3FFC
1FF8
07E0
ENDCHAR
STARTCHAR 020F
ENCODING 527
SWIDTH 600 0
DWIDTH 18 0
BBX 16 22 1 0
BITMAP
07E0
0FF0
1E78
1C38
0000
0000
07E0
1FF8
3FFC
7C3E
781E
781E
F81F
F81F
F81F
F81F
781E
781E
7C3E
3FFC
1FF8
07E0
ENDCHAR
STARTCHAR 0210
ENCODING 528
SWIDTH 600 0
DWIDTH 18 0
BBX 17 25 1 0
BITMAP
F3C000
79E000
1C7000
0E3800
000000
7FF000
7FFC00
7FFE00
787F00
781F00
780F00
780F00
781F00
783E00
7FFE00
7FFC00
7FF000
78F800
78F800
787C00
783C00
783E00
781E00
781F00
780F80
ENDCHAR
STARTCHAR 0211
ENCODING 529
SWIDTH 600 0
DWIDTH 18 0
BBX 15 22 1 0
BITMAP
F3C0
79E0
3CE0
0C30
0000
0000
3C7E
3CFE
3DFE
3FEE
1F80
1F00
1E00
1E00
1E00
1E00
1E00
1E00
1E00
1E00
1E00
1E00
ENDCHAR
STARTCHAR 0212
ENCODING 530
SWIDTH 600 0
DWIDTH 18 0
BBX 16 25 2 0
BITMAP
0FC0
1FE0
3CF0
3870
0000
FFE0
FFF8
FFFC
F0FE
F03E
F01E
F01E
F03E
F07C
FFFC
FFF8
FFE0
F1F0
F1F0
F0F8
F078
F07C
F03C
F03E
F01F
ENDCHAR
STARTCHAR 0213
ENCODING 531
SWIDTH 600 0
DWIDTH 18 0
BBX 13 22 3 0
BITMAP
0F80
1FC0
38E0
3060
0000
0000
F1F8
F3F8
F7F8
7FB8
7E00
7C00
7800
7800
7800
7800
7800
7800
7800
7800
7800
7800
ENDCHAR
STARTCHAR 0214
ENCODING 532
SWIDTH 600 0
DWIDTH 18 0
BBX 15 25 1 0
BITMAP
F3C0
38E0
1C70
0E38
0000
781E
781E
781E
781E
781E
781E
781E
781E
781E
781E
781E
781E
781E
781E
783E
7C3E
3EFC
3FFC
1FF8
07E0
ENDCHAR
STARTCHAR 0215
ENCODING 533
SWIDTH 600 0
DWIDTH 18 0
BBX 15 22 1 0
BITMAP
F3C0
79E0
3CF0
0E38
0000
0000
781E
781E
781E
781E
781E
781E
781E
781E
781E
781E
783E
7C3E
7C7E
3FDE
3F9E
1F1E
ENDCHAR
STARTCHAR 0216
ENCODING 534
SWIDTH 600 0
DWIDTH 18 0
BBX 14 25 2 0
BITMAP
0FC0
1FE0
3CF0
3870
0000
F03C
F03C
F03C
F03C
F03C
F03C
F03C
F03C
F03C
F03C
F03C
F03C
F03C
F03C
F07C
F87C
7DF8
7FF8
3FF0
0FC0
ENDCHAR
STARTCHAR 0217
ENCODING 535
SWIDTH 600 0
DWIDTH 18 0
BBX 14 22 2 0
BITMAP
0F80
1FE0
3CE0
3070
0000
0000
F03C
F03C
F03C
F03C
F03C
F03C
F03C
F03C
F03C
F03C
F07C
F87C
F8FC
7FBC
7F3C
3E3C
ENDCHAR
STARTCHAR 0218
ENCODING 536
SWIDTH 600 0
DWIDTH 18 0
BBX 16 27 1 -7
BITMAP
07E0
1FF8
7FFC
7C3E
781E
781F
7800
7E00
3FE0
1FF8
0FFE
00FE
001F
000F
F00F
F80F
FC3F
7FFE
3FFC
0FF0
0000
03C0
03C0
03C0
00C0
0080
0180
ENDCHAR
STARTCHAR 0219
ENCODING 537
SWIDTH 600 0
DWIDTH 18 0
BBX 14 23 2 -7
BITMAP
0FC0
3FF0
7FF8
707C
F03C
F800
7F80
3FF0
1FF8
01FC
003C
F03C
F03C
7FFC
7FF8
1FE0
0000
0780
0780
0780
0180
0180
0300
ENDCHAR
STARTCHAR 021A
ENCODING 538
SWIDTH 600 0
DWIDTH 18 0
BBX 16 27 1 -7
BITMAP
FFFF
FFFF
FFFF
03C0
03C0
03C0
03C0
03C0
03C0
03C0
03C0
03C0
03C0
03C0
03C0
03C0
03C0
03C0
03C0
03C0
0000
03C0
03C0
03C0
00C0
0180
0180
ENDCHAR
STARTCHAR 021B
ENCODING 539
SWIDTH 600 0
DWIDTH 18 0
BBX 13 27 2 -7
BITMAP
0E00
0E00
1E00
1E00
FFF8
FFF8
FFF8
1E00
1E00
1E00
1E00
1E00
1E00
1E00
1E00
1E00
1E00
1FF8
0FF8
07F8
0000
0380
0380
0380
0180
0180
0300
ENDCHAR
STARTCHAR 021C
ENCODING 540
SWIDTH 600 0
DWIDTH 18 0
BBX 16 26 1 -6
BITMAP
0FE0
3FF8
7FFC
FCFE
701E
001F
001F
001E
001E
003C
00FC
07FE
3FFE
7F9E
7C1F
601F
001F
001E
003E
007E
00FC
07F8
7FE0
7FC0
7E00
6000
ENDCHAR
STARTCHAR 021D
ENCODING 541
SWIDTH 600 0
DWIDTH 18 0
BBX 13 22 3 -6
BITMAP
1FC0
7FE0
FFF0
F0F8
E078
0078
0078
00F8
03F0
3FE0
FFF0
FEF8
C078
0078
0078
00F8
01F0
03F0
3FE0
FF80
FE00
E000
ENDCHAR
STARTCHAR 021E
ENCODING 542
SWIDTH 600 0
DWIDTH 18 0
BBX 14 25 2 0
BITMAP
3870
1CE0
0FC0
0780
0000
F03C
F03C
F03C
F03C
F03C
F03C
F03C
F03C
FFFC
FFFC
FFFC
FFFC
F03C
F03C
F03C
F03C
F03C
F03C
F03C
F03C
ENDCHAR
STARTCHAR 021F
ENCODING 543
SWIDTH 600 0
DWIDTH 18 0
BBX 14 25 2 0
BITMAP
3838
1EF0
0FE0
07C0
0000
F000
F000
F000
F000
F1F0
F7F8
FFFC
FC7C
F83C
F83C
F03C
F03C
F03C
F03C
F03C
F03C
F03C
F03C
F03C
F03C
ENDCHAR
STARTCHAR 0220
ENCODING 544
SWIDTH 600 0
DWIDTH 18 0
BBX 14 26 2 -6
BITMAP
F3E0
FFF0
FFF8
FEF8
F87C
F07C
F03C
F03C
F03C
F03C
F03C
F03C
F03C
F03C
F03C
F03C
F03C
F03C
F03C
F03C
003C
003C
003C
003C
003C
003C
ENDCHAR
STARTCHAR 0221
ENCODING 545
SWIDTH 600 0
DWIDTH 18 0
BBX 17 28 1 -6
BITMAP
01C000
01C000
01C000
01C000
01C000
01C000
3DC000
7FC000
7FC000
F3C000
E1C000
E1C000
E1C000
E1C000
E1C000
E1C000
E1C000
E1C000
F3C000
FFDE00
7FFF00
3DFF00
01E780
01E380
03F780
037F00
073F00
011E00
ENDCHAR
STARTCHAR 0222
ENCODING 546
SWIDTH 600 0
DWIDTH 18 0
BBX 16 21 1 0
BITMAP
0070
0E7C
3E7E
7E1E
781E
F81F
F81E
781E
7C3E
3FFC
0FF0
3FFC
781E
F00F
F00F
F00F
F01F
F81F
7FFE
3FFC
0FF0
ENDCHAR
STARTCHAR 0223
ENCODING 547
SWIDTH 600 0
DWIDTH 18 0
BBX 16 20 1 0
BITMAP
0810
3C3C
7C3E
781E
F81F
F81F
781E
7C3E
3FFC
1FF8
7FFE
F81E
F00F
F00F
F00F
F00F
F81F
7FFE
3FFC
0FF0
ENDCHAR
STARTCHAR 0224
ENCODING 548
SWIDTH 600 0
DWIDTH 18 0
BBX 16 24 1 -4
BITMAP
7FFE
7FFE
7FFE
003E
007C
0078
00F8
01F0
03E0
03C0
07C0
0F80
1F00
1E00
3E00
7C00
7800
FFFE
FFFF
FFFF
000F
0007
0007
000F
ENDCHAR
STARTCHAR 0225
ENCODING 549
SWIDTH 600 0
DWIDTH 18 0
BBX 15 20 2 -4
BITMAP
7FF8
7FF8
7FF8
00F8
01F0
03E0
07C0
0780
0F00
1F00
3E00
7C00
F800
FFF8
FFFC
FFFE
001E
000E
001E
001C
ENDCHAR
STARTCHAR 0226
ENCODING 550
SWIDTH 600 0
DWIDTH 18 0
BBX 18 25 0 0
BITMAP
01E000
01E000
01E000
000000
000000
03F000
03F000
03F000
07F800
07F800
073800
0F3C00
0F3C00
0F3C00
1E1E00
1E1E00
1E1E00
3FFF00
3FFF00
3FFF00
7C0F80
780780
780780
F807C0
F003C0
ENDCHAR
STARTCHAR 0227
ENCODING 551
SWIDTH 600 0
DWIDTH 18 0
BBX 15 22 2 0
BITMAP
0780
0780
0780
0000
0000
0000
0FC0
3FF0
7FF0
78F8
F878
0078
1FF8
7FF8
F878
F078
F078
F0F8
F1F8
FFBE
7F3E
3E1E
ENDCHAR
STARTCHAR 0228
ENCODING 552
SWIDTH 600 0
DWIDTH 18 0
BBX 15 27 2 -7
BITMAP
FFFC
FFFC
FFFC
F000
F000
F000
F000
F000
FFF8
FFF8
FFF8
F000
F000
F000
F000
F000
F000
FFFE
FFFE
FFFE
0180
0180
01E0
0070
0070
03E0
03C0
ENDCHAR
STARTCHAR 0229
ENCODING 553
SWIDTH 600 0
DWIDTH 18 0
BBX 16 23 1 -7
BITMAP
07E0
1FF8
3FFC
7C3C
781E
781E
7FFE
FFFF
FFFF
7800
7800
781E
7C1E
3FFC
1FF8
07E0
0180
0300
03E0
00E0
00E0
07E0
0780
ENDCHAR
STARTCHAR 022A
ENCODING 554
SWIDTH 600 0
DWIDTH 18 0
BBX 16 26 1 0
BITMAP
0FF0
0FF0
0000
0C30
0C30
0000
07E0
1FF8
3FFC
7FFE
7C3E
781E
F81F
F81F
F00F
F00F
F00F
F01F
F81F
F81F
781E
7C3E
7FFE
3FFC
1FF8
07E0
ENDCHAR
STARTCHAR 022B
ENCODING 555
SWIDTH 600 0
DWIDTH 18 0
BBX 16 25 1 0
BITMAP
0FF0
0FF0
0000
0000
1E78
1E78
1E78
0000
0000
07E0
1FF8
3FFC
7C3E
781E
781E
F81F
F81F
F81F
F81F
781E
781E
7C3E
3FFC
1FF8
07E0
ENDCHAR
STARTCHAR 022C
ENCODING 556
SWIDTH 600 0
DWIDTH 18 0
BBX 16 26 1 0
BITMAP
0FF0
0FF0
0F18
0FF0
18F0
0000
07E0
1FF8
3FFC
7FFE
7C3E
781E
F81F
F81F
F00F
F00F
F00F
F01F
F81F
F81F
781E
7C3E
7FFE
3FFC
1FF8
07E0
ENDCHAR
STARTCHAR 022D
ENCODING 557
SWIDTH 600 0
DWIDTH 18 0
BBX 16 25 1 0
BITMAP
0FF0
0FF0
0000
0E18
1F98
19F8
1870
0000
0000
07E0
1FF8
3FFC
7C3E
781E
781E
F81F
F81F
F81F
F81F
781E
781E
7C3E
3FFC
1FF8
07E0
ENDCHAR
STARTCHAR 022E
ENCODING 558
SWIDTH 600 0
DWIDTH 18 0
BBX 16 25 1 0
BITMAP
03C0
03C0
03C0
0000
0000
07E0
1FF8
3FFC
7FFE
7C3E
781E
F81F
F81F
F00F
F00F
F00F
F01F
F81F
F81F
781E
7C3E
7FFE
3FFC
1FF8
07E0
ENDCHAR
STARTCHAR 022F
ENCODING 559
SWIDTH 600 0
DWIDTH 18 0
BBX 16 22 1 0
BITMAP
03C0
03C0
03C0
0000
0000
0000
07E0
1FF8
3FFC
7C3E
781E
781E
F81F
F81F
F81F
F81F
781E
781E
7C3E
3FFC
1FF8
07E0
ENDCHAR
STARTCHAR 0230
ENCODING 560
SWIDTH 600 0
DWIDTH 18 0
BBX 16 26 1 0
BITMAP
0FF0
0FF0
0000
0180
0180
0000
07E0
1FF8
3FFC
7FFE
7C3E
781E
F81F
F81F
F00F
F00F
F00F
F01F
F81F
F81F
781E
7C3E
7FFE
3FFC
1FF8
07E0
ENDCHAR
STARTCHAR 0231
ENCODING 561
SWIDTH 600 0
DWIDTH 18 0
BBX 16 25 1 0
BITMAP
0FF0
0FF0
0000
0000
03C0
03C0
03C0
0000
0000
07E0
1FF8
3FFC
7C3E
781E
781E
F81F
F81F
F81F
F81F
781E
781E
7C3E
3FFC
1FF8
07E0
ENDCHAR
STARTCHAR 0232
ENCODING 562
SWIDTH 600 0
DWIDTH 18 0
BBX 18 24 0 0
BITMAP
07F800
07F800
000000
000000
F807C0
780780
7C0F80
3C0F00
1E1E00
1E1E00
0F3C00
0F3C00
07F800
07F800
03F000
01E000
01E000
01E000
01E000
01E000
01E000
01E000
01E000
01E000
ENDCHAR
STARTCHAR 0233
ENCODING 563
SWIDTH 600 0
DWIDTH 18 0
BBX 16 26 1 -6
BITMAP
0FF8
0FF8
0000
0000
F00F
F00F
781F
781E
781E
3C3C
3C3C
1E3C
1E78
1E78
0F70
0FF0
07F0
07E0
03E0
03C0
03C0
07C0
0780
7F80
7F00
7E00
ENDCHAR
STARTCHAR 0234
ENCODING 564
SWIDTH 600 0
DWIDTH 18 0
BBX 15 28 2 -6
BITMAP
3C00
3C00
3C00
3C00
3C00
3C00
3C00
3C00
3C00
3C00
3C00
3C00
3C00
3C00
3C00
3C00
3C00
3C00
3C00
3DF0
3FFC
3FFC
3E1E
7C1E
FE1E
FFFC
EFFC
43F0
ENDCHAR
STARTCHAR 0235
ENCODING 565
SWIDTH 600 0
DWIDTH 18 0
BBX 17 22 1 -6
BITMAP
F78000
FFC000
FFC000
F9E000
F1E000
F1E000
F1E000
F1E000
F1E000
F1E000
F1E000
F1E000
F1E000
F1FE00
F1FF00
F0FF80
00F380
01E380
01F380
03FF80
03FF00
011E00
ENDCHAR
STARTCHAR 0236
ENCODING 566
SWIDTH 600 0
DWIDTH 18 0
BBX 15 20 2 0
BITMAP
0E00
1E00
1E00
1E00
FFF0
FFF0
FFF0
3E00
3E00
3E00
3E00
3EF8
3FFC
3FFE
1F1E
3E0E
7F1E
FFFE
77FC
21F8
ENDCHAR
STARTCHAR 0238
ENCODING 568
SWIDTH 600 0
DWIDTH 18 0
BBX 18 22 0 0
BITMAP
00C000
00C000
00C000
00C000
00C000
00C000
1CCE00
3EDF00
7EDF80
71E380
71E380
F1E380
F0C1C0
E0C1C0
E0C1C0
F1C3C0
F1E380
71E380
71E380
7FFF80
3EDF00
1CCE00
ENDCHAR
STARTCHAR 0239
ENCODING 569
SWIDTH 600 0
DWIDTH 18 0
BBX 18 22 0 -6
BITMAP
1CCE00
3EDF00
7FFF80
71E380
71E380
F1E380
F0C3C0
E0C1C0
E0C1C0
F0C3C0
F1E3C0
71E380
71E380
7FDF80
3EDF00
1CCE00
00C000
00C000
00C000
00C000
00C000
00C000
ENDCHAR
STARTCHAR 023A
ENCODING 570
SWIDTH 600 0
DWIDTH 18 0
BBX 18 24 0 -2
BITMAP
000300
000700
03F600
03FE00
03FC00
07FC00
07F800
073800
0F3C00
0F7C00
0F7C00
1EFE00
1EDE00
1FDE00
3FFF00
3FFF00
3FFF00
7E0F80
7E0780
7C0780
FC07C0
F803C0
380000
300000
ENDCHAR
STARTCHAR 023B
ENCODING 571
SWIDTH 600 0
DWIDTH 18 0
BBX 16 23 1 -1
BITMAP
0006
000E
07EC
1FFC
3FFC
3F7E
7C3E
787F
F86C
F8E0
F8C0
F9C0
F980
FB00
FB00
FE0E
7E0F
7C1E
3F7E
3FFC
3FF8
77E0
6000
ENDCHAR
STARTCHAR 023C
ENCODING 572
SWIDTH 600 0
DWIDTH 18 0
BBX 15 28 1 -6
BITMAP
0006
0006
000C
000C
0018
0018
07F0
1FF8
3FFC
3C7E
7CDE
78C0
7980
7980
7B80
7B00
7F1E
7E1E
7E3E
3FFC
1FF8
1FE0
3800
3000
7000
6000
E000
C000
ENDCHAR
STARTCHAR 023D
ENCODING 573
SWIDTH 600 0
DWIDTH 18 0
BBX 15 20 1 0
BITMAP
3C00
3C00
3C00
3C00
3C00
3C00
3C00
3C00
FFF0
FFF0
FFF0
3C00
3C00
3C00
3C00
3C00
3C00
3FFE
3FFE
3FFE
ENDCHAR
STARTCHAR 023E
ENCODING 574
SWIDTH 600 0
DWIDTH 18 0
BBX 18 24 0 -2
BITMAP
0001C0
000180
7FFF80
7FFF80
7FFF80
01EC00
01FC00
01F800
01F000
01F000
01E000
01E000
01E000
01E000
03E000
03E000
07E000
0FE000
0DE000
19E000
39E000
31E000
600000
E00000
ENDCHAR
STARTCHAR 023F
ENCODING 575
SWIDTH 600 0
DWIDTH 18 0
BBX 14 22 2 -6
BITMAP
0FC0
3FF0
7FF8
707C
F03C
F800
7F80
3FF0
1FF8
01FC
003C
203C
703C
FFFC
7FF8
3FE0
1E00
0F00
0F80
07F0
03F0
00F0
ENDCHAR
STARTCHAR 0240
ENCODING 576
SWIDTH 600 0
DWIDTH 18 0
BBX 14 22 2 -6
BITMAP
7FF8
7FF8
7FF8
00F8
01F0
03E0
07C0
0780
0F80
1F00
3E00
7C00
F800
FC00
FE00
FF00
0F80
07C0
03F0
01FC
00FC
003C
ENDCHAR
STARTCHAR 0241
ENCODING 577
SWIDTH 600 0
DWIDTH 18 0
BBX 18 21 0 0
BITMAP
07F000
1FFC00
3FFF00
7F7F00
7C0F80
F80780
3007C0
0007C0
0007C0
000780
000780
000F80
001F00
01FF00
01FE00
01F800
01E000
01E000
01E000
01E000
01E000
ENDCHAR
STARTCHAR 0242
ENCODING 578
SWIDTH 600 0
DWIDTH 18 0
BBX 13 16 2 0
BITMAP
0FC0
3FE0
7FF0
78F8
F078
0078
0078
0078
00F8
01F0
07E0
07C0
0780
0780
0780
0780
ENDCHAR
STARTCHAR 0243
ENCODING 579
SWIDTH 600 0
DWIDTH 18 0
BBX 17 20 0 0
BITMAP
3FF800
3FFE00
3FFF00
3C1F00
3C0F00
3C0F00
3C0F00
3C1F00
3FFE00
3FF000
3FFE00
3C0F00
FF8780
FF8780
FF8780
3C0780
3C0F80
3FFF00
3FFF00
3FFC00
ENDCHAR
STARTCHAR 0244
ENCODING 580
SWIDTH 600 0
DWIDTH 18 0
BBX 18 20 0 0
BITMAP
3C0F00
3C0F00
3C0F00
3C0F00
3C0F00
3C0F00
3C0F00
3C0F00
FFFFC0
FFFFC0
FFFFC0
3C0F00
3C0F00
3C0F00
3C0F00
3E1F00
1F7E00
1FFE00
0FFC00
03F000
ENDCHAR
STARTCHAR 0245
ENCODING 581
SWIDTH 600 0
DWIDTH 18 0
BBX 18 20 0 0
BITMAP
01E000
03F000
03F000
03F000
07F800
07F800
07F800
0F3C00
0F3C00
0F3C00
1E1E00
1E1E00
1E1E00
3E1F00
3C0F00
3C0F00
7C0F80
780780
780780
F807C0
ENDCHAR
STARTCHAR 0246
ENCODING 582
SWIDTH 600 0
DWIDTH 18 0
BBX 15 24 2 -2
BITMAP
000E
000C
FFFC
FFFC
FFFC
F030
F070
F060
F0E0
F0C0
FFF8
FFF8
FFF8
F300
F700
F600
FE00
FC00
FC00
FFFE
FFFE
FFFE
3000
7000
ENDCHAR
STARTCHAR 0247
ENCODING 583
SWIDTH 600 0
DWIDTH 18 0
BBX 17 28 0 -6
BITMAP
000300
000600
000600
000E00
000C00
001C00
03F800
0FFC00
1FFE00
3E7E00
3C6F00
3CEF00
3FFF00
7FFF00
7FFF80
3F8000
3F0000
3F0F00
3E0F00
1FFE00
0FFC00
1FF000
180000
380000
300000
700000
600000
E00000
ENDCHAR
STARTCHAR 0248
ENCODING 584
SWIDTH 600 0
DWIDTH 18 0
BBX 14 20 2 0
BITMAP
0FF8
0FF8
0FF8
0078
0078
0078
0078
07FC
07FC
07FC
0078
0078
0078
F078
F0F8
F8F8
FDF0
7FF0
3FE0
1F80
ENDCHAR
STARTCHAR 0249
ENCODING 585
SWIDTH 600 0
DWIDTH 18 0
BBX 12 28 2 -6
BITMAP
01E0
01E0
01E0
0000
0000
0000
7FE0
7FE0
7FE0
01E0
01E0
01E0
07F0
07F0
07F0
01E0
01E0
01E0
01E0
01E0
01E0
01E0
03E0
03C0
87C0
FFC0
FF80
FE00
ENDCHAR
STARTCHAR 024A
ENCODING 586
SWIDTH 600 0
DWIDTH 18 0
BBX 18 26 1 -6
BITMAP
07E600
1FFE00
3FFE00
3FFE00
7C3E00
781E00
F81E00
F81E00
F01E00
F01E00
F01E00
F01E00
F81E00
F81E00
781E00
7C1E00
7E7E00
3FFE00
1FFE00
07DE00
001E00
001E00
001F40
001FC0
000FC0
0007C0
ENDCHAR
STARTCHAR 024B
ENCODING 587
SWIDTH 600 0
DWIDTH 18 0
BBX 18 22 1 -6
BITMAP
0F1E00
1FDE00
3FFE00
7C7E00
783E00
783E00
F81E00
F81E00
F81E00
F81E00
783E00
783E00
7C7E00
3FFE00
3FDE00
0F9E00
001E00
001E00
001F40
001FC0
000FC0
0007C0
ENDCHAR
STARTCHAR 024C
ENCODING 588
SWIDTH 600 0
DWIDTH 18 0
BBX 18 20 0 0
BITMAP
3FF800
3FFE00
3FFF00
3C3F80
3C0F80
3C0780
3C0780
3C0F80
3C1F00
FFFF00
FFFE00
FFF800
3C7C00
3C7C00
3C3E00
3C1E00
3C1F00
3C0F00
3C0F80
3C07C0
ENDCHAR
STARTCHAR 024D
ENCODING 589
SWIDTH 600 0
DWIDTH 18 0
BBX 14 16 2 0
BITMAP
78FC
79FC
7BFC
7FDC
3F00
3E00
3C00
3C00
FF00
FF00
FF00
3C00
3C00
3C00
3C00
3C00
ENDCHAR
STARTCHAR 024E
ENCODING 590
SWIDTH 600 0
DWIDTH 18 0
BBX 18 20 0 0
BITMAP
F807C0
780780
FFFFC0
FFFFC0
FFFFC0
1E3E00
0F3C00
0F7C00
07F800
07F800
03F000
01E000
01E000
01E000
01E000
01E000
01E000
01E000
01E000
01E000
ENDCHAR
STARTCHAR 024F
ENCODING 591
SWIDTH 600 0
DWIDTH 18 0
BBX 16 22 1 -6
BITMAP
F00F
F80F
781E
781E
FFFF
FFFF
FFFF
1E78
1E78
0E78
0F70
0FF0
07E0
07E0
03E0
03C0
03C0
0780
0F80
7F00
7F00
7C00
ENDCHAR
STARTCHAR 0250
ENCODING 592
SWIDTH 600 0
DWIDTH 18 0
BBX 15 16 1 0
BITMAP
F0F8
F9FC
FFFE
3E1E
3E1E
3C1E
3C3E
3FFC
3FF8
3C00
3C00
3C3E
3E3C
1FFC
1FF8
07E0
ENDCHAR
STARTCHAR 0251
ENCODING 593
SWIDTH 600 0
DWIDTH 18 0
BBX 15 16 1 0
BITMAP
0F9E
3FDE
3FFE
7C7E
783E
781E
F81E
F81E
F81E
F81E
783E
783E
7C7E
3FFE
3FDE
0F1E
ENDCHAR
STARTCHAR 0252
ENCODING 594
SWIDTH 600 0
DWIDTH 18 0
BBX 15 16 2 0
BITMAP
F3E0
F7F8
FFF8
F87C
F83C
F03C
F03C
F03E
F03E
F03E
F03C
F83C
FC7C
FFF8
F7F8
F3E0
ENDCHAR
STARTCHAR 0253
ENCODING 595
SWIDTH 600 0
DWIDTH 18 0
BBX 15 22 2 0
BITMAP
3F00
7F00
FF00
F800
F000
F000
F1E0
F7F8
FFF8
FC7C
F83C
F83C
F03E
F03E
F03E
F03E
F83C
F83C
FC7C
FFF8
F7F0
F3E0
ENDCHAR
STARTCHAR 0254
ENCODING 596
SWIDTH 600 0
DWIDTH 18 0
BBX 14 16 2 0
BITMAP
0FC0
3FF0
7FF8
F878
F07C
003C
003C
003C
003C
003C
F03C
F07C
F878
7FF8
3FF0
0FC0
ENDCHAR
STARTCHAR 0255
ENCODING 597
SWIDTH 600 0
DWIDTH 18 0
BBX 15 17 1 -1
BITMAP
07E0
1FF8
3FFC
3C3E
781E
7800
7800
79F8
7FFC
7FFE
7F1E
7C0E
7E1E
FFFE
FFFC
E7F0
4000
ENDCHAR
STARTCHAR 0256
ENCODING 598
SWIDTH 600 0
DWIDTH 18 0
BBX 18 28 1 -6
BITMAP
001E00
001E00
001E00
001E00
001E00
001E00
0F9E00
3FDE00
3FFE00
7C7E00
783E00
783E00
F81E00
F81E00
F81E00
F81E00
783E00
783E00
7C7E00
3FFE00
3FDE00
0F1E00
001E00
001E00
001F00
001FC0
000FC0
0007C0
ENDCHAR
STARTCHAR 0257
ENCODING 599
SWIDTH 600 0
DWIDTH 18 0
BBX 18 22 1 0
BITMAP
0007C0
001FC0
001FC0
001E00
001E00
001E00
0F9E00
3FDE00
3FFE00
7C7E00
783E00
783E00
F81E00
F81E00
F81E00
F81E00
783E00
783E00
7C7E00
3FFE00
3FDE00
0F1E00
ENDCHAR
STARTCHAR 0258
ENCODING 600
SWIDTH 600 0
DWIDTH 18 0
BBX 16 16 1 0
BITMAP
07E0
1FF8
3FFC
7C3E
781E
781E
7FFE
FFFF
FFFF
001E
001E
181E
783E
3FFC
1FF8
07E0
ENDCHAR
STARTCHAR 0259
ENCODING 601
SWIDTH 600 0
DWIDTH 18 0
BBX 16 16 1 0
BITMAP
07E0
1FF8
3FFC
783E
781E
001E
001E
FFFF
7FFF
7FFE
781E
781E
3C3E
3FFC
1FF8
07E0
ENDCHAR
STARTCHAR 025A
ENCODING 602
SWIDTH 600 0
DWIDTH 18 0
BBX 17 16 1 0
BITMAP
1E0000
7F8000
7F8000
F3C000
E1C000
01F800
0FF800
FFFC00
FFFF80
F1FF80
E1E700
E1C000
F3C000
7FC000
3F8000
1E0000
ENDCHAR
STARTCHAR 025B
ENCODING 603
SWIDTH 600 0
DWIDTH 18 0
BBX 14 16 2 0
BITMAP
0FE0
3FF8
7FFC
F818
F000
7C00
3FC0
0FC0
7FC0
F800
F000
F008
F83C
7FFC
7FF8
0FE0
ENDCHAR
STARTCHAR 025C
ENCODING 604
SWIDTH 600 0
DWIDTH 18 0
BBX 14 16 2 0
BITMAP
1FC0
7FF0
FFF8
607C
003C
00F8
0FF0
0FC0
0FF8
007C
003C
403C
F07C
FFF8
7FF8
0FC0
ENDCHAR
STARTCHAR 025D
ENCODING 605
SWIDTH 600 0
DWIDTH 18 0
BBX 17 16 1 0
BITMAP
1F0000
7F8000
7FF000
F1F800
E1F800
03F800
0FBF00
0F9F80
0FCF00
01E000
01E000
E1E000
F1E000
FFC000
7FC000
1F0000
ENDCHAR
STARTCHAR 025E
ENCODING 606
SWIDTH 600 0
DWIDTH 18 0
BBX 15 16 1 0
BITMAP
07F0
1FF8
3FFC
7C3E
781E
783C
F8F8
F8F0
F8FC
F83E
781E
781E
7C3E
3FFC
1FF8
07E0
ENDCHAR
STARTCHAR 025F
ENCODING 607
SWIDTH 600 0
DWIDTH 18 0
BBX 14 22 2 -6
BITMAP
03E0
03E0
03E0
03E0
03E0
03E0
03E0
03E0
03E0
03E0
03E0
03E0
03E0
FFFC
FFFC
FFFC
03E0
03E0
03C0
FFC0
FF80
FF00
ENDCHAR
STARTCHAR 0260
ENCODING 608
SWIDTH 600 0
DWIDTH 18 0
BBX 17 28 2 -6
BITMAP
000F80
001F80
003F80
003E00
003C00
003C00
1F3C00
3FBC00
7FFC00
787C00
F87C00
F03C00
F03C00
F03C00
F03C00
F03C00
F03C00
F87C00
F87C00
7FFC00
3FBC00
1F3C00
003C00
003C00
F87C00
7FF800
3FF000
0FC000
ENDCHAR
STARTCHAR 0261
ENCODING 609
SWIDTH 600 0
DWIDTH 18 0
BBX 14 22 2 -6
BITMAP
1F3C
3FBC
7FFC
787C
F87C
F03C
F03C
F03C
F03C
F03C
F03C
F87C
F87C
7FFC
3FBC
1F3C
003C
003C
F87C
7FF8
3FF0
0FC0
ENDCHAR
STARTCHAR 0262
ENCODING 610
SWIDTH 600 0
DWIDTH 18 0
BBX 15 16 1 0
BITMAP
07E0
1FF8
3FFC
7C3C
781E
7810
F800
F800
F8FE
F8FE
78FE
781E
7C1E
3FFE
1FFE
07F0
ENDCHAR
STARTCHAR 0263
ENCODING 611
SWIDTH 600 0
DWIDTH 18 0
BBX 16 22 1 -6
BITMAP
F00F
F81F
781E
7C3E
3C3C
3C7C
1E78
1E78
0FF0
0FF0
07E0
07E0
07E0
07F0
0FF0
0E70
1E78
1E78
1E78
0FF8
0FF0
03E0
ENDCHAR
STARTCHAR 0264
ENCODING 612
SWIDTH 600 0
DWIDTH 18 0
BBX 18 16 0 0
BITMAP
3C0F00
FE1FC0
FF3FC0
6FFD80
07F800
03F000
03F000
03F000
03F000
07F800
073800
073800
073C00
07F800
07F800
03F000
ENDCHAR
STARTCHAR 0265
ENCODING 613
SWIDTH 600 0
DWIDTH 18 0
BBX 14 22 2 -6
BITMAP
F03C
F03C
F03C
F03C
F03C
F03C
F03C
F03C
F03C
F03C
F07C
F07C
F8FC
FFBC
7FBC
3E3C
003C
003C
003C
003C
003C
003C
ENDCHAR
STARTCHAR 0266
ENCODING 614
SWIDTH 600 0
DWIDTH 18 0
BBX 14 22 2 0
BITMAP
3F00
7F00
FF00
F800
F000
F000
F1F0
F7F8
F7FC
FC7C
F83C
F83C
F03C
F03C
F03C
F03C
F03C
F03C
F03C
F03C
F03C
F03C
ENDCHAR
STARTCHAR 0267
ENCODING 615
SWIDTH 600 0
DWIDTH 18 0
BBX 14 28 2 -6
BITMAP
3F00
7F00
FF00
F800
F000
F000
F1F0
F7F8
F7FC
FC7C
F83C
F83C
F03C
F03C
F03C
F03C
F03C
F03C
F03C
F03C
F03C
F03C
003C
003C
007C
01FC
01F8
01F0
ENDCHAR
STARTCHAR 0268
ENCODING 616
SWIDTH 600 0
DWIDTH 18 0
BBX 15 22 2 0
BITMAP
03C0
03C0
03C0
0000
0000
0000
7FC0
7FC0
7FC0
03C0
03C0
03C0
3FF8
3FF8
3FF8
03C0
03C0
03C0
03C0
FFFE
FFFE
FFFE
ENDCHAR
STARTCHAR 0269
ENCODING 617
SWIDTH 600 0
DWIDTH 18 0
BBX 12 16 2 0
BITMAP
FF00
FF00
FF00
0F00
0F00
0F00
0F00
0F00
0F00
0F00
0F00
0F00
0F90
0FF0
07F0
03F0
ENDCHAR
STARTCHAR 026A
ENCODING 618
SWIDTH 600 0
DWIDTH 18 0
BBX 14 16 2 0
BITMAP
FFFC
FFFC
FFFC
0780
0780
0780
0780
0780
0780
0780
0780
0780
0780
FFFC
FFFC
FFFC
ENDCHAR
STARTCHAR 026B
ENCODING 619
SWIDTH 600 0
DWIDTH 18 0
BBX 15 22 2 0
BITMAP
7FC0
7FC0
7FC0
03C0
03C0
03C0
03C0
03C0
03C0
0FD8
1FF0
1BF0
1BE0
03C0
03C0
03C0
03C0
03C0
03C0
FFFE
FFFE
FFFE
ENDCHAR
STARTCHAR 026C
ENCODING 620
SWIDTH 600 0
DWIDTH 18 0
BBX 15 22 2 0
BITMAP
7FC0
7FC0
7FC0
03C0
03C0
03C0
03C0
1FC0
3FC0
7FC0
73C0
73C0
3FE0
3FE0
07E0
03C0
03C0
03C0
03C0
FFFE
FFFE
FFFE
ENDCHAR
STARTCHAR 026D
ENCODING 621
SWIDTH 600 0
DWIDTH 18 0
BBX 12 28 3 -6
BITMAP
FF80
FF80
FF80
0780
0780
0780
0780
0780
0780
0780
0780
0780
0780
0780
0780
0780
0780
0780
0780
0780
0780
0780
0780
0780
07C0
07F0
07F0
01F0
ENDCHAR
STARTCHAR 026E
ENCODING 622
SWIDTH 600 0
DWIDTH 18 0
BBX 15 28 2 -6
BITMAP
F000
F000
F000
F000
F000
F000
FFFC
FFFC
FFFC
F03C
F078
F0F0
F1F0
F3E0
F3E0
F3F8
F3FC
F07E
F03E
F01E
F01E
F01E
001E
001E
F83C
7FFC
3FF8
0FE0
ENDCHAR
STARTCHAR 026F
ENCODING 623
SWIDTH 600 0
DWIDTH 18 0
BBX 16 16 1 0
BITMAP
E3C7
E3C7
E3C7
E3C7
E3C7
E3C7
E3C7
E3C7
E3C7
E3C7
E3CF
F3CF
F3CF
FFFF
7DF7
38E7
ENDCHAR
STARTCHAR 0270
ENCODING 624
SWIDTH 600 0
DWIDTH 18 0
BBX 16 22 1 -6
BITMAP
E3C7
E3C7
E3C7
E3C7
E3C7
E3C7
E3C7
E3C7
E3C7
E3C7
E3CF
F3CF
F3CF
FFFF
7DF7
38E7
0007
0007
0007
0007
0007
0007
ENDCHAR
STARTCHAR 0271
ENCODING 625
SWIDTH 600 0
DWIDTH 18 0
BBX 16 22 1 -6
BITMAP
E71C
EFBE
FFFF
F3CF
F3CF
F3C7
E3C7
E3C7
E3C7
E3C7
E3C7
E3C7
E3C7
E3C7
E3C7
E3C7
0007
0007
000F
007F
007E
007C
ENDCHAR
STARTCHAR 0272
ENCODING 626
SWIDTH 600 0
DWIDTH 18 0
BBX 17 22 -1 -6
BITMAP
1E3E00
1EFF00
1EFF80
1F8F80
1F0780
1F0780
1E0780
1E0780
1E0780
1E0780
1E0780
1E0780
1E0780
1E0780
1E0780
1E0780
1E0000
1E0000
3E0000
FE0000
FC0000
F80000
ENDCHAR
STARTCHAR 0273
ENCODING 627
SWIDTH 600 0
DWIDTH 18 0
BBX 18 22 2 -6
BITMAP
F1F000
F7F800
F7FC00
FC7C00
F83C00
F83C00
F03C00
F03C00
F03C00
F03C00
F03C00
F03C00
F03C00
F03C00
F03C00
F03C00
003C00
003C00
003E00
003FC0
001FC0
000FC0
ENDCHAR
STARTCHAR 0274
ENCODING 628
SWIDTH 600 0
DWIDTH 18 0
BBX 14 16 2 0
BITMAP
F83C
F83C
FC3C
FC3C
FE3C
FE3C
F73C
F7BC
F3BC
F3FC
F1FC
F1FC
F0FC
F07C
F07C
F03C
ENDCHAR
STARTCHAR 0275
ENCODING 629
SWIDTH 600 0
DWIDTH 18 0
BBX 16 16 1 0
BITMAP
07E0
1FF8
3FFC
7C3E
781E
781E
F81F
FFFF
FFFF
FFFF
781E
781E
7C3E
3FFC
1FF8
07E0
ENDCHAR
STARTCHAR 0276
ENCODING 630
SWIDTH 600 0
DWIDTH 18 0
BBX 16 16 1 0
BITMAP
1FFF
3FFF
7FFF
F1E0
F0E0
F0E0
E0FF
E0FF
E0FF
E0E0
F0E0
F0E0
F1E0
7FFF
3FFF
1EFF
ENDCHAR
STARTCHAR 0277
ENCODING 631
SWIDTH 600 0
DWIDTH 18 0
BBX 16 16 1 0
BITMAP
07E0
1FF8
3FFC
7C3E
781E
F00F
F00F
F3CF
F3CF
F3CF
F3CF
F3CF
73CF
7FFE
3E7C
1C38
ENDCHAR
STARTCHAR 0278
ENCODING 632
SWIDTH 600 0
DWIDTH 18 0
BBX 16 28 1 -6
BITMAP
03C0
03C0
03C0
03C0
03C0
03C0
07F0
1FF8
3FFC
7BDE
7BDE
73CE
F3CF
F3CF
F3CF
F3CF
73DE
7BDE
7BDE
3FFC
1FF8
0FE0
03C0
03C0
03C0
03C0
03C0
03C0
ENDCHAR
STARTCHAR 0279
ENCODING 633
SWIDTH 600 0
DWIDTH 18 0
BBX 13 16 2 0
BITMAP
00F0
00F0
00F0
00F0
00F0
00F0
00F0
00F0
00F0
00F0
01F0
03F0
EFF0
FF78
FE78
FC78
ENDCHAR
STARTCHAR 027A
ENCODING 634
SWIDTH 600 0
DWIDTH 18 0
BBX 13 22 2 0
BITMAP
00F0
00F0
00F0
00F0
00F0
00F0
00F0
00F0
00F0
00F0
00F0
00F0
00F0
00F0
00F0
00F0
01F0
03F0
EFF0
FF78
FE78
FC78
ENDCHAR
STARTCHAR 027B
ENCODING 635
SWIDTH 600 0
DWIDTH 18 0
BBX 16 22 2 -6
BITMAP
00F0
00F0
00F0
00F0
00F0
00F0
00F0
00F0
00F0
00F0
01F0
03F0
EFF0
FFF0
FEF0
FCF0
00F0
00F0
0078
007F
007F
001F
ENDCHAR
STARTCHAR 027C
ENCODING 636
SWIDTH 600 0
DWIDTH 18 0
BBX 13 22 3 -6
BITMAP
F1F8
F3F8
F7F8
7FB8
7E00
7C00
7800
7800
7800
7800
7800
7800
7800
7800
7800
7800
7800
7800
7800
7800
7800
7800
ENDCHAR
STARTCHAR 027D
ENCODING 637
SWIDTH 600 0
DWIDTH 18 0
BBX 13 22 3 -6
BITMAP
F1F8
F3F8
F7F8
7FB8
7E00
7C00
7800
7800
7800
7800
7800
7800
7800
7800
7800
7800
7800
7800
7C00
7F00
3F00
1F00
ENDCHAR
STARTCHAR 027E
ENCODING 638
SWIDTH 600 0
DWIDTH 18 0
BBX 12 16 4 0
BITMAP
0FF0
3FF0
7FF0
7F70
F800
F000
F000
F000
F000
F000
F000
F000
F000
F000
F000
F000
ENDCHAR
STARTCHAR 027F
ENCODING 639
SWIDTH 600 0
DWIDTH 18 0
BBX 12 22 2 -6
BITMAP
FF00
FFC0
FFE0
CFE0
01F0
00F0
00F0
00F0
00F0
00F0
00F0
00F0
00F0
00F0
00F0
00F0
00F0
00F0
00F0
00F0
00F0
00F0
ENDCHAR
STARTCHAR 0280
ENCODING 640
SWIDTH 600 0
DWIDTH 18 0
BBX 15 16 2 0
BITMAP
FFE0
FFF8
FFFC
F03C
F03C
F03C
F07C
FFF8
FFF0
FFE0
F0F0
F0F0
F078
F07C
F03C
F01E
ENDCHAR
STARTCHAR 0281
ENCODING 641
SWIDTH 600 0
DWIDTH 18 0
BBX 15 16 1 0
BITMAP
F01E
781E
7C1E
3C1E
1E1E
1F1E
0FFE
1FFE
3FFE
781E
781E
781E
7C1E
7FFE
3FFE
0FFE
ENDCHAR
STARTCHAR 0282
ENCODING 642
SWIDTH 600 0
DWIDTH 18 0
BBX 14 22 2 -6
BITMAP
0FC0
3FF0
7FF8
707C
F03C
F800
7F80
3FF0
1FF8
01FC
003C
F03C
F03C
FFFC
FFF8
FFE0
F000
F000
F000
FE00
7E00
3E00
ENDCHAR
STARTCHAR 0283
ENCODING 643
SWIDTH 600 0
DWIDTH 18 0
BBX 12 28 3 -6
BITMAP
01F0
07F0
0FF0
0F80
0F00
0F00
0F00
0F00
0F00
0F00
0F00
0F00
0F00
0F00
0F00
0F00
0F00
0F00
0F00
0F00
0F00
0F00
0F00
0F00
1F00
FE00
FE00
F800
ENDCHAR
STARTCHAR 0284
ENCODING 644
SWIDTH 600 0
DWIDTH 18 0
BBX 12 28 3 -6
BITMAP
01F0
07F0
0FF0
0F80
0F00
0F00
0F00
0F00
0F00
0F00
0F00
0F00
0F00
0F00
0F00
0F00
0F00
0F00
0F00
7FC0
7FC0
7FC0
0F00
0F00
1F00
FF00
FE00
FC00
ENDCHAR
STARTCHAR 0285
ENCODING 645
SWIDTH 600 0
DWIDTH 18 0
BBX 12 22 3 -6
BITMAP
F800
FE00
FF00
1F00
0F00
0F00
0F00
0F00
0F00
0F00
0F00
0F00
0F00
0F00
0F00
0F00
0F00
0F00
0F80
07F0
07F0
01F0
ENDCHAR
STARTCHAR 0286
ENCODING 646
SWIDTH 600 0
DWIDTH 18 0
BBX 16 28 1 -6
BITMAP
001F
003F
007F
007C
0078
0078
0078
0078
0078
0078
0078
0078
0078
0078
0078
0078
0078
0078
0078
3E78
7FF8
FFF8
E1F0
E0F8
E1FC
FFFE
7FDC
3F08
ENDCHAR
STARTCHAR 0287
ENCODING 647
SWIDTH 600 0
DWIDTH 18 0
BBX 13 20 3 0
BITMAP
FF00
FF80
FFC0
03C0
03C0
03C0
03C0
03C0
03C0
03C0
03C0
03C0
03C0
FFF8
FFF8
FFF8
03C0
0380
0380
0380
ENDCHAR
STARTCHAR 0288
ENCODING 648
SWIDTH 600 0
DWIDTH 18 0
BBX 13 26 2 -6
BITMAP
0E00
0E00
1E00
1E00
FFF8
FFF8
FFF8
1E00
1E00
1E00
1E00
1E00
1E00
1E00
1E00
1E00
1E00
1E00
1E00
1E00
1E00
1E00
1E00
1FF8
0FF8
07F8
ENDCHAR
STARTCHAR 0289
ENCODING 649
SWIDTH 600 0
DWIDTH 18 0
BBX 18 16 0 0
BITMAP
3C0F00
3C0F00
3C0F00
3C0F00
3C0F00
3C0F00
FFFFC0
FFFFC0
FFFFC0
3C0F00
3C1F00
3E1F00
3E3F00
1FEF00
1FEF00
0F8F00
ENDCHAR
STARTCHAR 028A
ENCODING 650
SWIDTH 600 0
DWIDTH 18 0
BBX 16 16 1 0
BITMAP
F81F
FC3F
FC3F
3C3C
3C3C
381C
781E
781E
F00F
F00F
F81F
781E
7C3E
3FFC
1FF8
07E0
ENDCHAR
STARTCHAR 028B
ENCODING 651
SWIDTH 600 0
DWIDTH 18 0
BBX 14 16 2 0
BITMAP
F1F0
F1F8
F1FC
F07C
F03C
F03C
F03C
F03C
F03C
F03C
F03C
F078
F8F8
7FF0
3FE0
1FC0
ENDCHAR
STARTCHAR 028C
ENCODING 652
SWIDTH 600 0
DWIDTH 18 0
BBX 16 16 1 0
BITMAP
07E0
07E0
0FE0
0FF0
0FF0
1E70
1E78
1E78
3C3C
3C3C
7C3C
781E
781E
F81F
F00F
F00F
ENDCHAR
STARTCHAR 028D
ENCODING 653
SWIDTH 600 0
DWIDTH 18 0
BBX 18 16 0 0
BITMAP
1E1E00
1E1E00
3E1F00
3F3F00
3F3F00
3B3700
3B7700
3BF700
7BF780
71E380
71E380
71E380
700380
700380
F003C0
F003C0
ENDCHAR
STARTCHAR 028E
ENCODING 654
SWIDTH 600 0
DWIDTH 18 0
BBX 16 22 1 0
BITMAP
003E
00FE
00FE
01F0
03E0
03C0
03C0
07C0
07E0
07E0
0FF0
0EF0
1E70
1E78
1C78
3C3C
3C3C
783E
781E
781E
F00F
F00F
ENDCHAR
STARTCHAR 028F
ENCODING 655
SWIDTH 600 0
DWIDTH 18 0
BBX 16 16 1 0
BITMAP
F00F
781E
7C3E
3C3C
1E78
1F78
0FF0
07E0
07E0
03C0
03C0
03C0
03C0
03C0
03C0
03C0
ENDCHAR
STARTCHAR 0290
ENCODING 656
SWIDTH 600 0
DWIDTH 18 0
BBX 17 22 2 -6
BITMAP
7FF800
7FF800
7FF800
00F800
01F000
03E000
07C000
078000
0F0000
1F0000
3E0000
7C0000
F80000
FFFC00
FFFC00
FFFC00
003C00
003C00
003C00
003F80
001F80
000F80
ENDCHAR
STARTCHAR 0291
ENCODING 657
SWIDTH 600 0
DWIDTH 18 0
BBX 17 19 1 -3
BITMAP
7FE000
7FE000
7FE000
01E000
03C000
078000
078000
0F0000
1E1E00
1E7F00
3C7F80
78F380
F9E780
FFFF00
FFFF00
FFFC00
070000
0F0000
020000
ENDCHAR
STARTCHAR 0292
ENCODING 658
SWIDTH 600 0
DWIDTH 18 0
BBX 15 22 1 -6
BITMAP
7FFE
7FFE
7FFE
007C
00F8
01F0
03E0
07C0
07C0
07F8
07FC
007E
003E
001E
001E
001E
F81E
781E
7C3E
3FFC
1FF8
0FE0
ENDCHAR
STARTCHAR 0293
ENCODING 659
SWIDTH 600 0
DWIDTH 18 0
BBX 15 22 2 -6
BITMAP
FFFC
FFFC
FFFC
00F8
01F0
03E0
07C0
0F80
0F80
0FF0
0FF8
00FC
003C
3F3C
7FFC
FFFC
F1FC
E07C
F07C
FFFE
7FFC
1F88
ENDCHAR
STARTCHAR 0294
ENCODING 660
SWIDTH 600 0
DWIDTH 18 0
BBX 15 20 2 0
BITMAP
0FC0
3FF0
7FF8
FDFC
F03C
F03C
003E
003E
003E
003C
003C
007C
07F8
07F0
07E0
0780
0780
0780
0780
0780
ENDCHAR
STARTCHAR 0295
ENCODING 661
SWIDTH 600 0
DWIDTH 18 0
BBX 15 20 2 0
BITMAP
0FC0
3FF0
7FF8
7EFC
F83E
F01C
F000
F000
F000
F000
F800
FC00
7FC0
3FC0
1FC0
07C0
07C0
07C0
07C0
07C0
ENDCHAR
STARTCHAR 0296
ENCODING 662
SWIDTH 600 0
DWIDTH 18 0
BBX 14 20 2 0
BITMAP
0780
0780
0780
0780
0780
07C0
07F0
07F8
00FC
007C
003C
003C
003C
003C
F03C
F07C
FDF8
7FF8
3FF0
1FC0
ENDCHAR
STARTCHAR 0297
ENCODING 663
SWIDTH 600 0
DWIDTH 18 0
BBX 14 22 2 -6
BITMAP
0FC0
3FF0
7FF8
787C
F03C
F000
F000
F000
F000
F000
F000
F000
F000
F000
F000
F000
F03C
F03C
787C
7FF8
3FF0
0FC0
ENDCHAR
STARTCHAR 0298
ENCODING 664
SWIDTH 600 0
DWIDTH 18 0
BBX 16 20 1 0
BITMAP
07E0
1FF8
3FFC
7FFE
7C3E
781E
F81F
F81F
F3CF
F3CF
F3CF
F3DF
F81F
F81F
781E
7C3E
7FFE
3FFC
1FF8
07E0
ENDCHAR
STARTCHAR 0299
ENCODING 665
SWIDTH 600 0
DWIDTH 18 0
BBX 15 16 2 0
BITMAP
FFF0
FFF8
FFFC
F03C
F03C
F03C
F03C
FFF8
FFF8
FFFC
F03E
F01E
F03E
FFFC
FFFC
FFF0
ENDCHAR
STARTCHAR 029A
ENCODING 666
SWIDTH 600 0
DWIDTH 18 0
BBX 15 16 2 0
BITMAP
1FC0
3FF0
7FF8
F87C
F03C
783C
3E3E
1E3E
7E3E
F83E
F03C
F03C
F87C
7FF8
3FF0
0FC0
ENDCHAR
STARTCHAR 029B
ENCODING 667
SWIDTH 600 0
DWIDTH 18 0
BBX 18 19 1 0
BITMAP
0003C0
000FC0
000FC0
07EF00
1FFE00
3FFE00
7E3E00
781E00
F81000
F80000
F80000
F87F00
F87F00
F87F00
780F00
7E0F00
3FFF00
1FFE00
07F000
ENDCHAR
STARTCHAR 029C
ENCODING 668
SWIDTH 600 0
DWIDTH 18 0
BBX 14 16 2 0
BITMAP
F03C
F03C
F03C
F03C
F03C
F03C
FFFC
FFFC
FFFC
F03C
F03C
F03C
F03C
F03C
F03C
F03C
ENDCHAR
STARTCHAR 029D
ENCODING 669
SWIDTH 600 0
DWIDTH 18 0
BBX 13 28 2 -6
BITMAP
01E0
01E0
01E0
0000
0000
0000
7FE0
7FE0
7FE0
01E0
01E0
01E0
01E0
01E0
01E0
01E0
01E0
01E0
01E0
3FF8
7FF8
FFF8
E1E0
E3E0
E3C0
FFC0
7F80
3F00
ENDCHAR
STARTCHAR 029E
ENCODING 670
SWIDTH 600 0
DWIDTH 18 0
BBX 14 22 1 -6
BITMAP
F83C
783C
7C3C
3C3C
1E3C
1F3C
0F3C
0FFC
07FC
03FC
07BC
0FBC
1F3C
1E3C
3C3C
783C
003C
003C
003C
003C
003C
003C
ENDCHAR
STARTCHAR 029F
ENCODING 671
SWIDTH 600 0
DWIDTH 18 0
BBX 12 16 3 0
BITMAP
F000
F000
F000
F000
F000
F000
F000
F000
F000
F000
F000
F000
F000
FFF0
FFF0
FFF0
ENDCHAR
STARTCHAR 02A0
ENCODING 672
SWIDTH 600 0
DWIDTH 18 0
BBX 18 28 1 -6
BITMAP
0007C0
000FC0
001FC0
001E00
001E00
001E00
0F1E00
1FDE00
3FFE00
7C7E00
783E00
783E00
F81E00
F81E00
F81E00
F81E00
783E00
783E00
7C7E00
3FFE00
3FDE00
0F1E00
001E00
001E00
001E00
001E00
001E00
001E00
ENDCHAR
STARTCHAR 02A1
ENCODING 673
SWIDTH 600 0
DWIDTH 18 0
BBX 15 20 2 0
BITMAP
0FC0
3FF0
7FF8
FDFC
F03C
F03C
003E
003E
003E
003C
003C
007C
07F8
07F0
07E0
0780
FFFC
FFFC
FFFC
0780
ENDCHAR
STARTCHAR 02A2
ENCODING 674
SWIDTH 600 0
DWIDTH 18 0
BBX 15 20 2 0
BITMAP
0FE0
3FF0
7FF8
7EFC
F83E
F01C
F000
F000
F000
F000
F800
FC00
7FC0
3FC0
1FC0
07C0
FFFC
FFFC
FFFC
07C0
ENDCHAR
STARTCHAR 02A3
ENCODING 675
SWIDTH 600 0
DWIDTH 18 0
BBX 16 22 1 0
BITMAP
0380
0380
0380
0380
0380
0380
3BFF
7FFF
7FFF
E787
E78E
E38E
E39C
E39C
E3B8
E3B8
E3F0
E7F0
E7E0
FFFF
7FFF
3BFF
ENDCHAR
STARTCHAR 02A4
ENCODING 676
SWIDTH 600 0
DWIDTH 18 0
BBX 16 28 1 -6
BITMAP
0380
0380
0380
0380
0380
0380
3BFF
7FFF
FFFF
E78E
E38E
E39C
E39C
E3B8
E3B8
E3BE
E3BE
E38F
E787
FF87
7F87
3B87
0007
00C7
01CF
01FE
00FC
0078
ENDCHAR
STARTCHAR 02A5
ENCODING 677
SWIDTH 600 0
DWIDTH 18 0
BBX 16 25 1 -3
BITMAP
0600
0600
0600
0600
0600
0600
37FC
7FFC
FFFC
EE18
E638
C638
C670
C670
C666
C6EF
C6EF
E7DF
EFDB
FFFF
7FFF
37FE
0030
0070
0060
ENDCHAR
STARTCHAR 02A6
ENCODING 678
SWIDTH 600 0
DWIDTH 18 0
BBX 16 20 1 0
BITMAP
3000
3000
3000
7000
FFF8
FFFE
FFFE
7387
7387
73C0
73F8
71FE
70FF
701F
7007
7007
7807
7FFF
3FFE
3FFC
ENDCHAR
STARTCHAR 02A7
ENCODING 679
SWIDTH 600 0
DWIDTH 18 0
BBX 17 28 1 -6
BITMAP
000F80
003F80
0C3F80
1C7C00
1C7800
1C7800
FFF800
FFF800
FFF800
3C7800
3C7800
3C7800
3C7800
3C7800
3C7800
3C7800
3C7800
3C7800
3E7800
3FF800
1FF800
0FF800
007800
007800
00F800
07F800
07F000
07E000
ENDCHAR
STARTCHAR 02A8
ENCODING 680
SWIDTH 600 0
DWIDTH 18 0
BBX 16 19 1 0
BITMAP
3000
3000
7000
FC78
FCFE
FDFE
73CF
73C7
7380
7380
73BE
73FF
73FF
73E7
73C7
7FC7
7FFF
3FFE
3C7C
ENDCHAR
STARTCHAR 02A9
ENCODING 681
SWIDTH 600 0
DWIDTH 18 0
BBX 16 28 1 -6
BITMAP
1E00
3E00
3E00
7800
7800
7800
FFBC
FFFE
FFFE
7BCF
7BCF
7B87
7B87
7B87
7B87
7B87
7B87
7B87
7B87
7B87
7B87
7B87
0007
0007
000F
003F
003E
003C
ENDCHAR
STARTCHAR 02AA
ENCODING 682
SWIDTH 600 0
DWIDTH 18 0
BBX 16 22 1 0
BITMAP
F000
F000
F000
F000
F000
F000
F0F8
F3FE
F3FE
F78F
F787
F780
F7F0
F3FC
F1FE
F03F
F00F
F007
FC07
FFFF
FFFE
F3F8
ENDCHAR
STARTCHAR 02AB
ENCODING 683
SWIDTH 600 0
DWIDTH 18 0
BBX 15 22 2 0
BITMAP
E000
E000
E000
E000
E000
E000
FFFC
FFFC
FFFC
E03C
E078
E070
E0F0
E1E0
E1C0
E380
E780
EF00
EE00
FFFE
FFFE
FFFE
ENDCHAR
STARTCHAR 02AC
ENCODING 684
SWIDTH 600 0
DWIDTH 18 0
BBX 16 22 1 0
BITMAP
E3C7
63C6
63C6
77CE
77EE
366C
366C
366C
3C3C
1C38
1C38
0000
E3C7
63C6
63C6
77EE
76EE
366C
366C
3E7C
3C38
1C38
ENDCHAR
STARTCHAR 02AD
ENCODING 685
SWIDTH 600 0
DWIDTH 18 0
BBX 12 22 3 0
BITMAP
FFF0
FFF0
FFF0
E070
E070
E070
E070
0000
0000
0000
0000
0000
0000
0000
0000
FFF0
FFF0
FFF0
E070
E070
E070
E070
ENDCHAR
STARTCHAR 02AE
ENCODING 686
SWIDTH 600 0
DWIDTH 18 0
BBX 16 22 1 -6
BITMAP
F80F
FC0F
FE0F
1E0F
0E0F
0F0F
0F0F
0F0F
0F0F
0F0F
0F0F
0F0F
0F9F
0FFF
07FF
03EF
000F
000F
000F
000F
000F
000F
ENDCHAR
STARTCHAR 02AF
ENCODING 687
SWIDTH 600 0
DWIDTH 18 0
BBX 18 22 0 -6
BITMAP
F81C00
FC1C00
FC1C00
1E1C00
1E1C00
1E1C00
1E1C00
1E1C00
1E1C00
1E1C00
1E1C00
0E3C00
0F3C00
0FFC00
0FFC00
03DC00
001C00
001E00
001E40
000FC0
000FC0
0007C0
ENDCHAR
STARTCHAR 02B0
ENCODING 688
SWIDTH 600 0
DWIDTH 18 0
BBX 10 15 4 7
BITMAP
E000
E000
E000
E000
EF00
FF80
F3C0
E1C0
E1C0
E1C0
E1C0
E1C0
E1C0
E1C0
E1C0
ENDCHAR
STARTCHAR 02B1
ENCODING 689
SWIDTH 600 0
DWIDTH 18 0
BBX 10 15 4 7
BITMAP
7800
F800
E000
E000
EF00
FF80
F3C0
E1C0
E1C0
E1C0
E1C0
E1C0
E1C0
E1C0
E1C0
ENDCHAR
STARTCHAR 02B2
ENCODING 690
SWIDTH 600 0
DWIDTH 18 0
BBX 4 19 7 3
BITMAP
70
70
00
00
70
70
70
70
70
70
70
70
70
70
70
70
70
F0
E0
ENDCHAR
STARTCHAR 02B3
ENCODING 691
SWIDTH 600 0
DWIDTH 18 0
BBX 6 11 6 7
BITMAP
EC
FC
F8
E0
E0
E0
E0
E0
E0
E0
E0
ENDCHAR
STARTCHAR 02B4
ENCODING 692
SWIDTH 600 0
DWIDTH 18 0
BBX 6 11 6 7
BITMAP
1C
1C
1C
1C
1C
1C
1C
1C
7C
FC
DC
ENDCHAR
STARTCHAR 02B5
ENCODING 693
SWIDTH 600 0
DWIDTH 18 0
BBX 8 15 5 3
BITMAP
1C
1C
1C
1C
1C
1C
1C
1C
7C
FC
DC
1C
1C
0F
0F
ENDCHAR
STARTCHAR 02B6
ENCODING 694
SWIDTH 600 0
DWIDTH 18 0
BBX 10 11 4 7
BITMAP
E1C0
E380
E700
E700
FE00
FF80
E380
E380
E380
FF80
FF00
ENDCHAR
STARTCHAR 02B7
ENCODING 695
SWIDTH 600 0
DWIDTH 18 0
BBX 16 11 1 7
BITMAP
E3C7
E3C7
63C6
63C6
766E
766E
366C
366C
3C3C
3C3C
1C38
ENDCHAR
STARTCHAR 02B8
ENCODING 696
SWIDTH 600 0
DWIDTH 18 0
BBX 10 16 4 2
BITMAP
E1C0
E1C0
E1C0
7180
7380
3380
3300
3F00
1F00
1E00
1E00
0C00
1C00
1C00
F800
F000
ENDCHAR
STARTCHAR 02B9
ENCODING 697
SWIDTH 600 0
DWIDTH 18 0
BBX 4 9 7 13
BITMAP
F0
F0
F0
F0
F0
F0
F0
F0
60
ENDCHAR
STARTCHAR 02BA
ENCODING 698
SWIDTH 600 0
DWIDTH 18 0
BBX 10 9 4 13
BITMAP
F3C0
F3C0
F3C0
E1C0
E1C0
E1C0
E1C0
E1C0
E1C0
ENDCHAR
STARTCHAR 02BB
ENCODING 699
SWIDTH 600 0
DWIDTH 18 0
BBX 4 8 7 14
BITMAP
70
60
E0
C0
F0
F0
F0
F0
ENDCHAR
STARTCHAR 02BC
ENCODING 700
SWIDTH 600 0
DWIDTH 18 0
BBX 4 8 7 14
BITMAP
F0
F0
F0
F0
30
70
60
E0
ENDCHAR
STARTCHAR 02BD
ENCODING 701
SWIDTH 600 0
DWIDTH 18 0
BBX 4 8 7 14
BITMAP
F0
F0
F0
F0
C0
E0
60
70
ENDCHAR
STARTCHAR 02BE
ENCODING 702
SWIDTH 600 0
DWIDTH 18 0
BBX 4 6 7 17
BITMAP
C0
E0
30
30
E0
C0
ENDCHAR
STARTCHAR 02BF
ENCODING 703
SWIDTH 600 0
DWIDTH 18 0
BBX 4 6 7 17
BITMAP
30
70
C0
C0
70
30
ENDCHAR
STARTCHAR 02C0
ENCODING 704
SWIDTH 600 0
DWIDTH 18 0
BBX 10 15 4 7
BITMAP
3E00
7F80
F380
61C0
01C0
01C0
01C0
0380
1F80
1F00
1C00
1C00
1C00
1C00
1C00
ENDCHAR
STARTCHAR 02C1
ENCODING 705
SWIDTH 600 0
DWIDTH 18 0
BBX 10 15 4 7
BITMAP
1E00
7F80
7380
E1C0
E180
E000
E000
E000
7000
7E00
3E00
0E00
0E00
0E00
0E00
ENDCHAR
STARTCHAR 02C2
ENCODING 706
SWIDTH 600 0
DWIDTH 18 0
BBX 16 16 1 2
BITMAP
0003
001F
007F
03FE
1FF8
7FC0
FE00
F800
F800
FE00
7FC0
0FF8
03FE
007F
000F
0003
ENDCHAR
STARTCHAR 02C3
ENCODING 707
SWIDTH 600 0
DWIDTH 18 0
BBX 16 16 1 2
BITMAP
C000
F800
FE00
7FC0
1FF8
03FE
007F
001F
001F
007F
03FE
0FF0
7FC0
FE00
F000
C000
ENDCHAR
STARTCHAR 02C4
ENCODING 708
SWIDTH 600 0
DWIDTH 18 0
BBX 16 15 1 3
BITMAP
07E0
07E0
07E0
0FF0
0E70
0E70
1E78
1C38
3C3C
381C
381C
781E
700E
F00F
E007
ENDCHAR
STARTCHAR 02C5
ENCODING 709
SWIDTH 600 0
DWIDTH 18 0
BBX 16 15 1 3
BITMAP
E007
F00F
700E
781E
381C
381C
3C3C
1C38
1E78
0E70
0E70
0FF0
07E0
07E0
07E0
ENDCHAR
STARTCHAR 02C6
ENCODING 710
SWIDTH 600 0
DWIDTH 18 0
BBX 10 4 4 17
BITMAP
1E00
3F00
7380
E1C0
ENDCHAR
STARTCHAR 02C7
ENCODING 711
SWIDTH 600 0
DWIDTH 18 0
BBX 10 4 4 17
BITMAP
E1C0
7380
3F00
1E00
ENDCHAR
STARTCHAR 02C8
ENCODING 712
SWIDTH 600 0
DWIDTH 18 0
BBX 2 5 8 16
BITMAP
C0
C0
C0
C0
C0
ENDCHAR
STARTCHAR 02C9
ENCODING 713
SWIDTH 600 0
DWIDTH 18 0
BBX 8 2 5 18
BITMAP
FF
FF
ENDCHAR
STARTCHAR 02CA
ENCODING 714
SWIDTH 600 0
DWIDTH 18 0
BBX 6 4 6 17
BITMAP
3C
78
70
E0
ENDCHAR
STARTCHAR 02CB
ENCODING 715
SWIDTH 600 0
DWIDTH 18 0
BBX 6 4 6 17
BITMAP
F0
78
38
1C
ENDCHAR
STARTCHAR 02CC
ENCODING 716
SWIDTH 600 0
DWIDTH 18 0
BBX 2 5 8 -6
BITMAP
C0
C0
C0
C0
C0
ENDCHAR
STARTCHAR 02CD
ENCODING 717
SWIDTH 600 0
DWIDTH 18 0
BBX 8 2 5 -4
BITMAP
FF
FF
ENDCHAR
STARTCHAR 02CE
ENCODING 718
SWIDTH 600 0
DWIDTH 18 0
BBX 6 4 6 -6
BITMAP
F0
78
38
1C
ENDCHAR
STARTCHAR 02CF
ENCODING 719
SWIDTH 600 0
DWIDTH 18 0
BBX 6 4 6 -6
BITMAP
3C
78
70
E0
ENDCHAR
STARTCHAR 02D0
ENCODING 720
SWIDTH 600 0
DWIDTH 18 0
BBX 4 16 7 0
BITMAP
F0
F0
60
60
00
00
00
00
00
00
00
00
60
E0
F0
F0
ENDCHAR
STARTCHAR 02D1
ENCODING 721
SWIDTH 600 0
DWIDTH 18 0
BBX 4 4 7 12
BITMAP
F0
F0
60
60
ENDCHAR
STARTCHAR 02D2
ENCODING 722
SWIDTH 600 0
DWIDTH 18 0
BBX 4 6 7 1
BITMAP
C0
E0
30
30
E0
C0
ENDCHAR
STARTCHAR 02D3
ENCODING 723
SWIDTH 600 0
DWIDTH 18 0
BBX 4 6 7 1
BITMAP
30
70
C0
C0
70
30
ENDCHAR
STARTCHAR 02D4
ENCODING 724
SWIDTH 600 0
DWIDTH 18 0
BBX 6 5 6 3
BITMAP
30
30
30
FC
FC
ENDCHAR
STARTCHAR 02D5
ENCODING 725
SWIDTH 600 0
DWIDTH 18 0
BBX 6 5 6 3
BITMAP
FC
FC
30
30
30
ENDCHAR
STARTCHAR 02D6
ENCODING 726
SWIDTH 600 0
DWIDTH 18 0
BBX 6 5 6 3
BITMAP
30
30
FC
FC
30
ENDCHAR
STARTCHAR 02D7
ENCODING 727
SWIDTH 600 0
DWIDTH 18 0
BBX 10 3 4 4
BITMAP
FFC0
FFC0
FFC0
ENDCHAR
STARTCHAR 02D8
ENCODING 728
SWIDTH 600 0
DWIDTH 18 0
BBX 10 4 4 17
BITMAP
C0C0
F3C0
7F80
3F00
ENDCHAR
STARTCHAR 02D9
ENCODING 729
SWIDTH 600 0
DWIDTH 18 0
BBX 4 3 7 19
BITMAP
F0
F0
F0
ENDCHAR
STARTCHAR 02DA
ENCODING 730
SWIDTH 600 0
DWIDTH 18 0
BBX 8 6 5 17
BITMAP
3C
7E
E7
E7
7E
3C
ENDCHAR
STARTCHAR 02DB
ENCODING 731
SWIDTH 600 0
DWIDTH 18 0
BBX 6 6 6 -6
BITMAP
30
60
E0
E0
FC
7C
ENDCHAR
STARTCHAR 02DC
ENCODING 732
SWIDTH 600 0
DWIDTH 18 0
BBX 12 4 3 17
BITMAP
3C30
7FE0
FFE0
C3C0
ENDCHAR
STARTCHAR 02DD
ENCODING 733
SWIDTH 600 0
DWIDTH 18 0
BBX 13 4 0 17
BITMAP
1E78
3CE0
71C0
E380
ENDCHAR
STARTCHAR 02DE
ENCODING 734
SWIDTH 600 0
DWIDTH 18 0
BBX 10 7 4 5
BITMAP
3000
F800
7800
7800
3F80
1FC0
0F80
ENDCHAR
STARTCHAR 02DF
ENCODING 735
SWIDTH 600 0
DWIDTH 18 0
BBX 9 11 4 12
BITMAP
0080
6180
7380
3F80
1F00
1E00
1F00
3F00
7380
E180
4080
ENDCHAR
STARTCHAR 02E0
ENCODING 736
SWIDTH 600 0
DWIDTH 18 0
BBX 10 16 4 2
BITMAP
E1C0
E1C0
E180
7380
7380
3F00
3F00
1E00
1E00
1E00
3F00
3300
3300
3300
3F00
1E00
ENDCHAR
STARTCHAR 02E1
ENCODING 737
SWIDTH 600 0
DWIDTH 18 0
BBX 2 15 8 7
BITMAP
C0
C0
C0
C0
C0
C0
C0
C0
C0
C0
C0
C0
C0
C0
C0
ENDCHAR
STARTCHAR 02E2
ENCODING 738
SWIDTH 600 0
DWIDTH 18 0
BBX 10 11 4 7
BITMAP
3F00
7F80
61C0
6000
7E00
3F80
07C0
01C0
E1C0
7F80
3F00
ENDCHAR
STARTCHAR 02E3
ENCODING 739
SWIDTH 600 0
DWIDTH 18 0
BBX 10 11 4 7
BITMAP
E1C0
7380
7380
3F00
1E00
1E00
1E00
3F00
7380
61C0
E1C0
ENDCHAR
STARTCHAR 02E4
ENCODING 740
SWIDTH 600 0
DWIDTH 18 0
BBX 10 15 4 7
BITMAP
1E00
7F80
7380
E1C0
E180
E000
E000
E000
7000
7E00
3E00
0E00
0E00
0E00
0E00
ENDCHAR
STARTCHAR 02E5
ENCODING 741
SWIDTH 600 0
DWIDTH 18 0
BBX 8 22 5 0
BITMAP
FF
FF
FF
07
07
07
07
07
07
07
07
07
07
07
07
07
07
07
07
07
07
07
ENDCHAR
STARTCHAR 02E6
ENCODING 742
SWIDTH 600 0
DWIDTH 18 0
BBX 8 22 5 0
BITMAP
07
07
07
07
07
FF
FF
FF
07
07
07
07
07
07
07
07
07
07
07
07
07
07
ENDCHAR
STARTCHAR 02E7
ENCODING 743
SWIDTH 600 0
DWIDTH 18 0
BBX 8 22 5 0
BITMAP
07
07
07
07
07
07
07
07
07
07
FF
FF
FF
07
07
07
07
07
07
07
07
07
ENDCHAR
STARTCHAR 02E8
ENCODING 744
SWIDTH 600 0
DWIDTH 18 0
BBX 8 22 5 0
BITMAP
07
07
07
07
07
07
07
07
07
07
07
07
07
07
07
FF
FF
FF
07
07
07
07
ENDCHAR
STARTCHAR 02E9
ENCODING 745
SWIDTH 600 0
DWIDTH 18 0
BBX 8 22 5 0
BITMAP
07
07
07
07
07
07
07
07
07
07
07
07
07
07
07
07
07
07
07
FF
FF
FF
ENDCHAR
STARTCHAR 02EA
ENCODING 746
SWIDTH 600 0
DWIDTH 18 0
BBX 8 13 5 0
BITMAP
C0
C0
C0
C0
C0
C0
C0
C0
C0
C0
C0
FF
FF
ENDCHAR
STARTCHAR 02EB
ENCODING 747
SWIDTH 600 0
DWIDTH 18 0
BBX 8 13 5 0
BITMAP
C0
C0
C0
C0
C0
C0
FF
FF
C0
C0
C0
C0
C0
ENDCHAR
STARTCHAR 02EC
ENCODING 748
SWIDTH 600 0
DWIDTH 18 0
BBX 10 4 4 -8
BITMAP
E1C0
7380
3F00
1E00
ENDCHAR
STARTCHAR 02ED
ENCODING 749
SWIDTH 600 0
DWIDTH 18 0
BBX 8 5 5 17
BITMAP
FF
FF
00
FF
FF
ENDCHAR
STARTCHAR 02EE
ENCODING 750
SWIDTH 600 0
DWIDTH 18 0
BBX 12 8 3 12
BITMAP
F9F0
F9F0
F9F0
F9F0
3860
3060
30E0
60C0
ENDCHAR
STARTCHAR 02EF
ENCODING 751
SWIDTH 600 0
DWIDTH 18 0
BBX 6 4 2 -5
BITMAP
CC
78
30
30
ENDCHAR
STARTCHAR 02F0
ENCODING 752
SWIDTH 600 0
DWIDTH 18 0
BBX 6 4 2 -5
BITMAP
30
30
78
CC
ENDCHAR
STARTCHAR 02F1
ENCODING 753
SWIDTH 600 0
DWIDTH 18 0
BBX 4 6 3 -6
BITMAP
10
30
E0
E0
30
10
ENDCHAR
STARTCHAR 02F2
ENCODING 754
SWIDTH 600 0
DWIDTH 18 0
BBX 4 6 3 -6
BITMAP
80
C0
70
70
C0
80
ENDCHAR
STARTCHAR 02F3
ENCODING 755
SWIDTH 600 0
DWIDTH 18 0
BBX 6 6 2 -7
BITMAP
78
78
CC
CC
78
78
ENDCHAR
STARTCHAR 02F4
ENCODING 756
SWIDTH 600 0
DWIDTH 18 0
BBX 6 4 1 3
BITMAP
F0
78
38
1C
ENDCHAR
STARTCHAR 02F5
ENCODING 757
SWIDTH 600 0
DWIDTH 18 0
BBX 12 4 -1 3
BITMAP
F7C0
79C0
3CE0
0C70
ENDCHAR
STARTCHAR 02F6
ENCODING 758
SWIDTH 600 0
DWIDTH 18 0
BBX 12 4 -1 3
BITMAP
3CF0
39E0
7380
E300
ENDCHAR
STARTCHAR 02F7
ENCODING 759
SWIDTH 600 0
DWIDTH 18 0
BBX 10 4 0 -6
BITMAP
70C0
FCC0
CFC0
C380
ENDCHAR
STARTCHAR 02F8
ENCODING 760
SWIDTH 600 0
DWIDTH 18 0
BBX 4 15 3 7
BITMAP
F0
F0
F0
F0
00
00
00
00
00
00
00
F0
F0
F0
F0
ENDCHAR
STARTCHAR 02F9
ENCODING 761
SWIDTH 600 0
DWIDTH 18 0
BBX 6 5 2 17
BITMAP
FC
FC
C0
C0
C0
ENDCHAR
STARTCHAR 02FA
ENCODING 762
SWIDTH 600 0
DWIDTH 18 0
BBX 6 5 2 17
BITMAP
FC
FC
0C
0C
0C
ENDCHAR
STARTCHAR 02FB
ENCODING 763
SWIDTH 600 0
DWIDTH 18 0
BBX 6 5 2 -6
BITMAP
C0
C0
C0
FC
FC
ENDCHAR
STARTCHAR 02FC
ENCODING 764
SWIDTH 600 0
DWIDTH 18 0
BBX 6 5 2 -6
BITMAP
0C
0C
0C
FC
FC
ENDCHAR
STARTCHAR 02FD
ENCODING 765
SWIDTH 600 0
DWIDTH 18 0
BBX 11 6 0 -7
BITMAP
E060
E060
E060
E060
FFE0
FFE0
ENDCHAR
STARTCHAR 02FE
ENCODING 766
SWIDTH 600 0
DWIDTH 18 0
BBX 11 6 0 -7
BITMAP
E000
E000
E000
E000
FFE0
FFE0
ENDCHAR
STARTCHAR 02FF
ENCODING 767
SWIDTH 600 0
DWIDTH 18 0
BBX 8 9 1 -7
BITMAP
30
30
60
C0
FF
C0
60
20
30
ENDCHAR
STARTCHAR 0300
ENCODING 768
SWIDTH 0 0
DWIDTH 0 0
BBX 6 4 -8 23
BITMAP
F0
78
38
1C
ENDCHAR
STARTCHAR 0301
ENCODING 769
SWIDTH 0 0
DWIDTH 0 0
BBX 6 4 -6 23
BITMAP
3C
78
70
E0
ENDCHAR
STARTCHAR 0302
ENCODING 770
SWIDTH 0 0
DWIDTH 0 0
BBX 11 4 -2 17
BITMAP
1F00
3F80
7BC0
E0E0
ENDCHAR
STARTCHAR 0303
ENCODING 771
SWIDTH 0 0
DWIDTH 0 0
BBX 11 4 -14 23
BITMAP
3860
7EE0
6FC0
C380
ENDCHAR
STARTCHAR 0304
ENCODING 772
SWIDTH 0 0
DWIDTH 0 0
BBX 9 2 -5 19
BITMAP
FF80
FF80
ENDCHAR
STARTCHAR 0305
ENCODING 773
SWIDTH 0 0
DWIDTH 0 0
BBX 17 1 -9 23
BITMAP
FFFF80
ENDCHAR
STARTCHAR 0306
ENCODING 774
SWIDTH 0 0
DWIDTH 0 0
BBX 10 5 -5 17
BITMAP
C0C0
E1C0
7380
7F80
1E00
ENDCHAR
STARTCHAR 0307
ENCODING 775
SWIDTH 0 0
DWIDTH 0 0
BBX 4 3 -2 19
BITMAP
F0
F0
F0
ENDCHAR
STARTCHAR 0308
ENCODING 776
SWIDTH 0 0
DWIDTH 0 0
BBX 10 3 -5 19
BITMAP
E1C0
E1C0
E1C0
ENDCHAR
STARTCHAR 0309
ENCODING 777
SWIDTH 0 0
DWIDTH 0 0
BBX 6 5 -7 21
BITMAP
F8
FC
0C
3C
30
ENDCHAR
STARTCHAR 030A
ENCODING 778
SWIDTH 0 0
DWIDTH 0 0
BBX 6 6 -3 17
BITMAP
78
78
CC
CC
78
78
ENDCHAR
STARTCHAR 030B
ENCODING 779
SWIDTH 0 0
DWIDTH 0 0
BBX 13 4 -7 17
BITMAP
1E78
3CF0
71C0
E380
ENDCHAR
STARTCHAR 030C
ENCODING 780
SWIDTH 0 0
DWIDTH 0 0
BBX 11 4 -2 17
BITMAP
E0E0
7BC0
3F80
1F00
ENDCHAR
STARTCHAR 030D
ENCODING 781
SWIDTH 0 0
DWIDTH 0 0
BBX 2 5 -1 16
BITMAP
C0
C0
C0
C0
C0
ENDCHAR
STARTCHAR 030E
ENCODING 782
SWIDTH 0 0
DWIDTH 0 0
BBX 6 5 -3 16
BITMAP
CC
CC
CC
CC
CC
ENDCHAR
STARTCHAR 030F
ENCODING 783
SWIDTH 0 0
DWIDTH 0 0
BBX 13 4 -7 17
BITMAP
F3C0
79E0
1C70
0E38
ENDCHAR
STARTCHAR 0310
ENCODING 784
SWIDTH 0 0
DWIDTH 0 0
BBX 10 8 -5 17
BITMAP
1E00
1E00
1E00
C0C0
E1C0
7380
7F80
1E00
ENDCHAR
STARTCHAR 0311
ENCODING 785
SWIDTH 0 0
DWIDTH 0 0
BBX 10 4 -5 17
BITMAP
3F00
7F80
F3C0
E1C0
ENDCHAR
STARTCHAR 0312
ENCODING 786
SWIDTH 0 0
DWIDTH 0 0
BBX 4 8 -2 12
BITMAP
70
60
E0
C0
F0
F0
F0
F0
ENDCHAR
STARTCHAR 0313
ENCODING 787
SWIDTH 0 0
DWIDTH 0 0
BBX 4 8 -2 12
BITMAP
F0
F0
F0
F0
30
70
60
E0
ENDCHAR
STARTCHAR 0314
ENCODING 788
SWIDTH 0 0
DWIDTH 0 0
BBX 4 8 -2 12
BITMAP
F0
F0
F0
F0
C0
E0
60
70
ENDCHAR
STARTCHAR 0315
ENCODING 789
SWIDTH 0 0
DWIDTH 0 0
BBX 5 8 0 12
BITMAP
F8
F8
F8
F8
30
30
70
60
ENDCHAR
STARTCHAR 0316
ENCODING 790
SWIDTH 0 0
DWIDTH 0 0
BBX 6 4 -3 -6
BITMAP
F0
78
38
1C
ENDCHAR
STARTCHAR 0317
ENCODING 791
SWIDTH 0 0
DWIDTH 0 0
BBX 6 4 -3 -6
BITMAP
3C
78
70
E0
ENDCHAR
STARTCHAR 0318
ENCODING 792
SWIDTH 0 0
DWIDTH 0 0
BBX 5 5 -3 -6
BITMAP
08
F8
F8
F8
08
ENDCHAR
STARTCHAR 0319
ENCODING 793
SWIDTH 0 0
DWIDTH 0 0
BBX 5 5 -2 -6
BITMAP
80
F8
F8
F8
80
ENDCHAR
STARTCHAR 031A
ENCODING 794
SWIDTH 0 0
DWIDTH 0 0
BBX 12 7 -6 18
BITMAP
FFF0
FFF0
0070
0070
0070
0070
0070
ENDCHAR
STARTCHAR 031B
ENCODING 795
SWIDTH 0 0
DWIDTH 0 0
BBX 5 10 0 11
BITMAP
78
78
78
78
18
18
30
70
E0
80
ENDCHAR
STARTCHAR 031C
ENCODING 796
SWIDTH 0 0
DWIDTH 0 0
BBX 4 6 -2 -7
BITMAP
30
70
C0
C0
70
30
ENDCHAR
STARTCHAR 031D
ENCODING 797
SWIDTH 0 0
DWIDTH 0 0
BBX 6 5 -3 -6
BITMAP
30
30
30
FC
FC
ENDCHAR
STARTCHAR 031E
ENCODING 798
SWIDTH 0 0
DWIDTH 0 0
BBX 6 5 -3 -6
BITMAP
FC
FC
30
30
30
ENDCHAR
STARTCHAR 031F
ENCODING 799
SWIDTH 0 0
DWIDTH 0 0
BBX 6 5 -3 -6
BITMAP
30
30
FC
30
30
ENDCHAR
STARTCHAR 0320
ENCODING 800
SWIDTH 0 0
DWIDTH 0 0
BBX 12 3 -6 -5
BITMAP
FFF0
FFF0
FFF0
ENDCHAR
STARTCHAR 0321
ENCODING 801
SWIDTH 0 0
DWIDTH 0 0
BBX 7 8 -3 -7
BITMAP
1E
1E
1E
1E
3E
FE
FC
F8
ENDCHAR
STARTCHAR 0322
ENCODING 802
SWIDTH 0 0
DWIDTH 0 0
BBX 8 8 0 -7
BITMAP
F0
F0
F0
F0
F8
FF
7F
3F
ENDCHAR
STARTCHAR 0323
ENCODING 803
SWIDTH 0 0
DWIDTH 0 0
BBX 4 3 -2 -5
BITMAP
F0
F0
F0
ENDCHAR
STARTCHAR 0324
ENCODING 804
SWIDTH 0 0
DWIDTH 0 0
BBX 10 3 -5 -6
BITMAP
E1C0
E1C0
E1C0
ENDCHAR
STARTCHAR 0325
ENCODING 805
SWIDTH 0 0
DWIDTH 0 0
BBX 6 6 -3 -7
BITMAP
78
78
CC
CC
78
78
ENDCHAR
STARTCHAR 0326
ENCODING 806
SWIDTH 0 0
DWIDTH 0 0
BBX 4 6 -2 -7
BITMAP
F0
F0
F0
30
60
60
ENDCHAR
STARTCHAR 0327
ENCODING 807
SWIDTH 0 0
DWIDTH 0 0
BBX 8 6 -4 -6
BITMAP
3E
7F
07
07
FE
FC
ENDCHAR
STARTCHAR 0328
ENCODING 808
SWIDTH 0 0
DWIDTH 0 0
BBX 6 6 -3 -6
BITMAP
30
60
E0
E0
7C
3C
ENDCHAR
STARTCHAR 0329
ENCODING 809
SWIDTH 0 0
DWIDTH 0 0
BBX 2 5 -1 -6
BITMAP
C0
C0
C0
C0
C0
ENDCHAR
STARTCHAR 032A
ENCODING 810
SWIDTH 0 0
DWIDTH 0 0
BBX 12 6 -6 -7
BITMAP
FFF0
FFF0
E070
E070
E070
E070
ENDCHAR
STARTCHAR 032B
ENCODING 811
SWIDTH 0 0
DWIDTH 0 0
BBX 10 3 -5 -5
BITMAP
CCC0
FFC0
7F80
ENDCHAR
STARTCHAR 032C
ENCODING 812
SWIDTH 0 0
DWIDTH 0 0
BBX 10 4 -5 -7
BITMAP
E1C0
7380
3F00
1E00
ENDCHAR
STARTCHAR 032D
ENCODING 813
SWIDTH 0 0
DWIDTH 0 0
BBX 10 4 -5 -7
BITMAP
1E00
3F00
7380
E1C0
ENDCHAR
STARTCHAR 032E
ENCODING 814
SWIDTH 0 0
DWIDTH 0 0
BBX 10 4 -5 -7
BITMAP
C1C0
F3C0
7F80
3F00
ENDCHAR
STARTCHAR 032F
ENCODING 815
SWIDTH 0 0
DWIDTH 0 0
BBX 10 4 -5 -6
BITMAP
3E00
7F80
F3C0
E1C0
ENDCHAR
STARTCHAR 0330
ENCODING 816
SWIDTH 0 0
DWIDTH 0 0
BBX 11 4 -2 -6
BITMAP
7860
FEE0
EFE0
C3C0
ENDCHAR
STARTCHAR 0331
ENCODING 817
SWIDTH 0 0
DWIDTH 0 0
BBX 9 2 -4 -5
BITMAP
FF80
FF80
ENDCHAR
STARTCHAR 0332
ENCODING 818
SWIDTH 0 0
DWIDTH 0 0
BBX 18 1 -8 -3
BITMAP
FFFFC0
ENDCHAR
STARTCHAR 0333
ENCODING 819
SWIDTH 0 0
DWIDTH 0 0
BBX 10 8 -5 -11
BITMAP
FFC0
FFC0
FFC0
0000
0000
FFC0
FFC0
FFC0
ENDCHAR
STARTCHAR 0334
ENCODING 820
SWIDTH 0 0
DWIDTH 0 0
BBX 11 4 -2 3
BITMAP
7860
FFE0
FFE0
C3C0
ENDCHAR
STARTCHAR 0335
ENCODING 821
SWIDTH 0 0
DWIDTH 0 0
BBX 10 3 -5 4
BITMAP
FFC0
FFC0
FFC0
ENDCHAR
STARTCHAR 0336
ENCODING 822
SWIDTH 0 0
DWIDTH 0 0
BBX 18 3 -9 4
BITMAP
FFFFC0
FFFFC0
FFFFC0
ENDCHAR
STARTCHAR 0337
ENCODING 823
SWIDTH 0 0
DWIDTH 0 0
BBX 14 14 -7 0
BITMAP
0010
0038
007C
00F8
01F0
03E0
07C0
0F80
1F00
3E00
7C00
F800
7000
2000
ENDCHAR
STARTCHAR 0338
ENCODING 824
SWIDTH 0 0
DWIDTH 0 0
BBX 8 22 -4 -1
BITMAP
0F
0E
0E
0E
0E
0E
1C
1C
1C
1C
1C
38
38
38
38
38
78
70
70
70
70
F0
ENDCHAR
STARTCHAR 0339
ENCODING 825
SWIDTH 0 0
DWIDTH 0 0
BBX 4 6 -2 -7
BITMAP
C0
E0
30
30
E0
C0
ENDCHAR
STARTCHAR 033A
ENCODING 826
SWIDTH 0 0
DWIDTH 0 0
BBX 12 6 -6 -7
BITMAP
E070
E070
E070
E070
FFF0
FFF0
ENDCHAR
STARTCHAR 033B
ENCODING 827
SWIDTH 0 0
DWIDTH 0 0
BBX 6 6 -3 -7
BITMAP
FC
CC
CC
CC
CC
FC
ENDCHAR
STARTCHAR 033C
ENCODING 828
SWIDTH 0 0
DWIDTH 0 0
BBX 10 3 -5 -5
BITMAP
7F80
FFC0
0C00
ENDCHAR
STARTCHAR 033D
ENCODING 829
SWIDTH 0 0
DWIDTH 0 0
BBX 6 5 -3 17
BITMAP
CC
78
30
78
CC
ENDCHAR
STARTCHAR 033E
ENCODING 830
SWIDTH 0 0
DWIDTH 0 0
BBX 2 8 -1 17
BITMAP
C0
C0
80
C0
C0
40
C0
80
ENDCHAR
STARTCHAR 033F
ENCODING 831
SWIDTH 0 0
DWIDTH 0 0
BBX 18 4 -9 23
BITMAP
FFFFC0
000000
000000
FFFFC0
ENDCHAR
STARTCHAR 0340
ENCODING 832
SWIDTH 0 0
DWIDTH 0 0
BBX 6 4 -6 18
BITMAP
F0
78
38
1C
ENDCHAR
STARTCHAR 0341
ENCODING 833
SWIDTH 0 0
DWIDTH 0 0
BBX 6 4 0 18
BITMAP
3C
78
70
E0
ENDCHAR
STARTCHAR 0342
ENCODING 834
SWIDTH 0 0
DWIDTH 0 0
BBX 10 4 -5 18
BITMAP
78C0
FCC0
CFC0
C380
ENDCHAR
STARTCHAR 0343
ENCODING 835
SWIDTH 0 0
DWIDTH 0 0
BBX 4 8 -2 14
BITMAP
F0
F0
F0
F0
30
70
60
E0
ENDCHAR
STARTCHAR 0344
ENCODING 836
SWIDTH 0 0
DWIDTH 0 0
BBX 14 5 -7 17
BITMAP
03C0
0380
E71C
E71C
E61C
ENDCHAR
STARTCHAR 0345
ENCODING 837
SWIDTH 0 0
DWIDTH 0 0
BBX 3 4 -1 -6
BITMAP
C0
C0
E0
E0
ENDCHAR
STARTCHAR 0346
ENCODING 838
SWIDTH 0 0
DWIDTH 0 0
BBX 12 6 -6 17
BITMAP
FFF0
FFF0
E070
E070
E070
E070
ENDCHAR
STARTCHAR 0347
ENCODING 839
SWIDTH 0 0
DWIDTH 0 0
BBX 14 4 -7 -6
BITMAP
FFFC
FFFC
FFFC
FFFC
ENDCHAR
STARTCHAR 0348
ENCODING 840
SWIDTH 0 0
DWIDTH 0 0
BBX 6 5 -3 -6
BITMAP
CC
CC
CC
CC
CC
ENDCHAR
STARTCHAR 0349
ENCODING 841
SWIDTH 0 0
DWIDTH 0 0
BBX 5 5 -3 -6
BITMAP
F8
F8
08
08
08
ENDCHAR
STARTCHAR 034A
ENCODING 842
SWIDTH 0 0
DWIDTH 0 0
BBX 10 5 -5 18
BITMAP
7EC0
FCC0
CFC0
DB80
1800
ENDCHAR
STARTCHAR 034B
ENCODING 843
SWIDTH 0 0
DWIDTH 0 0
BBX 8 8 -4 18
BITMAP
18
18
71
FF
8E
00
18
18
ENDCHAR
STARTCHAR 034C
ENCODING 844
SWIDTH 0 0
DWIDTH 0 0
BBX 10 9 -5 17
BITMAP
78C0
FCC0
CFC0
C380
0000
78C0
FCC0
CFC0
C380
ENDCHAR
STARTCHAR 034D
ENCODING 845
SWIDTH 0 0
DWIDTH 0 0
BBX 8 3 -4 -5
BITMAP
42
FF
42
ENDCHAR
STARTCHAR 034E
ENCODING 846
SWIDTH 0 0
DWIDTH 0 0
BBX 4 5 -2 -6
BITMAP
60
F0
60
60
60
ENDCHAR
STARTCHAR 034F
ENCODING 847
SWIDTH 0 0
DWIDTH 0 0
BBX 22 22 -11 0
BITMAP
F8787C
F8787C
C0000C
C0000C
C0B40C
008400
020100
020100
CC00CC
C0004C
C8004C
C8004C
C0000C
0C00C0
000040
020180
020000
C0B40C
C0840C
C0000C
F8787C
F8787C
ENDCHAR
STARTCHAR 0350
ENCODING 848
SWIDTH 0 0
DWIDTH 0 0
BBX 4 6 -2 17
BITMAP
80
C0
70
70
C0
80
ENDCHAR
STARTCHAR 0351
ENCODING 849
SWIDTH 0 0
DWIDTH 0 0
BBX 4 6 -2 17
BITMAP
30
70
C0
C0
70
30
ENDCHAR
STARTCHAR 0352
ENCODING 850
SWIDTH 0 0
DWIDTH 0 0
BBX 10 8 -5 18
BITMAP
1E00
3F00
7380
6180
E1C0
1E00
1E00
1E00
ENDCHAR
STARTCHAR 0353
ENCODING 851
SWIDTH 0 0
DWIDTH 0 0
BBX 6 6 -3 -6
BITMAP
48
FC
78
78
FC
48
ENDCHAR
STARTCHAR 0354
ENCODING 852
SWIDTH 0 0
DWIDTH 0 0
BBX 4 6 -2 -6
BITMAP
10
30
E0
E0
30
10
ENDCHAR
STARTCHAR 0355
ENCODING 853
SWIDTH 0 0
DWIDTH 0 0
BBX 4 6 -2 -6
BITMAP
80
C0
70
70
C0
80
ENDCHAR
STARTCHAR 0356
ENCODING 854
SWIDTH 0 0
DWIDTH 0 0
BBX 10 6 -4 -6
BITMAP
8000
C300
7300
7780
CCC0
8000
ENDCHAR
STARTCHAR 0357
ENCODING 855
SWIDTH 0 0
DWIDTH 0 0
BBX 4 6 -2 17
BITMAP
C0
E0
30
30
E0
C0
ENDCHAR
STARTCHAR 0358
ENCODING 856
SWIDTH 0 0
DWIDTH 0 0
BBX 2 3 4 17
BITMAP
C0
C0
C0
ENDCHAR
STARTCHAR 0359
ENCODING 857
SWIDTH 0 0
DWIDTH 0 0
BBX 4 5 -2 -6
BITMAP
60
F0
F0
F0
90
ENDCHAR
STARTCHAR 035A
ENCODING 858
SWIDTH 0 0
DWIDTH 0 0
BBX 10 6 -5 -7
BITMAP
7780
FFC0
CCC0
CCC0
FFC0
7F80
ENDCHAR
STARTCHAR 035B
ENCODING 859
SWIDTH 0 0
DWIDTH 0 0
BBX 6 7 -3 17
BITMAP
60
60
40
FC
FC
08
18
ENDCHAR
STARTCHAR 035C
ENCODING 860
SWIDTH 0 0
DWIDTH 0 0
BBX 22 6 -2 -7
BITMAP
E0000C
E0001C
780078
3E01F0
0FFFC0
01FF00
ENDCHAR
STARTCHAR 035D
ENCODING 861
SWIDTH 0 0
DWIDTH 0 0
BBX 22 6 -2 18
BITMAP
E0000C
E0001C
780078
3E01F0
0FFFC0
01FF00
ENDCHAR
STARTCHAR 035E
ENCODING 862
SWIDTH 0 0
DWIDTH 0 0
BBX 18 2 -3 18
BITMAP
FFFFC0
FFFFC0
ENDCHAR
STARTCHAR 035F
ENCODING 863
SWIDTH 0 0
DWIDTH 0 0
BBX 18 2 -3 -4
BITMAP
FFFFC0
FFFFC0
ENDCHAR
STARTCHAR 0360
ENCODING 864
SWIDTH 0 0
DWIDTH 0 0
BBX 23 5 -2 18
BITMAP
1F800E
7FF81C
F3FFFC
E01FF8
C00000
ENDCHAR
STARTCHAR 0361
ENCODING 865
SWIDTH 0 0
DWIDTH 0 0
BBX 22 6 -2 18
BITMAP
01FF00
0FFFC0
3E01F0
780078
E0001C
E0000C
ENDCHAR
STARTCHAR 0362
ENCODING 866
SWIDTH 0 0
DWIDTH 0 0
BBX 17 5 -3 -6
BITMAP
000100
000100
FFFF80
FFFF00
000100
ENDCHAR
STARTCHAR 0363
ENCODING 867
SWIDTH 0 0
DWIDTH 0 0
BBX 10 11 -5 7
BITMAP
3E00
7F00
E380
0380
7F80
FF80
E380
E380
E780
FDC0
79C0
ENDCHAR
STARTCHAR 0364
ENCODING 868
SWIDTH 0 0
DWIDTH 0 0
BBX 10 11 -5 7
BITMAP
1E00
7F80
7180
E1C0
FFC0
FFC0
E000
E000
71C0
7F80
1F00
ENDCHAR
STARTCHAR 0365
ENCODING 869
SWIDTH 0 0
DWIDTH 0 0
BBX 2 15 -1 7
BITMAP
C0
C0
00
00
C0
C0
C0
C0
C0
C0
C0
C0
C0
C0
C0
ENDCHAR
STARTCHAR 0366
ENCODING 870
SWIDTH 0 0
DWIDTH 0 0
BBX 10 11 -5 7
BITMAP
3F00
7F80
E1C0
E1C0
E1C0
E0C0
E1C0
E1C0
E3C0
7F80
3F00
ENDCHAR
STARTCHAR 0367
ENCODING 871
SWIDTH 0 0
DWIDTH 0 0
BBX 10 11 -5 7
BITMAP
E1C0
E1C0
E1C0
E1C0
E1C0
E1C0
E1C0
E1C0
F3C0
7FC0
3DC0
ENDCHAR
STARTCHAR 0368
ENCODING 872
SWIDTH 0 0
DWIDTH 0 0
BBX 10 11 -5 7
BITMAP
1F00
7F80
73C0
E1C0
E000
E000
E000
E1C0
71C0
7F80
1F00
ENDCHAR
STARTCHAR 0369
ENCODING 873
SWIDTH 0 0
DWIDTH 0 0
BBX 10 15 -5 7
BITMAP
01C0
01C0
01C0
01C0
3DC0
7FC0
F3C0
E1C0
E1C0
E1C0
E1C0
E1C0
F3C0
7FC0
3DC0
ENDCHAR
STARTCHAR 036A
ENCODING 874
SWIDTH 0 0
DWIDTH 0 0
BBX 10 15 -5 7
BITMAP
E000
E000
E000
E000
EF00
FF80
F3C0
E1C0
E1C0
E1C0
E1C0
E1C0
E1C0
E1C0
E1C0
ENDCHAR
STARTCHAR 036B
ENCODING 875
SWIDTH 0 0
DWIDTH 0 0
BBX 16 11 -8 7
BITMAP
EF1C
FFBE
F3CF
E3C7
E187
E187
E187
E187
E187
E187
E187
ENDCHAR
STARTCHAR 036C
ENCODING 876
SWIDTH 0 0
DWIDTH 0 0
BBX 6 11 -3 7
BITMAP
EC
FC
F8
E0
E0
E0
E0
E0
E0
E0
E0
ENDCHAR
STARTCHAR 036D
ENCODING 877
SWIDTH 0 0
DWIDTH 0 0
BBX 6 14 -3 7
BITMAP
30
30
30
FC
FC
70
70
70
70
70
70
70
7C
3C
ENDCHAR
STARTCHAR 036E
ENCODING 878
SWIDTH 0 0
DWIDTH 0 0
BBX 10 11 -5 7
BITMAP
E1C0
E1C0
E1C0
6180
7380
7380
3300
3F00
3F00
1E00
1E00
ENDCHAR
STARTCHAR 036F
ENCODING 879
SWIDTH 0 0
DWIDTH 0 0
BBX 10 11 -5 7
BITMAP
E1C0
7380
7380
3F00
1E00
1E00
1E00
3F00
7380
6180
E1C0
ENDCHAR
STARTCHAR 0374
ENCODING 884
SWIDTH 0 0
DWIDTH 0 0
BBX 6 4 3 18
BITMAP
3C
78
70
E0
ENDCHAR
STARTCHAR 0375
ENCODING 885
SWIDTH 0 0
DWIDTH 0 0
BBX 6 4 1 -6
BITMAP
1C
38
78
F0
ENDCHAR
STARTCHAR 037A
ENCODING 890
SWIDTH 0 0
DWIDTH 0 0
BBX 4 4 3 -6
BITMAP
C0
C0
F0
70
ENDCHAR
STARTCHAR 037B
ENCODING 891
SWIDTH 600 0
DWIDTH 18 0
BBX 14 16 2 0
BITMAP
0FC0
3FF0
7FF8
F878
F07C
003C
003C
003C
003C
003C
F03C
F07C
F878
7FF8
3FF0
0FC0
ENDCHAR
STARTCHAR 037C
ENCODING 892
SWIDTH 600 0
DWIDTH 18 0
BBX 14 16 2 0
BITMAP
0FC0
3FF0
7FF8
787C
F83C
F000
F380
F380
F380
F380
F03C
F83C
787C
7FF8
3FF0
0FC0
ENDCHAR
STARTCHAR 037D
ENCODING 893
SWIDTH 600 0
DWIDTH 18 0
BBX 14 16 2 0
BITMAP
0FC0
3FF0
7FF8
F878
F07C
003C
07BC
07BC
07BC
07BC
F03C
F07C
F878
7FF8
3FF0
0FC0
ENDCHAR
STARTCHAR 037E
ENCODING 894
SWIDTH 600 0
DWIDTH 18 0
BBX 7 22 5 -6
BITMAP
3C
3C
3C
3C
00
00
00
00
00
00
00
00
3E
3C
3C
78
78
70
70
E0
E0
E0
ENDCHAR
STARTCHAR 0384
ENCODING 900
SWIDTH 600 0
DWIDTH 18 0
BBX 5 5 7 18
BITMAP
78
F0
E0
E0
C0
ENDCHAR
STARTCHAR 0385
ENCODING 901
SWIDTH 600 0
DWIDTH 18 0
BBX 10 6 4 18
BITMAP
0F00
0E00
0E00
EDC0
EDC0
EDC0
ENDCHAR
STARTCHAR 0386
ENCODING 902
SWIDTH 600 0
DWIDTH 18 0
BBX 18 20 0 0
BITMAP
7BF000
73F000
E3F000
E7F800
C7F800
073800
0F3C00
0F3C00
0F3C00
1E1E00
1E1E00
1E1E00
3FFF00
3FFF00
3FFF00
7C0F80
780780
780780
F807C0
F003C0
ENDCHAR
STARTCHAR 0387
ENCODING 903
SWIDTH 600 0
DWIDTH 18 0
BBX 4 4 7 6
BITMAP
F0
F0
F0
F0
ENDCHAR
STARTCHAR 0388
ENCODING 904
SWIDTH 600 0
DWIDTH 18 0
BBX 18 20 -1 0
BITMAP
7BFFC0
73FFC0
63FFC0
E3C000
C3C000
03C000
03C000
03C000
03FF80
03FF80
03FF80
03C000
03C000
03C000
03C000
03C000
03C000
03FFC0
03FFC0
03FFC0
ENDCHAR
STARTCHAR 0389
ENCODING 905
SWIDTH 600 0
DWIDTH 18 0
BBX 18 20 -1 0
BITMAP
7BC3C0
73C3C0
63C3C0
E3C3C0
C3C3C0
03C3C0
03C3C0
03C3C0
03FFC0
03FFC0
03FFC0
03FFC0
03C3C0
03C3C0
03C3C0
03C3C0
03C3C0
03C3C0
03C3C0
03C3C0
ENDCHAR
STARTCHAR 038A
ENCODING 906
SWIDTH 600 0
DWIDTH 18 0
BBX 19 20 -1 0
BITMAP
7FFFE0
77FFE0
67FFE0
E03C00
C03C00
003C00
003C00
003C00
003C00
003C00
003C00
003C00
003C00
003C00
003C00
003C00
003C00
07FFE0
07FFE0
07FFE0
ENDCHAR
STARTCHAR 038C
ENCODING 908
SWIDTH 600 0
DWIDTH 18 0
BBX 19 20 -1 0
BITMAP
787C00
71FF00
63FF80
E7EF80
C787C0
0F83C0
0F83C0
0F03C0
0F03E0
0F03E0
0F03E0
0F03E0
0F03C0
0F83C0
0F83C0
0787C0
07EF80
03FF80
01FF00
007C00
ENDCHAR
STARTCHAR 038E
ENCODING 910
SWIDTH 600 0
DWIDTH 18 0
BBX 19 20 -1 0
BITMAP
7F81E0
73C3C0
63C3C0
E3C3C0
C1E780
01E780
01E780
00FF00
00FF00
007E00
007E00
007E00
003C00
003C00
003C00
003C00
003C00
003C00
003C00
003C00
ENDCHAR
STARTCHAR 038F
ENCODING 911
SWIDTH 600 0
DWIDTH 18 0
BBX 19 20 -1 0
BITMAP
787C00
71FF00
63FF80
E7EFC0
C783C0
0F03C0
0F03E0
0F01E0
0F01E0
0F01E0
0F01E0
0F01C0
0703C0
0783C0
038780
03C700
01CE00
0FCFE0
0FCFE0
0FCFE0
ENDCHAR
STARTCHAR 0390
ENCODING 912
SWIDTH 600 0
DWIDTH 18 0
BBX 15 24 2 0
BITMAP
03C0
0380
0380
7370
7370
7670
0000
0000
FF00
FF00
FF00
0F00
0F00
0F00
0F00
0F00
0F00
0F00
0F00
0F08
0F9C
07FE
07FC
01F0
ENDCHAR
STARTCHAR 0391
ENCODING 913
SWIDTH 600 0
DWIDTH 18 0
BBX 18 20 0 0
BITMAP
03F000
03F000
03F000
07F800
07F800
073800
0F3C00
0F3C00
0F3C00
1E1E00
1E1E00
1E1E00
3FFF00
3FFF00
3FFF00
7C0F80
780780
780780
F807C0
F003C0
ENDCHAR
STARTCHAR 0392
ENCODING 914
SWIDTH 600 0
DWIDTH 18 0
BBX 15 20 2 0
BITMAP
FFE0
FFF8
FFFC
F07C
F03C
F03C
F03C
F07C
FFF8
FFC0
FFF8
F03C
F01E
F01E
F01E
F01E
F03E
FFFC
FFFC
FFF0
ENDCHAR
STARTCHAR 0393
ENCODING 915
SWIDTH 600 0
DWIDTH 18 0
BBX 14 20 3 0
BITMAP
FFFC
FFFC
FFFC
F000
F000
F000
F000
F000
F000
F000
F000
F000
F000
F000
F000
F000
F000
F000
F000
F000
ENDCHAR
STARTCHAR 0394
ENCODING 916
SWIDTH 600 0
DWIDTH 18 0
BBX 18 20 0 0
BITMAP
03F000
03F000
03F800
07F800
07F800
0F3C00
0F3C00
0F3C00
1E1E00
1E1E00
1E1E00
3C0F00
3C0F00
7C0F80
780780
780780
FFFFC0
FFFFC0
FFFFC0
FFFFC0
ENDCHAR
STARTCHAR 0395
ENCODING 917
SWIDTH 600 0
DWIDTH 18 0
BBX 15 20 2 0
BITMAP
FFFC
FFFC
FFFC
F000
F000
F000
F000
F000
FFF8
FFF8
FFF8
F000
F000
F000
F000
F000
F000
FFFE
FFFE
FFFE
ENDCHAR
STARTCHAR 0396
ENCODING 918
SWIDTH 600 0
DWIDTH 18 0
BBX 16 20 1 0
BITMAP
7FFE
7FFE
7FFE
003E
007C
0078
00F8
01F0
03E0
03C0
07C0
0F80
1F00
1E00
3E00
7C00
7800
FFFF
FFFF
FFFF
ENDCHAR
STARTCHAR 0397
ENCODING 919
SWIDTH 600 0
DWIDTH 18 0
BBX 14 20 2 0
BITMAP
F03C
F03C
F03C
F03C
F03C
F03C
F03C
F03C
FFFC
FFFC
FFFC
FFFC
F03C
F03C
F03C
F03C
F03C
F03C
F03C
F03C
ENDCHAR
STARTCHAR 0398
ENCODING 920
SWIDTH 600 0
DWIDTH 18 0
BBX 16 20 1 0
BITMAP
07E0
1FF8
3FFC
7FFE
7C3E
F81F
F81F
F00F
F7EF
F7EF
F7EF
F00F
F00F
F81F
F81F
7C3E
7FFE
3FFC
1FF8
07E0
ENDCHAR
STARTCHAR 0399
ENCODING 921
SWIDTH 600 0
DWIDTH 18 0
BBX 14 20 2 0
BITMAP
FFFC
FFFC
FFFC
0780
0780
0780
0780
0780
0780
0780
0780
0780
0780
0780
0780
0780
0780
FFFC
FFFC
FFFC
ENDCHAR
STARTCHAR 039A
ENCODING 922
SWIDTH 600 0
DWIDTH 18 0
BBX 16 20 2 0
BITMAP
F03E
F03E
F07C
F0F8
F1F0
F1E0
F3E0
F7C0
F780
FFC0
FFC0
FFE0
FDE0
F9F0
F0F8
F0F8
F07C
F07C
F03E
F01F
ENDCHAR
STARTCHAR 039B
ENCODING 923
SWIDTH 600 0
DWIDTH 18 0
BBX 18 20 0 0
BITMAP
01E000
03F000
03F000
03F000
07F800
07F800
07F800
0F3C00
0F3C00
0F3C00
1E1E00
1E1E00
1E1E00
3E1F00
3C0F00
3C0F00
7C0F80
780780
780780
F807C0
ENDCHAR
STARTCHAR 039C
ENCODING 924
SWIDTH 600 0
DWIDTH 18 0
BBX 16 20 1 0
BITMAP
FC3F
FC3F
FC3F
FC3F
FE7F
FE7F
FE7F
FE7F
F7EF
F7EF
F7EF
F3EF
F3CF
F3CF
F3CF
F00F
F00F
F00F
F00F
F00F
ENDCHAR
STARTCHAR 039D
ENCODING 925
SWIDTH 600 0
DWIDTH 18 0
BBX 14 20 2 0
BITMAP
F83C
F83C
FC3C
FC3C
FE3C
EE3C
EE3C
FF3C
F73C
F73C
F7BC
F3BC
F3FC
F1FC
F1DC
F1FC
F0FC
F0FC
F0FC
F07C
ENDCHAR
STARTCHAR 039E
ENCODING 926
SWIDTH 600 0
DWIDTH 18 0
BBX 14 20 2 0
BITMAP
FFFC
FFFC
FFFC
FFFC
0000
0000
0000
0000
3FF0
3FF0
3FF0
0000
0000
0000
0000
0000
FFFC
FFFC
FFFC
FFFC
ENDCHAR
STARTCHAR 039F
ENCODING 927
SWIDTH 600 0
DWIDTH 18 0
BBX 16 20 1 0
BITMAP
07E0
1FF8
3FFC
7FFE
7C3E
781E
F81F
F81F
F00F
F00F
F00F
F01F
F81F
F81F
781E
7C3E
7FFE
3FFC
1FF8
07E0
ENDCHAR
STARTCHAR 03A0
ENCODING 928
SWIDTH 600 0
DWIDTH 18 0
BBX 14 20 2 0
BITMAP
FFFC
FFFC
FFFC
FFFC
F03C
F03C
F03C
F03C
F03C
F03C
F03C
F03C
F03C
F03C
F03C
F03C
F03C
F03C
F03C
F03C
ENDCHAR
STARTCHAR 03A1
ENCODING 929
SWIDTH 600 0
DWIDTH 18 0
BBX 15 20 2 0
BITMAP
FFE0
FFF8
FFFC
F0FC
F03E
F03E
F03E
F03E
F03C
F0FC
FFF8
FFF0
FFE0
F000
F000
F000
F000
F000
F000
F000
ENDCHAR
STARTCHAR 03A3
ENCODING 931
SWIDTH 600 0
DWIDTH 18 0
BBX 16 20 1 0
BITMAP
7FFE
7FFE
7FFE
7FFE
3E00
1F00
0F80
07C0
03E0
01E0
03E0
07C0
0F80
0F00
1E00
3C00
7FFF
FFFF
FFFF
FFFF
ENDCHAR
STARTCHAR 03A4
ENCODING 932
SWIDTH 600 0
DWIDTH 18 0
BBX 16 20 1 0
BITMAP
FFFF
FFFF
FFFF
03C0
03C0
03C0
03C0
03C0
03C0
03C0
03C0
03C0
03C0
03C0
03C0
03C0
03C0
03C0
03C0
03C0
ENDCHAR
STARTCHAR 03A5
ENCODING 933
SWIDTH 600 0
DWIDTH 18 0
BBX 18 20 0 0
BITMAP
F807C0
780780
7C0F80
3C0F00
1E1E00
1E1E00
0F3C00
0F3C00
07F800
07F800
03F000
01E000
01E000
01E000
01E000
01E000
01E000
01E000
01E000
01E000
ENDCHAR
STARTCHAR 03A6
ENCODING 934
SWIDTH 600 0
DWIDTH 18 0
BBX 18 20 0 0
BITMAP
01E000
01E000
0FF800
1FFE00
3FFF00
79E780
79E780
F1E3C0
F1E3C0
F1E3C0
F1E3C0
F1E3C0
79E780
79E780
3FFF00
1FFE00
07F800
01E000
01E000
01E000
ENDCHAR
STARTCHAR 03A7
ENCODING 935
SWIDTH 600 0
DWIDTH 18 0
BBX 18 20 0 0
BITMAP
780780
3C0F00
3E1F00
1E1E00
0F3C00
0FBC00
07F800
07F000
03F000
01E000
03F000
07F000
07F800
0FBC00
1F3C00
1E1E00
3E1F00
3C0F00
7C0780
F807C0
ENDCHAR
STARTCHAR 03A8
ENCODING 936
SWIDTH 600 0
DWIDTH 18 0
BBX 16 20 1 0
BITMAP
E3C7
E3C7
E3C7
E3C7
E3C7
E3C7
E3C7
E3C7
E3C7
F3CF
F3CF
7FFE
7FFE
1FF8
03C0
03C0
03C0
03C0
03C0
03C0
ENDCHAR
STARTCHAR 03A9
ENCODING 937
SWIDTH 600 0
DWIDTH 18 0
BBX 16 20 1 0
BITMAP
07E0
1FF8
3FFC
7E7E
783E
F81F
F81F
F00F
F00F
F00F
F00F
F00F
781E
781E
3C3C
1E78
0E70
FE7F
FE7F
FE7F
ENDCHAR
STARTCHAR 03AA
ENCODING 938
SWIDTH 600 0
DWIDTH 18 0
BBX 14 25 2 0
BITMAP
3CF0
3CF0
3CF0
0000
0000
FFFC
FFFC
FFFC
0780
0780
0780
0780
0780
0780
0780
0780
0780
0780
0780
0780
0780
0780
FFFC
FFFC
FFFC
ENDCHAR
STARTCHAR 03AB
ENCODING 939
SWIDTH 600 0
DWIDTH 18 0
BBX 18 25 0 0
BITMAP
0F3C00
0F3C00
0F3C00
000000
000000
F807C0
780780
7C0F80
3C0F00
1E1E00
1E1E00
0F3C00
0F3C00
07F800
07F800
03F000
01E000
01E000
01E000
01E000
01E000
01E000
01E000
01E000
01E000
ENDCHAR
STARTCHAR 03AC
ENCODING 940
SWIDTH 600 0
DWIDTH 18 0
BBX 17 23 1 0
BITMAP
00E000
01E000
01C000
018000
018000
000000
000000
0F8780
3FC700
7FEF00
787F00
F87E00
F83E00
F03E00
F03E00
F03E00
F03E00
F83E00
F87E00
786E00
7FEF00
3FCF00
1F8F00
ENDCHAR
STARTCHAR 03AD
ENCODING 941
SWIDTH 600 0
DWIDTH 18 0
BBX 14 23 2 0
BITMAP
01E0
01C0
0380
0380
0300
0000
0000
0FE0
3FF8
7FFC
F818
F000
7C00
3FC0
0FC0
7FC0
F800
F000
F008
F83C
7FFC
7FF8
0FC0
ENDCHAR
STARTCHAR 03AE
ENCODING 942
SWIDTH 600 0
DWIDTH 18 0
BBX 14 29 2 -6
BITMAP
01E0
01C0
0380
0380
0300
0000
0000
F1F0
F7F8
FFFC
FC7C
F83C
F83C
F03C
F03C
F03C
F03C
F03C
F03C
F03C
F03C
F03C
F03C
003C
003C
003C
003C
003C
003C
ENDCHAR
STARTCHAR 03AF
ENCODING 943
SWIDTH 600 0
DWIDTH 18 0
BBX 15 23 2 0
BITMAP
03C0
0380
0380
0300
0600
0000
0000
FF00
FF00
FF00
0F00
0F00
0F00
0F00
0F00
0F00
0F00
0F00
0F08
0F9C
07FE
07FC
01F0
ENDCHAR
STARTCHAR 03B0
ENCODING 944
SWIDTH 600 0
DWIDTH 18 0
BBX 14 24 2 0
BITMAP
03C0
0380
0380
7370
7770
7670
0000
0000
F078
F078
F03C
F03C
F03C
F03C
F03C
F03C
F03C
F03C
F03C
F83C
7878
7FF8
3FF0
0FC0
ENDCHAR
STARTCHAR 03B1
ENCODING 945
SWIDTH 600 0
DWIDTH 18 0
BBX 17 16 1 0
BITMAP
0F8780
3FC700
7FEF00
787F00
F87E00
F83E00
F03E00
F03E00
F03E00
F03E00
F83E00
F87E00
786E00
7FEF00
3FCF00
1F8F00
ENDCHAR
STARTCHAR 03B2
ENCODING 946
SWIDTH 600 0
DWIDTH 18 0
BBX 15 28 2 -6
BITMAP
0FE0
3FF0
7FF8
7878
F83C
F03C
F03C
F078
F0F8
F3F0
F3F0
F3F8
F07C
F01E
F01E
F01E
F01E
F01E
F83E
FFFC
FFF8
F3F0
F000
F000
F000
F000
F000
F000
ENDCHAR
STARTCHAR 03B3
ENCODING 947
SWIDTH 600 0
DWIDTH 18 0
BBX 16 22 1 -6
BITMAP
F00F
F00F
781E
781E
781E
3C3C
3C3C
1E38
1E78
1E78
0F70
0FF0
07E0
07E0
07E0
03C0
03C0
07C0
0780
0780
0780
0F80
ENDCHAR
STARTCHAR 03B4
ENCODING 948
SWIDTH 600 0
DWIDTH 18 0
BBX 16 22 1 0
BITMAP
3FFE
3FFE
1FFE
0F00
0780
03E0
01F0
07F8
1FFC
3E3C
7C3E
781E
F81F
F01F
F00F
F01F
F81F
781E
7C3E
3FFC
1FF8
07E0
ENDCHAR
STARTCHAR 03B5
ENCODING 949
SWIDTH 600 0
DWIDTH 18 0
BBX 14 16 2 0
BITMAP
0FE0
3FF8
7FFC
F818
F000
7C00
3FC0
0FC0
7FC0
F800
F000
F008
F83C
7FFC
7FF8
0FC0
ENDCHAR
STARTCHAR 03B6
ENCODING 950
SWIDTH 600 0
DWIDTH 18 0
BBX 15 28 2 -6
BITMAP
3FFC
3FFC
3FFC
0078
00F0
01E0
03C0
0780
0F00
1E00
1E00
3C00
7C00
7800
7800
F800
F800
7C00
7F00
3FF0
1FF8
07FC
007C
001E
001C
001C
001C
0008
ENDCHAR
STARTCHAR 03B7
ENCODING 951
SWIDTH 600 0
DWIDTH 18 0
BBX 14 22 2 -6
BITMAP
F1F0
F7F8
FFFC
FC7C
F83C
F83C
F03C
F03C
F03C
F03C
F03C
F03C
F03C
F03C
F03C
F03C
003C
003C
003C
003C
003C
003C
ENDCHAR
STARTCHAR 03B8
ENCODING 952
SWIDTH 600 0
DWIDTH 18 0
BBX 14 22 2 0
BITMAP
0FC0
1FE0
3FF0
7878
7878
7038
F03C
F03C
F03C
FFFC
FFFC
FFFC
F03C
F03C
F03C
F03C
7878
7878
7878
3FF0
1FE0
0FC0
ENDCHAR
STARTCHAR 03B9
ENCODING 953
SWIDTH 600 0
DWIDTH 18 0
BBX 15 16 2 0
BITMAP
FF00
FF00
FF00
0F00
0F00
0F00
0F00
0F00
0F00
0F00
0F00
0F08
0F9C
07FE
07FC
01F0
ENDCHAR
STARTCHAR 03BA
ENCODING 954
SWIDTH 600 0
DWIDTH 18 0
BBX 14 16 3 0
BITMAP
F078
F0F0
F1F0
F3E0
F3C0
F780
FF00
FF80
FF80
FBC0
F3E0
F1E0
F0F0
F0F8
F078
F07C
ENDCHAR
STARTCHAR 03BB
ENCODING 955
SWIDTH 600 0
DWIDTH 18 0
BBX 16 22 1 0
BITMAP
3E00
3F00
3F80
0780
03C0
03C0
03E0
01E0
03E0
03F0
07F0
07F0
0778
0F78
0F78
1E3C
1E3C
3C3C
3C1E
781E
781F
F80F
ENDCHAR
STARTCHAR 03BC
ENCODING 956
SWIDTH 600 0
DWIDTH 18 0
BBX 14 22 2 -6
BITMAP
F03C
F03C
F03C
F03C
F03C
F03C
F03C
F03C
F03C
F03C
F03C
F87C
F8FC
FFFC
FFBC
F73C
F000
F000
F000
F000
F000
F000
ENDCHAR
STARTCHAR 03BD
ENCODING 957
SWIDTH 600 0
DWIDTH 18 0
BBX 15 16 1 0
BITMAP
F03E
F01E
781E
781E
781E
3C1E
3C1E
3C3C
1E3C
1E3C
1E78
0F78
0FF0
07E0
07E0
07C0
ENDCHAR
STARTCHAR 03BE
ENCODING 958
SWIDTH 600 0
DWIDTH 18 0
BBX 15 28 2 -6
BITMAP
7FF8
7FF8
7FF8
0780
1E00
3C00
3C00
3E00
1F80
0FF0
00F0
0FF0
3F00
7C00
7800
F800
F800
F800
7E00
7FF0
3FF8
0FFC
007C
001E
001C
001C
001C
0008
ENDCHAR
STARTCHAR 03BF
ENCODING 959
SWIDTH 600 0
DWIDTH 18 0
BBX 16 16 1 0
BITMAP
07E0
1FF8
3FFC
7C3E
781E
781E
F81F
F81F
F81F
F81F
781E
781E
7C3E
3FFC
1FF8
07E0
ENDCHAR
STARTCHAR 03C0
ENCODING 960
SWIDTH 600 0
DWIDTH 18 0
BBX 18 16 0 0
BITMAP
FFFF80
FFFF80
FFFF80
1E1E00
1E1E00
1E1E00
1E1E00
1E1E00
1E1E00
1E1E00
1E1E00
1E1E00
1E1E00
3E1F80
3C1F80
3C0FC0
ENDCHAR
STARTCHAR 03C1
ENCODING 961
SWIDTH 600 0
DWIDTH 18 0
BBX 15 22 2 -6
BITMAP
0FC0
3FF0
7FF8
7878
F83C
F03C
F03C
F03C
F03E
F03C
F03C
F03C
FC7C
FFF8
F7F0
F3E0
F000
F000
F000
F000
F000
F000
ENDCHAR
STARTCHAR 03C2
ENCODING 962
SWIDTH 600 0
DWIDTH 18 0
BBX 14 22 2 -6
BITMAP
03E0
0FF8
1FFC
3C38
7810
7800
7000
F000
F000
F000
F000
7800
7F00
7FE0
3FF8
0FFC
00FC
003C
001C
001C
0038
0018
ENDCHAR
STARTCHAR 03C3
ENCODING 963
SWIDTH 600 0
DWIDTH 18 0
BBX 17 16 1 0
BITMAP
07FF80
1FFF80
3FFF80
7E3C00
7C1C00
F81E00
F81E00
F81E00
F81F00
F81F00
F81E00
781E00
7C3E00
3FFC00
1FF800
07E000
ENDCHAR
STARTCHAR 03C4
ENCODING 964
SWIDTH 600 0
DWIDTH 18 0
BBX 14 16 2 0
BITMAP
FFFC
FFFC
FFFC
0780
0780
0780
0780
0780
0780
0780
0780
0780
0780
07F0
07F0
03F0
ENDCHAR
STARTCHAR 03C5
ENCODING 965
SWIDTH 600 0
DWIDTH 18 0
BBX 14 16 2 0
BITMAP
F078
F078
F03C
F03C
F03C
F03C
F03C
F03C
F03C
F03C
F03C
F83C
7878
7FF8
3FF0
0FC0
ENDCHAR
STARTCHAR 03C6
ENCODING 966
SWIDTH 600 0
DWIDTH 18 0
BBX 16 22 1 -6
BITMAP
0C78
3DFE
7DFE
71CF
F3C7
E387
E387
E387
E387
E387
E387
F38F
F38E
7FFE
3FFC
0FF0
0380
0380
0380
0380
0380
0380
ENDCHAR
STARTCHAR 03C7
ENCODING 967
SWIDTH 600 0
DWIDTH 18 0
BBX 16 22 1 -6
BITMAP
F81F
FC1E
FC3E
1E3C
1F7C
0F78
0F70
07F0
07E0
03E0
03E0
07E0
07F0
0FF0
0F78
1E78
1E3C
3C3C
3C1E
781E
F81F
F00F
ENDCHAR
STARTCHAR 03C8
ENCODING 968
SWIDTH 600 0
DWIDTH 18 0
BBX 16 26 1 -6
BITMAP
03C0
03C0
03C0
03C0
F3CF
F3CF
F3CF
F3CF
F3CF
F3CF
F3CF
F3CF
F3CF
F3CF
F3CF
F3CF
7BDE
7FFE
3FFC
1FF8
03C0
03C0
03C0
03C0
03C0
03C0
ENDCHAR
STARTCHAR 03C9
ENCODING 969
SWIDTH 600 0
DWIDTH 18 0
BBX 16 16 1 0
BITMAP
1818
381C
781E
700E
F00F
E3C7
E3C7
E3C7
E3C7
E3C7
E3C7
E3C7
F3CF
7FFE
7E7E
3C3C
ENDCHAR
STARTCHAR 03CA
ENCODING 970
SWIDTH 600 0
DWIDTH 18 0
BBX 15 21 2 0
BITMAP
38E0
38E0
38E0
0000
0000
FF00
FF00
FF00
0F00
0F00
0F00
0F00
0F00
0F00
0F00
0F00
0F08
0F9C
07FE
07FC
01F0
ENDCHAR
STARTCHAR 03CB
ENCODING 971
SWIDTH 600 0
DWIDTH 18 0
BBX 14 21 2 0
BITMAP
38E0
38E0
38E0
0000
0000
F078
F078
F03C
F03C
F03C
F03C
F03C
F03C
F03C
F03C
F03C
F83C
7878
7FF8
3FF0
0FC0
ENDCHAR
STARTCHAR 03CC
ENCODING 972
SWIDTH 600 0
DWIDTH 18 0
BBX 16 23 1 0
BITMAP
00E0
01E0
01C0
0180
0180
0000
0000
07E0
1FF8
3FFC
7C3E
781E
781E
F81F
F81F
F81F
F81F
781E
781E
7C3E
3FFC
1FF8
07E0
ENDCHAR
STARTCHAR 03CD
ENCODING 973
SWIDTH 600 0
DWIDTH 18 0
BBX 14 23 2 0
BITMAP
03C0
0380
0380
0300
0600
0000
0000
F078
F078
F03C
F03C
F03C
F03C
F03C
F03C
F03C
F03C
F03C
F83C
7878
7FF8
3FF0
0FC0
ENDCHAR
STARTCHAR 03CE
ENCODING 974
SWIDTH 600 0
DWIDTH 18 0
BBX 16 23 1 0
BITMAP
01E0
01E0
01C0
0180
0180
0000
0000
1818
381C
781E
700E
F00F
E3C7
E3C7
E3C7
E3C7
E3C7
E3C7
E3C7
F3CF
7FFE
7E7E
3C3C
ENDCHAR
STARTCHAR 03D0
ENCODING 976
SWIDTH 600 0
DWIDTH 18 0
BBX 15 22 2 0
BITMAP
03F0
0FF8
3FF8
3C1C
7FF8
FFF8
F7E0
F000
E000
E000
E3E0
EFF8
FFFC
FC7C
F81E
F01E
F01E
781E
7C3C
3FFC
1FF8
07E0
ENDCHAR
STARTCHAR 03D1
ENCODING 977
SWIDTH 600 0
DWIDTH 18 0
BBX 17 22 0 0
BITMAP
01F000
07FC00
07FE00
0F1E00
0F0E00
0F0F00
0F0F00
0F8F00
07FF80
03FF80
00FF80
780F00
FC0F00
FC0F00
9C0E00
1C1E00
1C1E00
3C3C00
3C3C00
1FF800
1FF000
07C000
ENDCHAR
STARTCHAR 03D2
ENCODING 978
SWIDTH 600 0
DWIDTH 18 0
BBX 18 20 0 0
BITMAP
F80780
780FC0
7C1FC0
3C1F80
3C3C00
1E3C00
1E7800
0F7800
0FF000
07F000
07E000
03E000
03C000
03C000
03C000
03C000
03C000
03C000
03C000
03C000
ENDCHAR
STARTCHAR 03D3
ENCODING 979
SWIDTH 600 0
DWIDTH 18 0
BBX 23 22 -5 0
BITMAP
780000
F00000
E7C03C
C3C07E
03E0FE
01E0FC
01E1E0
00F1E0
00F3C0
007BC0
007F80
003F80
003F00
001F00
001E00
001E00
001E00
001E00
001E00
001E00
001E00
001E00
ENDCHAR
STARTCHAR 03D4
ENCODING 980
SWIDTH 600 0
DWIDTH 18 0
BBX 18 25 0 0
BITMAP
0F3C00
0F3C00
0F3C00
000000
000000
F80780
780FC0
7C1FC0
3C1F80
3C3C00
1E3C00
1E7800
0F7800
0FF000
07F000
07E000
03E000
03C000
03C000
03C000
03C000
03C000
03C000
03C000
03C000
ENDCHAR
STARTCHAR 03D5
ENCODING 981
SWIDTH 600 0
DWIDTH 18 0
BBX 16 28 1 -6
BITMAP
03C0
03C0
03C0
03C0
03C0
03C0
07F0
1FF8
3FFC
7BDE
7BDE
73CE
F3CF
F3CF
F3CF
F3CF
73DE
7BDE
7BDE
3FFC
1FF8
0FE0
03C0
03C0
03C0
03C0
03C0
03C0
ENDCHAR
STARTCHAR 03D6
ENCODING 982
SWIDTH 600 0
DWIDTH 18 0
BBX 16 16 1 0
BITMAP
FFFF
FFFF
FFFF
700E
F00F
E00F
E3C7
E3C7
E3C7
E3C7
E3C7
E3CF
F3CF
7FFE
7E7E
3C3C
ENDCHAR
STARTCHAR 03D7
ENCODING 983
SWIDTH 600 0
DWIDTH 18 0
BBX 16 22 1 -6
BITMAP
F01F
F83E
F83E
FC7C
3C7C
1CFC
1DFC
19D8
1BD8
3FB8
3738
3E38
3E3C
7C1F
781F
F80F
0007
0007
000F
007F
007F
007E
ENDCHAR
STARTCHAR 03D8
ENCODING 984
SWIDTH 600 0
DWIDTH 18 0
BBX 16 26 1 -6
BITMAP
07E0
1FF8
3FFC
7FFE
7C3E
781E
F81F
F81F
F01F
F00F
F00F
F01F
F81F
F81F
781E
7C3E
7E7E
3FFC
1FF8
0FF0
03C0
03C0
03C0
03C0
03C0
03C0
ENDCHAR
STARTCHAR 03D9
ENCODING 985
SWIDTH 600 0
DWIDTH 18 0
BBX 16 22 1 -6
BITMAP
07E0
1FF8
3FFC
7C3E
781E
781E
F81F
F81F
F81F
F81F
781E
781E
7C3E
3FFC
1FF8
0FF0
03C0
03C0
03C0
03C0
03C0
03C0
ENDCHAR
STARTCHAR 03DA
ENCODING 986
SWIDTH 600 0
DWIDTH 18 0
BBX 16 20 1 0
BITMAP
07E0
1FF8
3FFC
7F7E
7C1F
F80F
F808
F800
F800
F800
F800
7800
7E00
3FE0
1FE0
0FE0
01E0
01E0
01E0
01E0
ENDCHAR
STARTCHAR 03DB
ENCODING 987
SWIDTH 600 0
DWIDTH 18 0
BBX 14 22 2 -6
BITMAP
0FC0
3FF0
7FF8
787C
F83C
F000
F000
F000
F000
F000
F800
FC00
7F80
3FF0
0FF8
01FC
003C
003C
607C
7FF8
7FF0
3FC0
ENDCHAR
STARTCHAR 03DC
ENCODING 988
SWIDTH 600 0
DWIDTH 18 0
BBX 14 20 2 0
BITMAP
FFFC
FFFC
FFFC
F800
F800
F800
F800
F800
F800
FFFC
FFFC
FFFC
F83C
F83C
F83C
F800
F800
F800
F800
F800
ENDCHAR
STARTCHAR 03DD
ENCODING 989
SWIDTH 600 0
DWIDTH 18 0
BBX 14 22 2 -6
BITMAP
FFFC
FFFC
FFFC
F000
F000
F000
F000
F000
F000
FFF8
FFF8
FFF8
F038
F038
F038
F000
F000
F000
F000
F000
F000
F000
ENDCHAR
STARTCHAR 03DE
ENCODING 990
SWIDTH 600 0
DWIDTH 18 0
BBX 18 20 0 0
BITMAP
F80000
FC0000
FE0180
3E0300
1E0700
1E1F00
1C3F00
1C7F00
1DFF00
1FFE00
3FCE00
3F8E00
3F0E00
3C1E00
381E00
301E00
601F00
001FC0
000FC0
0007C0
ENDCHAR
STARTCHAR 03DF
ENCODING 991
SWIDTH 600 0
DWIDTH 18 0
BBX 16 22 1 0
BITMAP
0E00
0E00
1E00
1C00
3C00
3800
3800
7800
7000
7FFF
FFFF
FFFF
000E
001E
001E
001C
003C
003C
0038
0078
0070
0070
ENDCHAR
STARTCHAR 03E0
ENCODING 992
SWIDTH 600 0
DWIDTH 18 0
BBX 17 26 0 -6
BITMAP
07C000
1FF000
7FF800
FFFC00
707E00
203E00
007F00
01FF00
07EF00
0FCF80
0F0F80
040F80
003F80
007F80
01FF80
01E780
018780
000780
000F00
000F00
001F00
003E00
00FC00
03FC00
03F000
03C000
ENDCHAR
STARTCHAR 03E1
ENCODING 993
SWIDTH 600 0
DWIDTH 18 0
BBX 16 28 1 -6
BITMAP
6000
7800
FE00
7F80
1FC0
07E0
03F0
00F8
03FC
0FFC
3FBE
1E3E
181E
007E
01FF
07FF
07EF
038F
020F
000F
000F
000F
000F
000F
000F
000E
001E
0018
ENDCHAR
STARTCHAR 03E2
ENCODING 994
SWIDTH 600 0
DWIDTH 18 0
BBX 16 26 1 -6
BITMAP
F3CF
F3CF
F3CF
F3CF
F3CF
F3CF
F3CF
F3CF
F3CF
F3CF
F3CF
F3CF
F3CF
F3CF
F3CF
F3CF
F3CF
FFFF
7DFF
38F7
0007
0007
000F
FFFF
FFFE
FFFC
ENDCHAR
STARTCHAR 03E3
ENCODING 995
SWIDTH 600 0
DWIDTH 18 0
BBX 16 22 1 -6
BITMAP
E3C7
E3C7
E3C7
E3C7
E3C7
E3C7
E3C7
E3C7
E3C7
E3C7
F3CF
F3CF
F7CF
7FFF
7DFF
38F7
0007
0007
0007
FFFF
FFFE
FFFC
ENDCHAR
STARTCHAR 03E4
ENCODING 996
SWIDTH 600 0
DWIDTH 18 0
BBX 15 20 1 0
BITMAP
0F1E
3F1E
7F1E
7C1E
F81E
F81E
F81E
F81E
F81E
7C3E
7FFE
3FFE
0FDE
001E
001E
001E
001E
001E
001E
001E
ENDCHAR
STARTCHAR 03E5
ENCODING 997
SWIDTH 600 0
DWIDTH 18 0
BBX 14 22 2 0
BITMAP
3F3C
7F3C
FF3C
F83C
F03C
F03C
F03C
F03C
F03C
F03C
F07C
F87C
F8FC
7FBC
7F3C
3E3C
003C
003C
003C
003C
003C
003C
ENDCHAR
STARTCHAR 03E6
ENCODING 998
SWIDTH 600 0
DWIDTH 18 0
BBX 15 26 2 -6
BITMAP
F000
F000
F000
F000
F000
F000
F3E0
FFF8
FFF8
FCFC
F03C
F03E
F03E
F03E
F01E
F01E
F03E
F03E
F03E
F03C
003C
007C
00F8
FFF0
FFE0
FF80
ENDCHAR
STARTCHAR 03E7
ENCODING 999
SWIDTH 600 0
DWIDTH 18 0
BBX 18 17 0 0
BITMAP
000100
03F380
0FFFC0
1FFF80
3C1F00
3C1F00
3C3F00
3FFF80
1FFF80
0FCF80
000F80
000F00
1C0F00
3F1F00
7FFE00
73FC00
F0F800
ENDCHAR
STARTCHAR 03E8
ENCODING 1000
SWIDTH 600 0
DWIDTH 18 0
BBX 16 20 1 0
BITMAP
07E0
1FF8
3FFE
7C3E
781E
181E
001E
007E
07FE
1FF8
7FF0
7F02
F80F
F00F
F00F
F00F
FC3F
7FFE
3FFC
0FF0
ENDCHAR
STARTCHAR 03E9
ENCODING 1001
SWIDTH 600 0
DWIDTH 18 0
BBX 16 20 1 0
BITMAP
07F0
1FFC
3FFE
7E1F
7C0F
080F
001F
007F
03FE
1FFC
3FF0
7F80
7C00
F800
F800
7800
7E0E
3FFE
1FFE
07F8
ENDCHAR
STARTCHAR 03EA
ENCODING 1002
SWIDTH 600 0
DWIDTH 18 0
BBX 18 20 0 0
BITMAP
3C0F00
FF3FC0
7F3FC0
67F980
03F800
03F000
01E000
01E000
03F000
03F000
07F800
07F800
0F3C00
0F3C00
1E1E00
1E1E00
3C0F00
3FFF00
3FFF00
3FFF00
ENDCHAR
STARTCHAR 03EB
ENCODING 1003
SWIDTH 600 0
DWIDTH 18 0
BBX 18 16 0 0
BITMAP
3C0F00
FE1FC0
FF3FC0
6FFF80
03F000
01F000
01E000
03F000
07F800
07FC00
0F3C00
1F1E00
1E1F00
3FFF00
3FFF00
3FFF00
ENDCHAR
STARTCHAR 03EC
ENCODING 1004
SWIDTH 600 0
DWIDTH 18 0
BBX 16 22 1 0
BITMAP
01FC
0FFC
1FFC
3FFC
7C00
7800
73F0
FFF8
FFFC
FE7E
F81E
F00F
F00F
F00F
F00F
F00F
700F
781E
7E7E
3FFC
1FF8
07E0
ENDCHAR
STARTCHAR 03ED
ENCODING 1005
SWIDTH 600 0
DWIDTH 18 0
BBX 15 16 1 0
BITMAP
01FE
0FFE
1FFE
3F00
7C00
79F0
F9FC
F1FE
F01E
F01E
781E
781E
7C1E
3FFC
1FF8
07E0
ENDCHAR
STARTCHAR 03EE
ENCODING 1006
SWIDTH 600 0
DWIDTH 18 0
BBX 14 20 2 0
BITMAP
0780
0780
0780
0780
0780
3FF0
FFFC
FFFC
E79C
C78C
C78C
0780
0780
0780
0780
0780
0780
0780
0780
0780
ENDCHAR
STARTCHAR 03EF
ENCODING 1007
SWIDTH 600 0
DWIDTH 18 0
BBX 12 22 3 0
BITMAP
0F00
0F00
0F00
0F00
0F00
0F00
FFF0
FFF0
FFF0
CF30
0F00
0F00
0F00
0F00
0F00
0F00
0F00
0F00
0F00
0F00
0F00
0F00
ENDCHAR
STARTCHAR 03F0
ENCODING 1008
SWIDTH 600 0
DWIDTH 18 0
BBX 16 16 1 0
BITMAP
F01F
F83E
F83E
FC7C
3C7C
1CFC
1DFC
19D8
1BD8
3FB8
3738
3E38
3E3F
7C1F
781F
F80F
ENDCHAR
STARTCHAR 03F1
ENCODING 1009
SWIDTH 600 0
DWIDTH 18 0
BBX 16 22 1 -6
BITMAP
07E0
1FF8
3FFC
7C3E
781E
781F
F01F
F00F
F00F
F01F
F81F
F81E
FC3E
7FFC
7FF8
73E0
7800
3C00
3FFC
1FFE
07FE
000F
ENDCHAR
STARTCHAR 03F2
ENCODING 1010
SWIDTH 600 0
DWIDTH 18 0
BBX 14 16 2 0
BITMAP
0FC0
3FF0
7FF8
787C
F83C
F000
F000
F000
F000
F000
F03C
F83C
787C
7FF8
3FF0
0FC0
ENDCHAR
STARTCHAR 03F3
ENCODING 1011
SWIDTH 600 0
DWIDTH 18 0
BBX 11 28 2 -6
BITMAP
01E0
01E0
01E0
0000
0000
0000
7FE0
7FE0
7FE0
01E0
01E0
01E0
01E0
01E0
01E0
01E0
01E0
01E0
01E0
01E0
01E0
01E0
03E0
03E0
87C0
FFC0
FF80
FE00
ENDCHAR
STARTCHAR 03F4
ENCODING 1012
SWIDTH 600 0
DWIDTH 18 0
BBX 16 20 1 0
BITMAP
07E0
1FF8
3FFC
7FFE
7C3E
781E
F81F
F81F
FFFF
FFFF
FFFF
F81F
F81F
F81F
781E
7C3E
7FFE
3FFC
1FF8
07E0
ENDCHAR
STARTCHAR 03F5
ENCODING 1013
SWIDTH 600 0
DWIDTH 18 0
BBX 15 16 1 0
BITMAP
07FE
1FFE
3FFE
7C00
7800
7800
F800
FFF8
FFF8
FFF8
7800
7800
7C00
3FFE
1FFE
07FE
ENDCHAR
STARTCHAR 03F6
ENCODING 1014
SWIDTH 600 0
DWIDTH 18 0
BBX 15 16 2 0
BITMAP
FFC0
FFF0
FFF8
007C
003C
003C
003E
3FFE
3FFE
3FFE
003C
003C
007C
FFF8
FFF0
FFC0
ENDCHAR
STARTCHAR 03F7
ENCODING 1015
SWIDTH 600 0
DWIDTH 18 0
BBX 15 20 2 0
BITMAP
F000
F000
F000
FFE0
FFF8
FFFC
F07C
F03E
F01E
F01E
F01E
F03E
F07C
FFFC
FFF8
FFE0
F000
F000
F000
F000
ENDCHAR
STARTCHAR 03F8
ENCODING 1016
SWIDTH 600 0
DWIDTH 18 0
BBX 15 28 2 -6
BITMAP
F000
F000
F000
F000
F000
F000
F1E0
F7F8
FFF8
FC7C
F83C
F03C
F03C
F03E
F03E
F03C
F03C
F83C
FC7C
FFF8
F7F0
F3E0
F000
F000
F000
F000
F000
F000
ENDCHAR
STARTCHAR 03F9
ENCODING 1017
SWIDTH 600 0
DWIDTH 18 0
BBX 16 20 1 0
BITMAP
07E0
1FF8
3FFC
3F7E
7C1E
781F
F80C
F800
F800
F800
F800
F800
F800
780E
780F
7C1E
3F7E
3FFC
1FF8
07E0
ENDCHAR
STARTCHAR 03FA
ENCODING 1018
SWIDTH 600 0
DWIDTH 18 0
BBX 16 20 1 0
BITMAP
FC3F
FC3F
FC3F
FC3F
FE7F
FE7F
FE7F
FE7F
F7EF
F7EF
F7EF
F3EF
F3CF
F3CF
F3CF
F00F
F00F
F00F
F00F
F00F
ENDCHAR
STARTCHAR 03FB
ENCODING 1019
SWIDTH 600 0
DWIDTH 18 0
BBX 16 22 1 -6
BITMAP
F81F
FC3F
FC3F
FC3F
EC3F
EE77
EE77
EE77
E677
E767
E7E7
E7E7
E3E7
E3C7
E3C7
E3C7
E000
E000
E000
E000
E000
E000
ENDCHAR
STARTCHAR 03FC
ENCODING 1020
SWIDTH 600 0
DWIDTH 18 0
BBX 17 22 0 -6
BITMAP
03F000
0FFC00
1FFE00
1E1F00
3E0F80
3C0780
3C0780
3C0780
3C0780
3C0780
3C0780
3C0F80
3E0F00
3FFF00
3DFE00
3CF800
3C0000
FF8000
FF8000
FF8000
3C0000
3C0000
ENDCHAR
STARTCHAR 03FD
ENCODING 1021
SWIDTH 600 0
DWIDTH 18 0
BBX 16 20 1 0
BITMAP
07E0
1FF8
3FFC
3EFE
7C3E
781F
181F
000F
000F
000F
000F
000F
000F
301F
F81F
783E
7EFE
3FFC
1FF8
07E0
ENDCHAR
STARTCHAR 03FE
ENCODING 1022
SWIDTH 600 0
DWIDTH 18 0
BBX 16 20 1 0
BITMAP
07E0
1FF8
3FFC
3F7E
7C1E
781F
F80C
F800
FBE0
FBE0
FBE0
FBE0
F800
780E
780F
7C1E
3F7E
3FFC
1FF8
07E0
ENDCHAR
STARTCHAR 03FF
ENCODING 1023
SWIDTH 600 0
DWIDTH 18 0
BBX 16 20 1 0
BITMAP
07E0
1FF8
3FFC
3EFE
7C3E
781F
181F
000F
03CF
03CF
03CF
03CF
000F
301F
F81F
783E
7EFE
3FFC
1FF8
07E0
ENDCHAR
STARTCHAR 0400
ENCODING 1024
SWIDTH 600 0
DWIDTH 18 0
BBX 15 25 2 0
BITMAP
3C00
1E00
0700
0380
0000
FFFC
FFFC
FFFC
F000
F000
F000
F000
F000
FFF8
FFF8
FFF8
F000
F000
F000
F000
F000
F000
FFFE
FFFE
FFFE
ENDCHAR
STARTCHAR 0401
ENCODING 1025
SWIDTH 600 0
DWIDTH 18 0
BBX 15 24 2 0
BITMAP
3CF0
3CF0
3CF0
0000
FFFC
FFFC
FFFC
F000
F000
F000
F000
F000
FFF8
FFF8
FFF8
F000
F000
F000
F000
F000
F000
FFFE
FFFE
FFFE
ENDCHAR
STARTCHAR 0402
ENCODING 1026
SWIDTH 600 0
DWIDTH 18 0
BBX 17 20 0 0
BITMAP
FFF000
FFF000
FFF000
0F0000
0F0000
0F0000
0F3E00
0FFF00
0FFF80
0FC780
0F0780
0F0380
0F0380
0F0380
0F0380
0F3380
0F7780
0F7F80
0F3F00
0F1E00
ENDCHAR
STARTCHAR 0403
ENCODING 1027
SWIDTH 600 0
DWIDTH 18 0
BBX 14 25 3 0
BITMAP
00F0
01E0
0780
0F00
0000
FFFC
FFFC
FFFC
F000
F000
F000
F000
F000
F000
F000
F000
F000
F000
F000
F000
F000
F000
F000
F000
F000
ENDCHAR
STARTCHAR 0404
ENCODING 1028
SWIDTH 600 0
DWIDTH 18 0
BBX 16 20 1 0
BITMAP
07E0
1FF8
3FFC
3F7E
7C1E
781F
F80C
F800
FFC0
FFC0
FFC0
F800
F800
780E
780F
7C1E
3F7E
3FFC
1FF8
07E0
ENDCHAR
STARTCHAR 0405
ENCODING 1029
SWIDTH 600 0
DWIDTH 18 0
BBX 16 20 1 0
BITMAP
07E0
1FF8
7FFC
7C3E
781E
781F
7800
7E00
3FE0
1FF8
0FFE
00FE
001F
000F
F00F
F80F
FC3F
7FFE
3FFC
0FF0
ENDCHAR
STARTCHAR 0406
ENCODING 1030
SWIDTH 600 0
DWIDTH 18 0
BBX 14 20 2 0
BITMAP
FFFC
FFFC
FFFC
0780
0780
0780
0780
0780
0780
0780
0780
0780
0780
0780
0780
0780
0780
FFFC
FFFC
FFFC
ENDCHAR
STARTCHAR 0407
ENCODING 1031
SWIDTH 600 0
DWIDTH 18 0
BBX 14 24 2 0
BITMAP
3CF0
3CF0
3CF0
0000
FFFC
FFFC
FFFC
0780
0780
0780
0780
0780
0780
0780
0780
0780
0780
0780
0780
0780
0780
FFFC
FFFC
FFFC
ENDCHAR
STARTCHAR 0408
ENCODING 1032
SWIDTH 600 0
DWIDTH 18 0
BBX 13 20 2 0
BITMAP
0FF8
0FF8
0FF8
0078
0078
0078
0078
0078
0078
0078
0078
0078
0078
F078
F0F8
F8F8
FDF0
7FF0
3FE0
1F80
ENDCHAR
STARTCHAR 0409
ENCODING 1033
SWIDTH 600 0
DWIDTH 18 0
BBX 18 20 0 0
BITMAP
1FF000
1FF000
1FF000
1CF000
1CF000
1CF000
1CF000
1CF000
1CFC00
1CFF00
1CFF80
1CF380
1CF3C0
3CF3C0
3CF3C0
3CF3C0
F8F380
F8FF80
F8FF00
E0FC00
ENDCHAR
STARTCHAR 040A
ENCODING 1034
SWIDTH 600 0
DWIDTH 18 0
BBX 17 20 1 0
BITMAP
F1C000
F1C000
F1C000
F1C000
F1C000
F1C000
F1C000
F1C000
FFF800
FFFE00
FFFF00
F1CF00
F1C780
F1C780
F1C780
F1C780
F1CF00
F1FF00
F1FE00
F1F800
ENDCHAR
STARTCHAR 040B
ENCODING 1035
SWIDTH 600 0
DWIDTH 18 0
BBX 17 20 0 0
BITMAP
FFF000
FFF000
FFF000
0F0000
0F0000
0F0000
0F3E00
0FFF00
0FFF80
0FC780
0F0780
0F0380
0F0380
0F0380
0F0380
0F0380
0F0380
0F0380
0F0380
0F0380
ENDCHAR
STARTCHAR 040C
ENCODING 1036
SWIDTH 600 0
DWIDTH 18 0
BBX 16 25 2 0
BITMAP
00F8
01E0
03C0
0700
0000
F01E
F03E
F07C
F078
F0F8
F0F0
F1E0
F3C0
FFC0
FFC0
FFC0
F3E0
F1F0
F1F0
F0F8
F078
F07C
F03C
F03E
F01F
ENDCHAR
STARTCHAR 040D
ENCODING 1037
SWIDTH 600 0
DWIDTH 18 0
BBX 14 25 2 0
BITMAP
3C00
1E00
0700
0380
0000
F07C
F07C
F0FC
F0FC
F1FC
F1DC
F1DC
F3FC
F3BC
F3BC
F7BC
F73C
FF3C
FF3C
EE3C
FE3C
FC3C
FC3C
FC3C
F83C
ENDCHAR
STARTCHAR 040E
ENCODING 1038
SWIDTH 600 0
DWIDTH 18 0
BBX 18 25 0 0
BITMAP
1E0E00
1E1E00
0FFC00
07F800
000000
F807C0
780780
3C0F80
3C0F00
1E0F00
1F1E00
0F1E00
0FBC00
07BC00
03F800
03F800
01F800
01F000
01F000
01E000
03E000
3FC000
7FC000
7F8000
3E0000
ENDCHAR
STARTCHAR 040F
ENCODING 1039
SWIDTH 600 0
DWIDTH 18 0
BBX 14 26 2 -6
BITMAP
F03C
F03C
F03C
F03C
F03C
F03C
F03C
F03C
F03C
F03C
F03C
F03C
F03C
F03C
F03C
F03C
FFFC
FFFC
FFFC
FFFC
0780
0780
0780
0780
0780
0780
ENDCHAR
STARTCHAR 0410
ENCODING 1040
SWIDTH 600 0
DWIDTH 18 0
BBX 18 20 0 0
BITMAP
03F000
03F000
03F000
07F800
07F800
073800
0F3C00
0F3C00
0F3C00
1E1E00
1E1E00
1E1E00
3FFF00
3FFF00
3FFF00
7C0F80
780780
780780
F807C0
F003C0
ENDCHAR
STARTCHAR 0411
ENCODING 1041
SWIDTH 600 0
DWIDTH 18 0
BBX 15 20 2 0
BITMAP
FFFC
FFFC
FFFC
F000
F000
F000
F000
F000
FFF0
FFF8
FFFC
F07E
F03E
F01E
F01E
F03E
F0FE
FFFC
FFF8
FFE0
ENDCHAR
STARTCHAR 0412
ENCODING 1042
SWIDTH 600 0
DWIDTH 18 0
BBX 15 20 2 0
BITMAP
FFE0
FFF8
FFFC
F07C
F03C
F03C
F03C
F07C
FFF8
FFC0
FFF8
F03C
F01E
F01E
F01E
F01E
F03E
FFFC
FFFC
FFF0
ENDCHAR
STARTCHAR 0413
ENCODING 1043
SWIDTH 600 0
DWIDTH 18 0
BBX 14 20 3 0
BITMAP
FFFC
FFFC
FFFC
F000
F000
F000
F000
F000
F000
F000
F000
F000
F000
F000
F000
F000
F000
F000
F000
F000
ENDCHAR
STARTCHAR 0414
ENCODING 1044
SWIDTH 600 0
DWIDTH 18 0
BBX 18 26 0 -6
BITMAP
03FE00
07FE00
07FE00
079E00
079E00
071E00
071E00
071E00
071E00
071E00
0F1E00
0F1E00
0F1E00
0E1E00
1E1E00
1E1E00
3C1E00
FFFFC0
FFFFC0
FFFFC0
F003C0
F003C0
F003C0
F003C0
F003C0
F003C0
ENDCHAR
STARTCHAR 0415
ENCODING 1045
SWIDTH 600 0
DWIDTH 18 0
BBX 15 20 2 0
BITMAP
FFFC
FFFC
FFFC
F000
F000
F000
F000
F000
FFF8
FFF8
FFF8
F000
F000
F000
F000
F000
F000
FFFE
FFFE
FFFE
ENDCHAR
STARTCHAR 0416
ENCODING 1046
SWIDTH 600 0
DWIDTH 18 0
BBX 18 20 0 0
BITMAP
F1E3C0
71E380
71E380
79E780
39E700
39E700
3DEF00
1DEE00
1FFE00
0FFC00
1FFE00
1DEE00
1DEE00
3DEF00
39E700
39E700
79E780
79E780
71E380
F1E3C0
ENDCHAR
STARTCHAR 0417
ENCODING 1047
SWIDTH 600 0
DWIDTH 18 0
BBX 17 20 0 0
BITMAP
03F000
0FFC00
3FFE00
3E3F00
7C0F00
380F00
000F00
001E00
01FC00
01F000
01FE00
003F00
000F00
100780
F80F80
7C0F80
7F3F00
3FFF00
1FFC00
07F000
ENDCHAR
STARTCHAR 0418
ENCODING 1048
SWIDTH 600 0
DWIDTH 18 0
BBX 14 20 2 0
BITMAP
F07C
F07C
F0FC
F0FC
F1FC
F1DC
F1DC
F3FC
F3BC
F3BC
F7BC
F73C
FF3C
FF3C
EE3C
FE3C
FC3C
FC3C
FC3C
F83C
ENDCHAR
STARTCHAR 0419
ENCODING 1049
SWIDTH 600 0
DWIDTH 18 0
BBX 14 25 2 0
BITMAP
7038
7878
3FF0
1FE0
0000
F07C
F07C
F0FC
F0FC
F1FC
F1DC
F1DC
F3FC
F3BC
F3BC
F7BC
F73C
FF3C
FF3C
EE3C
FE3C
FC3C
FC3C
FC3C
F83C
ENDCHAR
STARTCHAR 041A
ENCODING 1050
SWIDTH 600 0
DWIDTH 18 0
BBX 16 20 2 0
BITMAP
F01E
F03E
F07C
F078
F0F8
F0F0
F1E0
F3C0
FFC0
FFC0
FFC0
F3E0
F1F0
F1F0
F0F8
F078
F07C
F03C
F03E
F01F
ENDCHAR
STARTCHAR 041B
ENCODING 1051
SWIDTH 600 0
DWIDTH 18 0
BBX 16 20 0 0
BITMAP
07FF
07FF
07FF
07FF
0F8F
0F8F
0F0F
0F0F
0F0F
0F0F
0F0F
1F0F
1F0F
1E0F
1E0F
3E0F
FE0F
FC0F
F80F
F00F
ENDCHAR
STARTCHAR 041C
ENCODING 1052
SWIDTH 600 0
DWIDTH 18 0
BBX 16 20 1 0
BITMAP
FC3F
FC3F
FC3F
FC3F
FE7F
FE7F
FE7F
FE7F
F7EF
F7EF
F7EF
F3EF
F3CF
F3CF
F3CF
F00F
F00F
F00F
F00F
F00F
ENDCHAR
STARTCHAR 041D
ENCODING 1053
SWIDTH 600 0
DWIDTH 18 0
BBX 14 20 2 0
BITMAP
F03C
F03C
F03C
F03C
F03C
F03C
F03C
F03C
FFFC
FFFC
FFFC
FFFC
F03C
F03C
F03C
F03C
F03C
F03C
F03C
F03C
ENDCHAR
STARTCHAR 041E
ENCODING 1054
SWIDTH 600 0
DWIDTH 18 0
BBX 16 20 1 0
BITMAP
07E0
1FF8
3FFC
7FFE
7C3E
781E
F81F
F81F
F00F
F00F
F00F
F01F
F81F
F81F
781E
7C3E
7FFE
3FFC
1FF8
07E0
ENDCHAR
STARTCHAR 041F
ENCODING 1055
SWIDTH 600 0
DWIDTH 18 0
BBX 14 20 2 0
BITMAP
FFFC
FFFC
FFFC
FFFC
F03C
F03C
F03C
F03C
F03C
F03C
F03C
F03C
F03C
F03C
F03C
F03C
F03C
F03C
F03C
F03C
ENDCHAR
STARTCHAR 0420
ENCODING 1056
SWIDTH 600 0
DWIDTH 18 0
BBX 15 20 2 0
BITMAP
FFE0
FFF8
FFFC
F0FC
F03E
F03E
F03E
F03E
F03C
F0FC
FFF8
FFF0
FFE0
F000
F000
F000
F000
F000
F000
F000
ENDCHAR
STARTCHAR 0421
ENCODING 1057
SWIDTH 600 0
DWIDTH 18 0
BBX 16 20 1 0
BITMAP
07E0
1FF8
3FFC
3F7E
7C1E
781F
F80C
F800
F800
F800
F800
F800
F800
780E
780F
7C1E
3F7E
3FFC
1FF8
07E0
ENDCHAR
STARTCHAR 0422
ENCODING 1058
SWIDTH 600 0
DWIDTH 18 0
BBX 16 20 1 0
BITMAP
FFFF
FFFF
FFFF
03C0
03C0
03C0
03C0
03C0
03C0
03C0
03C0
03C0
03C0
03C0
03C0
03C0
03C0
03C0
03C0
03C0
ENDCHAR
STARTCHAR 0423
ENCODING 1059
SWIDTH 600 0
DWIDTH 18 0
BBX 18 20 0 0
BITMAP
F807C0
780780
3C0F80
3C0F00
1E0F00
1F1E00
0F1E00
0FBC00
07BC00
03F800
03F800
01F800
01F000
01F000
01E000
03E000
3FC000
7FC000
7F8000
3E0000
ENDCHAR
STARTCHAR 0424
ENCODING 1060
SWIDTH 600 0
DWIDTH 18 0
BBX 18 20 0 0
BITMAP
01E000
01E000
0FF800
1FFE00
3FFF00
79E780
79E780
F1E3C0
F1E3C0
F1E3C0
F1E3C0
F1E3C0
79E780
79E780
3FFF00
1FFE00
07F800
01E000
01E000
01E000
ENDCHAR
STARTCHAR 0425
ENCODING 1061
SWIDTH 600 0
DWIDTH 18 0
BBX 18 20 0 0
BITMAP
780780
3C0F00
3E1F00
1E1E00
0F3C00
0FBC00
07F800
07F000
03F000
01E000
03F000
07F000
07F800
0FBC00
1F3C00
1E1E00
3E1F00
3C0F00
7C0780
F807C0
ENDCHAR
STARTCHAR 0426
ENCODING 1062
SWIDTH 600 0
DWIDTH 18 0
BBX 16 26 2 -6
BITMAP
F078
F078
F078
F078
F078
F078
F078
F078
F078
F078
F078
F078
F078
F078
F078
F078
FFFF
FFFF
FFFF
FFFF
000F
000F
000F
000F
000F
000F
ENDCHAR
STARTCHAR 0427
ENCODING 1063
SWIDTH 600 0
DWIDTH 18 0
BBX 15 20 1 0
BITMAP
F01E
F01E
F01E
F01E
F01E
F01E
F01E
F01E
F01E
F81E
7FFE
7FFE
3FDE
001E
001E
001E
001E
001E
001E
001E
ENDCHAR
STARTCHAR 0428
ENCODING 1064
SWIDTH 600 0
DWIDTH 18 0
BBX 16 20 1 0
BITMAP
F3CF
F3CF
F3CF
F3CF
F3CF
F3CF
F3CF
F3CF
F3CF
F3CF
F3CF
F3CF
F3CF
F3CF
F3CF
F3CF
F3CF
FFFF
FFFF
FFFF
ENDCHAR
STARTCHAR 0429
ENCODING 1065
SWIDTH 600 0
DWIDTH 18 0
BBX 17 26 1 -6
BITMAP
F3CF00
F3CF00
F3CF00
F3CF00
F3CF00
F3CF00
F3CF00
F3CF00
F3CF00
F3CF00
F3CF00
F3CF00
F3CF00
F3CF00
F3CF00
F3CF00
F3CF00
FFFF80
FFFF80
FFFF80
000380
000380
000380
000380
000380
000380
ENDCHAR
STARTCHAR 042A
ENCODING 1066
SWIDTH 600 0
DWIDTH 18 0
BBX 17 20 0 0
BITMAP
FF0000
FF0000
FF0000
0F0000
0F0000
0F0000
0F0000
0F0000
0FF800
0FFE00
0FFF00
0F1F80
0F0780
0F0780
0F0780
0F0780
0F1F80
0FFF00
0FFE00
0FF800
ENDCHAR
STARTCHAR 042B
ENCODING 1067
SWIDTH 600 0
DWIDTH 18 0
BBX 16 20 1 0
BITMAP
F00F
F00F
F00F
F00F
F00F
F00F
F00F
F00F
FF0F
FF8F
FFCF
F3CF
F1EF
F1EF
F1EF
F1EF
F3CF
FFCF
FF8F
FE0F
ENDCHAR
STARTCHAR 042C
ENCODING 1068
SWIDTH 600 0
DWIDTH 18 0
BBX 15 20 2 0
BITMAP
F000
F000
F000
F000
F000
F000
F000
F000
FFE0
FFF8
FFFC
F07E
F03E
F01E
F01E
F03E
F0FE
FFFC
FFF8
FFE0
ENDCHAR
STARTCHAR 042D
ENCODING 1069
SWIDTH 600 0
DWIDTH 18 0
BBX 16 20 1 0
BITMAP
07E0
1FF8
3FFC
7EFC
783E
F81E
301F
001F
03FF
03FF
03FF
001F
001F
701E
F01E
F83E
7EFC
3FFC
1FF8
07E0
ENDCHAR
STARTCHAR 042E
ENCODING 1070
SWIDTH 600 0
DWIDTH 18 0
BBX 16 20 1 0
BITMAP
F078
F1FC
F1FE
F38E
F38E
F78F
F78F
F787
F787
FF87
FF87
FF87
F787
F78F
F78F
F38E
F3CE
F3FE
F1FC
F0F8
ENDCHAR
STARTCHAR 042F
ENCODING 1071
SWIDTH 600 0
DWIDTH 18 0
BBX 16 20 0 0
BITMAP
07FF
1FFF
3FFF
7F0F
7C0F
780F
780F
7C0F
3E0F
3FFF
1FFF
07FF
0F8F
0F8F
1F0F
1E0F
3E0F
7C0F
7C0F
F80F
ENDCHAR
STARTCHAR 0430
ENCODING 1072
SWIDTH 600 0
DWIDTH 18 0
BBX 15 16 2 0
BITMAP
0FC0
3FF0
7FF0
78F8
F878
0078
1FF8
7FF8
F878
F078
F078
F0F8
F1F8
FFBE
7F3E
3E1E
ENDCHAR
STARTCHAR 0431
ENCODING 1073
SWIDTH 600 0
DWIDTH 18 0
BBX 16 22 1 0
BITMAP
001E
01FE
07FE
1FFE
3F00
3800
7000
73F0
67FC
6FFE
7C3E
F81F
F81F
780F
780F
781F
781F
781E
3C3E
3FFC
1FF8
07F0
ENDCHAR
STARTCHAR 0432
ENCODING 1074
SWIDTH 600 0
DWIDTH 18 0
BBX 15 16 2 0
BITMAP
FFE0
FFF8
FFFC
F03C
F03C
F07C
FFF0
FFF0
FFFC
F03C
F03E
F03E
F03C
FFFC
FFF8
FFF0
ENDCHAR
STARTCHAR 0433
ENCODING 1075
SWIDTH 600 0
DWIDTH 18 0
BBX 12 16 4 0
BITMAP
FFF0
FFF0
FFF0
F000
F000
F000
F000
F000
F000
F000
F000
F000
F000
F000
F000
F000
ENDCHAR
STARTCHAR 0434
ENCODING 1076
SWIDTH 600 0
DWIDTH 18 0
BBX 17 22 0 -6
BITMAP
07FE00
07FE00
07FE00
079E00
071E00
0F1E00
0F1E00
0F1E00
0F1E00
0E1E00
1E1E00
1E1E00
3E1E00
FFFF80
FFFF80
FFFF80
F00380
F00380
F00380
F00380
F00380
F00380
ENDCHAR
STARTCHAR 0435
ENCODING 1077
SWIDTH 600 0
DWIDTH 18 0
BBX 16 16 1 0
BITMAP
07E0
1FF8
3FFC
7C3C
781E
781E
7FFE
FFFF
FFFF
7800
7800
781E
7C1E
3FFC
1FF8
07E0
ENDCHAR
STARTCHAR 0436
ENCODING 1078
SWIDTH 600 0
DWIDTH 18 0
BBX 18 16 0 0
BITMAP
F1E3C0
71E380
79E780
39E700
3DEF00
1DEE00
1FFE00
0FFC00
1DEE00
1DEE00
3DEF00
39E700
79E780
79E780
71E380
F1E3C0
ENDCHAR
STARTCHAR 0437
ENCODING 1079
SWIDTH 600 0
DWIDTH 18 0
BBX 14 16 2 0
BITMAP
1FE0
7FF0
FFF8
F07C
0078
0078
07F0
07E0
07F8
007C
003C
E03C
F07C
FFF8
7FF0
1FC0
ENDCHAR
STARTCHAR 0438
ENCODING 1080
SWIDTH 600 0
DWIDTH 18 0
BBX 14 16 2 0
BITMAP
F03C
F07C
F0FC
F0FC
F1FC
F1FC
F3FC
F3BC
F73C
F73C
FE3C
FE3C
FC3C
FC3C
F83C
F83C
ENDCHAR
STARTCHAR 0439
ENCODING 1081
SWIDTH 600 0
DWIDTH 18 0
BBX 14 21 2 0
BITMAP
7038
7878
3FF0
1FE0
0000
F03C
F07C
F0FC
F0FC
F1FC
F1FC
F3FC
F3BC
F73C
F73C
FE3C
FE3C
FC3C
FC3C
F83C
F83C
ENDCHAR
STARTCHAR 043A
ENCODING 1082
SWIDTH 600 0
DWIDTH 18 0
BBX 15 16 2 0
BITMAP
F03C
F03C
F078
F0F0
F1F0
F3E0
FFC0
FFC0
FFC0
F1E0
F1F0
F0F0
F078
F078
F03C
F03E
ENDCHAR
STARTCHAR 043B
ENCODING 1083
SWIDTH 600 0
DWIDTH 18 0
BBX 16 16 0 0
BITMAP
07FF
07FF
0FFF
0F0F
0F0F
0F0F
0F0F
0F0F
0E0F
1E0F
1E0F
1E0F
3E0F
FC0F
FC0F
F80F
ENDCHAR
STARTCHAR 043C
ENCODING 1084
SWIDTH 600 0
DWIDTH 18 0
BBX 16 16 1 0
BITMAP
F81F
FC3F
FC3F
FC3F
EC37
EE77
EE77
E677
E667
E767
E7E7
E3E7
E3C7
E3C7
E3C7
E1C7
ENDCHAR
STARTCHAR 043D
ENCODING 1085
SWIDTH 600 0
DWIDTH 18 0
BBX 14 16 2 0
BITMAP
F03C
F03C
F03C
F03C
F03C
F03C
FFFC
FFFC
FFFC
F03C
F03C
F03C
F03C
F03C
F03C
F03C
ENDCHAR
STARTCHAR 043E
ENCODING 1086
SWIDTH 600 0
DWIDTH 18 0
BBX 16 16 1 0
BITMAP
07E0
1FF8
3FFC
7C3E
781E
781E
F81F
F81F
F81F
F81F
781E
781E
7C3E
3FFC
1FF8
07E0
ENDCHAR
STARTCHAR 043F
ENCODING 1087
SWIDTH 600 0
DWIDTH 18 0
BBX 14 16 2 0
BITMAP
FFFC
FFFC
FFFC
F03C
F03C
F03C
F03C
F03C
F03C
F03C
F03C
F03C
F03C
F03C
F03C
F03C
ENDCHAR
STARTCHAR 0440
ENCODING 1088
SWIDTH 600 0
DWIDTH 18 0
BBX 15 22 2 -6
BITMAP
F1E0
F7F8
F7F8
FC7C
F83C
F83C
F03E
F03E
F03E
F03E
F03C
F83C
FC7C
FFF8
F7F8
F3E0
F000
F000
F000
F000
F000
F000
ENDCHAR
STARTCHAR 0441
ENCODING 1089
SWIDTH 600 0
DWIDTH 18 0
BBX 14 16 2 0
BITMAP
0FC0
3FF0
7FF8
787C
F83C
F000
F000
F000
F000
F000
F03C
F83C
787C
7FF8
3FF0
0FC0
ENDCHAR
STARTCHAR 0442
ENCODING 1090
SWIDTH 600 0
DWIDTH 18 0
BBX 14 16 2 0
BITMAP
FFFC
FFFC
FFFC
0780
0780
0780
0780
0780
0780
0780
0780
0780
0780
0780
0780
0780
ENDCHAR
STARTCHAR 0443
ENCODING 1091
SWIDTH 600 0
DWIDTH 18 0
BBX 16 22 1 -6
BITMAP
F00F
F00F
781F
781E
781E
3C3C
3C3C
1E3C
1E78
1E78
0F70
0FF0
07F0
07E0
03E0
03C0
03C0
07C0
0780
7F80
7F00
7E00
ENDCHAR
STARTCHAR 0444
ENCODING 1092
SWIDTH 600 0
DWIDTH 18 0
BBX 16 28 1 -6
BITMAP
03C0
03C0
03C0
03C0
03C0
03C0
0FF0
3FFC
7FFE
7BDE
F3CF
F3CF
E3C7
E3C7
E3C7
E3C7
F3CF
F3CF
7BDE
7FFE
3FFC
0FF0
03C0
03C0
03C0
03C0
03C0
03C0
ENDCHAR
STARTCHAR 0445
ENCODING 1093
SWIDTH 600 0
DWIDTH 18 0
BBX 16 16 1 0
BITMAP
F81F
783E
3C3C
1E78
1EF8
0FF0
07E0
07C0
07E0
0FF0
0FF0
1E78
3C7C
3C3C
781E
F01F
ENDCHAR
STARTCHAR 0446
ENCODING 1094
SWIDTH 600 0
DWIDTH 18 0
BBX 16 22 2 -6
BITMAP
F07C
F07C
F07C
F07C
F07C
F07C
F07C
F07C
F07C
F07C
F07C
F07C
F07C
FFFF
FFFF
FFFF
000F
000F
000F
000F
000F
000F
ENDCHAR
STARTCHAR 0447
ENCODING 1095
SWIDTH 600 0
DWIDTH 18 0
BBX 14 16 2 0
BITMAP
F03C
F03C
F03C
F03C
F03C
F03C
F03C
F87C
FFFC
7FFC
3F3C
003C
003C
003C
003C
003C
ENDCHAR
STARTCHAR 0448
ENCODING 1096
SWIDTH 600 0
DWIDTH 18 0
BBX 16 16 1 0
BITMAP
E3C7
E3C7
E3C7
E3C7
E3C7
E3C7
E3C7
E3C7
E3C7
E3C7
E3C7
E3C7
E3C7
FFFF
FFFF
FFFF
ENDCHAR
STARTCHAR 0449
ENCODING 1097
SWIDTH 600 0
DWIDTH 18 0
BBX 17 22 1 -6
BITMAP
E3C700
E3C700
E3C700
E3C700
E3C700
E3C700
E3C700
E3C700
E3C700
E3C700
E3C700
E3C700
E3C700
FFFF80
FFFF80
FFFF80
000380
000380
000380
000380
000380
000380
ENDCHAR
STARTCHAR 044A
ENCODING 1098
SWIDTH 600 0
DWIDTH 18 0
BBX 17 16 0 0
BITMAP
FF0000
FF0000
FF0000
0F0000
0F0000
0F0000
0FFC00
0FFF00
0FFF80
0F0780
0F0780
0F0780
0F0780
0FFF80
0FFF00
0FFC00
ENDCHAR
STARTCHAR 044B
ENCODING 1099
SWIDTH 600 0
DWIDTH 18 0
BBX 16 16 1 0
BITMAP
F00F
F00F
F00F
F00F
F00F
F00F
FF0F
FFCF
FFCF
F1EF
F1EF
F1EF
F1EF
FFCF
FF8F
FF0F
ENDCHAR
STARTCHAR 044C
ENCODING 1100
SWIDTH 600 0
DWIDTH 18 0
BBX 15 16 2 0
BITMAP
F000
F000
F000
F000
F000
F000
FFF0
FFF8
FFFC
F03E
F01E
F03E
F03E
FFFC
FFF8
FFE0
ENDCHAR
STARTCHAR 044D
ENCODING 1101
SWIDTH 600 0
DWIDTH 18 0
BBX 14 16 2 0
BITMAP
0FC0
3FE0
7FF0
F878
F07C
F03C
003C
07FC
07FC
07FC
003C
007C
F078
FFF8
7FE0
1FC0
ENDCHAR
STARTCHAR 044E
ENCODING 1102
SWIDTH 600 0
DWIDTH 18 0
BBX 16 16 1 0
BITMAP
F078
F1FC
F1FE
F3CF
F387
F387
FF87
FF87
FF87
F787
F387
F387
F3CF
F1FE
F1FE
F078
ENDCHAR
STARTCHAR 044F
ENCODING 1103
SWIDTH 600 0
DWIDTH 18 0
BBX 15 16 1 0
BITMAP
0FFE
3FFE
7FFE
781E
781E
781E
7C1E
3FFE
1FFE
0FFE
1E1E
3E1E
3C1E
7C1E
F81E
F01E
ENDCHAR
STARTCHAR 0450
ENCODING 1104
SWIDTH 600 0
DWIDTH 18 0
BBX 16 22 1 0
BITMAP
1E00
0F00
0380
01C0
0000
0000
07E0
1FF8
3FFC
7C3C
781E
781E
7FFE
FFFF
FFFF
7800
7800
781E
7C1E
3FFC
1FF8
07E0
ENDCHAR
STARTCHAR 0451
ENCODING 1105
SWIDTH 600 0
DWIDTH 18 0
BBX 16 21 1 0
BITMAP
1E78
1E78
1E78
0000
0000
07E0
1FF8
3FFC
7C3C
781E
781E
7FFE
FFFF
FFFF
7800
7800
781E
7C1E
3FFC
1FF8
07E0
ENDCHAR
STARTCHAR 0452
ENCODING 1106
SWIDTH 600 0
DWIDTH 18 0
BBX 16 28 0 -6
BITMAP
3C00
3C00
FFE0
FFE0
3C00
3C00
3C7C
3DFE
3DFF
3F1F
3E0F
3E0F
3C0F
3C0F
3C0F
3C0F
3C0F
3C0F
3C0F
3C0F
3C0F
3C0F
000F
000F
000F
007F
007E
007C
ENDCHAR
STARTCHAR 0453
ENCODING 1107
SWIDTH 600 0
DWIDTH 18 0
BBX 12 22 4 0
BITMAP
01E0
03C0
0700
0E00
0000
0000
FFF0
FFF0
FFF0
F000
F000
F000
F000
F000
F000
F000
F000
F000
F000
F000
F000
F000
ENDCHAR
STARTCHAR 0454
ENCODING 1108
SWIDTH 600 0
DWIDTH 18 0
BBX 14 16 2 0
BITMAP
0FC0
1FF0
3FF8
787C
F83C
F03C
F000
FF80
FF80
FF80
F000
F800
783C
7FFC
3FF8
0FE0
ENDCHAR
STARTCHAR 0455
ENCODING 1109
SWIDTH 600 0
DWIDTH 18 0
BBX 14 16 2 0
BITMAP
0FC0
3FF0
7FF8
707C
F03C
F800
7F80
3FF0
1FF8
01FC
003C
F03C
F03C
7FFC
7FF8
1FE0
ENDCHAR
STARTCHAR 0456
ENCODING 1110
SWIDTH 600 0
DWIDTH 18 0
BBX 15 22 2 0
BITMAP
03C0
03C0
03C0
0000
0000
0000
7FC0
7FC0
7FC0
03C0
03C0
03C0
03C0
03C0
03C0
03C0
03C0
03C0
03C0
FFFE
FFFE
FFFE
ENDCHAR
STARTCHAR 0457
ENCODING 1111
SWIDTH 600 0
DWIDTH 18 0
BBX 15 21 2 0
BITMAP
1C70
1C70
1C70
0000
0000
7FC0
7FC0
7FC0
03C0
03C0
03C0
03C0
03C0
03C0
03C0
03C0
03C0
03C0
FFFE
FFFE
FFFE
ENDCHAR
STARTCHAR 0458
ENCODING 1112
SWIDTH 600 0
DWIDTH 18 0
BBX 11 28 2 -6
BITMAP
01E0
01E0
01E0
0000
0000
0000
7FE0
7FE0
7FE0
01E0
01E0
01E0
01E0
01E0
01E0
01E0
01E0
01E0
01E0
01E0
01E0
01E0
03E0
03E0
87C0
FFC0
FF80
FE00
ENDCHAR
STARTCHAR 0459
ENCODING 1113
SWIDTH 600 0
DWIDTH 18 0
BBX 18 16 0 0
BITMAP
1FE000
1FE000
1FE000
1CE000
1CE000
1CE000
1CFE00
1CFF80
1CFFC0
3CE3C0
3CE3C0
38E3C0
38E3C0
F8FF80
F8FF80
F0FE00
ENDCHAR
STARTCHAR 045A
ENCODING 1114
SWIDTH 600 0
DWIDTH 18 0
BBX 17 16 1 0
BITMAP
F1C000
F1C000
F1C000
F1C000
F1C000
F1C000
FFFC00
FFFF00
FFFF80
F1C780
F1C780
F1C780
F1C780
F1FF00
F1FF00
F1FC00
ENDCHAR
STARTCHAR 045B
ENCODING 1115
SWIDTH 600 0
DWIDTH 18 0
BBX 16 22 0 0
BITMAP
3C00
3C00
FFE0
FFE0
3C00
3C00
3C7C
3DFE
3DFF
3F1F
3E0F
3E0F
3C0F
3C0F
3C0F
3C0F
3C0F
3C0F
3C0F
3C0F
3C0F
3C0F
ENDCHAR
STARTCHAR 045C
ENCODING 1116
SWIDTH 600 0
DWIDTH 18 0
BBX 15 22 2 0
BITMAP
00F0
01E0
03C0
0700
0000
0000
F03C
F03C
F078
F0F0
F1F0
F3E0
FFC0
FFC0
FFC0
F1E0
F1F0
F0F0
F078
F078
F03C
F03E
ENDCHAR
STARTCHAR 045D
ENCODING 1117
SWIDTH 600 0
DWIDTH 18 0
BBX 14 22 2 0
BITMAP
3C00
1E00
0F00
0380
0000
0000
F03C
F07C
F0FC
F0FC
F1FC
F1FC
F3FC
F3BC
F73C
F73C
FE3C
FE3C
FC3C
FC3C
F83C
F83C
ENDCHAR
STARTCHAR 045E
ENCODING 1118
SWIDTH 600 0
DWIDTH 18 0
BBX 16 27 1 -6
BITMAP
3C1C
3C3C
1FF8
07F0
0000
F00F
F00F
781F
781E
781E
3C3C
3C3C
1E3C
1E78
1E78
0F70
0FF0
07F0
07E0
03E0
03C0
03C0
07C0
0780
7F80
7F00
7E00
ENDCHAR
STARTCHAR 045F
ENCODING 1119
SWIDTH 600 0
DWIDTH 18 0
BBX 14 22 2 -6
BITMAP
F03C
F03C
F03C
F03C
F03C
F03C
F03C
F03C
F03C
F03C
F03C
F03C
F03C
FFFC
FFFC
FFFC
0780
0780
0780
0780
0780
0780
ENDCHAR
STARTCHAR 0460
ENCODING 1120
SWIDTH 600 0
DWIDTH 18 0
BBX 16 20 1 0
BITMAP
3C3C
7E7E
7E7E
742E
F00F
F00F
F00F
F00F
F00F
F00F
F00F
F3CF
F3CF
F3CF
F3CF
F3CF
7FFE
7FFE
3FFC
1E78
ENDCHAR
STARTCHAR 0461
ENCODING 1121
SWIDTH 600 0
DWIDTH 18 0
BBX 17 16 0 0
BITMAP
F3C700
F1C780
71C380
71C380
71E380
78E380
39E380
39E700
39E700
39F700
1FF700
1FFE00
1FFE00
1F3C00
1F3C00
0E3C00
ENDCHAR
STARTCHAR 0462
ENCODING 1122
SWIDTH 600 0
DWIDTH 18 0
BBX 17 20 0 0
BITMAP
1E0000
1E0000
FFE000
FFE000
FFE000
1E0000
1E0000
1E0000
1FFC00
1FFF00
1FFF00
1E1F80
1E0780
1E0780
1E0780
1E0780
1E3F80
1FFF00
1FFE00
1FF800
ENDCHAR
STARTCHAR 0463
ENCODING 1123
SWIDTH 600 0
DWIDTH 18 0
BBX 16 22 1 0
BITMAP
1E00
1E00
1E00
1E00
1E00
1E00
FFF0
FFF0
FFF0
1E00
1E00
1E00
1FF8
1FFE
1FFE
1E1F
1E0F
1E0F
1E1F
1FFE
1FFC
1FF0
ENDCHAR
STARTCHAR 0464
ENCODING 1124
SWIDTH 600 0
DWIDTH 18 0
BBX 17 20 1 0
BITMAP
F07800
F0FE00
F1FE00
F3EF00
F3C700
F38700
F38600
F38000
FF8000
FF8000
FF8000
FF8000
F38000
F38300
F38780
F3C700
F3EF00
F1FE00
F0FE00
F07800
ENDCHAR
STARTCHAR 0465
ENCODING 1125
SWIDTH 600 0
DWIDTH 18 0
BBX 16 16 1 0
BITMAP
E0F8
E1FE
E3FE
E78F
E787
E700
FFF0
FFF0
FFF0
E700
E787
E78F
E38F
E3FE
E1FC
E0F8
ENDCHAR
STARTCHAR 0466
ENCODING 1126
SWIDTH 600 0
DWIDTH 18 0
BBX 18 20 0 0
BITMAP
03F000
03F000
03F000
07F800
07F800
073800
0F3C00
0F3C00
0F3C00
1E1E00
1FFE00
1FFE00
3FFF00
3DEF00
3DEF00
7DEF80
79E780
79E780
F9E7C0
F1E3C0
ENDCHAR
STARTCHAR 0467
ENCODING 1127
SWIDTH 600 0
DWIDTH 18 0
BBX 16 16 1 0
BITMAP
07E0
07E0
07E0
0FF0
0FF0
0E78
1E78
1E78
1FFC
3FFC
3FFC
7BDE
7BDE
7BDE
F3CF
F3CF
ENDCHAR
STARTCHAR 0468
ENCODING 1128
SWIDTH 600 0
DWIDTH 18 0
BBX 17 20 1 0
BITMAP
E07000
E0F800
E0F800
E0D800
E0D800
E1DC00
E1DC00
E1DC00
E1CC00
E18E00
FFFE00
FFFE00
FFFE00
E3F600
E77700
E77700
E77700
E77700
EE7380
EE7380
ENDCHAR
STARTCHAR 0469
ENCODING 1129
SWIDTH 600 0
DWIDTH 18 0
BBX 16 16 1 0
BITMAP
E0F0
E0F8
E0F8
E1F8
E1D8
E1DC
E19C
E39C
FFFC
FFFE
FFFE
E76E
E767
E767
EE67
EE67
ENDCHAR
STARTCHAR 046A
ENCODING 1130
SWIDTH 600 0
DWIDTH 18 0
BBX 16 20 1 0
BITMAP
7FFE
7FFE
3FFC
3C3C
1C38
1E78
0E70
0FF0
07E0
1FF8
3FFC
7FFE
7BDE
F3CE
F3CF
F3CF
F3CF
F3CF
F3CF
F3CF
ENDCHAR
STARTCHAR 046B
ENCODING 1131
SWIDTH 600 0
DWIDTH 18 0
BBX 16 16 1 0
BITMAP
7FFE
3FFC
3FFC
1C38
0C30
0E70
07E0
1FF8
3FFC
7FFE
73CE
F3CF
E3C7
E3C7
E3C7
E3C7
ENDCHAR
STARTCHAR 046C
ENCODING 1132
SWIDTH 600 0
DWIDTH 18 0
BBX 17 20 1 0
BITMAP
E7FF00
E7FF00
E3FE00
E38E00
E18E00
E1DC00
E1DC00
E0F800
FFF800
FFFE00
FFFF00
E7FF00
E77700
E77780
EF7380
EF7380
EF7380
EF7380
EF7380
EF7380
ENDCHAR
STARTCHAR 046D
ENCODING 1133
SWIDTH 600 0
DWIDTH 18 0
BBX 17 16 1 0
BITMAP
E7FF00
E3FE00
E3FE00
E38C00
E19C00
E1D800
E0D800
FFFC00
FFFE00
FFFF00
EF7700
EE7380
EE7380
EE7380
EE7380
EE7380
ENDCHAR
STARTCHAR 046E
ENCODING 1134
SWIDTH 600 0
DWIDTH 18 0
BBX 16 31 1 -6
BITMAP
0C1C
0E3C
0670
0760
03E0
0FF0
1FFC
3FFE
7C3E
F81E
301E
001E
003E
03FC
03F0
03FC
003E
001F
000F
000F
001F
00FE
3FFE
7FFC
FFC0
F000
F07C
FBFE
7FFF
7FCF
1E0F
ENDCHAR
STARTCHAR 046F
ENCODING 1135
SWIDTH 600 0
DWIDTH 18 0
BBX 14 27 2 -6
BITMAP
3878
1878
1CE0
0CC0
0FC0
1FE0
3FF0
7DF8
F078
0078
00F0
07E0
07C0
07F0
0078
0078
0078
01F8
1FF0
7FE0
7F00
F000
F000
F0F0
7FF8
7FFC
3F1C
ENDCHAR
STARTCHAR 0470
ENCODING 1136
SWIDTH 600 0
DWIDTH 18 0
BBX 17 20 0 0
BITMAP
F1E380
F1E380
F1E380
71E380
71E380
79E380
79E380
79E380
39E380
39E780
3DE780
1FFF00
1FFF00
0FFC00
01E000
01E000
01E000
01E000
01E000
01E000
ENDCHAR
STARTCHAR 0471
ENCODING 1137
SWIDTH 600 0
DWIDTH 18 0
BBX 17 22 0 -6
BITMAP
F1E780
F1E780
F1E780
F1E780
71E780
71E780
71E780
79E780
79E780
79E780
79E780
39E780
3DE780
3FFF00
1FFE00
07FC00
01E000
01E000
01E000
01E000
01E000
01E000
ENDCHAR
STARTCHAR 0472
ENCODING 1138
SWIDTH 600 0
DWIDTH 18 0
BBX 16 20 1 0
BITMAP
07E0
1FF8
3FFC
7FFE
7C3E
781E
F81F
FE1F
FF8F
FFFF
FFFF
F8FF
F81F
F81F
781E
7C3E
7FFE
3FFC
1FF8
07E0
ENDCHAR
STARTCHAR 0473
ENCODING 1139
SWIDTH 600 0
DWIDTH 18 0
BBX 16 16 1 0
BITMAP
07E0
1FF8
3FFC
7C3E
781E
781E
FF1F
FFFF
FFFF
F8FF
781E
781E
7C3E
3FFC
1FF8
07E0
ENDCHAR
STARTCHAR 0474
ENCODING 1140
SWIDTH 600 0
DWIDTH 18 0
BBX 19 20 0 0
BITMAP
F80780
F80FE0
781FE0
781FC0
7C3E00
3C3C00
3C3C00
3E3C00
1E7C00
1E7800
1E7800
1F7800
0F7000
0FF000
0FF000
07F000
07E000
07E000
03E000
03C000
ENDCHAR
STARTCHAR 0475
ENCODING 1141
SWIDTH 600 0
DWIDTH 18 0
BBX 19 16 0 0
BITMAP
F807E0
780FE0
780FC0
7C1F40
3C1E00
3C3C00
3C3C00
1E3C00
1E3800
1E7800
0F7800
0F7000
07F000
07F000
07E000
03E000
ENDCHAR
STARTCHAR 0476
ENCODING 1142
SWIDTH 600 0
DWIDTH 18 0
BBX 19 25 0 0
BITMAP
79E000
3CF000
0E3800
071C00
000000
F80780
F80FE0
781FE0
781FC0
7C3E00
3C3C00
3C3C00
3E3C00
1E7C00
1E7800
1E7800
1F7800
0F7000
0FF000
0FF000
07F000
07E000
07E000
03E000
03C000
ENDCHAR
STARTCHAR 0477
ENCODING 1143
SWIDTH 600 0
DWIDTH 18 0
BBX 19 22 0 0
BITMAP
79E000
3CF000
0E3800
071C00
000000
000000
F807E0
780FE0
780FC0
7C1F40
3C1E00
3C3C00
3C3C00
1E3C00
1E3800
1E7800
0F7800
0F7000
07F000
07F000
07E000
03E000
ENDCHAR
STARTCHAR 0478
ENCODING 1144
SWIDTH 600 0
DWIDTH 18 0
BBX 18 26 0 -6
BITMAP
1C0000
3E0000
7F0000
770000
7731C0
E3B9C0
E3B980
E3B980
E3BB80
E39B80
E39B80
E39B80
E39B00
E39F00
639F00
770F00
770F00
7F0E00
3E0E00
1C0E00
000E00
000E00
000C00
003C00
003C00
003800
ENDCHAR
STARTCHAR 0479
ENCODING 1145
SWIDTH 600 0
DWIDTH 18 0
BBX 18 22 0 -6
BITMAP
1CE1C0
3EE180
7EE180
776380
677380
E37380
E37300
E33300
E33300
E33F00
E73E00
671E00
771E00
7E1E00
3E1E00
1C0C00
001C00
001C00
003800
00F800
00F800
00F000
ENDCHAR
STARTCHAR 047A
ENCODING 1146
SWIDTH 600 0
DWIDTH 18 0
BBX 16 24 1 -2
BITMAP
03C0
07E0
0FF0
1FF8
3FFC
7FFE
7FFE
781E
F81F
F81F
F01F
F00F
F00F
F01F
F81F
F81F
781E
7FFE
7FFE
3FFC
1FF8
0FF0
07E0
03C0
ENDCHAR
STARTCHAR 047B
ENCODING 1147
SWIDTH 600 0
DWIDTH 18 0
BBX 16 19 1 -2
BITMAP
03C0
07F0
1FF8
3FFC
7FFE
781E
781E
F81F
F81F
F81F
F81F
781E
781E
7FFE
3FFC
1FF8
0FF0
03C0
0180
ENDCHAR
STARTCHAR 047C
ENCODING 1148
SWIDTH 600 0
DWIDTH 18 0
BBX 16 30 1 0
BITMAP
0F80
1FE0
3DF8
707E
779E
778E
0780
0180
0300
0000
3C3C
7E7E
7E7E
742E
F00F
F00F
F00F
F00F
F00F
F00F
F00F
F00F
F00F
F00F
F10F
F18F
7BDE
7FFE
3FFC
1E78
ENDCHAR
STARTCHAR 047D
ENCODING 1149
SWIDTH 600 0
DWIDTH 18 0
BBX 16 26 1 0
BITMAP
0F80
1FC0
3DF0
707E
779E
778E
0780
0180
0300
0000
0C30
3C3C
7C3E
781E
F00F
F00F
E007
E007
E007
E007
F00F
F00F
719E
7FFE
3FFC
1E78
ENDCHAR
STARTCHAR 047E
ENCODING 1150
SWIDTH 600 0
DWIDTH 18 0
BBX 16 24 1 0
BITMAP
3FFC
3FFC
2184
0000
3C3C
7E7E
7E7E
742E
F00F
F00F
F00F
F00F
F00F
F00F
F00F
F3CF
F3CF
F3CF
F3CF
F3CF
7FFE
7FFE
3FFC
1E78
ENDCHAR
STARTCHAR 047F
ENCODING 1151
SWIDTH 600 0
DWIDTH 18 0
BBX 17 21 0 0
BITMAP
3FFE00
1FFE00
108400
000000
000000
F3C700
F1C780
71C380
71C380
71E380
78E380
39E380
39E700
39E700
39F700
1FF700
1FFE00
1FFE00
1F3C00
1F3C00
0E3C00
ENDCHAR
STARTCHAR 0480
ENCODING 1152
SWIDTH 600 0
DWIDTH 18 0
BBX 15 26 2 -6
BITMAP
07E0
1FF8
3FFC
7F7C
7C3E
F81E
F818
F000
F000
F000
F000
F000
F000
F800
F800
7C00
7E00
3FC0
1FC0
0FC0
03C0
03C0
03C0
03C0
03C0
03C0
ENDCHAR
STARTCHAR 0481
ENCODING 1153
SWIDTH 600 0
DWIDTH 18 0
BBX 15 22 2 -6
BITMAP
07E0
1FF8
3FFC
7C3C
783E
F800
F800
F000
F000
F800
F800
7800
7C00
3FC0
1FC0
0FC0
03C0
03C0
03C0
03C0
03C0
03C0
ENDCHAR
STARTCHAR 0482
ENCODING 1154
SWIDTH 600 0
DWIDTH 18 0
BBX 16 22 1 0
BITMAP
0078
0070
00F0
00F0
00F0
38E0
7FE0
7FF0
1FFF
01FF
03DF
83C1
FBC0
FF80
FFF8
0FFE
07FE
070C
0F00
0F00
0F00
0E00
ENDCHAR
STARTCHAR 0483
ENCODING 1155
SWIDTH 0 0
DWIDTH 0 0
BBX 10 5 -5 16
BITMAP
01C0
7FC0
FFC0
FF80
E000
ENDCHAR
STARTCHAR 0484
ENCODING 1156
SWIDTH 0 0
DWIDTH 0 0
BBX 10 4 -5 18
BITMAP
0F80
FFC0
F8C0
E040
ENDCHAR
STARTCHAR 0485
ENCODING 1157
SWIDTH 0 0
DWIDTH 0 0
BBX 4 6 -2 16
BITMAP
F0
F0
F0
C0
60
60
ENDCHAR
STARTCHAR 0486
ENCODING 1158
SWIDTH 0 0
DWIDTH 0 0
BBX 4 6 -2 16
BITMAP
F0
F0
F0
30
60
60
ENDCHAR
STARTCHAR 0487
ENCODING 1159
SWIDTH 0 0
DWIDTH 0 0
BBX 16 6 -8 20
BITMAP
1F80
3FE0
7BF8
E07F
E01F
C007
ENDCHAR
STARTCHAR 0488
ENCODING 1160
SWIDTH 0 0
DWIDTH 0 0
BBX 28 26 -14 -5
BITMAP
000F0000
001F8000
00118000
00118000
3E0007C0
3E0007C0
63000C60
00000000
00000000
00000000
00000000
780001E0
FC0003F0
8C000310
00000000
00000000
00000000
00000000
00000000
3E0007C0
3E0007C0
63000C60
000F0000
001F8000
00118000
00118000
ENDCHAR
STARTCHAR 0489
ENCODING 1161
SWIDTH 0 0
DWIDTH 0 0
BBX 27 28 -13 -6
BITMAP
00080000
00080000
000C0000
000C0000
00000300
10000600
14000C00
1E000C00
0C000000
00000000
00000000
00000000
00000000
300003C0
F0000360
00000000
00000000
00000000
00000000
00000800
04000E00
0E000E00
0C000300
380C0000
000C0000
00040000
000C0000
000C0000
ENDCHAR
STARTCHAR 048A
ENCODING 1162
SWIDTH 600 0
DWIDTH 18 0
BBX 16 31 2 -6
BITMAP
7038
7878
3FF0
1FE0
0000
F07C
F07C
F0FC
F0FC
F1FC
F1FC
F1DC
F3FC
F3BC
F3BC
F7BC
F73C
FF3C
FF3C
EE3C
FE3C
FC3F
FC3E
FC3E
F83E
001C
003C
003C
0038
0078
0078
ENDCHAR
STARTCHAR 048B
ENCODING 1163
SWIDTH 600 0
DWIDTH 18 0
BBX 16 28 2 -6
BITMAP
7038
7878
3FF0
1FE0
0000
0000
F03C
F07C
F0FC
F0FC
F1FC
F1FC
F3FC
F3BC
F73C
F73C
FE3C
FE3C
FC3C
FC3F
F83E
F83E
001E
001C
001C
003C
0038
0078
ENDCHAR
STARTCHAR 048C
ENCODING 1164
SWIDTH 600 0
DWIDTH 18 0
BBX 18 20 0 0
BITMAP
3C0000
3C0000
3C0000
FF0000
FF0000
FF0000
3C0000
3C0000
3FFC00
3FFF00
3FFF80
3C1F80
3C0780
3C07C0
3C07C0
3C0780
3C1F80
3FFF00
3FFE00
3FF800
ENDCHAR
STARTCHAR 048D
ENCODING 1165
SWIDTH 600 0
DWIDTH 18 0
BBX 17 22 0 0
BITMAP
3C0000
3C0000
FF0000
FF0000
3C0000
3C0000
3C0000
3C0000
3C0000
3C0000
3C0000
3C0000
3FFC00
3FFF00
3FFF80
3C0780
3C0780
3C0780
3C0F80
3FFF80
3FFF00
3FFC00
ENDCHAR
STARTCHAR 048E
ENCODING 1166
SWIDTH 600 0
DWIDTH 18 0
BBX 15 20 2 0
BITMAP
FFE0
FFF8
FFFC
F0FC
F03E
F0BE
F1FE
F3FE
F1FC
F0FC
FFFC
FFFE
FFFC
F008
F000
F000
F000
F000
F000
F000
ENDCHAR
STARTCHAR 048F
ENCODING 1167
SWIDTH 600 0
DWIDTH 18 0
BBX 15 22 2 -6
BITMAP
F1E0
F7F8
F7F8
FC7C
F83C
F83C
F03E
F03E
F03E
F0BE
F1FC
F9FC
FCFC
FFF8
F7FC
F3FE
F00C
F000
F000
F000
F000
F000
ENDCHAR
STARTCHAR 0490
ENCODING 1168
SWIDTH 600 0
DWIDTH 18 0
BBX 14 25 3 0
BITMAP
003C
003C
003C
003C
003C
FFFC
FFFC
FFFC
F000
F000
F000
F000
F000
F000
F000
F000
F000
F000
F000
F000
F000
F000
F000
F000
F000
ENDCHAR
STARTCHAR 0491
ENCODING 1169
SWIDTH 600 0
DWIDTH 18 0
BBX 12 22 3 0
BITMAP
0070
0070
0070
0070
0070
0070
FFF0
FFF0
FFF0
F000
F000
F000
F000
F000
F000
F000
F000
F000
F000
F000
F000
F000
ENDCHAR
STARTCHAR 0492
ENCODING 1170
SWIDTH 600 0
DWIDTH 18 0
BBX 16 20 1 0
BITMAP
3FFF
3FFF
3FFF
3C00
3C00
3C00
3C00
3C00
3C00
FFE0
FFE0
FFE0
3C00
3C00
3C00
3C00
3C00
3C00
3C00
3C00
ENDCHAR
STARTCHAR 0493
ENCODING 1171
SWIDTH 600 0
DWIDTH 18 0
BBX 14 16 2 0
BITMAP
3FFC
3FFC
3FFC
3C00
3C00
3C00
3C00
FF00
FF00
FF00
3C00
3C00
3C00
3C00
3C00
3C00
ENDCHAR
STARTCHAR 0494
ENCODING 1172
SWIDTH 600 0
DWIDTH 18 0
BBX 15 26 2 -6
BITMAP
FFF8
FFF8
FFF8
F000
F000
F000
F000
F3E0
FFF0
FFF8
FEFC
F03C
F03E
F03E
F03E
F01E
F01E
F03E
F03E
F03E
003C
007C
18FC
3FF8
3FF0
0FC0
ENDCHAR
STARTCHAR 0495
ENCODING 1173
SWIDTH 600 0
DWIDTH 18 0
BBX 15 22 2 -6
BITMAP
FFF0
FFF0
FFF0
F000
F000
F000
F000
FFE0
FFF0
FFF8
F87C
F03C
F03C
F03E
F03E
F03E
003C
003C
387C
7FF8
3FF0
0FC0
ENDCHAR
STARTCHAR 0496
ENCODING 1174
SWIDTH 600 0
DWIDTH 18 0
BBX 18 26 0 -6
BITMAP
F1E3C0
71E380
71E380
79E780
79E780
39E700
3DEF00
1DEE00
1FFE00
0FFC00
1FFE00
1DEE00
1DEE00
3DEF00
39E700
39E700
79E7C0
79E7C0
71E3C0
F1E3C0
0001C0
0001C0
0001C0
0001C0
0001C0
0001C0
ENDCHAR
STARTCHAR 0497
ENCODING 1175
SWIDTH 600 0
DWIDTH 18 0
BBX 18 22 0 -6
BITMAP
F1E3C0
71E380
79E780
39E700
39E700
1DEE00
1DEE00
0FFC00
1FFE00
1DEE00
3DEF00
39E700
79E700
79E7C0
71E3C0
F1E3C0
0001C0
0001C0
0001C0
0001C0
0001C0
0001C0
ENDCHAR
STARTCHAR 0498
ENCODING 1176
SWIDTH 600 0
DWIDTH 18 0
BBX 17 26 0 -6
BITMAP
03F000
0FFC00
3FFE00
3E3F00
7C0F00
380F00
000F00
001E00
01FC00
01F000
01FE00
003F00
000F00
000F80
180F80
F80F80
7E1F00
3FFF00
1FFE00
07F800
00E000
006000
00E000
08E000
0FC000
078000
ENDCHAR
STARTCHAR 0499
ENCODING 1177
SWIDTH 600 0
DWIDTH 18 0
BBX 14 22 2 -6
BITMAP
1FE0
3FF0
7FF8
F07C
E078
0078
07F0
07E0
07F8
007C
003C
E03C
F07C
FFF8
7FF8
1FE0
0380
0380
0380
2380
3F00
3E00
ENDCHAR
STARTCHAR 049A
ENCODING 1178
SWIDTH 600 0
DWIDTH 18 0
BBX 16 26 2 -6
BITMAP
F01E
F03E
F07C
F078
F0F8
F0F0
F1E0
F3E0
FFC0
FFC0
FFC0
F3E0
F1E0
F1F0
F0F8
F078
F07C
F03F
F03F
F01F
000F
000F
000F
000F
000F
000F
ENDCHAR
STARTCHAR 049B
ENCODING 1179
SWIDTH 600 0
DWIDTH 18 0
BBX 16 22 2 -6
BITMAP
F03C
F03C
F078
F078
F0F0
F1E0
F3E0
FFC0
FFC0
FFE0
F1E0
F0F0
F0F8
F07F
F03F
F03F
0007
0007
0007
0007
0007
0007
ENDCHAR
STARTCHAR 049C
ENCODING 1180
SWIDTH 600 0
DWIDTH 18 0
BBX 16 20 2 0
BITMAP
F01E
F03E
F27C
F278
F2F8
F2F0
F3E0
F3E0
FFC0
FFC0
FFC0
F3E0
F3E0
F2F0
F2F8
F278
F27C
F03C
F03E
F01F
ENDCHAR
STARTCHAR 049D
ENCODING 1181
SWIDTH 600 0
DWIDTH 18 0
BBX 15 16 2 0
BITMAP
F03C
F03C
F478
F4F8
F4F0
F5E0
F7E0
FFC0
FFC0
FFE0
F5E0
F4F0
F4F8
F478
F03C
F03E
ENDCHAR
STARTCHAR 049E
ENCODING 1182
SWIDTH 600 0
DWIDTH 18 0
BBX 18 20 0 0
BITMAP
3C0780
3C0F00
FF1F00
FF1E00
FF3E00
3C3C00
3C7800
3CF800
3DF000
3FF000
3FF000
3EF800
3C7800
3C3C00
3C3E00
3C1E00
3C1F00
3C0F00
3C0F80
3C07C0
ENDCHAR
STARTCHAR 049F
ENCODING 1183
SWIDTH 600 0
DWIDTH 18 0
BBX 15 22 1 0
BITMAP
3C00
3C00
FF00
FF00
3C00
3C00
3C1E
3C3C
3C3C
3C78
3C78
3CF0
3DE0
3FC0
3FE0
3CE0
3CF0
3C78
3C78
3C3C
3C3C
3C1E
ENDCHAR
STARTCHAR 04A0
ENCODING 1184
SWIDTH 600 0
DWIDTH 18 0
BBX 18 20 0 0
BITMAP
FF0780
FF0780
FF0F00
0F0F00
0F1E00
0F1E00
0F3C00
0F7800
0FF000
0FF000
0FF800
0F7800
0F3C00
0F3E00
0F1E00
0F1F00
0F0F00
0F0F80
0F0780
0F07C0
ENDCHAR
STARTCHAR 04A1
ENCODING 1185
SWIDTH 600 0
DWIDTH 18 0
BBX 18 16 0 0
BITMAP
FF83C0
FF8780
FF8780
078F00
078E00
079E00
07BC00
07F800
07FC00
079C00
079E00
078F00
078F00
078780
078780
0783C0
ENDCHAR
STARTCHAR 04A2
ENCODING 1186
SWIDTH 600 0
DWIDTH 18 0
BBX 16 26 2 -6
BITMAP
F03C
F03C
F03C
F03C
F03C
F03C
F03C
F03C
FFFC
FFFC
FFFC
FFFC
F03C
F03C
F03C
F03C
F03C
F03F
F03F
F03F
000F
000F
000F
000F
000F
000F
ENDCHAR
STARTCHAR 04A3
ENCODING 1187
SWIDTH 600 0
DWIDTH 18 0
BBX 16 22 2 -6
BITMAP
F03C
F03C
F03C
F03C
F03C
F03C
FFFC
FFFC
FFFC
F03C
F03C
F03C
F03C
F03F
F03F
F03F
000F
000F
000F
000F
000F
000F
ENDCHAR
STARTCHAR 04A4
ENCODING 1188
SWIDTH 600 0
DWIDTH 18 0
BBX 16 20 2 0
BITMAP
F0FF
F0FF
F0FF
F0F0
F0F0
F0F0
F0F0
F0F0
FFF0
FFF0
FFF0
FFF0
F0F0
F0F0
F0F0
F0F0
F0F0
F0F0
F0F0
F0F0
ENDCHAR
STARTCHAR 04A5
ENCODING 1189
SWIDTH 600 0
DWIDTH 18 0
BBX 16 16 2 0
BITMAP
F0FF
F0FF
F0FF
F0F0
F0F0
F0F0
FFF0
FFF0
FFF0
F0F0
F0F0
F0F0
F0F0
F0F0
F0F0
F0F0
ENDCHAR
STARTCHAR 04A6
ENCODING 1190
SWIDTH 600 0
DWIDTH 18 0
BBX 17 26 1 -6
BITMAP
FFC000
FFC000
FFC000
F3C000
F3C000
F3C000
F3FC00
F3FE00
F3FE00
F3CF00
F3CF00
F3C700
F3C700
F3C700
F3C780
F3C780
F3C780
F3C780
F3C700
F3C700
000700
000F00
008E00
03FE00
01FC00
00F800
ENDCHAR
STARTCHAR 04A7
ENCODING 1191
SWIDTH 600 0
DWIDTH 18 0
BBX 17 22 1 -6
BITMAP
FF8000
FF8000
FF8000
E38000
E38000
E38000
E38000
E3FC00
E3FE00
E3FF00
E38F00
E38700
E38700
E38700
E38780
E38700
000700
000700
008F00
01FE00
01FE00
00F800
ENDCHAR
STARTCHAR 04A8
ENCODING 1192
SWIDTH 600 0
DWIDTH 18 0
BBX 18 21 1 0
BITMAP
07C000
1FC000
3FC000
3E8000
783C00
787E00
F0FE00
F0FF00
F1E700
F1C700
F1C700
F1C700
F1C700
F1C700
F8E700
78EE00
7CEE00
3F7EC0
1FFFC0
0FFFC0
07EFC0
ENDCHAR
STARTCHAR 04A9
ENCODING 1193
SWIDTH 600 0
DWIDTH 18 0
BBX 16 16 2 0
BITMAP
0F80
3F00
7F00
7800
F8F0
F1F8
F1FC
F39C
F39C
F39C
F39C
F9DC
79F8
7FFF
3FFF
0FFE
ENDCHAR
STARTCHAR 04AA
ENCODING 1194
SWIDTH 600 0
DWIDTH 18 0
BBX 16 26 1 -6
BITMAP
07E0
1FF8
3FFC
3F7E
7C1E
781F
F80C
F800
F800
F800
F800
F800
F800
F80E
780F
7C1E
3F7E
3FFC
1FF8
07F0
00C0
00C0
00C0
01C0
0FC0
0F80
ENDCHAR
STARTCHAR 04AB
ENCODING 1195
SWIDTH 600 0
DWIDTH 18 0
BBX 14 22 2 -6
BITMAP
0FC0
3FF0
7FF8
787C
F83C
F000
F000
F000
F000
F000
F03C
F03C
787C
7FF8
3FF0
0FE0
0180
0180
0180
0380
1F80
1F00
ENDCHAR
STARTCHAR 04AC
ENCODING 1196
SWIDTH 600 0
DWIDTH 18 0
BBX 16 26 1 -6
BITMAP
FFFF
FFFF
FFFF
03C0
03C0
03C0
03C0
03C0
03C0
03C0
03C0
03C0
03C0
03C0
03C0
03C0
03F0
03F0
03F0
03F0
00F0
00F0
00F0
00F0
00F0
00F0
ENDCHAR
STARTCHAR 04AD
ENCODING 1197
SWIDTH 600 0
DWIDTH 18 0
BBX 14 22 2 -6
BITMAP
FFFC
FFFC
FFFC
0780
0780
0780
0780
0780
0780
0780
0780
0780
0780
07E0
07E0
07E0
01E0
01E0
01E0
01E0
01E0
01E0
ENDCHAR
STARTCHAR 04AE
ENCODING 1198
SWIDTH 600 0
DWIDTH 18 0
BBX 18 20 0 0
BITMAP
F807C0
780780
7C0F80
3C0F00
1E1E00
1E1E00
0F3C00
0F3C00
07F800
07F800
03F000
01E000
01E000
01E000
01E000
01E000
01E000
01E000
01E000
01E000
ENDCHAR
STARTCHAR 04AF
ENCODING 1199
SWIDTH 600 0
DWIDTH 18 0
BBX 16 22 1 -6
BITMAP
F00F
F81F
781E
781E
3C3C
3C3C
3C3C
1E78
1E78
1E70
0FF0
0FF0
07E0
07E0
07C0
03C0
03C0
03C0
03C0
03C0
03C0
03C0
ENDCHAR
STARTCHAR 04B0
ENCODING 1200
SWIDTH 600 0
DWIDTH 18 0
BBX 18 20 0 0
BITMAP
F807C0
780780
7C0F80
3C0F00
3E1E00
1E1E00
0F3C00
0F3C00
07F800
7FFF80
7FFF80
7FFF80
01E000
01E000
01E000
01E000
01E000
01E000
01E000
01E000
ENDCHAR
STARTCHAR 04B1
ENCODING 1201
SWIDTH 600 0
DWIDTH 18 0
BBX 16 22 1 -6
BITMAP
F00F
F81F
781E
781E
7C3C
3C3C
3C3C
1E78
1E78
1E78
0FF0
0FF0
07E0
07E0
07E0
03C0
7FFE
7FFE
7FFE
03C0
03C0
03C0
ENDCHAR
STARTCHAR 04B2
ENCODING 1202
SWIDTH 600 0
DWIDTH 18 0
BBX 18 26 0 -6
BITMAP
7C0780
3C0F00
3E1F00
1E1E00
0F3C00
0FFC00
07F800
07F000
03F000
01E000
03F000
07F000
07F800
0FFC00
1F3C00
1E1E00
3E1FC0
3C0FC0
7C07C0
F807C0
0003C0
0003C0
0003C0
0003C0
0003C0
0003C0
ENDCHAR
STARTCHAR 04B3
ENCODING 1203
SWIDTH 600 0
DWIDTH 18 0
BBX 16 22 1 -6
BITMAP
F81E
7C3E
3C3C
1E78
1FF8
0FF0
07E0
07E0
07E0
07E0
0FF0
1E78
3E7C
3C3F
781F
F81F
000F
000F
000F
000F
000F
000F
ENDCHAR
STARTCHAR 04B4
ENCODING 1204
SWIDTH 600 0
DWIDTH 18 0
BBX 18 26 0 -6
BITMAP
FFCF00
FFCF00
FFCF00
1F0F00
1F0F00
1F0F00
1F0F00
1F0F00
1F0F00
1F0F00
1F0F00
1F0F00
1F0F00
1F0F00
1F0F00
1F0F00
1FFFC0
1FFFC0
1FFFC0
1FFFC0
0003C0
0003C0
0003C0
0003C0
0003C0
0003C0
ENDCHAR
STARTCHAR 04B5
ENCODING 1205
SWIDTH 600 0
DWIDTH 18 0
BBX 18 22 0 -6
BITMAP
FFCF00
FFCF00
FFCF00
1E0F00
1E0F00
1E0F00
1E0F00
1E0F00
1E0F00
1E0F00
1E0F00
1E0F00
1E0F00
1FFFC0
1FFFC0
1FFFC0
0003C0
0003C0
0003C0
0003C0
0003C0
0003C0
ENDCHAR
STARTCHAR 04B6
ENCODING 1206
SWIDTH 600 0
DWIDTH 18 0
BBX 17 26 1 -6
BITMAP
F01E00
F01E00
F01E00
F01E00
F01E00
F01E00
F01E00
F01E00
F01E00
F81E00
7FFE00
7FFE00
3FDE00
001E00
001E00
001E00
001F80
001F80
001F80
001F80
000780
000780
000780
000780
000780
000780
ENDCHAR
STARTCHAR 04B7
ENCODING 1207
SWIDTH 600 0
DWIDTH 18 0
BBX 16 22 1 -6
BITMAP
F03C
F03C
F03C
F03C
F03C
F03C
F03C
F83C
7FFC
7FFC
3F3C
003C
003C
003F
003F
003F
0007
0007
0007
0007
0007
0007
ENDCHAR
STARTCHAR 04B8
ENCODING 1208
SWIDTH 600 0
DWIDTH 18 0
BBX 15 20 1 0
BITMAP
F01E
F01E
F01E
F11E
F11E
F11E
F11E
F11E
F11E
F91E
7FFE
7FFE
3FFE
011E
011E
011E
011E
001E
001E
001E
ENDCHAR
STARTCHAR 04B9
ENCODING 1209
SWIDTH 600 0
DWIDTH 18 0
BBX 14 16 2 0
BITMAP
F03C
F03C
F03C
F33C
F33C
F33C
F33C
F37C
FFFC
FFFC
3F3C
033C
033C
033C
003C
003C
ENDCHAR
STARTCHAR 04BA
ENCODING 1210
SWIDTH 600 0
DWIDTH 18 0
BBX 15 20 2 0
BITMAP
F000
F000
F000
F000
F000
F000
F3F0
FFF8
FFFC
F87E
F03E
F01E
F01E
F01E
F01E
F01E
F01E
F01E
F01E
F01E
ENDCHAR
STARTCHAR 04BB
ENCODING 1211
SWIDTH 600 0
DWIDTH 18 0
BBX 14 22 2 0
BITMAP
F000
F000
F000
F000
F000
F000
F1F0
F7F8
F7FC
FC7C
F83C
F83C
F03C
F03C
F03C
F03C
F03C
F03C
F03C
F03C
F03C
F03C
ENDCHAR
STARTCHAR 04BC
ENCODING 1212
SWIDTH 600 0
DWIDTH 18 0
BBX 18 20 0 0
BITMAP
00F800
03FE00
07FF00
07DF80
EF8780
EF0780
EF07C0
EF03C0
FFFFC0
7FFFC0
7FFFC0
0FFFC0
0F0000
0F0000
0F0780
0F8780
07CF80
07FF00
03FE00
00FC00
ENDCHAR
STARTCHAR 04BD
ENCODING 1213
SWIDTH 600 0
DWIDTH 18 0
BBX 17 16 0 0
BITMAP
00F800
03FE00
07FF00
678F00
EF8700
EF0780
FFFF80
7FFF80
1FFF80
0F0000
0F0000
0F8780
078F00
07FF00
03FE00
00F800
ENDCHAR
STARTCHAR 04BE
ENCODING 1214
SWIDTH 600 0
DWIDTH 18 0
BBX 18 24 0 -4
BITMAP
00F800
03FE00
07FF00
07DF80
EF8780
EF0780
EF07C0
EF03C0
FFFFC0
7FFFC0
7FFFC0
0FFFC0
0F0000
0F0000
0F0700
0F8780
078F80
07FF00
03FE00
00FC00
003800
003800
003800
003800
ENDCHAR
STARTCHAR 04BF
ENCODING 1215
SWIDTH 600 0
DWIDTH 18 0
BBX 17 20 0 -4
BITMAP
00F800
03FE00
07FF00
678F00
EF8700
EF0780
FFFF80
7FFF80
1FFF80
0F0000
0F0000
0F8000
078780
07FF00
03FE00
00FC00
007000
007000
007000
007000
ENDCHAR
STARTCHAR 04C0
ENCODING 1216
SWIDTH 600 0
DWIDTH 18 0
BBX 14 20 2 0
BITMAP
FFFC
FFFC
FFFC
0780
0780
0780
0780
0780
0780
0780
0780
0780
0780
0780
0780
0780
0780
FFFC
FFFC
FFFC
ENDCHAR
STARTCHAR 04C1
ENCODING 1217
SWIDTH 600 0
DWIDTH 18 0
BBX 18 26 0 0
BITMAP
1C0E00
1E1E00
0E1C00
0FFC00
03F000
000000
F1E3C0
71E380
71E380
79E780
39E700
39E700
3DEF00
1DEE00
1FFE00
0FFC00
1FFE00
1DEE00
1DEE00
3DEF00
39E700
39E700
79E780
79E780
71E380
F1E3C0
ENDCHAR
STARTCHAR 04C2
ENCODING 1218
SWIDTH 600 0
DWIDTH 18 0
BBX 18 23 0 0
BITMAP
1C0E00
1E1E00
0E1C00
0FFC00
03F000
000000
000000
F1E3C0
71E380
79E780
39E700
3DEF00
1DEE00
1FFE00
0FFC00
1DEE00
1DEE00
3DEF00
39E700
79E780
79E780
71E380
F1E3C0
ENDCHAR
STARTCHAR 04C3
ENCODING 1219
SWIDTH 600 0
DWIDTH 18 0
BBX 16 26 2 -6
BITMAP
F01E
F03E
F07C
F078
F0F8
F0F0
F1E0
F3C0
FF80
FFE0
FFF8
F3FC
F03E
F01E
F01F
F01F
F00F
F01F
F01F
F01F
001E
003E
387C
FFFC
7FF0
1FC0
ENDCHAR
STARTCHAR 04C4
ENCODING 1220
SWIDTH 600 0
DWIDTH 18 0
BBX 15 22 2 -6
BITMAP
F078
F0F0
F0F0
F1E0
F1C0
F3C0
F780
FFE0
FFF8
FFFC
F03C
F01E
F01E
F01E
F01E
F01E
001E
003E
083C
3FFC
3FF0
0FE0
ENDCHAR
STARTCHAR 04C5
ENCODING 1221
SWIDTH 600 0
DWIDTH 18 0
BBX 18 26 0 -6
BITMAP
07FF00
07FF00
07FF00
07FF00
0F8F00
0F8F00
0F0F00
0F0F00
0F0F00
0F0F00
0F0F00
1F0F00
1F0F00
1E0F00
1E0F00
3E0F00
FE0FC0
FC0FC0
F80F80
F00F80
000780
000700
000F00
000E00
001E00
001E00
ENDCHAR
STARTCHAR 04C6
ENCODING 1222
SWIDTH 600 0
DWIDTH 18 0
BBX 18 22 0 -6
BITMAP
07FF00
07FF00
0FFF00
0F0F00
0F0F00
0F0F00
0F0F00
0F0F00
0E0F00
1E0F00
1E0F00
1E0F00
3E0F00
FC0FC0
FC0F80
F80F80
000780
000700
000700
000F00
000E00
001E00
ENDCHAR
STARTCHAR 04C7
ENCODING 1223
SWIDTH 600 0
DWIDTH 18 0
BBX 14 26 2 -6
BITMAP
F03C
F03C
F03C
F03C
F03C
F03C
F03C
F03C
FFFC
FFFC
FFFC
FFFC
F03C
F03C
F03C
F03C
F03C
F03C
F03C
F07C
0078
0078
39F8
FFF0
7FE0
1F80
ENDCHAR
STARTCHAR 04C8
ENCODING 1224
SWIDTH 600 0
DWIDTH 18 0
BBX 14 22 2 -6
BITMAP
F03C
F03C
F03C
F03C
F03C
F03C
FFFC
FFFC
FFFC
F03C
F03C
F03C
F03C
F03C
F03C
F03C
003C
007C
30F8
7FF0
7FE0
1FC0
ENDCHAR
STARTCHAR 04C9
ENCODING 1225
SWIDTH 600 0
DWIDTH 18 0
BBX 16 26 2 -6
BITMAP
F03C
F03C
F03C
F03C
F03C
F03C
F03C
F03C
FFFC
FFFC
FFFC
FFFC
F03C
F03C
F03C
F03C
F03F
F03F
F03E
F03E
001E
001C
003C
003C
0038
0078
ENDCHAR
STARTCHAR 04CA
ENCODING 1226
SWIDTH 600 0
DWIDTH 18 0
BBX 16 22 2 -6
BITMAP
F03C
F03C
F03C
F03C
F03C
F03C
FFFC
FFFC
FFFC
F03C
F03C
F03C
F03C
F03F
F03E
F03E
001E
001C
001C
003C
0038
0078
ENDCHAR
STARTCHAR 04CB
ENCODING 1227
SWIDTH 600 0
DWIDTH 18 0
BBX 15 26 1 -6
BITMAP
F01E
F01E
F01E
F01E
F01E
F01E
F01E
F01E
F01E
F81E
7FFE
7FFE
3FDE
001E
001E
001E
007E
007E
007E
007E
0078
0078
0078
0078
0078
0078
ENDCHAR
STARTCHAR 04CC
ENCODING 1228
SWIDTH 600 0
DWIDTH 18 0
BBX 14 22 1 -6
BITMAP
F03C
F03C
F03C
F03C
F03C
F03C
F03C
F83C
7FFC
7FFC
3F3C
003C
003C
00FC
00FC
00FC
00F0
00F0
00F0
00F0
00F0
00F0
ENDCHAR
STARTCHAR 04CD
ENCODING 1229
SWIDTH 600 0
DWIDTH 18 0
BBX 18 26 1 -6
BITMAP
FC1F00
FC3F00
FC3F00
FC3F00
FE7F00
FE7F00
FE7F00
FE7F00
F7EF00
F7EF00
F7EF00
F3EF00
F3CF00
F3CF00
F3CF00
F00F00
F00FC0
F00F80
F00F80
F00F80
000700
000F00
000F00
000E00
001E00
001E00
ENDCHAR
STARTCHAR 04CE
ENCODING 1230
SWIDTH 600 0
DWIDTH 18 0
BBX 17 22 1 -6
BITMAP
F81F00
FC3F00
FC3F00
FC3F00
EC3700
EE7700
EE7700
E67700
E66700
E76700
E7E700
E3E700
E3C700
E3C780
E3C780
E1C780
000700
000700
000F00
000E00
001E00
001E00
ENDCHAR
STARTCHAR 04CF
ENCODING 1231
SWIDTH 600 0
DWIDTH 18 0
BBX 14 22 3 0
BITMAP
FF80
FF80
FF80
0780
0780
0780
0780
0780
0780
0780
0780
0780
0780
0780
0780
0780
0780
0780
0780
07FC
03FC
01FC
ENDCHAR
STARTCHAR 04D0
ENCODING 1232
SWIDTH 600 0
DWIDTH 18 0
BBX 18 25 0 0
BITMAP
0C0C00
0F3C00
07F800
03F000
000000
03F000
03F000
03F000
07F800
07F800
073800
0F3C00
0F3C00
0F3C00
1E1E00
1E1E00
1E1E00
3FFF00
3FFF00
3FFF00
7C0F80
780780
780780
F807C0
F003C0
ENDCHAR
STARTCHAR 04D1
ENCODING 1233
SWIDTH 600 0
DWIDTH 18 0
BBX 15 22 2 0
BITMAP
3070
3CF0
1FE0
0F80
0000
0000
0FC0
3FF0
7FF0
78F8
F878
0078
1FF8
7FF8
F878
F078
F078
F0F8
F1F8
FFBE
7F3E
3E1E
ENDCHAR
STARTCHAR 04D2
ENCODING 1234
SWIDTH 600 0
DWIDTH 18 0
BBX 18 24 0 0
BITMAP
0F3C00
0F3C00
0F3C00
000000
03F000
03F000
03F000
07F800
07F800
073800
0F3C00
0F3C00
0F3C00
1E1E00
1E1E00
1E1E00
3FFF00
3FFF00
3FFF00
7C0F80
780780
780780
F807C0
F003C0
ENDCHAR
STARTCHAR 04D3
ENCODING 1235
SWIDTH 600 0
DWIDTH 18 0
BBX 15 21 2 0
BITMAP
38F0
38F0
38F0
0000
0000
0FC0
3FF0
7FF0
78F8
F878
0078
1FF8
7FF8
F878
F078
F078
F0F8
F1F8
FFBE
7F3E
3E1E
ENDCHAR
STARTCHAR 04D4
ENCODING 1236
SWIDTH 600 0
DWIDTH 18 0
BBX 18 20 0 0
BITMAP
07FF80
07FF80
07FF80
0F7800
0F7800
0F7800
0E7800
1E7800
1E7F80
1C7F80
1C7F80
3FF800
3FF800
3FF800
787800
787800
787800
707FC0
F07FC0
F07FC0
ENDCHAR
STARTCHAR 04D5
ENCODING 1237
SWIDTH 600 0
DWIDTH 18 0
BBX 18 16 0 0
BITMAP
1F1E00
3FBF00
3FFF80
71E380
71E380
01C1C0
1FFFC0
7FFFC0
79FFC0
F1C000
E1C000
E1E180
F3E380
7F7F80
7E7F00
3C3E00
ENDCHAR
STARTCHAR 04D6
ENCODING 1238
SWIDTH 600 0
DWIDTH 18 0
BBX 15 25 2 0
BITMAP
3030
3CF0
1FE0
0FC0
0000
FFFC
FFFC
FFFC
F000
F000
F000
F000
F000
FFF8
FFF8
FFF8
F000
F000
F000
F000
F000
F000
FFFE
FFFE
FFFE
ENDCHAR
STARTCHAR 04D7
ENCODING 1239
SWIDTH 600 0
DWIDTH 18 0
BBX 16 22 1 0
BITMAP
1818
1E78
0FF0
07E0
0000
0000
07E0
1FF8
3FFC
7C3C
781E
781E
7FFE
FFFF
FFFF
7800
7800
781E
7C1E
3FFC
1FF8
07E0
ENDCHAR
STARTCHAR 04D8
ENCODING 1240
SWIDTH 600 0
DWIDTH 18 0
BBX 16 20 1 0
BITMAP
07E0
1FF8
3FFC
7EFC
783E
181E
001F
001F
FFFF
FFFF
FFFF
F81F
F81F
F81F
781E
7C3E
7FFE
3FFC
1FF8
07E0
ENDCHAR
STARTCHAR 04D9
ENCODING 1241
SWIDTH 600 0
DWIDTH 18 0
BBX 16 16 1 0
BITMAP
07E0
1FF8
3FFC
783E
781E
001E
001E
FFFF
7FFF
7FFE
781E
781E
3C3E
3FFC
1FF8
07E0
ENDCHAR
STARTCHAR 04DA
ENCODING 1242
SWIDTH 600 0
DWIDTH 18 0
BBX 16 24 1 0
BITMAP
1E78
1E78
1E78
0000
07E0
1FF8
3FFC
7EFC
783E
181E
001F
001F
FFFF
FFFF
FFFF
F81F
F81F
F81F
781E
7C3E
7FFE
3FFC
1FF8
07E0
ENDCHAR
STARTCHAR 04DB
ENCODING 1243
SWIDTH 600 0
DWIDTH 18 0
BBX 16 21 1 0
BITMAP
1E78
1E78
1E78
0000
0000
07E0
1FF8
3FFC
783E
781E
001E
001E
FFFF
7FFF
7FFE
781E
781E
3C3E
3FFC
1FF8
07E0
ENDCHAR
STARTCHAR 04DC
ENCODING 1244
SWIDTH 600 0
DWIDTH 18 0
BBX 18 24 0 0
BITMAP
0F3C00
0F3C00
0F3C00
000000
F1E3C0
71E380
71E380
79E780
39E700
39E700
3DEF00
1DEE00
1FFE00
0FFC00
1FFE00
1DEE00
1DEE00
3DEF00
39E700
39E700
79E780
79E780
71E380
F1E3C0
ENDCHAR
STARTCHAR 04DD
ENCODING 1245
SWIDTH 600 0
DWIDTH 18 0
BBX 18 21 0 0
BITMAP
0F3C00
0F3C00
0F3C00
000000
000000
F1E3C0
71E380
79E780
39E700
3DEF00
1DEE00
1FFE00
0FFC00
1DEE00
1DEE00
3DEF00
39E700
79E780
79E780
71E380
F1E3C0
ENDCHAR
STARTCHAR 04DE
ENCODING 1246
SWIDTH 600 0
DWIDTH 18 0
BBX 17 24 0 0
BITMAP
0E3C00
0E3C00
0E3C00
000000
03F000
0FFC00
3FFE00
3E3F00
7C0F00
380F00
000F00
001E00
01FC00
01F000
01FE00
003F00
000F00
100780
F80F80
7C0F80
7F3F00
3FFF00
1FFC00
07F000
ENDCHAR
STARTCHAR 04DF
ENCODING 1247
SWIDTH 600 0
DWIDTH 18 0
BBX 14 21 2 0
BITMAP
38E0
38E0
38E0
0000
0000
1FE0
7FF0
FFF8
F07C
0078
0078
07F0
07E0
07F8
007C
003C
E03C
F07C
FFF8
7FF0
1FC0
ENDCHAR
STARTCHAR 04E0
ENCODING 1248
SWIDTH 600 0
DWIDTH 18 0
BBX 16 20 1 0
BITMAP
7FFF
7FFF
7FFF
001E
007C
00F8
01F0
01F8
01FE
01FE
003F
000F
000F
300F
F00F
F81F
7E7F
7FFE
1FFC
07F0
ENDCHAR
STARTCHAR 04E1
ENCODING 1249
SWIDTH 600 0
DWIDTH 18 0
BBX 15 22 1 -6
BITMAP
7FFE
7FFE
7FFE
007C
00F8
01F0
03E0
07C0
07C0
07F8
07FC
007E
003E
001E
001E
001E
F81E
781E
7C3E
3FFC
1FF8
0FE0
ENDCHAR
STARTCHAR 04E2
ENCODING 1250
SWIDTH 600 0
DWIDTH 18 0
BBX 14 25 2 0
BITMAP
1FE0
1FE0
0000
0000
0000
F07C
F07C
F0FC
F0FC
F1FC
F1DC
F1DC
F3FC
F3BC
F3BC
F7BC
F73C
FF3C
FF3C
EE3C
FE3C
FC3C
FC3C
FC3C
F83C
ENDCHAR
STARTCHAR 04E3
ENCODING 1251
SWIDTH 600 0
DWIDTH 18 0
BBX 14 20 2 0
BITMAP
1FF0
1FF0
0000
0000
F03C
F07C
F0FC
F0FC
F1FC
F1FC
F3FC
F3BC
F73C
F73C
FE3C
FE3C
FC3C
FC3C
F83C
F83C
ENDCHAR
STARTCHAR 04E4
ENCODING 1252
SWIDTH 600 0
DWIDTH 18 0
BBX 14 24 2 0
BITMAP
3CF0
3CF0
3CF0
0000
F07C
F07C
F0FC
F0FC
F1FC
F1DC
F1DC
F3FC
F3BC
F3BC
F7BC
F73C
FF3C
FF3C
EE3C
FE3C
FC3C
FC3C
FC3C
F83C
ENDCHAR
STARTCHAR 04E5
ENCODING 1253
SWIDTH 600 0
DWIDTH 18 0
BBX 14 21 2 0
BITMAP
3CF0
3CF0
3CF0
0000
0000
F03C
F07C
F0FC
F0FC
F1FC
F1FC
F3FC
F3BC
F73C
F73C
FE3C
FE3C
FC3C
FC3C
F83C
F83C
ENDCHAR
STARTCHAR 04E6
ENCODING 1254
SWIDTH 600 0
DWIDTH 18 0
BBX 16 24 1 0
BITMAP
1E78
1E78
1E78
0000
07E0
1FF8
3FFC
7FFE
7C3E
781E
F81F
F81F
F00F
F00F
F00F
F01F
F81F
F81F
781E
7C3E
7FFE
3FFC
1FF8
07E0
ENDCHAR
STARTCHAR 04E7
ENCODING 1255
SWIDTH 600 0
DWIDTH 18 0
BBX 16 21 1 0
BITMAP
1E78
1E78
1E78
0000
0000
07E0
1FF8
3FFC
7C3E
781E
781E
F81F
F81F
F81F
F81F
781E
781E
7C3E
3FFC
1FF8
07E0
ENDCHAR
STARTCHAR 04E8
ENCODING 1256
SWIDTH 600 0
DWIDTH 18 0
BBX 16 20 1 0
BITMAP
07E0
1FF8
3FFC
7FFE
7C3E
781E
F81F
F81F
FFFF
FFFF
FFFF
F81F
F81F
F81F
781E
7C3E
7FFE
3FFC
1FF8
07E0
ENDCHAR
STARTCHAR 04E9
ENCODING 1257
SWIDTH 600 0
DWIDTH 18 0
BBX 16 16 1 0
BITMAP
07E0
1FF8
3FFC
7C3E
781E
781E
F81F
FFFF
FFFF
FFFF
781E
781E
7C3E
3FFC
1FF8
07E0
ENDCHAR
STARTCHAR 04EA
ENCODING 1258
SWIDTH 600 0
DWIDTH 18 0
BBX 16 24 1 0
BITMAP
1E78
1E78
1E78
0000
07E0
1FF8
3FFC
7FFE
7C3E
781E
F81F
F81F
FFFF
FFFF
FFFF
F81F
F81F
F81F
781E
7C3E
7FFE
3FFC
1FF8
07E0
ENDCHAR
STARTCHAR 04EB
ENCODING 1259
SWIDTH 600 0
DWIDTH 18 0
BBX 16 21 1 0
BITMAP
1E78
1E78
1E78
0000
0000
07E0
1FF8
3FFC
7C3E
781E
781E
F81F
FFFF
FFFF
FFFF
781E
781E
7C3E
3FFC
1FF8
07E0
ENDCHAR
STARTCHAR 04EC
ENCODING 1260
SWIDTH 600 0
DWIDTH 18 0
BBX 16 24 1 0
BITMAP
1E78
1E78
1E78
0000
07E0
1FF8
3FFC
7EFC
783E
F81E
301F
001F
03FF
03FF
03FF
001F
001F
701E
F01E
F83E
7EFC
3FFC
1FF8
07E0
ENDCHAR
STARTCHAR 04ED
ENCODING 1261
SWIDTH 600 0
DWIDTH 18 0
BBX 14 21 2 0
BITMAP
38F0
38F0
38F0
0000
0000
0FC0
3FE0
7FF0
F878
F07C
F03C
003C
07FC
07FC
07FC
003C
007C
F078
FFF8
7FE0
1FC0
ENDCHAR
STARTCHAR 04EE
ENCODING 1262
SWIDTH 600 0
DWIDTH 18 0
BBX 18 24 0 0
BITMAP
07FC00
07FC00
000000
000000
F807C0
780780
3C0F80
3C0F00
1E0F00
1F1E00
0F1E00
0FBC00
07BC00
03F800
03F800
01F800
01F000
01F000
01E000
03E000
3FC000
7FC000
7F8000
3E0000
ENDCHAR
STARTCHAR 04EF
ENCODING 1263
SWIDTH 600 0
DWIDTH 18 0
BBX 16 26 1 -6
BITMAP
0FF0
0FF0
0000
0000
F00F
F00F
781F
781E
781E
3C3C
3C3C
1E3C
1E78
1E78
0F70
0FF0
07F0
07E0
03E0
03C0
03C0
07C0
0780
7F80
7F00
7E00
ENDCHAR
STARTCHAR 04F0
ENCODING 1264
SWIDTH 600 0
DWIDTH 18 0
BBX 18 24 0 0
BITMAP
0E3C00
0E3C00
0E3C00
000000
F807C0
780780
3C0F80
3C0F00
1E0F00
1F1E00
0F1E00
0FBC00
07BC00
03F800
03F800
01F800
01F000
01F000
01E000
03E000
3FC000
7FC000
7F8000
3E0000
ENDCHAR
STARTCHAR 04F1
ENCODING 1265
SWIDTH 600 0
DWIDTH 18 0
BBX 16 27 1 -6
BITMAP
1E38
1E38
1E38
0000
0000
F00F
F00F
781F
781E
781E
3C3C
3C3C
1E3C
1E78
1E78
0F70
0FF0
07F0
07E0
03E0
03C0
03C0
07C0
0780
7F80
7F00
7E00
ENDCHAR
STARTCHAR 04F2
ENCODING 1266
SWIDTH 600 0
DWIDTH 18 0
BBX 18 25 0 0
BITMAP
01E780
03CE00
071C00
0E3800
000000
F807C0
780780
3C0F80
3C0F00
1E0F00
1F1E00
0F1E00
0FBC00
07BC00
03F800
03F800
01F800
01F000
01F000
01E000
03E000
3FC000
7FC000
7F8000
3E0000
ENDCHAR
STARTCHAR 04F3
ENCODING 1267
SWIDTH 600 0
DWIDTH 18 0
BBX 16 27 1 -6
BITMAP
079E
0F3C
0E78
1860
0000
F00F
F00F
781F
781E
781E
3C3C
3C3C
1E3C
1E78
1E78
0F70
0FF0
07F0
07E0
03E0
03C0
03C0
07C0
0780
7F80
7F00
7E00
ENDCHAR
STARTCHAR 04F4
ENCODING 1268
SWIDTH 600 0
DWIDTH 18 0
BBX 15 24 1 0
BITMAP
1C70
1C70
1C70
0000
F01E
F01E
F01E
F01E
F01E
F01E
F01E
F01E
F01E
F81E
7FFE
7FFE
3FDE
001E
001E
001E
001E
001E
001E
001E
ENDCHAR
STARTCHAR 04F5
ENCODING 1269
SWIDTH 600 0
DWIDTH 18 0
BBX 14 21 2 0
BITMAP
3CF0
3CF0
3CF0
0000
0000
F03C
F03C
F03C
F03C
F03C
F03C
F03C
F87C
FFFC
7FFC
3F3C
003C
003C
003C
003C
003C
ENDCHAR
STARTCHAR 04F6
ENCODING 1270
SWIDTH 600 0
DWIDTH 18 0
BBX 14 26 3 -6
BITMAP
FFFC
FFFC
FFFC
F000
F000
F000
F000
F000
F000
F000
F000
F000
F000
F000
F000
F000
FC00
FC00
FC00
FC00
3C00
3C00
3C00
3C00
3C00
3C00
ENDCHAR
STARTCHAR 04F7
ENCODING 1271
SWIDTH 600 0
DWIDTH 18 0
BBX 12 22 4 -6
BITMAP
FFF0
FFF0
FFF0
F000
F000
F000
F000
F000
F000
F000
F000
F000
F000
FC00
FC00
FC00
3C00
3C00
3C00
3C00
3C00
3C00
ENDCHAR
STARTCHAR 04F8
ENCODING 1272
SWIDTH 600 0
DWIDTH 18 0
BBX 16 24 1 0
BITMAP
1E78
1E78
1E78
0000
F00F
F00F
F00F
F00F
F00F
F00F
F00F
F00F
FF0F
FF8F
FFCF
F3CF
F1EF
F1EF
F1EF
F1EF
F3CF
FFCF
FF8F
FE0F
ENDCHAR
STARTCHAR 04F9
ENCODING 1273
SWIDTH 600 0
DWIDTH 18 0
BBX 16 21 1 0
BITMAP
1E78
1E78
1E78
0000
0000
F00F
F00F
F00F
F00F
F00F
F00F
FF0F
FFCF
FFCF
F1EF
F1EF
F1EF
F1EF
FFCF
FF8F
FF0F
ENDCHAR
STARTCHAR 04FA
ENCODING 1274
SWIDTH 600 0
DWIDTH 18 0
BBX 16 26 1 -6
BITMAP
3FFF
3FFF
3FFF
3C00
3C00
3C00
3C00
3C00
3C00
FFE0
FFE0
FFE0
3C00
3C00
3C00
3C00
3C00
3C00
3C00
3F00
0F00
0F00
1E00
FE00
FE00
FC00
ENDCHAR
STARTCHAR 04FB
ENCODING 1275
SWIDTH 600 0
DWIDTH 18 0
BBX 14 22 2 -6
BITMAP
3FFC
3FFC
3FFC
3C00
3C00
3C00
3C00
FF00
FF00
FF00
3C00
3C00
3C00
3C00
3C00
3E00
1E00
1E00
1E00
FE00
FC00
F800
ENDCHAR
STARTCHAR 04FC
ENCODING 1276
SWIDTH 600 0
DWIDTH 18 0
BBX 18 26 0 -6
BITMAP
780780
3C0F00
3E1F00
1E1E00
0F3C00
0FBC00
07F800
07F000
03F000
01E000
03F000
07F800
07F800
0FBC00
1F3E00
1E1E00
3E1F00
3C0F80
7C0780
F807C0
0003C0
0003C0
0003C0
001FC0
001F80
001F00
ENDCHAR
STARTCHAR 04FD
ENCODING 1277
SWIDTH 600 0
DWIDTH 18 0
BBX 16 22 1 -6
BITMAP
F81F
783E
3C3C
1E78
1EF8
0FF0
07E0
07C0
07E0
0FF0
0FF0
1E78
3C3C
3C3E
781E
F00F
000F
000F
000F
007F
007E
007C
ENDCHAR
STARTCHAR 04FE
ENCODING 1278
SWIDTH 600 0
DWIDTH 18 0
BBX 18 20 0 0
BITMAP
780780
3C0F00
3E1F00
1E1E00
1F3E00
0F3C00
07F800
07F800
3FFF00
3FFF00
3FFF00
03F000
07F800
0FFC00
0F3C00
1E1E00
3E1F00
3C0F00
7C0780
F807C0
ENDCHAR
STARTCHAR 04FF
ENCODING 1279
SWIDTH 600 0
DWIDTH 18 0
BBX 16 16 1 0
BITMAP
F81F
783E
3C3C
1E78
1FF0
0FF0
7FFE
7FFE
7FFE
0FF0
0FF0
1E78
3C3C
7C3E
781E
F01F
ENDCHAR
STARTCHAR 0500
ENCODING 1280
SWIDTH 600 0
DWIDTH 18 0
BBX 15 20 1 0
BITMAP
001E
001E
001E
001E
001E
001E
001E
001E
0FFE
3FFE
7FFE
FC1E
F81E
F01E
F01E
F81E
FE1E
7FFE
3FFE
0FFE
ENDCHAR
STARTCHAR 0501
ENCODING 1281
SWIDTH 600 0
DWIDTH 18 0
BBX 15 22 1 0
BITMAP
001E
001E
001E
001E
001E
001E
0F9E
3FDE
3FFE
7C7E
783E
783E
F81E
F81E
F81E
F81E
783E
783E
7C7E
3FDE
3FDE
0F9E
ENDCHAR
STARTCHAR 0502
ENCODING 1282
SWIDTH 600 0
DWIDTH 18 0
BBX 17 20 0 0
BITMAP
00E000
00E000
00E000
00E000
00E000
00E000
00E000
0FE000
3FE380
7FE380
78E380
F0E380
F0E380
F0E380
F0E380
F1E380
71F780
7FFF80
3F7F00
1E3E00
ENDCHAR
STARTCHAR 0503
ENCODING 1283
SWIDTH 600 0
DWIDTH 18 0
BBX 18 22 0 0
BITMAP
007000
007000
007000
007000
007000
007000
1E7000
3F7000
7F7000
79F000
70F000
F0F000
F071C0
F071C0
F071C0
F0F1C0
F0F1C0
70F3C0
79FBC0
7FFF80
3F3F80
1E1F00
ENDCHAR
STARTCHAR 0504
ENCODING 1284
SWIDTH 600 0
DWIDTH 18 0
BBX 18 20 0 0
BITMAP
1F8000
3FC000
7FE000
79E000
F0E000
60E000
00E000
01E000
07C3C0
0783C0
07E3C0
01E3C0
00F3C0
00F3C0
00F3C0
00F3C0
0073C0
007F80
003F80
001E00
ENDCHAR
STARTCHAR 0505
ENCODING 1285
SWIDTH 600 0
DWIDTH 18 0
BBX 18 16 0 0
BITMAP
1F8000
3FE000
7FE000
F1E000
F1E000
01E000
0FC3C0
0F83C0
0FE3C0
01F3C0
00F3C0
00F3C0
00F380
007F80
007F00
003E00
ENDCHAR
STARTCHAR 0506
ENCODING 1286
SWIDTH 600 0
DWIDTH 18 0
BBX 18 26 0 -6
BITMAP
07F000
1FFC00
3FFE00
7E3E00
781F00
F80F00
300F00
001E00
003E00
03FC00
03F000
03FC00
007F00
000F00
000F00
000F00
000FC0
000FC0
000FC0
000FC0
0003C0
0003C0
0003C0
0003C0
0003C0
0003C0
ENDCHAR
STARTCHAR 0507
ENCODING 1287
SWIDTH 600 0
DWIDTH 18 0
BBX 14 22 2 -6
BITMAP
1F80
7FE0
7FF0
F0F0
E0F0
00F0
01E0
0FC0
0FC0
0FE0
00F0
00F0
00F0
00FC
00FC
00FC
001C
001C
001C
001C
001C
001C
ENDCHAR
STARTCHAR 0508
ENCODING 1288
SWIDTH 600 0
DWIDTH 18 0
BBX 18 20 0 0
BITMAP
0FF000
0FF000
0FF000
0FF000
0E7000
0E7000
0E7000
1E7000
1E73C0
1E73C0
1C73C0
1C73C0
1C73C0
1C73C0
3C73C0
3C73C0
FC7BC0
F87F80
F83F80
F01F00
ENDCHAR
STARTCHAR 0509
ENCODING 1289
SWIDTH 600 0
DWIDTH 18 0
BBX 18 16 0 0
BITMAP
0FF000
0FF000
0FF000
0E7000
0E7000
0E7000
1E73C0
1E73C0
1E73C0
1C73C0
1C73C0
1C73C0
3C7380
F87F80
F83F80
F01E00
ENDCHAR
STARTCHAR 050A
ENCODING 1290
SWIDTH 600 0
DWIDTH 18 0
BBX 16 20 1 0
BITMAP
F3C0
F3C0
F3C0
F3C0
F3C0
F3C0
F3C0
F3C0
FFCF
FFCF
FFCF
FFCF
F3CF
F3CF
F3CF
F3CF
F1CE
F1FE
F1FE
F078
ENDCHAR
STARTCHAR 050B
ENCODING 1291
SWIDTH 600 0
DWIDTH 18 0
BBX 16 16 1 0
BITMAP
E3C0
E3C0
E3C0
E3C0
E3C0
E3C0
FFC7
FFC7
FFC7
E3C7
E3CF
E1CF
E1CF
E1FE
E0FE
E078
ENDCHAR
STARTCHAR 050C
ENCODING 1292
SWIDTH 600 0
DWIDTH 18 0
BBX 16 20 1 0
BITMAP
07E0
1FF8
3FFC
7F7C
7C3E
781C
F800
F800
F800
F8FF
F8FF
F8FF
F80F
780F
780F
7C0F
3F7F
3FFE
1FFC
07E0
ENDCHAR
STARTCHAR 050D
ENCODING 1293
SWIDTH 600 0
DWIDTH 18 0
BBX 15 16 1 0
BITMAP
07E0
1FF8
3FFC
7C3C
781E
7810
F800
F800
F8FE
F8FE
78FE
781E
7C1E
3FFE
1FFE
07F0
ENDCHAR
STARTCHAR 050E
ENCODING 1294
SWIDTH 600 0
DWIDTH 18 0
BBX 17 20 0 0
BITMAP
FFFC00
FFFC00
FFFC00
078000
078000
078000
078000
078000
078780
078780
078780
078780
078780
078780
078780
078780
07CF80
03FF00
01FF00
00FC00
ENDCHAR
STARTCHAR 050F
ENCODING 1295
SWIDTH 600 0
DWIDTH 18 0
BBX 17 16 0 0
BITMAP
FFF000
FFF000
FFF000
0F0000
0F0000
0F0000
0F0780
0F0780
0F0780
0F0780
0F0780
0F0F80
0F8F00
07FF00
03FE00
01FC00
ENDCHAR
STARTCHAR 0510
ENCODING 1296
SWIDTH 600 0
DWIDTH 18 0
BBX 16 20 1 0
BITMAP
0FE0
3FF8
7FFC
7C3E
781E
780C
7800
7C00
3FC0
0FC0
3FC0
7C00
F800
F00C
F00F
F81F
7E7E
7FFE
3FF8
0FE0
ENDCHAR
STARTCHAR 0511
ENCODING 1297
SWIDTH 600 0
DWIDTH 18 0
BBX 14 16 2 0
BITMAP
0FE0
3FF8
7FFC
F818
F000
7C00
3FC0
0FC0
7FC0
F800
F000
F008
F83C
7FFC
7FF8
0FE0
ENDCHAR
STARTCHAR 0512
ENCODING 1298
SWIDTH 600 0
DWIDTH 18 0
BBX 16 26 0 -6
BITMAP
07FF
07FF
07FF
07FF
0F8F
0F8F
0F0F
0F0F
0F0F
0F0F
0F0F
1F0F
1F0F
1E0F
1E0F
3E0F
FE0F
FC0F
F80F
F00F
000F
000F
007F
007F
007E
007C
ENDCHAR
STARTCHAR 0513
ENCODING 1299
SWIDTH 600 0
DWIDTH 18 0
BBX 16 22 0 -6
BITMAP
07FF
07FF
0FFF
0F0F
0F0F
0F0F
0F0F
0F0F
0E0F
1E0F
1E0F
1E0F
3E0F
FC0F
FC0F
F80F
000F
000F
001F
007E
007E
007C
ENDCHAR
STARTCHAR 051A
ENCODING 1306
SWIDTH 600 0
DWIDTH 18 0
BBX 16 26 1 -6
BITMAP
07E0
1FF8
3FFC
7FFE
7C3E
781E
F81F
F81F
F01F
F00F
F00F
F01F
F81F
F81F
781E
7C3E
7E7E
3FFC
1FF8
0FE0
03E0
01E0
01F8
00FF
00FF
003F
ENDCHAR
STARTCHAR 051B
ENCODING 1307
SWIDTH 600 0
DWIDTH 18 0
BBX 15 22 1 -6
BITMAP
0F1E
1FDE
3FDE
7C7E
783E
783E
F81E
F81E
F81E
F81E
783E
783E
7C7E
3FFE
3FDE
0F9E
001E
001E
001E
001E
001E
001E
ENDCHAR
STARTCHAR 051C
ENCODING 1308
SWIDTH 600 0
DWIDTH 18 0
BBX 18 20 0 0
BITMAP
F003C0
F003C0
F003C0
700380
700380
700380
79E780
79E780
79E780
79E780
3BF700
3BF700
3BF700
3B3F00
3F3F00
3F3F00
1F3E00
1E1E00
1E1E00
1E1E00
ENDCHAR
STARTCHAR 051D
ENCODING 1309
SWIDTH 600 0
DWIDTH 18 0
BBX 18 16 0 0
BITMAP
F003C0
F003C0
700380
700380
71E380
71E380
71E380
7BE780
3BF700
3B3700
3B3700
3F3F00
3F3F00
3E1F00
1E1E00
1E1E00
ENDCHAR
STARTCHAR 0591
ENCODING 1425
SWIDTH 0 0
DWIDTH 0 0
BBX 6 5 6 -6
BITMAP
30
78
FC
CC
CC
ENDCHAR
STARTCHAR 0592
ENCODING 1426
SWIDTH 0 0
DWIDTH 0 0
BBX 6 5 6 20
BITMAP
CC
CC
00
30
30
ENDCHAR
STARTCHAR 0593
ENCODING 1427
SWIDTH 0 0
DWIDTH 0 0
BBX 4 6 7 20
BITMAP
60
C0
30
C0
30
60
ENDCHAR
STARTCHAR 0594
ENCODING 1428
SWIDTH 0 0
DWIDTH 0 0
BBX 2 5 8 20
BITMAP
C0
C0
00
C0
C0
ENDCHAR
STARTCHAR 0595
ENCODING 1429
SWIDTH 0 0
DWIDTH 0 0
BBX 6 5 6 20
BITMAP
D8
DC
C0
DC
D8
ENDCHAR
STARTCHAR 0596
ENCODING 1430
SWIDTH 0 0
DWIDTH 0 0
BBX 4 4 7 -5
BITMAP
80
C0
F0
30
ENDCHAR
STARTCHAR 0597
ENCODING 1431
SWIDTH 0 0
DWIDTH 0 0
BBX 4 5 7 20
BITMAP
40
60
F0
60
20
ENDCHAR
STARTCHAR 0598
ENCODING 1432
SWIDTH 0 0
DWIDTH 0 0
BBX 8 5 5 20
BITMAP
E1
91
99
89
87
ENDCHAR
STARTCHAR 0599
ENCODING 1433
SWIDTH 0 0
DWIDTH 0 0
BBX 4 4 7 20
BITMAP
C0
F0
30
10
ENDCHAR
STARTCHAR 059A
ENCODING 1434
SWIDTH 0 0
DWIDTH 0 0
BBX 4 5 7 -5
BITMAP
30
60
C0
60
30
ENDCHAR
STARTCHAR 059B
ENCODING 1435
SWIDTH 0 0
DWIDTH 0 0
BBX 6 5 6 -5
BITMAP
40
EC
08
38
60
ENDCHAR
STARTCHAR 059C
ENCODING 1436
SWIDTH 0 0
DWIDTH 0 0
BBX 4 4 7 20
BITMAP
30
F0
C0
80
ENDCHAR
STARTCHAR 059D
ENCODING 1437
SWIDTH 0 0
DWIDTH 0 0
BBX 4 4 7 20
BITMAP
30
F0
C0
80
ENDCHAR
STARTCHAR 059E
ENCODING 1438
SWIDTH 0 0
DWIDTH 0 0
BBX 10 4 4 20
BITMAP
39C0
7380
C600
C600
ENDCHAR
STARTCHAR 059F
ENCODING 1439
SWIDTH 0 0
DWIDTH 0 0
BBX 16 7 1 20
BITMAP
381C
7C3E
C663
C663
7C3E
3E7C
0240
ENDCHAR
STARTCHAR 05A0
ENCODING 1440
SWIDTH 0 0
DWIDTH 0 0
BBX 7 7 6 20
BITMAP
38
7C
C6
C6
7C
F8
80
ENDCHAR
STARTCHAR 05A1
ENCODING 1441
SWIDTH 0 0
DWIDTH 0 0
BBX 4 5 7 20
BITMAP
90
90
B0
E0
80
ENDCHAR
STARTCHAR 05A2
ENCODING 1442
SWIDTH 0 0
DWIDTH 0 0
BBX 6 5 6 -6
BITMAP
CC
CC
FC
78
30
ENDCHAR
STARTCHAR 05A3
ENCODING 1443
SWIDTH 0 0
DWIDTH 0 0
BBX 4 5 7 -6
BITMAP
10
10
10
F0
F0
ENDCHAR
STARTCHAR 05A4
ENCODING 1444
SWIDTH 0 0
DWIDTH 0 0
BBX 4 5 7 -5
BITMAP
30
60
C0
60
30
ENDCHAR
STARTCHAR 05A5
ENCODING 1445
SWIDTH 0 0
DWIDTH 0 0
BBX 4 4 7 -5
BITMAP
10
30
F0
C0
ENDCHAR
STARTCHAR 05A6
ENCODING 1446
SWIDTH 0 0
DWIDTH 0 0
BBX 10 4 4 -5
BITMAP
18C0
18C0
F780
E700
ENDCHAR
STARTCHAR 05A7
ENCODING 1447
SWIDTH 0 0
DWIDTH 0 0
BBX 4 6 7 -6
BITMAP
70
C0
40
20
70
E0
ENDCHAR
STARTCHAR 05A8
ENCODING 1448
SWIDTH 0 0
DWIDTH 0 0
BBX 4 4 7 20
BITMAP
C0
F0
30
10
ENDCHAR
STARTCHAR 05A9
ENCODING 1449
SWIDTH 0 0
DWIDTH 0 0
BBX 7 7 5 20
BITMAP
38
7C
C6
C6
7C
3E
02
ENDCHAR
STARTCHAR 05AA
ENCODING 1450
SWIDTH 0 0
DWIDTH 0 0
BBX 6 5 6 -6
BITMAP
CC
CC
FC
78
30
ENDCHAR
STARTCHAR 05AB
ENCODING 1451
SWIDTH 0 0
DWIDTH 0 0
BBX 4 5 7 20
BITMAP
30
60
C0
60
30
ENDCHAR
STARTCHAR 05AC
ENCODING 1452
SWIDTH 0 0
DWIDTH 0 0
BBX 4 5 7 20
BITMAP
10
10
10
F0
F0
ENDCHAR
STARTCHAR 05AD
ENCODING 1453
SWIDTH 0 0
DWIDTH 0 0
BBX 4 4 7 -5
BITMAP
80
C0
F0
30
ENDCHAR
STARTCHAR 05AE
ENCODING 1454
SWIDTH 0 0
DWIDTH 0 0
BBX 8 5 5 20
BITMAP
E1
91
99
89
87
ENDCHAR
STARTCHAR 05AF
ENCODING 1455
SWIDTH 0 0
DWIDTH 0 0
BBX 6 6 6 21
BITMAP
78
FC
CC
CC
FC
78
ENDCHAR
STARTCHAR 05B0
ENCODING 1456
SWIDTH 0 0
DWIDTH 0 0
BBX 2 5 8 -5
BITMAP
C0
C0
00
C0
C0
ENDCHAR
STARTCHAR 05B1
ENCODING 1457
SWIDTH 0 0
DWIDTH 0 0
BBX 8 5 5 -5
BITMAP
DB
DB
00
73
63
ENDCHAR
STARTCHAR 05B2
ENCODING 1458
SWIDTH 0 0
DWIDTH 0 0
BBX 8 5 5 -5
BITMAP
FB
FB
00
03
03
ENDCHAR
STARTCHAR 05B3
ENCODING 1459
SWIDTH 0 0
DWIDTH 0 0
BBX 8 5 5 -5
BITMAP
FB
FB
20
03
03
ENDCHAR
STARTCHAR 05B4
ENCODING 1460
SWIDTH 0 0
DWIDTH 0 0
BBX 2 2 8 -5
BITMAP
C0
C0
ENDCHAR
STARTCHAR 05B5
ENCODING 1461
SWIDTH 0 0
DWIDTH 0 0
BBX 6 2 6 -5
BITMAP
CC
CC
ENDCHAR
STARTCHAR 05B6
ENCODING 1462
SWIDTH 0 0
DWIDTH 0 0
BBX 6 5 6 -5
BITMAP
CC
CC
00
30
30
ENDCHAR
STARTCHAR 05B7
ENCODING 1463
SWIDTH 0 0
DWIDTH 0 0
BBX 4 2 7 -4
BITMAP
F0
F0
ENDCHAR
STARTCHAR 05B8
ENCODING 1464
SWIDTH 0 0
DWIDTH 0 0
BBX 4 4 7 -5
BITMAP
F0
F0
60
60
ENDCHAR
STARTCHAR 05B9
ENCODING 1465
SWIDTH 0 0
DWIDTH 0 0
BBX 2 2 8 19
BITMAP
C0
C0
ENDCHAR
STARTCHAR 05BA
ENCODING 1466
SWIDTH 0 0
DWIDTH 0 0
BBX 2 2 8 21
BITMAP
C0
C0
ENDCHAR
STARTCHAR 05BB
ENCODING 1467
SWIDTH 0 0
DWIDTH 0 0
BBX 6 5 6 -5
BITMAP
C0
F0
30
0C
0C
ENDCHAR
STARTCHAR 05BC
ENCODING 1468
SWIDTH 0 0
DWIDTH 0 0
BBX 2 2 8 9
BITMAP
C0
C0
ENDCHAR
STARTCHAR 05BD
ENCODING 1469
SWIDTH 0 0
DWIDTH 0 0
BBX 2 3 8 -5
BITMAP
C0
C0
C0
ENDCHAR
STARTCHAR 05BE
ENCODING 1470
SWIDTH 600 0
DWIDTH 18 0
BBX 8 3 5 17
BITMAP
FF
FF
FF
ENDCHAR
STARTCHAR 05BF
ENCODING 1471
SWIDTH 0 0
DWIDTH 0 0
BBX 4 2 7 20
BITMAP
F0
F0
ENDCHAR
STARTCHAR 05C0
ENCODING 1472
SWIDTH 600 0
DWIDTH 18 0
BBX 2 35 8 -6
BITMAP
C0
C0
C0
C0
C0
C0
C0
C0
C0
C0
C0
C0
C0
C0
C0
C0
C0
C0
C0
C0
C0
C0
C0
C0
C0
C0
C0
C0
C0
C0
C0
C0
C0
C0
C0
ENDCHAR
STARTCHAR 05C1
ENCODING 1473
SWIDTH 0 0
DWIDTH 0 0
BBX 2 2 8 20
BITMAP
C0
C0
ENDCHAR
STARTCHAR 05C2
ENCODING 1474
SWIDTH 0 0
DWIDTH 0 0
BBX 2 2 8 21
BITMAP
C0
C0
ENDCHAR
STARTCHAR 05C3
ENCODING 1475
SWIDTH 600 0
DWIDTH 18 0
BBX 4 16 7 0
BITMAP
F0
F0
F0
F0
00
00
00
00
00
00
00
00
F0
F0
F0
F0
ENDCHAR
STARTCHAR 05C4
ENCODING 1476
SWIDTH 0 0
DWIDTH 0 0
BBX 2 2 8 23
BITMAP
C0
C0
ENDCHAR
STARTCHAR 05C5
ENCODING 1477
SWIDTH 0 0
DWIDTH 0 0
BBX 2 2 8 -6
BITMAP
C0
C0
ENDCHAR
STARTCHAR 05C6
ENCODING 1478
SWIDTH 600 0
DWIDTH 18 0
BBX 10 18 4 0
BITMAP
1FC0
3FC0
7FC0
7FC0
F800
F000
F000
F000
F000
F000
F000
F000
F000
F000
FFC0
FFC0
FFC0
FFC0
ENDCHAR
STARTCHAR 05C7
ENCODING 1479
SWIDTH 0 0
DWIDTH 0 0
BBX 6 5 6 -6
BITMAP
FC
FC
30
30
30
ENDCHAR
STARTCHAR 05D0
ENCODING 1488
SWIDTH 600 0
DWIDTH 18 0
BBX 17 18 0 0
BITMAP
7C0780
3E0780
1E0780
0F0780
0F8700
078F00
0FCF00
1FEE00
3DFE00
3CFC00
3CF800
387800
787C00
783E00
781E00
781F00
780F80
F00780
ENDCHAR
STARTCHAR 05D1
ENCODING 1489
SWIDTH 600 0
DWIDTH 18 0
BBX 16 18 1 0
BITMAP
7FC0
7FF0
7FF8
7FF8
007C
003C
003C
003C
003C
003C
003C
003C
003C
003C
FFFF
FFFF
FFFF
FFFF
ENDCHAR
STARTCHAR 05D2
ENCODING 1490
SWIDTH 600 0
DWIDTH 18 0
BBX 12 18 3 0
BITMAP
7E00
7F00
7F00
7F80
0780
0780
03C0
03C0
03C0
07C0
1FE0
3FE0
7DE0
79E0
F8F0
F0F0
F0F0
F0F0
ENDCHAR
STARTCHAR 05D3
ENCODING 1491
SWIDTH 600 0
DWIDTH 18 0
BBX 16 18 1 0
BITMAP
FFFF
FFFF
FFFF
FFFF
0078
0078
0078
0078
0078
0078
0078
0078
0078
0078
0078
0078
0078
0078
ENDCHAR
STARTCHAR 05D4
ENCODING 1492
SWIDTH 600 0
DWIDTH 18 0
BBX 16 18 1 0
BITMAP
FFF0
FFFC
FFFE
FFFE
001E
000F
000F
F00F
F00F
F00F
F00F
F00F
F00F
F00F
F00F
F00F
F00F
F00F
ENDCHAR
STARTCHAR 05D5
ENCODING 1493
SWIDTH 600 0
DWIDTH 18 0
BBX 4 18 7 0
BITMAP
F0
F0
F0
F0
F0
F0
F0
F0
F0
F0
F0
F0
F0
F0
F0
F0
F0
F0
ENDCHAR
STARTCHAR 05D6
ENCODING 1494
SWIDTH 600 0
DWIDTH 18 0
BBX 10 18 4 0
BITMAP
C000
F800
FF00
FFC0
3FC0
07C0
0FC0
1E00
1E00
3C00
3C00
3C00
3C00
3C00
3C00
3C00
3C00
3C00
ENDCHAR
STARTCHAR 05D7
ENCODING 1495
SWIDTH 600 0
DWIDTH 18 0
BBX 15 18 2 0
BITMAP
FFC0
FFF0
FFF8
FFFC
F07C
F03C
F03C
F01C
F01E
F01E
F01E
F01E
F01E
F01E
F01E
F01E
F01E
F01E
ENDCHAR
STARTCHAR 05D8
ENCODING 1496
SWIDTH 600 0
DWIDTH 18 0
BBX 16 18 1 0
BITMAP
F1F8
F1FC
F1FE
F1FE
F01F
F01F
F00F
F00F
F00F
F00F
F00F
F00F
781E
781E
7FFE
3FFC
3FF8
0FE0
ENDCHAR
STARTCHAR 05D9
ENCODING 1497
SWIDTH 600 0
DWIDTH 18 0
BBX 4 10 7 8
BITMAP
F0
F0
F0
F0
F0
F0
F0
F0
F0
F0
ENDCHAR
STARTCHAR 05DA
ENCODING 1498
SWIDTH 600 0
DWIDTH 18 0
BBX 14 24 1 -6
BITMAP
FFC0
FFF0
FFF8
FFFC
003C
003C
003C
003C
003C
003C
003C
003C
003C
003C
003C
003C
003C
003C
003C
003C
003C
003C
003C
003C
ENDCHAR
STARTCHAR 05DB
ENCODING 1499
SWIDTH 600 0
DWIDTH 18 0
BBX 14 18 2 0
BITMAP
FF80
FFE0
FFF0
FFF8
00F8
0078
003C
003C
003C
003C
003C
003C
0078
00F8
FFF8
FFF0
FFE0
FF80
ENDCHAR
STARTCHAR 05DC
ENCODING 1500
SWIDTH 600 0
DWIDTH 18 0
BBX 14 25 2 -1
BITMAP
F000
F000
F000
F000
F000
F000
FFE0
FFF8
FFFC
FFFC
003C
003C
003C
003C
003C
007C
0078
00F8
03F0
07E0
3FC0
7F80
7E00
7C00
6000
ENDCHAR
STARTCHAR 05DD
ENCODING 1501
SWIDTH 600 0
DWIDTH 18 0
BBX 15 18 2 0
BITMAP
FFC0
FFF0
FFF8
FFFC
F03C
F03C
F03C
F01C
F01E
F01E
F01E
F01E
F01E
F01E
FFFE
FFFE
FFFE
FFFE
ENDCHAR
STARTCHAR 05DE
ENCODING 1502
SWIDTH 600 0
DWIDTH 18 0
BBX 17 18 0 0
BITMAP
F8F800
7BFE00
7FFE00
3FFF00
1F0F00
1F0F00
1E0F00
1E0700
1E0780
3E0780
3C0780
3C0780
3C0780
7C0780
78FF80
78FF80
78FF80
F8FF80
ENDCHAR
STARTCHAR 05DF
ENCODING 1503
SWIDTH 600 0
DWIDTH 18 0
BBX 4 24 7 -6
BITMAP
F0
F0
F0
F0
F0
F0
F0
F0
F0
F0
F0
F0
F0
F0
F0
F0
F0
F0
F0
F0
F0
F0
F0
F0
ENDCHAR
STARTCHAR 05E0
ENCODING 1504
SWIDTH 600 0
DWIDTH 18 0
BBX 10 18 4 0
BITMAP
FE00
FF00
FF80
FF80
07C0
03C0
03C0
03C0
03C0
03C0
03C0
03C0
03C0
03C0
FFC0
FFC0
FFC0
FFC0
ENDCHAR
STARTCHAR 05E1
ENCODING 1505
SWIDTH 600 0
DWIDTH 18 0
BBX 17 18 0 0
BITMAP
FFF800
FFFE00
FFFF00
FFFF00
3C0F80
3C0F80
3C0780
3C0780
7C0780
7C0780
7C0780
3C0780
3C0F80
3E0F00
3FFF00
1FFE00
0FFE00
03F800
ENDCHAR
STARTCHAR 05E2
ENCODING 1506
SWIDTH 600 0
DWIDTH 18 0
BBX 16 19 1 -1
BITMAP
780F
780F
7C0F
3C0F
3C0F
3E0F
1E0F
1E0F
0F1E
0F1E
0F1E
07BC
07FC
07F8
07F8
FFF0
FFC0
FF00
F000
ENDCHAR
STARTCHAR 05E3
ENCODING 1507
SWIDTH 600 0
DWIDTH 18 0
BBX 14 24 2 -6
BITMAP
FFC0
FFF0
FFF8
FFFC
F07C
F03C
F03C
F03C
FE3C
FE3C
FE3C
FE3C
003C
003C
003C
003C
003C
003C
003C
003C
003C
003C
003C
003C
ENDCHAR
STARTCHAR 05E4
ENCODING 1508
SWIDTH 600 0
DWIDTH 18 0
BBX 16 18 1 0
BITMAP
FFE0
FFF8
FFFC
FFFE
F83E
F81E
F80F
FF0F
FF0F
FF0F
FF0F
001F
001E
003E
7FFE
7FFC
7FF8
7FC0
ENDCHAR
STARTCHAR 05E5
ENCODING 1509
SWIDTH 600 0
DWIDTH 18 0
BBX 16 24 1 -6
BITMAP
F81F
781E
7C1E
3E1E
1E1E
1F1E
0F1E
0F3E
077C
07F8
07F0
07E0
0780
0780
0780
0780
0780
0780
0780
0780
0780
0780
0780
0780
ENDCHAR
STARTCHAR 05E6
ENCODING 1510
SWIDTH 600 0
DWIDTH 18 0
BBX 17 18 0 0
BITMAP
F80780
7C0780
3E0F80
1E0F00
1F0F00
0F8F00
07DF00
03FE00
01FC00
01F800
00F800
007C00
003C00
003E00
7FFF00
7FFF80
7FFF80
7FFF80
ENDCHAR
STARTCHAR 05E7
ENCODING 1511
SWIDTH 600 0
DWIDTH 18 0
BBX 15 24 2 -6
BITMAP
FFE0
FFF8
FFFC
FFFC
003E
001E
001E
781E
781E
783C
783C
783C
7878
78F8
79F0
7BF0
7BC0
7B80
7A00
7800
7800
7800
7800
7800
ENDCHAR
STARTCHAR 05E8
ENCODING 1512
SWIDTH 600 0
DWIDTH 18 0
BBX 14 18 1 0
BITMAP
FFC0
FFF0
FFF8
FFFC
003C
003C
003C
003C
003C
003C
003C
003C
003C
003C
003C
003C
003C
003C
ENDCHAR
STARTCHAR 05E9
ENCODING 1513
SWIDTH 600 0
DWIDTH 18 0
BBX 18 18 0 0
BITMAP
F0E3C0
70E3C0
70E380
79E380
79E380
79E380
79E780
3BC780
3FC780
3F8780
3E0780
3C0700
3C0F00
3C1F00
1FFE00
1FFC00
1FF800
1FC000
ENDCHAR
STARTCHAR 05EA
ENCODING 1514
SWIDTH 600 0
DWIDTH 18 0
BBX 16 18 1 0
BITMAP
FFF0
FFFC
FFFC
FFFE
3C1E
3C1E
3C0F
3C0F
3C0F
3C0F
3C0F
3C0F
3C0F
3C0F
FC0F
FC0F
F80F
F00F
ENDCHAR
STARTCHAR 05F0
ENCODING 1520
SWIDTH 600 0
DWIDTH 18 0
BBX 12 18 3 0
BITMAP
F0F0
F0F0
F0F0
F0F0
F0F0
F0F0
F0F0
F0F0
F0F0
F0F0
F0F0
F0F0
F0F0
F0F0
F0F0
F0F0
F0F0
F0F0
ENDCHAR
STARTCHAR 05F1
ENCODING 1521
SWIDTH 600 0
DWIDTH 18 0
BBX 12 18 3 0
BITMAP
F0F0
F0F0
F0F0
F0F0
F0F0
F0F0
F0F0
F0F0
F0F0
F0F0
00F0
00F0
00F0
00F0
00F0
00F0
00F0
00F0
ENDCHAR
STARTCHAR 05F2
ENCODING 1522
SWIDTH 600 0
DWIDTH 18 0
BBX 12 10 3 8
BITMAP
F0F0
F0F0
F0F0
F0F0
F0F0
F0F0
F0F0
F0F0
F0F0
F0F0
ENDCHAR
STARTCHAR 05F3
ENCODING 1523
SWIDTH 600 0
DWIDTH 18 0
BBX 6 9 6 15
BITMAP
3C
38
78
78
70
70
70
E0
E0
ENDCHAR
STARTCHAR 05F4
ENCODING 1524
SWIDTH 600 0
DWIDTH 18 0
BBX 12 9 3 15
BITMAP
3CF0
78F0
78E0
71E0
71E0
F1C0
E1C0
E180
E380
ENDCHAR
STARTCHAR 1D00
ENCODING 7424
SWIDTH 600 0
DWIDTH 18 0
BBX 18 16 0 0
BITMAP
03F000
03F000
07F000
07F800
073800
0F3C00
0E3C00
1E1C00
1E1E00
1FFE00
3FFF00
3FFF00
380700
780780
780780
F003C0
ENDCHAR
STARTCHAR 1D01
ENCODING 7425
SWIDTH 600 0
DWIDTH 18 0
BBX 18 16 0 0
BITMAP
03FFC0
07FFC0
07FFC0
077800
0F7800
0F7800
1E7F80
1E7F80
1E7F80
3FF800
3FF800
3FF800
7C7800
787FC0
787FC0
F87FC0
ENDCHAR
STARTCHAR 1D02
ENCODING 7426
SWIDTH 600 0
DWIDTH 18 0
BBX 18 16 0 0
BITMAP
1E0F00
3F9F80
7FBF80
71F3C0
61E1C0
00E1C0
00E380
FFFF80
FFFF00
FFF800
E0E000
71E380
71E380
7FFF00
3F7F00
1E3E00
ENDCHAR
STARTCHAR 1D03
ENCODING 7427
SWIDTH 600 0
DWIDTH 18 0
BBX 16 16 1 0
BITMAP
7FF8
7FFC
7FFC
783E
783C
783C
FFFF
FFFF
FFFF
783C
781E
781E
783E
7FFE
7FFC
7FF8
ENDCHAR
STARTCHAR 1D04
ENCODING 7428
SWIDTH 600 0
DWIDTH 18 0
BBX 14 16 2 0
BITMAP
0FC0
3FF0
7FF8
787C
F83C
F000
F000
F000
F000
F000
F03C
F83C
787C
7FF8
3FF0
0FC0
ENDCHAR
STARTCHAR 1D05
ENCODING 7429
SWIDTH 600 0
DWIDTH 18 0
BBX 14 16 2 0
BITMAP
FFC0
FFF0
FFF8
F07C
F03C
F03C
F03C
F03C
F03C
F03C
F03C
F03C
F078
FFF8
FFF0
FFC0
ENDCHAR
STARTCHAR 1D06
ENCODING 7430
SWIDTH 600 0
DWIDTH 18 0
BBX 16 16 1 0
BITMAP
3FE0
3FF8
3FFC
3C3E
3C1E
3C1E
FF1F
FF1F
FF1F
3C1F
3C1E
3C1E
3C3E
3FFC
3FF8
3FE0
ENDCHAR
STARTCHAR 1D07
ENCODING 7431
SWIDTH 600 0
DWIDTH 18 0
BBX 12 16 3 0
BITMAP
FFF0
FFF0
FFF0
F000
F000
F000
FFE0
FFE0
FFE0
F000
F000
F000
F000
FFF0
FFF0
FFF0
ENDCHAR
STARTCHAR 1D08
ENCODING 7432
SWIDTH 600 0
DWIDTH 18 0
BBX 12 16 3 0
BITMAP
1F80
7FE0
FFF0
F0F0
E0F0
01E0
0FC0
0F80
0FE0
00F0
00F0
E0F0
F0F0
FFF0
7FE0
1F80
ENDCHAR
STARTCHAR 1D09
ENCODING 7433
SWIDTH 600 0
DWIDTH 18 0
BBX 15 22 2 -6
BITMAP
FFFE
FFFE
FFFE
0780
0780
0780
0780
0780
0780
0780
0780
0780
0780
07F8
07F8
07F8
0000
0000
0000
0780
0780
0780
ENDCHAR
STARTCHAR 1D0A
ENCODING 7434
SWIDTH 600 0
DWIDTH 18 0
BBX 12 16 2 0
BITMAP
07F0
07F0
07F0
00F0
00F0
00F0
00F0
00F0
00F0
00F0
00F0
F0F0
F8F0
7FF0
3FE0
1F80
ENDCHAR
STARTCHAR 1D0B
ENCODING 7435
SWIDTH 600 0
DWIDTH 18 0
BBX 14 16 3 0
BITMAP
F078
F0F0
F1F0
F3E0
F3C0
F780
FF00
FF80
FF80
FBC0
F3E0
F1E0
F0F0
F0F8
F078
F07C
ENDCHAR
STARTCHAR 1D0C
ENCODING 7436
SWIDTH 600 0
DWIDTH 18 0
BBX 12 16 3 0
BITMAP
7800
7800
7800
7880
7B80
7F80
7F80
FE00
F800
F800
F800
7800
7800
7FF0
7FF0
7FF0
ENDCHAR
STARTCHAR 1D0D
ENCODING 7437
SWIDTH 600 0
DWIDTH 18 0
BBX 16 16 1 0
BITMAP
F81F
FC3F
FC3F
FC3F
EC3F
EE77
EE77
EE77
E677
E767
E7E7
E7E7
E3E7
E3C7
E3C7
E3C7
ENDCHAR
STARTCHAR 1D0E
ENCODING 7438
SWIDTH 600 0
DWIDTH 18 0
BBX 14 16 2 0
BITMAP
F03C
F07C
F07C
F0FC
F0FC
F1DC
F3DC
F39C
F79C
F71C
FF1C
FE1C
FC1C
FC1C
F81C
F81C
ENDCHAR
STARTCHAR 1D0F
ENCODING 7439
SWIDTH 600 0
DWIDTH 18 0
BBX 16 16 1 0
BITMAP
07E0
1FF8
3FFC
7C3E
781E
781E
F81F
F81F
F81F
F81F
781E
781E
7C3E
3FFC
1FF8
07E0
ENDCHAR
STARTCHAR 1D10
ENCODING 7440
SWIDTH 600 0
DWIDTH 18 0
BBX 15 16 2 0
BITMAP
0FC0
3FF0
7FF8
787C
F83C
003E
001E
001E
001E
001E
F83E
783C
7C7C
3FF8
1FF0
0FE0
ENDCHAR
STARTCHAR 1D11
ENCODING 7441
SWIDTH 600 0
DWIDTH 18 0
BBX 16 16 1 0
BITMAP
07E0
1FF8
7FFC
7FFE
FC3F
F00F
E007
E007
E007
E007
F00F
FC3F
7FFE
3FFC
1FF8
07E0
ENDCHAR
STARTCHAR 1D12
ENCODING 7442
SWIDTH 600 0
DWIDTH 18 0
BBX 16 15 1 1
BITMAP
07E0
1FF8
7FFC
7FFE
FC3F
F00F
E007
E007
E007
E007
F81F
7C1E
781E
381C
0810
ENDCHAR
STARTCHAR 1D13
ENCODING 7443
SWIDTH 600 0
DWIDTH 18 0
BBX 18 18 0 -1
BITMAP
800000
C3F000
EFFC00
7FFE00
3FFF00
7E1F80
7F0780
738380
71C380
70E380
707380
783F80
7E1F80
3FFF00
1FFF80
0FFDC0
03F0C0
000040
ENDCHAR
STARTCHAR 1D14
ENCODING 7444
SWIDTH 600 0
DWIDTH 18 0
BBX 18 16 0 0
BITMAP
1E1E00
3F3F00
7FFF80
73E380
31E380
01E380
01C1C0
FFC1C0
FFC1C0
FFC1C0
61E380
71E380
71E380
7FFF80
3F3F00
1E1E00
ENDCHAR
STARTCHAR 1D15
ENCODING 7445
SWIDTH 600 0
DWIDTH 18 0
BBX 14 16 2 0
BITMAP
F03C
F03C
7038
7878
3FF0
1FE0
7FF8
F03C
F03C
F03C
F03C
F03C
F87C
7FF8
3FF0
0FC0
ENDCHAR
STARTCHAR 1D16
ENCODING 7446
SWIDTH 600 0
DWIDTH 18 0
BBX 16 8 1 8
BITMAP
07E0
1FF8
3FFC
7C3E
781E
F81F
F80F
F00F
ENDCHAR
STARTCHAR 1D17
ENCODING 7447
SWIDTH 600 0
DWIDTH 18 0
BBX 16 8 1 0
BITMAP
F00F
F00F
F81F
781E
7C3E
3FFC
1FF8
07E0
ENDCHAR
STARTCHAR 1D18
ENCODING 7448
SWIDTH 600 0
DWIDTH 18 0
BBX 15 16 2 0
BITMAP
FFF0
FFFC
FFFC
F03E
F01E
F01E
F03E
FFFC
FFF8
FFC0
F000
F000
F000
F000
F000
F000
ENDCHAR
STARTCHAR 1D19
ENCODING 7449
SWIDTH 600 0
DWIDTH 18 0
BBX 15 16 1 0
BITMAP
0FFE
3FFE
7FFE
781E
781E
781E
7C1E
3FFE
1FFE
0FFE
1E1E
3E1E
3C1E
781E
F81E
F01E
ENDCHAR
STARTCHAR 1D1A
ENCODING 7450
SWIDTH 600 0
DWIDTH 18 0
BBX 15 16 1 0
BITMAP
F01E
F81E
7C1E
3C1E
1E1E
1F1E
0FFE
3FFE
7FFE
781E
781E
781E
781E
7FFE
3FFE
0FFE
ENDCHAR
STARTCHAR 1D1B
ENCODING 7451
SWIDTH 600 0
DWIDTH 18 0
BBX 14 16 2 0
BITMAP
FFFC
FFFC
FFFC
0780
0780
0780
0780
0780
0780
0780
0780
0780
0780
0780
0780
0780
ENDCHAR
STARTCHAR 1D1C
ENCODING 7452
SWIDTH 600 0
DWIDTH 18 0
BBX 14 16 2 0
BITMAP
F078
F078
F03C
F03C
F03C
F03C
F03C
F03C
F03C
F03C
F03C
F83C
7878
7FF8
3FF0
0FC0
ENDCHAR
STARTCHAR 1D1D
ENCODING 7453
SWIDTH 600 0
DWIDTH 18 0
BBX 16 15 1 0
BITMAP
FFFF
FFFF
FFFF
FFFF
001C
000E
0007
0007
0007
0007
001F
FFFF
FFFF
FFFE
FFF8
ENDCHAR
STARTCHAR 1D1E
ENCODING 7454
SWIDTH 600 0
DWIDTH 18 0
BBX 16 14 1 1
BITMAP
07FF
07FF
07FF
E7FF
E01C
E006
0007
0007
0007
E00F
E7FF
E7FF
07FE
07F8
ENDCHAR
STARTCHAR 1D1F
ENCODING 7455
SWIDTH 600 0
DWIDTH 18 0
BBX 16 22 1 -3
BITMAP
FFFF
FFFF
FFFF
FFFF
001C
0006
0007
0007
000F
FFFF
FFFF
FFFE
FFFC
001C
0006
0007
0007
000F
FFFF
FFFF
FFFE
FFF8
ENDCHAR
STARTCHAR 1D20
ENCODING 7456
SWIDTH 600 0
DWIDTH 18 0
BBX 16 16 1 0
BITMAP
F00F
F00F
F81F
781E
781E
7C3C
3C3C
3C3C
1E78
1E78
1E70
0FF0
0FF0
0FE0
07E0
07E0
ENDCHAR
STARTCHAR 1D21
ENCODING 7457
SWIDTH 600 0
DWIDTH 18 0
BBX 18 16 0 0
BITMAP
F003C0
F003C0
700380
700380
71E380
71E380
71E380
7BE780
3BF700
3B3700
3B3700
3F3F00
3F3F00
3E1F00
1E1E00
1E1E00
ENDCHAR
STARTCHAR 1D22
ENCODING 7458
SWIDTH 600 0
DWIDTH 18 0
BBX 14 16 2 0
BITMAP
7FF8
7FF8
7FF8
00F8
01F0
03E0
07C0
0780
0F00
1F00
3E00
7C00
F800
FFFC
FFFC
FFFC
ENDCHAR
STARTCHAR 1D23
ENCODING 7459
SWIDTH 600 0
DWIDTH 18 0
BBX 13 16 2 0
BITMAP
7FF8
7FF8
7FF8
01F0
03C0
0780
07E0
07F0
00F8
0078
0078
7078
F078
7FF0
3FE0
1FC0
ENDCHAR
STARTCHAR 1D24
ENCODING 7460
SWIDTH 600 0
DWIDTH 18 0
BBX 14 16 2 0
BITMAP
0FC0
3FF0
7FF8
7878
F078
0078
07F0
07E0
1F80
3F80
7800
783C
7878
7FF8
3FF0
0FC0
ENDCHAR
STARTCHAR 1D25
ENCODING 7461
SWIDTH 600 0
DWIDTH 18 0
BBX 18 16 0 0
BITMAP
03F000
0FFC00
0FFC00
1FFE00
1FFE00
1FFE00
1FFE00
0FFC00
07F800
07F800
03F000
03F000
47F880
7FFF80
FF3FC0
7C0F80
ENDCHAR
STARTCHAR 1D26
ENCODING 7462
SWIDTH 600 0
DWIDTH 18 0
BBX 11 16 4 0
BITMAP
FFE0
FFE0
FFE0
F000
F000
F000
F000
F000
F000
F000
F000
F000
F000
F000
F000
F000
ENDCHAR
STARTCHAR 1D27
ENCODING 7463
SWIDTH 600 0
DWIDTH 18 0
BBX 17 16 1 0
BITMAP
03E000
03F000
07F000
077000
0F7800
0F7800
0F3800
1E3C00
1E3C00
1E1E00
3C1E00
3C1E00
7C0F00
780F00
780F80
F80780
ENDCHAR
STARTCHAR 1D28
ENCODING 7464
SWIDTH 600 0
DWIDTH 18 0
BBX 14 16 2 0
BITMAP
FFFC
FFFC
FFFC
F03C
F03C
F03C
F03C
F03C
F03C
F03C
F03C
F03C
F03C
F03C
F03C
F03C
ENDCHAR
STARTCHAR 1D29
ENCODING 7465
SWIDTH 600 0
DWIDTH 18 0
BBX 15 16 2 0
BITMAP
FFF0
FFFC
FFFC
F03E
F01E
F01E
F03E
FFFC
FFF8
FFC0
F000
F000
F000
F000
F000
F000
ENDCHAR
STARTCHAR 1D2A
ENCODING 7466
SWIDTH 600 0
DWIDTH 18 0
BBX 18 16 0 0
BITMAP
F1E3C0
F1E3C0
F1E3C0
F1E3C0
F1E3C0
F1E3C0
F9E3C0
79E780
7FFF80
3FFF00
0FFC00
01E000
01E000
01E000
01E000
01E000
ENDCHAR
STARTCHAR 1D2B
ENCODING 7467
SWIDTH 600 0
DWIDTH 18 0
BBX 16 16 0 0
BITMAP
07FF
0FFF
0FFF
0F0F
0F0F
0F0F
0F0F
0E0F
1E0F
1E0F
1E0F
1E0F
3C0F
FC0F
FC0F
F80F
ENDCHAR
STARTCHAR 1D2C
ENCODING 7468
SWIDTH 600 0
DWIDTH 18 0
BBX 14 15 2 7
BITMAP
0780
0780
0FC0
0FC0
0CC0
1CE0
1CE0
1860
3870
3FF0
3FF0
7038
7038
7038
E01C
ENDCHAR
STARTCHAR 1D2D
ENCODING 7469
SWIDTH 600 0
DWIDTH 18 0
BBX 20 15 -1 7
BITMAP
01FFE0
03FFE0
03F000
037000
077000
077000
0E7FE0
0E7FE0
1C7000
1FF000
3FF000
387000
707000
707FF0
F07FF0
ENDCHAR
STARTCHAR 1D2E
ENCODING 7470
SWIDTH 600 0
DWIDTH 18 0
BBX 13 15 3 7
BITMAP
FFC0
FFE0
E1F0
E070
E070
E0E0
FFC0
FFE0
E0F0
E070
E038
E070
E0F0
FFF0
FFC0
ENDCHAR
STARTCHAR 1D2F
ENCODING 7471
SWIDTH 600 0
DWIDTH 18 0
BBX 14 15 2 7
BITMAP
7FE0
7FF0
7078
7038
7038
7070
FFFC
FFFC
7078
701C
701C
701C
7078
7FF8
7FE0
ENDCHAR
STARTCHAR 1D30
ENCODING 7472
SWIDTH 600 0
DWIDTH 18 0
BBX 13 15 3 7
BITMAP
FF00
FFC0
E3E0
E0F0
E070
E070
E038
E038
E070
E070
E070
E0F0
E3E0
FFC0
FF80
ENDCHAR
STARTCHAR 1D31
ENCODING 7473
SWIDTH 600 0
DWIDTH 18 0
BBX 12 15 3 7
BITMAP
FFE0
FFE0
E000
E000
E000
E000
FFE0
FFE0
E000
E000
E000
E000
E000
FFF0
FFF0
ENDCHAR
STARTCHAR 1D32
ENCODING 7474
SWIDTH 600 0
DWIDTH 18 0
BBX 12 15 3 7
BITMAP
7FF0
7FF0
0070
0070
0070
0070
7FF0
7FF0
0070
0070
0070
0070
0070
FFF0
FFF0
ENDCHAR
STARTCHAR 1D33
ENCODING 7475
SWIDTH 600 0
DWIDTH 18 0
BBX 14 15 2 7
BITMAP
0FC0
3FF0
7EF8
7038
F010
E000
E000
E0FC
E0FC
E01C
701C
701C
7EFC
3FF8
0FE0
ENDCHAR
STARTCHAR 1D34
ENCODING 7476
SWIDTH 600 0
DWIDTH 18 0
BBX 12 15 3 7
BITMAP
E070
E070
E070
E070
E070
E070
FFF0
FFF0
FFF0
E070
E070
E070
E070
E070
E070
ENDCHAR
STARTCHAR 1D35
ENCODING 7477
SWIDTH 600 0
DWIDTH 18 0
BBX 2 15 8 7
BITMAP
C0
C0
C0
C0
C0
C0
C0
C0
C0
C0
C0
C0
C0
C0
C0
ENDCHAR
STARTCHAR 1D36
ENCODING 7478
SWIDTH 600 0
DWIDTH 18 0
BBX 10 15 4 7
BITMAP
0FC0
0FC0
01C0
01C0
01C0
01C0
01C0
01C0
01C0
01C0
E1C0
E380
F780
7F00
3E00
ENDCHAR
STARTCHAR 1D37
ENCODING 7479
SWIDTH 600 0
DWIDTH 18 0
BBX 13 15 3 7
BITMAP
E078
E0F0
E1E0
E3C0
E780
EF00
FE00
FF00
F780
E380
E1C0
E1E0
E0F0
E070
E038
ENDCHAR
STARTCHAR 1D38
ENCODING 7480
SWIDTH 600 0
DWIDTH 18 0
BBX 11 15 4 7
BITMAP
E000
E000
E000
E000
E000
E000
E000
E000
E000
E000
E000
E000
E000
FFE0
FFE0
ENDCHAR
STARTCHAR 1D39
ENCODING 7481
SWIDTH 600 0
DWIDTH 18 0
BBX 14 15 2 7
BITMAP
F03C
F03C
F87C
D86C
D86C
D86C
DCEC
CCCC
CCCC
CFCC
C78C
C78C
C78C
C70C
C30C
ENDCHAR
STARTCHAR 1D3A
ENCODING 7482
SWIDTH 600 0
DWIDTH 18 0
BBX 12 15 3 7
BITMAP
F070
F070
F870
D870
FC70
EC70
EE70
E670
E770
E370
E3F0
E1B0
E1F0
E0F0
E0F0
ENDCHAR
STARTCHAR 1D3B
ENCODING 7483
SWIDTH 600 0
DWIDTH 18 0
BBX 12 15 3 7
BITMAP
E0F0
E0F0
E1F0
E1B0
E3F0
E370
E770
E670
EE70
EC70
FC70
D870
F870
F070
F070
ENDCHAR
STARTCHAR 1D3C
ENCODING 7484
SWIDTH 600 0
DWIDTH 18 0
BBX 14 15 2 7
BITMAP
0FC0
3FF0
7CF8
7038
E03C
E01C
E01C
E01C
E01C
E01C
F03C
7038
7CF8
3FF0
0FC0
ENDCHAR
STARTCHAR 1D3D
ENCODING 7485
SWIDTH 600 0
DWIDTH 18 0
BBX 10 15 4 7
BITMAP
0700
3780
F1C0
E1C0
E1C0
E1C0
7F80
7F80
E1C0
E1C0
C0C0
E1C0
E1C0
7F80
3F00
ENDCHAR
STARTCHAR 1D3E
ENCODING 7486
SWIDTH 600 0
DWIDTH 18 0
BBX 11 15 4 7
BITMAP
FF80
FFC0
E1E0
E0E0
E0E0
E0E0
E0E0
FFC0
FF80
E000
E000
E000
E000
E000
E000
ENDCHAR
STARTCHAR 1D3F
ENCODING 7487
SWIDTH 600 0
DWIDTH 18 0
BBX 13 15 3 7
BITMAP
FFC0
FFE0
E0F0
E070
E070
E070
E0F0
FFE0
FFC0
E3C0
E1C0
E0E0
E0E0
E070
E078
ENDCHAR
STARTCHAR 1D40
ENCODING 7488
SWIDTH 600 0
DWIDTH 18 0
BBX 12 15 3 7
BITMAP
FFF0
FFF0
0600
0600
0600
0600
0600
0600
0600
0600
0600
0600
0600
0600
0600
ENDCHAR
STARTCHAR 1D41
ENCODING 7489
SWIDTH 600 0
DWIDTH 18 0
BBX 12 15 3 7
BITMAP
E070
E070
E070
E070
E070
E070
E070
E070
E070
E070
E070
E0F0
79E0
7FC0
1F80
ENDCHAR
STARTCHAR 1D42
ENCODING 7490
SWIDTH 600 0
DWIDTH 18 0
BBX 18 15 0 7
BITMAP
C1E0C0
E1E1C0
E1E1C0
E1E1C0
E3F1C0
73F180
733380
733380
733B80
373B00
3F1F00
3E1F00
3E1F00
1E1E00
1E1E00
ENDCHAR
STARTCHAR 1D43
ENCODING 7491
SWIDTH 600 0
DWIDTH 18 0
BBX 11 11 4 7
BITMAP
3E00
7F80
E380
0380
3F80
FF80
E380
E380
E780
FDE0
79E0
ENDCHAR
STARTCHAR 1D44
ENCODING 7492
SWIDTH 600 0
DWIDTH 18 0
BBX 11 11 3 7
BITMAP
F3C0
F7E0
38E0
38E0
38E0
3FC0
3E00
3800
39C0
3FC0
0F80
ENDCHAR
STARTCHAR 1D45
ENCODING 7493
SWIDTH 600 0
DWIDTH 18 0
BBX 10 11 4 7
BITMAP
3DC0
7FC0
F3C0
E1C0
E1C0
E1C0
E1C0
E1C0
F3C0
7FC0
3DC0
ENDCHAR
STARTCHAR 1D46
ENCODING 7494
SWIDTH 600 0
DWIDTH 18 0
BBX 16 11 1 7
BITMAP
3E1E
7F7F
E3E7
03C7
01C7
FFFE
FFF0
C3C0
E3C7
7FFE
3E7C
ENDCHAR
STARTCHAR 1D47
ENCODING 7495
SWIDTH 600 0
DWIDTH 18 0
BBX 10 15 4 7
BITMAP
E000
E000
E000
E000
EF00
FF80
F3C0
E1C0
E1C0
E1C0
E1C0
E1C0
F3C0
FF80
EF00
ENDCHAR
STARTCHAR 1D48
ENCODING 7496
SWIDTH 600 0
DWIDTH 18 0
BBX 10 15 4 7
BITMAP
01C0
01C0
01C0
01C0
3DC0
7FC0
F3C0
E1C0
E1C0
E1C0
E1C0
E1C0
F3C0
7FC0
3DC0
ENDCHAR
STARTCHAR 1D49
ENCODING 7497
SWIDTH 600 0
DWIDTH 18 0
BBX 10 11 4 7
BITMAP
1E00
7F80
7180
E1C0
FFC0
FFC0
E000
E000
71C0
7F80
1F00
ENDCHAR
STARTCHAR 1D4A
ENCODING 7498
SWIDTH 600 0
DWIDTH 18 0
BBX 10 11 4 7
BITMAP
3E00
7F80
E380
01C0
01C0
FFC0
FFC0
E1C0
6380
7F80
1E00
ENDCHAR
STARTCHAR 1D4B
ENCODING 7499
SWIDTH 600 0
DWIDTH 18 0
BBX 8 11 5 7
BITMAP
7C
FF
E7
E0
78
78
E0
C2
E7
FF
7E
ENDCHAR
STARTCHAR 1D4C
ENCODING 7500
SWIDTH 600 0
DWIDTH 18 0
BBX 8 11 5 7
BITMAP
3E
FF
C7
07
1E
1E
07
43
E7
FF
3E
ENDCHAR
STARTCHAR 1D4D
ENCODING 7501
SWIDTH 600 0
DWIDTH 18 0
BBX 10 16 4 2
BITMAP
3DC0
7FC0
F3C0
E1C0
E1C0
E1C0
E1C0
E1C0
F3C0
7FC0
3DC0
01C0
01C0
F1C0
7F80
3F00
ENDCHAR
STARTCHAR 1D4E
ENCODING 7502
SWIDTH 600 0
DWIDTH 18 0
BBX 2 15 8 3
BITMAP
C0
C0
C0
C0
C0
C0
C0
C0
C0
C0
C0
00
00
C0
C0
ENDCHAR
STARTCHAR 1D4F
ENCODING 7503
SWIDTH 600 0
DWIDTH 18 0
BBX 9 15 5 7
BITMAP
C000
C000
C000
C000
C380
C700
CE00
DC00
FC00
FC00
EE00
CE00
C700
C380
C380
ENDCHAR
STARTCHAR 1D50
ENCODING 7504
SWIDTH 600 0
DWIDTH 18 0
BBX 16 11 1 7
BITMAP
EF1C
FFBE
F3CF
E3C7
E187
E187
E187
E187
E187
E187
E187
ENDCHAR
STARTCHAR 1D51
ENCODING 7505
SWIDTH 600 0
DWIDTH 18 0
BBX 10 15 4 3
BITMAP
EF00
FF80
F3C0
E1C0
E1C0
E1C0
E1C0
E1C0
E1C0
E1C0
E1C0
01C0
01C0
07C0
0780
ENDCHAR
STARTCHAR 1D52
ENCODING 7506
SWIDTH 600 0
DWIDTH 18 0
BBX 10 11 4 7
BITMAP
3F00
7F80
E1C0
E1C0
E1C0
E1C0
E1C0
E1C0
E3C0
7F80
3F00
ENDCHAR
STARTCHAR 1D53
ENCODING 7507
SWIDTH 600 0
DWIDTH 18 0
BBX 10 11 4 7
BITMAP
3E00
7F80
F380
E1C0
01C0
01C0
01C0
E1C0
F380
7F80
3E00
ENDCHAR
STARTCHAR 1D54
ENCODING 7508
SWIDTH 600 0
DWIDTH 18 0
BBX 10 6 4 12
BITMAP
1F00
7F80
F3C0
E1C0
E1C0
E1C0
ENDCHAR
STARTCHAR 1D55
ENCODING 7509
SWIDTH 600 0
DWIDTH 18 0
BBX 10 6 4 7
BITMAP
E1C0
E1C0
E1C0
F3C0
7F80
3F00
ENDCHAR
STARTCHAR 1D56
ENCODING 7510
SWIDTH 600 0
DWIDTH 18 0
BBX 10 15 4 3
BITMAP
EF00
FF80
F3C0
E1C0
E1C0
E1C0
E1C0
E1C0
F3C0
FF80
EF00
E000
E000
E000
E000
ENDCHAR
STARTCHAR 1D57
ENCODING 7511
SWIDTH 600 0
DWIDTH 18 0
BBX 6 14 6 7
BITMAP
30
30
70
FC
FC
70
70
70
70
70
70
70
7C
3C
ENDCHAR
STARTCHAR 1D58
ENCODING 7512
SWIDTH 600 0
DWIDTH 18 0
BBX 10 11 4 7
BITMAP
E1C0
E1C0
E1C0
E1C0
E1C0
E1C0
E1C0
E1C0
F3C0
7FC0
3DC0
ENDCHAR
STARTCHAR 1D59
ENCODING 7513
SWIDTH 600 0
DWIDTH 18 0
BBX 11 11 3 7
BITMAP
FFE0
FFE0
FFE0
00C0
0060
0060
0060
0060
FFE0
FFE0
FFC0
ENDCHAR
STARTCHAR 1D5A
ENCODING 7514
SWIDTH 600 0
DWIDTH 18 0
BBX 16 11 1 7
BITMAP
E187
E187
E187
E187
E187
E187
E187
E3C7
F3CF
7DFF
38F7
ENDCHAR
STARTCHAR 1D5B
ENCODING 7515
SWIDTH 600 0
DWIDTH 18 0
BBX 10 11 4 7
BITMAP
E1C0
E1C0
E1C0
6180
7380
7380
3300
3F00
3F00
1E00
1E00
ENDCHAR
STARTCHAR 1D5C
ENCODING 7516
SWIDTH 600 0
DWIDTH 18 0
BBX 12 11 3 7
BITMAP
0F00
3FC0
3FC0
3FC0
3FC0
1F80
0F00
0F00
9F90
F9F0
F0F0
ENDCHAR
STARTCHAR 1D5D
ENCODING 7517
SWIDTH 600 0
DWIDTH 18 0
BBX 10 19 4 3
BITMAP
3E00
7F80
E380
E180
E380
E380
EF00
EF80
E3C0
E1C0
E1C0
E1C0
E1C0
FF80
FF00
E000
E000
E000
E000
ENDCHAR
STARTCHAR 1D5E
ENCODING 7518
SWIDTH 600 0
DWIDTH 18 0
BBX 10 15 4 3
BITMAP
E1C0
E1C0
E1C0
7180
7380
3380
3B00
3F00
1E00
1E00
1E00
1C00
1C00
1C00
1C00
ENDCHAR
STARTCHAR 1D5F
ENCODING 7519
SWIDTH 600 0
DWIDTH 18 0
BBX 10 15 4 7
BITMAP
7FC0
7FC0
3800
1C00
0F00
3F80
7380
E1C0
E1C0
E1C0
E1C0
E1C0
E3C0
7F80
3E00
ENDCHAR
STARTCHAR 1D60
ENCODING 7520
SWIDTH 600 0
DWIDTH 18 0
BBX 14 15 2 3
BITMAP
19E0
3BF0
7338
7318
6318
E31C
6318
7338
7338
3FF0
1FC0
0300
0300
0300
0300
ENDCHAR
STARTCHAR 1D61
ENCODING 7521
SWIDTH 600 0
DWIDTH 18 0
BBX 12 15 3 3
BITMAP
F0E0
78E0
39C0
1D80
1F80
0F00
0700
0F00
0F00
1F80
1980
39C0
30C0
70E0
6070
ENDCHAR
STARTCHAR 1D62
ENCODING 7522
SWIDTH 600 0
DWIDTH 18 0
BBX 2 15 8 -2
BITMAP
C0
C0
00
00
C0
C0
C0
C0
C0
C0
C0
C0
C0
C0
C0
ENDCHAR
STARTCHAR 1D63
ENCODING 7523
SWIDTH 600 0
DWIDTH 18 0
BBX 6 11 6 -2
BITMAP
EC
FC
F8
E0
E0
E0
E0
E0
E0
E0
E0
ENDCHAR
STARTCHAR 1D64
ENCODING 7524
SWIDTH 600 0
DWIDTH 18 0
BBX 10 11 4 -2
BITMAP
E1C0
E1C0
E1C0
E1C0
E1C0
E1C0
E1C0
E1C0
F3C0
7FC0
3DC0
ENDCHAR
STARTCHAR 1D65
ENCODING 7525
SWIDTH 600 0
DWIDTH 18 0
BBX 10 11 4 -2
BITMAP
E1C0
E1C0
E1C0
6180
7380
7380
3300
3F00
3F00
1E00
1E00
ENDCHAR
STARTCHAR 1D66
ENCODING 7526
SWIDTH 600 0
DWIDTH 18 0
BBX 10 20 4 -7
BITMAP
3E00
7F80
E380
E180
E380
E380
EF00
EF80
E3C0
E1C0
E1C0
E1C0
E1C0
FF80
FF00
E000
E000
E000
E000
E000
ENDCHAR
STARTCHAR 1D67
ENCODING 7527
SWIDTH 600 0
DWIDTH 18 0
BBX 10 15 4 -6
BITMAP
E1C0
E1C0
E1C0
7180
7380
3380
3B00
3F00
1E00
1E00
1E00
1C00
1C00
1C00
1C00
ENDCHAR
STARTCHAR 1D68
ENCODING 7528
SWIDTH 600 0
DWIDTH 18 0
BBX 10 15 4 -6
BITMAP
3F00
7F80
E1C0
E1C0
E1C0
C1C0
E1C0
E1C0
E3C0
FF80
DF00
E000
7F00
3FC0
01C0
ENDCHAR
STARTCHAR 1D69
ENCODING 7529
SWIDTH 600 0
DWIDTH 18 0
BBX 14 15 2 -6
BITMAP
19E0
3BF0
7338
7318
6318
E31C
6318
7338
7338
3FF0
1FC0
0300
0300
0300
0300
ENDCHAR
STARTCHAR 1D6A
ENCODING 7530
SWIDTH 600 0
DWIDTH 18 0
BBX 12 15 3 -6
BITMAP
F0E0
78E0
39C0
1D80
1F80
0F00
0700
0F00
0F00
1F80
1980
39C0
30C0
70E0
6070
ENDCHAR
STARTCHAR 1D6B
ENCODING 7531
SWIDTH 600 0
DWIDTH 18 0
BBX 17 16 1 0
BITMAP
E3BC00
E3FE00
E3FF00
E3C700
E3C700
E3C380
E3FF80
E3FF80
E3FF80
E3C000
E3C000
E3C300
E7E700
FFFF00
7F7E00
3E3C00
ENDCHAR
STARTCHAR 1D6C
ENCODING 7532
SWIDTH 600 0
DWIDTH 18 0
BBX 18 22 -1 0
BITMAP
1E0000
7E6000
FEC000
FFC000
DF8000
1E0000
1E3C00
1EFF00
1FFF00
1F8F80
1F0780
1F0780
1E07C0
1E07C0
1E07C0
1E07C0
1F0780
1F0780
1F8F80
1FFF00
1EFE00
1E3C00
ENDCHAR
STARTCHAR 1D6D
ENCODING 7533
SWIDTH 600 0
DWIDTH 18 0
BBX 18 22 1 0
BITMAP
001E00
007EC0
00FFC0
00DFC0
019F80
001E00
0F9E00
3FDE00
3FFE00
7C7E00
783E00
783E00
F81E00
F81E00
F81E00
F81E00
783E00
783E00
7C7E00
3FDE00
3FDE00
0F9E00
ENDCHAR
STARTCHAR 1D6E
ENCODING 7534
SWIDTH 600 0
DWIDTH 18 0
BBX 14 22 2 0
BITMAP
03FC
07FC
0FFC
0F00
1F00
1F00
FFFC
FFFC
FFFC
1F00
1F00
1F00
1F00
3F60
7FE0
FFC0
DFC0
1F00
1F00
1F00
1F00
1F00
ENDCHAR
STARTCHAR 1D6F
ENCODING 7535
SWIDTH 600 0
DWIDTH 18 0
BBX 20 16 -1 0
BITMAP
39C700
3BEF80
3CFBC0
3CF3C0
3CF3C0
3CF1C0
7FF1C0
7FF1F0
FFFFF0
F8FFE0
38FFE0
38F1C0
38F1C0
38F1C0
38F1C0
38F1C0
ENDCHAR
STARTCHAR 1D70
ENCODING 7536
SWIDTH 600 0
DWIDTH 18 0
BBX 20 16 -1 0
BITMAP
1E3E00
1EFF00
1EFF80
1F8F80
1F0780
1E0780
3E0780
7FE7B0
FFFFF0
DFFFF0
1E1FE0
1E0780
1E0780
1E0780
1E0780
1E0780
ENDCHAR
STARTCHAR 1D71
ENCODING 7537
SWIDTH 600 0
DWIDTH 18 0
BBX 18 22 -1 -6
BITMAP
1E3C00
1EFF00
1EFF00
1F8F80
1F0780
1F0780
1E07C0
1E07C0
1E07C0
1E07C0
1E0780
1F0780
1F8F80
1FFF00
1EFF00
1E7C00
1E0000
7E6000
FEC000
DFC000
DF8000
1E0000
ENDCHAR
STARTCHAR 1D72
ENCODING 7538
SWIDTH 600 0
DWIDTH 18 0
BBX 16 16 0 0
BITMAP
1E3F
1E7F
1EFF
1FF7
0FC0
0F80
0F00
3F60
7FE0
6FE0
CFC0
0F00
0F00
0F00
0F00
0F00
ENDCHAR
STARTCHAR 1D73
ENCODING 7539
SWIDTH 600 0
DWIDTH 18 0
BBX 16 16 0 0
BITMAP
007F
03FF
07FF
07F7
0F80
0F00
0F00
0F00
3F60
7FE0
EFC0
0F00
0F00
0F00
0F00
0F00
ENDCHAR
STARTCHAR 1D74
ENCODING 7540
SWIDTH 600 0
DWIDTH 18 0
BBX 16 16 1 0
BITMAP
07E0
1FF8
3FFC
3C3E
781E
7C00
7F83
FFFB
CFFF
C0FE
001E
781E
781E
3FFE
3FFC
0FF0
ENDCHAR
STARTCHAR 1D75
ENCODING 7541
SWIDTH 600 0
DWIDTH 18 0
BBX 13 20 2 0
BITMAP
0E00
0E00
1E00
1E00
FFF8
FFF8
FFF8
1E00
1E00
1E00
1E00
7EC0
FEC0
DFC0
9F80
1E00
1E00
1FF8
0FF8
07F8
ENDCHAR
STARTCHAR 1D76
ENCODING 7542
SWIDTH 600 0
DWIDTH 18 0
BBX 14 16 2 0
BITMAP
7FF8
7FF8
7FF8
00F8
01F0
03E0
7FCC
FFCC
DFF8
DFF8
3E00
7C00
F800
FFFC
FFFC
FFFC
ENDCHAR
STARTCHAR 1D77
ENCODING 7543
SWIDTH 600 0
DWIDTH 18 0
BBX 14 22 2 -6
BITMAP
0FC0
3FF0
7FF8
F87C
F000
F000
F3E0
F7F0
FFF8
F878
F07C
F03C
F03C
F03C
F03C
F03C
F03C
F87C
F878
FFF8
F7F0
F3E0
ENDCHAR
STARTCHAR 1D78
ENCODING 7544
SWIDTH 600 0
DWIDTH 18 0
BBX 10 11 4 7
BITMAP
E1C0
E1C0
E1C0
E1C0
FFC0
FFC0
E1C0
E1C0
E1C0
E1C0
E1C0
ENDCHAR
STARTCHAR 1D79
ENCODING 7545
SWIDTH 600 0
DWIDTH 18 0
BBX 16 22 1 -6
BITMAP
7FFE
7FFE
7FFE
007C
01F0
03E0
03E0
07F0
1FFC
3FFC
781E
780E
F00F
F00F
F00F
F00F
F00F
781E
7C3E
3FFC
1FF8
07E0
ENDCHAR
STARTCHAR 1D7A
ENCODING 7546
SWIDTH 600 0
DWIDTH 18 0
BBX 17 24 0 -1
BITMAP
000400
01CC00
01C800
19D800
39D000
39F000
39E000
FFEF00
FFDF00
FFDF80
39E380
39E380
3BE380
3BC180
3FC180
3FC180
3DC180
39C180
39C180
39C180
3FC180
3FC180
7FC180
400000
ENDCHAR
STARTCHAR 1D7B
ENCODING 7547
SWIDTH 600 0
DWIDTH 18 0
BBX 8 16 5 0
BITMAP
3C
3C
3C
3C
3C
3C
FF
FF
FF
3C
3C
3C
3C
3C
3C
3C
ENDCHAR
STARTCHAR 1D7C
ENCODING 7548
SWIDTH 600 0
DWIDTH 18 0
BBX 8 16 5 0
BITMAP
3C
3C
3C
3C
3C
3C
FF
FF
FF
3C
3C
3C
3C
3C
3C
3C
ENDCHAR
STARTCHAR 1D7D
ENCODING 7549
SWIDTH 600 0
DWIDTH 18 0
BBX 18 22 0 -6
BITMAP
3C7800
3DFC00
3DFE00
3F1F00
3E0F00
3E0F00
3C0F00
FFFFC0
FFFFC0
FFFFC0
3C0F00
3E0F00
3E1F00
3FFE00
3DFE00
3CF800
3C0000
3C0000
3C0000
3C0000
3C0000
3C0000
ENDCHAR
STARTCHAR 1D7E
ENCODING 7550
SWIDTH 600 0
DWIDTH 18 0
BBX 16 16 1 0
BITMAP
781E
781E
781E
781E
781E
781E
FFFF
FFFF
FFFF
781E
781E
7C3E
3E7C
3FFC
1FF8
07E0
ENDCHAR
STARTCHAR 1D7F
ENCODING 7551
SWIDTH 600 0
DWIDTH 18 0
BBX 18 16 0 0
BITMAP
7F3F80
7F3F80
7F3F80
0E1C00
1C0E00
3C0F00
3C0F00
FFFFC0
FFFFC0
FFFFC0
7C0F80
3C0F00
3E1F00
1FFE00
0FFC00
03F000
ENDCHAR
STARTCHAR 1D80
ENCODING 7552
SWIDTH 600 0
DWIDTH 18 0
BBX 15 28 2 -6
BITMAP
F000
F000
F000
F000
F000
F000
F1E0
F7F8
FFF8
FC7C
F83C
F83C
F03E
F03E
F03E
F03E
F83C
F83C
FC7C
FFF8
F7F8
F1F8
0038
0038
0078
03F8
03F0
03E0
ENDCHAR
STARTCHAR 1D81
ENCODING 7553
SWIDTH 600 0
DWIDTH 18 0
BBX 16 28 1 -6
BITMAP
001E
001E
001E
001E
001E
001E
0F9E
3FDE
3FFE
7C7E
783E
783E
F81E
F81E
F81E
F81E
783E
783E
7C7E
3FDF
3FDF
0F9F
0007
0007
000F
007F
007F
007C
ENDCHAR
STARTCHAR 1D82
ENCODING 7554
SWIDTH 600 0
DWIDTH 18 0
BBX 14 28 2 -6
BITMAP
03FC
07FC
0FFC
0F00
1F00
1F00
FFFC
FFFC
FFFC
1F00
1F00
1F00
1F00
1F00
1F00
1F00
1F00
1F00
1F00
1F80
1F80
1F80
0780
0780
0780
3F80
3F00
3E00
ENDCHAR
STARTCHAR 1D83
ENCODING 7555
SWIDTH 600 0
DWIDTH 18 0
BBX 17 22 1 -6
BITMAP
1E7800
7F7800
7FF800
F9F800
F0F800
F07800
F07800
E07800
E07800
E07800
F07800
F0FF80
F9FF80
7FFF80
7F7B80
3E7B80
007380
707380
F8FF80
7FEF00
3FCF00
1F8000
ENDCHAR
STARTCHAR 1D84
ENCODING 7556
SWIDTH 600 0
DWIDTH 18 0
BBX 14 28 3 -6
BITMAP
F000
F000
F000
F000
F000
F000
F078
F0F0
F1F0
F3E0
F7C0
F780
FF00
FF80
FFC0
F3C0
F3E0
F1E0
F0F0
F0FC
F07C
F07C
003C
003C
003C
01FC
01F8
01F0
ENDCHAR
STARTCHAR 1D85
ENCODING 7557
SWIDTH 600 0
DWIDTH 18 0
BBX 6 28 6 -6
BITMAP
78
78
78
78
78
78
78
78
78
78
78
78
78
78
78
78
78
78
78
7C
7C
7C
1C
1C
3C
FC
FC
F0
ENDCHAR
STARTCHAR 1D86
ENCODING 7558
SWIDTH 600 0
DWIDTH 18 0
BBX 17 22 1 -6
BITMAP
E71C00
EFBE00
FFFF00
F3CF00
F3CF00
F3C700
E3C700
E3C700
E3C700
E3C700
E3C700
E3C700
E3C700
E3C780
E3C780
E3C780
000380
000380
000780
003F80
003F00
003E00
ENDCHAR
STARTCHAR 1D87
ENCODING 7559
SWIDTH 600 0
DWIDTH 18 0
BBX 15 22 2 -6
BITMAP
F1F0
F7F8
F7FC
FC7C
F83C
F83C
F03C
F03C
F03C
F03C
F03C
F03C
F03C
F03E
F03E
F03E
001E
001E
001E
00FE
00FC
00F8
ENDCHAR
STARTCHAR 1D88
ENCODING 7560
SWIDTH 600 0
DWIDTH 18 0
BBX 15 22 2 -6
BITMAP
F1E0
F7F8
F7F8
FC7C
F83C
F83C
F03E
F03E
F03E
F03E
F03C
F83C
FC7C
FFF8
F7F8
F3F8
F038
F038
F078
F3F8
F3F0
F3E0
ENDCHAR
STARTCHAR 1D89
ENCODING 7561
SWIDTH 600 0
DWIDTH 18 0
BBX 14 22 2 -6
BITMAP
78FC
79FC
7BFC
7FDC
3F00
3E00
3C00
3C00
3C00
3C00
3C00
3C00
3C00
3F00
3F00
3F00
0F00
0E00
1E00
FE00
FE00
F800
ENDCHAR
STARTCHAR 1D8A
ENCODING 7562
SWIDTH 600 0
DWIDTH 18 0
BBX 14 22 2 -6
BITMAP
0FC0
3FF0
7FF8
707C
F03C
F800
7F80
3FF0
1FF8
01FC
003C
F03C
F03C
7FFC
7FFC
1FFC
001C
001C
003C
01FC
01F8
01F0
ENDCHAR
STARTCHAR 1D8B
ENCODING 7563
SWIDTH 600 0
DWIDTH 18 0
BBX 14 28 1 -6
BITMAP
03F0
07F0
0FF0
0F80
0F00
0F00
0F00
0F00
0F00
0F00
0F00
0F00
0F00
0F00
0F00
0F00
0F00
0F00
0FFC
0FFC
0FFC
0F1C
0F1C
0F1C
1F1C
FE7C
FE7C
F878
ENDCHAR
STARTCHAR 1D8C
ENCODING 7564
SWIDTH 600 0
DWIDTH 18 0
BBX 16 22 1 -6
BITMAP
F00F
F00F
F81F
781E
781E
7C3C
3C3C
3C3C
1E78
1E78
1E70
0FF0
0FF0
0FFC
07FC
07FC
003C
003C
007C
01F8
01F8
01F0
ENDCHAR
STARTCHAR 1D8D
ENCODING 7565
SWIDTH 600 0
DWIDTH 18 0
BBX 16 22 1 -6
BITMAP
F81F
783E
3C3C
1E78
1EF8
0FF0
07E0
07C0
07E0
0FF0
0FF0
1E78
3C7C
3C3F
781F
F01F
0007
0007
000F
007F
007E
007C
ENDCHAR
STARTCHAR 1D8E
ENCODING 7566
SWIDTH 600 0
DWIDTH 18 0
BBX 14 22 2 -6
BITMAP
7FF8
7FF8
7FF8
00F8
01F0
03E0
07C0
0780
0F00
1F00
3E00
7C00
F800
FFFC
FFFC
FFFC
003C
003C
007C
01F8
01F8
01F0
ENDCHAR
STARTCHAR 1D8F
ENCODING 7567
SWIDTH 600 0
DWIDTH 18 0
BBX 19 22 2 -6
BITMAP
0FC000
3FF000
7FF000
787800
F87800
007800
1FF800
7FF800
F87800
F07800
F07800
F0F800
F1F800
FFFC00
7F3E00
3E3E00
000E00
000E00
000F00
000FE0
000FE0
0003E0
ENDCHAR
STARTCHAR 1D90
ENCODING 7568
SWIDTH 600 0
DWIDTH 18 0
BBX 20 22 1 -6
BITMAP
1F9E00
3FDE00
7FFE00
787E00
F83E00
F03E00
F01E00
F01E00
F01E00
F01E00
F03E00
F83E00
787E00
7FFF00
3FDF00
1F1F00
000700
000700
000780
0007F0
0003F0
0001F0
ENDCHAR
STARTCHAR 1D91
ENCODING 7569
SWIDTH 600 0
DWIDTH 18 0
BBX 18 28 1 -6
BITMAP
0007C0
000FC0
001FC0
001E00
001E00
001E00
1F1E00
3FDE00
7FFE00
787E00
F83E00
F03E00
F01E00
F01E00
F01E00
F01E00
F03E00
F83E00
787E00
7FDE00
3FDE00
1F1E00
001E00
001E00
001F00
001FC0
000FC0
0007C0
ENDCHAR
STARTCHAR 1D92
ENCODING 7570
SWIDTH 600 0
DWIDTH 18 0
BBX 18 22 1 -6
BITMAP
07E000
1FF000
3FF800
7C3C00
781C00
781E00
7FFE00
FFFE00
FFFE00
780000
780000
781E00
7C3E00
3FFE00
1FFE00
07FE00
001E00
001E00
001F00
000FC0
000FC0
0007C0
ENDCHAR
STARTCHAR 1D93
ENCODING 7571
SWIDTH 600 0
DWIDTH 18 0
BBX 18 22 1 -6
BITMAP
0FE000
3FF800
7FFC00
783C00
781E00
7C0000
3FC000
1FC000
3FC000
780000
F80000
F81C00
783E00
7FFE00
3FFE00
0FFE00
001E00
001E00
000F00
000FC0
000FC0
0003C0
ENDCHAR
STARTCHAR 1D94
ENCODING 7572
SWIDTH 600 0
DWIDTH 18 0
BBX 14 22 2 -6
BITMAP
0FE0
3FF8
7FFC
703C
F03C
0078
07F0
07E0
07F8
003C
003C
703C
F03C
FFFC
FFF8
EFE0
E000
E000
F000
FE00
7E00
3E00
ENDCHAR
STARTCHAR 1D95
ENCODING 7573
SWIDTH 600 0
DWIDTH 18 0
BBX 18 22 1 -6
BITMAP
0F8000
3FE000
7FF000
78F000
F0F000
00F800
007800
FFFF00
FFFF00
FFFF00
F0FF00
F0FF00
78FF00
7FEF00
3FCF00
1F8F00
000F00
000F00
000F00
000FC0
0007C0
0003C0
ENDCHAR
STARTCHAR 1D96
ENCODING 7574
SWIDTH 600 0
DWIDTH 18 0
BBX 9 28 7 -6
BITMAP
F000
F000
F000
0000
0000
0000
F000
F000
F000
F000
F000
F000
F000
F000
F000
F000
F000
F000
F000
FC00
FC00
FC00
3C00
3C00
3C00
3F80
1F80
0F80
ENDCHAR
STARTCHAR 1D97
ENCODING 7575
SWIDTH 600 0
DWIDTH 18 0
BBX 14 22 2 -6
BITMAP
0FC0
3FF0
7FF8
F878
F07C
F03C
003C
003C
003C
003C
003C
F07C
F878
FFF8
FFF0
EFC0
E000
E000
F000
FE00
7E00
3E00
ENDCHAR
STARTCHAR 1D98
ENCODING 7576
SWIDTH 600 0
DWIDTH 18 0
BBX 12 28 3 -6
BITMAP
01F0
07F0
07F0
0F80
0F00
0F00
0F00
0F00
0F00
0F00
0F00
0F00
0F00
0F00
0F00
0F00
0F00
0F00
0F00
0F00
FF00
FE00
FC00
F000
7800
7E00
7E00
1E00
ENDCHAR
STARTCHAR 1D99
ENCODING 7577
SWIDTH 600 0
DWIDTH 18 0
BBX 18 22 1 -6
BITMAP
F07800
F07800
F07800
F07800
F07800
F07800
F07800
F07800
F07800
F07800
F07800
F87800
78F800
7FFE00
3F3E00
1E3E00
000E00
000E00
000F00
000FC0
000FC0
0007C0
ENDCHAR
STARTCHAR 1D9A
ENCODING 7578
SWIDTH 600 0
DWIDTH 18 0
BBX 15 22 1 -6
BITMAP
7FFE
7FFE
7FFE
0078
01F0
03C0
07C0
07F8
07FC
003E
001E
001E
F81E
F81E
FC3E
FFFC
FFF8
F7F0
7000
7E00
7E00
1E00
ENDCHAR
STARTCHAR 1D9B
ENCODING 7579
SWIDTH 600 0
DWIDTH 18 0
BBX 10 11 4 7
BITMAP
EF00
FF80
F3C0
E1C0
E1C0
E1C0
E1C0
E1C0
F3C0
FF80
EF00
ENDCHAR
STARTCHAR 1D9C
ENCODING 7580
SWIDTH 600 0
DWIDTH 18 0
BBX 10 11 4 7
BITMAP
1F00
7F80
7380
E1C0
E000
E000
E000
E1C0
73C0
7F80
1F00
ENDCHAR
STARTCHAR 1D9D
ENCODING 7581
SWIDTH 600 0
DWIDTH 18 0
BBX 10 11 4 7
BITMAP
1F00
3F80
71C0
71C0
E000
EF80
FFC0
78C0
F0C0
FFC0
5F00
ENDCHAR
STARTCHAR 1D9E
ENCODING 7582
SWIDTH 600 0
DWIDTH 18 0
BBX 10 15 4 7
BITMAP
3980
1F80
3E00
3700
0380
3FC0
7FC0
E1C0
E1C0
E1C0
E1C0
E1C0
E1C0
7F80
3F00
ENDCHAR
STARTCHAR 1D9F
ENCODING 7583
SWIDTH 600 0
DWIDTH 18 0
BBX 8 11 5 7
BITMAP
3E
FF
C7
07
1E
1E
07
43
E7
FF
3E
ENDCHAR
STARTCHAR 1DA0
ENCODING 7584
SWIDTH 600 0
DWIDTH 18 0
BBX 6 15 6 7
BITMAP
3C
3C
70
70
FC
FC
70
70
70
70
70
70
70
70
70
ENDCHAR
STARTCHAR 1DA1
ENCODING 7585
SWIDTH 600 0
DWIDTH 18 0
BBX 6 15 6 3
BITMAP
38
38
38
38
38
38
FC
FC
38
38
38
38
38
F0
F0
ENDCHAR
STARTCHAR 1DA2
ENCODING 7586
SWIDTH 600 0
DWIDTH 18 0
BBX 10 16 4 2
BITMAP
3DC0
7FC0
F3C0
E1C0
E1C0
E1C0
E1C0
E1C0
F3C0
7FC0
3DC0
01C0
01C0
F1C0
7F80
3F00
ENDCHAR
STARTCHAR 1DA3
ENCODING 7587
SWIDTH 600 0
DWIDTH 18 0
BBX 10 15 4 7
BITMAP
E1C0
E1C0
E1C0
E1C0
E1C0
E1C0
E1C0
E1C0
F3C0
7FC0
7DC0
01C0
01C0
01C0
01C0
ENDCHAR
STARTCHAR 1DA4
ENCODING 7588
SWIDTH 600 0
DWIDTH 18 0
BBX 6 15 6 7
BITMAP
30
30
00
00
30
30
30
30
FC
FC
30
30
30
30
30
ENDCHAR
STARTCHAR 1DA5
ENCODING 7589
SWIDTH 600 0
DWIDTH 18 0
BBX 2 11 8 7
BITMAP
C0
C0
C0
C0
C0
C0
C0
C0
C0
C0
C0
ENDCHAR
STARTCHAR 1DA6
ENCODING 7590
SWIDTH 600 0
DWIDTH 18 0
BBX 2 11 8 7
BITMAP
C0
C0
C0
C0
C0
C0
C0
C0
C0
C0
C0
ENDCHAR
STARTCHAR 1DA7
ENCODING 7591
SWIDTH 600 0
DWIDTH 18 0
BBX 6 11 6 7
BITMAP
30
30
30
30
FC
FC
30
30
30
30
30
ENDCHAR
STARTCHAR 1DA8
ENCODING 7592
SWIDTH 600 0
DWIDTH 18 0
BBX 10 19 4 3
BITMAP
0700
0700
0000
0000
0700
0700
0700
0700
0700
0700
0700
0700
0700
3FC0
7FC0
E700
E700
7E00
3C00
ENDCHAR
STARTCHAR 1DA9
ENCODING 7593
SWIDTH 600 0
DWIDTH 18 0
BBX 6 19 6 3
BITMAP
E0
E0
E0
E0
E0
E0
E0
E0
E0
E0
E0
E0
E0
E0
E0
E0
F0
7C
3C
ENDCHAR
STARTCHAR 1DAA
ENCODING 7594
SWIDTH 600 0
DWIDTH 18 0
BBX 4 19 7 3
BITMAP
E0
E0
E0
E0
E0
E0
E0
E0
E0
E0
E0
E0
E0
F0
F0
30
30
F0
E0
ENDCHAR
STARTCHAR 1DAB
ENCODING 7595
SWIDTH 600 0
DWIDTH 18 0
BBX 8 11 5 7
BITMAP
E0
E0
E0
E0
E0
E0
E0
E0
E0
FF
FF
ENDCHAR
STARTCHAR 1DAC
ENCODING 7596
SWIDTH 600 0
DWIDTH 18 0
BBX 16 15 1 3
BITMAP
EF1C
FFBE
F3CF
E3C7
E187
E187
E187
E187
E187
E187
E187
0007
000F
001E
001E
ENDCHAR
STARTCHAR 1DAD
ENCODING 7597
SWIDTH 600 0
DWIDTH 18 0
BBX 16 15 1 3
BITMAP
E187
E187
E187
E187
E187
E187
E187
E3C7
F3CF
7DFF
38F7
0007
0007
0007
0007
ENDCHAR
STARTCHAR 1DAE
ENCODING 7598
SWIDTH 600 0
DWIDTH 18 0
BBX 12 15 3 3
BITMAP
39C0
3BE0
3CF0
3870
3870
3870
3870
3870
3870
3870
3870
3800
3800
F800
F000
ENDCHAR
STARTCHAR 1DAF
ENCODING 7599
SWIDTH 600 0
DWIDTH 18 0
BBX 12 15 3 3
BITMAP
EF00
FF80
F3C0
E1C0
E1C0
E1C0
E1C0
E1C0
E1C0
E1C0
E1C0
01C0
01C0
01F0
00F0
ENDCHAR
STARTCHAR 1DB0
ENCODING 7600
SWIDTH 600 0
DWIDTH 18 0
BBX 10 11 4 7
BITMAP
E1C0
F1C0
F1C0
F9C0
FDC0
EDC0
EFC0
E7C0
E3C0
E3C0
E1C0
ENDCHAR
STARTCHAR 1DB1
ENCODING 7601
SWIDTH 600 0
DWIDTH 18 0
BBX 10 11 4 7
BITMAP
3F00
7F80
F3C0
E1C0
E1C0
FFC0
FFC0
E1C0
E1C0
7F80
3F00
ENDCHAR
STARTCHAR 1DB2
ENCODING 7602
SWIDTH 600 0
DWIDTH 18 0
BBX 14 19 2 3
BITMAP
0300
0300
0300
0300
1FE0
3FF0
7338
E31C
E31C
E31C
E31C
E31C
7338
3FF0
1FE0
0300
0300
0300
0300
ENDCHAR
STARTCHAR 1DB3
ENCODING 7603
SWIDTH 600 0
DWIDTH 18 0
BBX 10 15 4 3
BITMAP
3F00
7F80
61C0
6000
7E00
3F80
07C0
01C0
E1C0
FF80
FF00
E000
E000
F800
7800
ENDCHAR
STARTCHAR 1DB4
ENCODING 7604
SWIDTH 600 0
DWIDTH 18 0
BBX 8 20 5 2
BITMAP
0F
1F
1C
18
18
18
18
18
18
18
18
18
18
18
18
18
18
38
F8
F0
ENDCHAR
STARTCHAR 1DB5
ENCODING 7605
SWIDTH 600 0
DWIDTH 18 0
BBX 6 18 6 3
BITMAP
30
30
70
FC
FC
70
70
70
70
70
70
70
7C
3C
0C
1C
7C
78
ENDCHAR
STARTCHAR 1DB6
ENCODING 7606
SWIDTH 600 0
DWIDTH 18 0
BBX 12 11 3 7
BITMAP
70E0
70E0
70E0
70E0
FFF0
FFF0
70E0
70E0
79E0
3FE0
1EE0
ENDCHAR
STARTCHAR 1DB7
ENCODING 7607
SWIDTH 600 0
DWIDTH 18 0
BBX 12 11 3 7
BITMAP
F0F0
F0F0
30C0
30C0
70E0
6060
6060
70E0
70E0
3FC0
1F80
ENDCHAR
STARTCHAR 1DB8
ENCODING 7608
SWIDTH 600 0
DWIDTH 18 0
BBX 10 11 4 7
BITMAP
E1C0
E1C0
E1C0
E1C0
E1C0
E1C0
E1C0
E1C0
7380
7F80
3F00
ENDCHAR
STARTCHAR 1DB9
ENCODING 7609
SWIDTH 600 0
DWIDTH 18 0
BBX 10 11 4 7
BITMAP
E700
E780
E1C0
E1C0
E1C0
E1C0
E1C0
E180
F380
7F00
3E00
ENDCHAR
STARTCHAR 1DBA
ENCODING 7610
SWIDTH 600 0
DWIDTH 18 0
BBX 10 11 4 7
BITMAP
1E00
1E00
3F00
3F00
3300
7380
7380
6180
E1C0
E1C0
E1C0
ENDCHAR
STARTCHAR 1DBB
ENCODING 7611
SWIDTH 600 0
DWIDTH 18 0
BBX 8 11 5 7
BITMAP
FF
FF
0E
0E
1C
38
78
70
E0
FF
FF
ENDCHAR
STARTCHAR 1DBC
ENCODING 7612
SWIDTH 600 0
DWIDTH 18 0
BBX 12 15 3 3
BITMAP
7F80
7F80
0700
0700
0E00
1C00
3800
7800
7000
FF80
FF80
0180
01C0
01F0
00F0
ENDCHAR
STARTCHAR 1DBD
ENCODING 7613
SWIDTH 600 0
DWIDTH 18 0
BBX 12 13 3 5
BITMAP
FF00
FF00
0700
0E00
1C00
38E0
79F0
73B0
E730
FFF0
FFE0
0C00
0800
ENDCHAR
STARTCHAR 1DBE
ENCODING 7614
SWIDTH 600 0
DWIDTH 18 0
BBX 10 16 4 2
BITMAP
FF80
FF80
0380
0700
0E00
1C00
1E00
1F80
03C0
01C0
01C0
01C0
E1C0
E380
7F80
3E00
ENDCHAR
STARTCHAR 1DBF
ENCODING 7615
SWIDTH 600 0
DWIDTH 18 0
BBX 10 15 4 7
BITMAP
1E00
3F00
7380
6180
6180
E1C0
FFC0
FFC0
E1C0
E1C0
6180
7380
7380
3F00
1E00
ENDCHAR
STARTCHAR 1DC0
ENCODING 7616
SWIDTH 0 0
DWIDTH 0 0
BBX 10 6 -5 17
BITMAP
3DC0
1DC0
1DC0
EC00
EE00
E600
ENDCHAR
STARTCHAR 1DC1
ENCODING 7617
SWIDTH 0 0
DWIDTH 0 0
BBX 10 6 -5 17
BITMAP
EF00
EE00
EE00
0DC0
1DC0
19C0
ENDCHAR
STARTCHAR 1DC2
ENCODING 7618
SWIDTH 0 0
DWIDTH 0 0
BBX 3 5 -2 -6
BITMAP
E0
60
60
60
60
ENDCHAR
STARTCHAR 1DC3
ENCODING 7619
SWIDTH 0 0
DWIDTH 0 0
BBX 11 4 -5 18
BITMAP
E1E0
FFE0
FFE0
7C00
ENDCHAR
STARTCHAR 1DC4
ENCODING 7620
SWIDTH 0 0
DWIDTH 0 0
BBX 9 4 -5 18
BITMAP
0180
0780
FF80
FE00
ENDCHAR
STARTCHAR 1DC5
ENCODING 7621
SWIDTH 0 0
DWIDTH 0 0
BBX 9 4 -4 18
BITMAP
C000
F000
FF80
3F80
ENDCHAR
STARTCHAR 1DC6
ENCODING 7622
SWIDTH 0 0
DWIDTH 0 0
BBX 9 4 -5 18
BITMAP
FE00
FF80
0780
0180
ENDCHAR
STARTCHAR 1DC7
ENCODING 7623
SWIDTH 0 0
DWIDTH 0 0
BBX 9 4 -4 18
BITMAP
3F80
FF80
F000
C000
ENDCHAR
STARTCHAR 1DC8
ENCODING 7624
SWIDTH 0 0
DWIDTH 0 0
BBX 12 5 -6 17
BITMAP
4180
E7E0
FFF0
3C20
0800
ENDCHAR
STARTCHAR 1DC9
ENCODING 7625
SWIDTH 0 0
DWIDTH 0 0
BBX 12 5 -6 17
BITMAP
1820
7E70
FFF0
43C0
0100
ENDCHAR
STARTCHAR 1DCA
ENCODING 7626
SWIDTH 0 0
DWIDTH 0 0
BBX 4 5 -2 -6
BITMAP
F0
F0
C0
C0
C0
ENDCHAR
STARTCHAR 1DFE
ENCODING 7678
SWIDTH 0 0
DWIDTH 0 0
BBX 4 6 -2 17
BITMAP
10
30
E0
E0
30
10
ENDCHAR
STARTCHAR 1DFF
ENCODING 7679
SWIDTH 0 0
DWIDTH 0 0
BBX 10 6 -4 -6
BITMAP
8000
CCC0
7780
7300
C300
8000
ENDCHAR
STARTCHAR 1E00
ENCODING 7680
SWIDTH 600 0
DWIDTH 18 0
BBX 18 27 0 -7
BITMAP
03F000
03F000
03F000
07F800
07F800
073800
0F3C00
0F3C00
0F3C00
1E1E00
1E1E00
1E1E00
3FFF00
3FFF00
3FFF00
7C0F80
780780
780780
F807C0
F003C0
000000
01E000
01E000
033000
033000
01E000
01E000
ENDCHAR
STARTCHAR 1E01
ENCODING 7681
SWIDTH 600 0
DWIDTH 18 0
BBX 15 23 2 -7
BITMAP
0FC0
3FF0
7FF0
78F8
F878
0078
1FF8
7FF8
F878
F078
F078
F0F8
F1F8
FFBE
7F3E
3E1E
0000
0380
07C0
0C40
0C40
07C0
0380
ENDCHAR
STARTCHAR 1E02
ENCODING 7682
SWIDTH 600 0
DWIDTH 18 0
BBX 15 25 2 0
BITMAP
0780
0780
0780
0000
0000
FFE0
FFF8
FFFC
F07C
F03C
F03C
F03C
F07C
FFF8
FFC0
FFF8
F03C
F01E
F01E
F01E
F01E
F03E
FFFC
FFFC
FFF0
ENDCHAR
STARTCHAR 1E03
ENCODING 7683
SWIDTH 600 0
DWIDTH 18 0
BBX 15 22 2 0
BITMAP
F1E0
F1E0
F1E0
F000
F000
F000
F1E0
F7F8
FFF8
FC7C
F83C
F83C
F03E
F03E
F03E
F03E
F83C
F83C
FC7C
FFF8
F7F0
F1E0
ENDCHAR
STARTCHAR 1E04
ENCODING 7684
SWIDTH 600 0
DWIDTH 18 0
BBX 15 25 2 -5
BITMAP
FFE0
FFF8
FFFC
F07C
F03C
F03C
F03C
F07C
FFF8
FFC0
FFF8
F03C
F01E
F01E
F01E
F01E
F03E
FFFC
FFFC
FFF0
0000
0000
0780
0780
0780
ENDCHAR
STARTCHAR 1E05
ENCODING 7685
SWIDTH 600 0
DWIDTH 18 0
BBX 15 27 2 -5
BITMAP
F000
F000
F000
F000
F000
F000
F1E0
F7F8
FFF8
FC7C
F83C
F83C
F03E
F03E
F03E
F03E
F83C
F83C
FC7C
FFF8
F7F0
F1E0
0000
0000
0780
0780
0780
ENDCHAR
STARTCHAR 1E06
ENCODING 7686
SWIDTH 600 0
DWIDTH 18 0
BBX 15 25 2 -5
BITMAP
FFE0
FFF8
FFFC
F07C
F03C
F03C
F03C
F07C
FFF8
FFC0
FFF8
F03C
F01E
F01E
F01E
F01E
F03E
FFFC
FFFC
FFF0
0000
0000
0000
1FF0
1FF0
ENDCHAR
STARTCHAR 1E07
ENCODING 7687
SWIDTH 600 0
DWIDTH 18 0
BBX 15 27 2 -5
BITMAP
F000
F000
F000
F000
F000
F000
F1E0
F7F8
FFF8
FC7C
F83C
F83C
F03E
F03E
F03E
F03E
F83C
F83C
FC7C
FFF8
F7F0
F1E0
0000
0000
0000
1FF0
1FF0
ENDCHAR
STARTCHAR 1E08
ENCODING 7688
SWIDTH 600 0
DWIDTH 18 0
BBX 16 32 1 -7
BITMAP
007C
00F0
01E0
03C0
0000
07E0
1FF8
3FFC
3F7E
7C1E
781F
F80C
F800
F800
F800
F800
F800
F800
780E
780F
7C1E
3F7E
3FFC
1FF8
07E0
0180
0180
03E0
00E0
0060
07E0
07C0
ENDCHAR
STARTCHAR 1E09
ENCODING 7689
SWIDTH 600 0
DWIDTH 18 0
BBX 14 27 2 -6
BITMAP
00F0
01E0
03C0
0300
0000
0FC0
3FF0
7FF8
787C
F83C
F000
F000
F000
F000
F000
F03C
F83C
787C
7FF8
3FF0
0FC0
0700
07C0
01C0
01C0
0FC0
0F80
ENDCHAR
STARTCHAR 1E0A
ENCODING 7690
SWIDTH 600 0
DWIDTH 18 0
BBX 15 25 2 0
BITMAP
0780
0780
0780
0000
0000
FF00
FFE0
FFF0
FFF8
F07C
F07C
F03C
F03E
F03E
F03E
F03E
F03E
F03E
F03C
F03C
F07C
F1F8
FFF0
FFE0
FFC0
ENDCHAR
STARTCHAR 1E0B
ENCODING 7691
SWIDTH 600 0
DWIDTH 18 0
BBX 15 22 1 0
BITMAP
0F1E
0F1E
0F1E
001E
001E
001E
0F9E
3FDE
3FFE
7C7E
783E
783E
F81E
F81E
F81E
F81E
783E
783E
7C7E
3FDE
3FDE
0F9E
ENDCHAR
STARTCHAR 1E0C
ENCODING 7692
SWIDTH 600 0
DWIDTH 18 0
BBX 15 25 2 -5
BITMAP
FF00
FFE0
FFF0
FFF8
F07C
F07C
F03C
F03E
F03E
F03E
F03E
F03E
F03E
F03C
F03C
F07C
F1F8
FFF0
FFE0
FFC0
0000
0000
0780
0780
0780
ENDCHAR
STARTCHAR 1E0D
ENCODING 7693
SWIDTH 600 0
DWIDTH 18 0
BBX 15 27 1 -5
BITMAP
001E
001E
001E
001E
001E
001E
0F9E
3FDE
3FFE
7C7E
783E
783E
F81E
F81E
F81E
F81E
783E
783E
7C7E
3FDE
3FDE
0F9E
0000
0000
03C0
03C0
03C0
ENDCHAR
STARTCHAR 1E0E
ENCODING 7694
SWIDTH 600 0
DWIDTH 18 0
BBX 15 25 2 -5
BITMAP
FF00
FFE0
FFF0
FFF8
F07C
F07C
F03C
F03E
F03E
F03E
F03E
F03E
F03E
F03C
F03C
F07C
F1F8
FFF0
FFE0
FFC0
0000
0000
0000
1FF0
1FF0
ENDCHAR
STARTCHAR 1E0F
ENCODING 7695
SWIDTH 600 0
DWIDTH 18 0
BBX 15 27 1 -5
BITMAP
001E
001E
001E
001E
001E
001E
0F9E
3FDE
3FFE
7C7E
783E
783E
F81E
F81E
F81E
F81E
783E
783E
7C7E
3FDE
3FDE
0F9E
0000
0000
0000
1FF0
1FF0
ENDCHAR
STARTCHAR 1E10
ENCODING 7696
SWIDTH 600 0
DWIDTH 18 0
BBX 15 27 2 -7
BITMAP
FF00
FFE0
FFF0
FFF8
F07C
F07C
F03C
F03E
F03E
F03E
F03E
F03E
F03E
F03C
F03C
F07C
F1F8
FFF0
FFE0
FFC0
0000
0780
0780
0780
0180
0300
0300
ENDCHAR
STARTCHAR 1E11
ENCODING 7697
SWIDTH 600 0
DWIDTH 18 0
BBX 15 29 1 -7
BITMAP
001E
001E
001E
001E
001E
001E
0F9E
3FDE
3FFE
7C7E
783E
783E
F81E
F81E
F81E
F81E
783E
783E
7C7E
3FDE
3FDE
0F9E
0000
03C0
03C0
03C0
00C0
0080
0180
ENDCHAR
STARTCHAR 1E12
ENCODING 7698
SWIDTH 600 0
DWIDTH 18 0
BBX 15 27 2 -7
BITMAP
FF00
FFE0
FFF0
FFF8
F07C
F07C
F03C
F03E
F03E
F03E
F03E
F03E
F03E
F03C
F03C
F07C
F1F8
FFF0
FFE0
FFC0
0000
0000
0000
0780
0FC0
1CE0
3870
ENDCHAR
STARTCHAR 1E13
ENCODING 7699
SWIDTH 600 0
DWIDTH 18 0
BBX 15 29 1 -7
BITMAP
001E
001E
001E
001E
001E
001E
0F9E
3FDE
3FFE
7C7E
783E
783E
F81E
F81E
F81E
F81E
783E
783E
7C7E
3FDE
3FDE
0F9E
0000
0000
0000
03C0
0FE0
1EF0
3838
ENDCHAR
STARTCHAR 1E14
ENCODING 7700
SWIDTH 600 0
DWIDTH 18 0
BBX 15 26 2 0
BITMAP
0E00
0700
0000
1FE0
1FE0
0000
FFFC
FFFC
FFFC
F000
F000
F000
F000
F000
FFF8
FFF8
FFF8
F000
F000
F000
F000
F000
F000
FFFE
FFFE
FFFE
ENDCHAR
STARTCHAR 1E15
ENCODING 7701
SWIDTH 600 0
DWIDTH 18 0
BBX 16 25 1 0
BITMAP
1E00
0F00
0780
0180
0000
1FF0
1FF0
0000
0000
07E0
1FF8
3FFC
7C3C
781E
781E
7FFE
FFFF
FFFF
7800
7800
781E
7C1E
3FFC
1FF8
07E0
ENDCHAR
STARTCHAR 1E16
ENCODING 7702
SWIDTH 600 0
DWIDTH 18 0
BBX 15 26 2 0
BITMAP
01C0
0380
0000
1FE0
1FE0
0000
FFFC
FFFC
FFFC
F000
F000
F000
F000
F000
FFF8
FFF8
FFF8
F000
F000
F000
F000
F000
F000
FFFE
FFFE
FFFE
ENDCHAR
STARTCHAR 1E17
ENCODING 7703
SWIDTH 600 0
DWIDTH 18 0
BBX 16 25 1 0
BITMAP
00F0
00E0
01C0
0380
0000
1FF0
1FF0
0000
0000
07E0
1FF8
3FFC
7C3C
781E
781E
7FFE
FFFF
FFFF
7800
7800
781E
7C1E
3FFC
1FF8
07E0
ENDCHAR
STARTCHAR 1E18
ENCODING 7704
SWIDTH 600 0
DWIDTH 18 0
BBX 15 27 2 -7
BITMAP
FFFC
FFFC
FFFC
F000
F000
F000
F000
F000
FFF8
FFF8
FFF8
F000
F000
F000
F000
F000
F000
FFFE
FFFE
FFFE
0000
0000
0000
07C0
0FE0
1EF0
3838
ENDCHAR
STARTCHAR 1E19
ENCODING 7705
SWIDTH 600 0
DWIDTH 18 0
BBX 16 23 1 -7
BITMAP
07E0
1FF8
3FFC
7C3C
781E
781E
7FFE
FFFF
FFFF
7800
7800
781E
7C1E
3FFC
1FF8
07E0
0000
0000
0000
03C0
07E0
0E70
1C38
ENDCHAR
STARTCHAR 1E1A
ENCODING 7706
SWIDTH 600 0
DWIDTH 18 0
BBX 15 26 2 -6
BITMAP
FFFC
FFFC
FFFC
F000
F000
F000
F000
F000
FFF8
FFF8
FFF8
F000
F000
F000
F000
F000
F000
FFFE
FFFE
FFFE
0000
0000
1E18
3FB8
3BF8
30F0
ENDCHAR
STARTCHAR 1E1B
ENCODING 7707
SWIDTH 600 0
DWIDTH 18 0
BBX 16 22 1 -6
BITMAP
07E0
1FF8
3FFC
7C3C
781E
781E
7FFE
FFFF
FFFF
7800
7800
781E
7C1E
3FFC
1FF8
07E0
0000
0000
0F0C
1FDC
3BF8
30F0
ENDCHAR
STARTCHAR 1E1C
ENCODING 7708
SWIDTH 600 0
DWIDTH 18 0
BBX 15 32 2 -7
BITMAP
3030
3CF0
1FE0
0FC0
0000
FFFC
FFFC
FFFC
F000
F000
F000
F000
F000
FFF8
FFF8
FFF8
F000
F000
F000
F000
F000
F000
FFFE
FFFE
FFFE
0180
0180
03E0
0060
0060
03E0
03C0
ENDCHAR
STARTCHAR 1E1D
ENCODING 7709
SWIDTH 600 0
DWIDTH 18 0
BBX 16 27 1 -6
BITMAP
1818
1E78
0FF0
0000
0000
07E0
1FF8
3FFC
7C3C
781E
781E
7FFE
FFFF
FFFF
7800
7800
781E
7C1E
3FFC
1FF8
07E0
0180
01E0
0070
0070
03E0
03C0
ENDCHAR
STARTCHAR 1E1E
ENCODING 7710
SWIDTH 600 0
DWIDTH 18 0
BBX 14 25 2 0
BITMAP
07C0
07C0
07C0
0000
0000
FFFC
FFFC
FFFC
F800
F800
F800
F800
F800
F800
FFFC
FFFC
FFFC
F800
F800
F800
F800
F800
F800
F800
F800
ENDCHAR
STARTCHAR 1E1F
ENCODING 7711
SWIDTH 600 0
DWIDTH 18 0
BBX 14 24 2 0
BITMAP
01E0
01E0
01E0
0000
03FC
07FC
0FFC
0F00
1F00
1F00
FFFC
FFFC
FFFC
1F00
1F00
1F00
1F00
1F00
1F00
1F00
1F00
1F00
1F00
1F00
ENDCHAR
STARTCHAR 1E20
ENCODING 7712
SWIDTH 600 0
DWIDTH 18 0
BBX 16 24 1 0
BITMAP
0FF0
0FF0
0000
0000
07E0
1FF8
3FFC
7F7C
7C3E
781C
F800
F800
F800
F8FF
F8FF
F8FF
F80F
780F
780F
7C0F
3F7F
3FFE
1FFC
07E0
ENDCHAR
STARTCHAR 1E21
ENCODING 7713
SWIDTH 600 0
DWIDTH 18 0
BBX 14 26 2 -6
BITMAP
1FF0
1FF0
0000
0000
1F3C
3FBC
7FFC
787C
F87C
F03C
F03C
F03C
F03C
F03C
F03C
F87C
F87C
7FFC
3FBC
1F3C
003C
003C
F87C
7FF8
3FF0
0FC0
ENDCHAR
STARTCHAR 1E22
ENCODING 7714
SWIDTH 600 0
DWIDTH 18 0
BBX 14 25 2 0
BITMAP
0780
0780
0780
0000
0000
F03C
F03C
F03C
F03C
F03C
F03C
F03C
F03C
FFFC
FFFC
FFFC
FFFC
F03C
F03C
F03C
F03C
F03C
F03C
F03C
F03C
ENDCHAR
STARTCHAR 1E23
ENCODING 7715
SWIDTH 600 0
DWIDTH 18 0
BBX 14 24 2 0
BITMAP
0780
0780
0780
0000
F000
F000
F000
F000
F1F0
F7F8
F7FC
FC7C
F83C
F83C
F03C
F03C
F03C
F03C
F03C
F03C
F03C
F03C
F03C
F03C
ENDCHAR
STARTCHAR 1E24
ENCODING 7716
SWIDTH 600 0
DWIDTH 18 0
BBX 14 25 2 -5
BITMAP
F03C
F03C
F03C
F03C
F03C
F03C
F03C
F03C
FFFC
FFFC
FFFC
FFFC
F03C
F03C
F03C
F03C
F03C
F03C
F03C
F03C
0000
0000
0780
0780
0780
ENDCHAR
STARTCHAR 1E25
ENCODING 7717
SWIDTH 600 0
DWIDTH 18 0
BBX 14 27 2 -5
BITMAP
F000
F000
F000
F000
F000
F000
F1F0
F7F8
F7FC
FC7C
F83C
F83C
F03C
F03C
F03C
F03C
F03C
F03C
F03C
F03C
F03C
F03C
0000
0000
0780
0780
0780
ENDCHAR
STARTCHAR 1E26
ENCODING 7718
SWIDTH 600 0
DWIDTH 18 0
BBX 14 24 2 0
BITMAP
3CF0
3CF0
3CF0
0000
F03C
F03C
F03C
F03C
F03C
F03C
F03C
F03C
FFFC
FFFC
FFFC
FFFC
F03C
F03C
F03C
F03C
F03C
F03C
F03C
F03C
ENDCHAR
STARTCHAR 1E27
ENCODING 7719
SWIDTH 600 0
DWIDTH 18 0
BBX 14 24 2 0
BITMAP
3CF0
3CF0
3CF0
0000
F000
F000
F000
F000
F1F0
F7F8
F7FC
FC7C
F83C
F83C
F03C
F03C
F03C
F03C
F03C
F03C
F03C
F03C
F03C
F03C
ENDCHAR
STARTCHAR 1E28
ENCODING 7720
SWIDTH 600 0
DWIDTH 18 0
BBX 14 27 2 -7
BITMAP
F03C
F03C
F03C
F03C
F03C
F03C
F03C
F03C
FFFC
FFFC
FFFC
FFFC
F03C
F03C
F03C
F03C
F03C
F03C
F03C
F03C
3000
3000
7C00
0C00
0C00
7C00
7800
ENDCHAR
STARTCHAR 1E29
ENCODING 7721
SWIDTH 600 0
DWIDTH 18 0
BBX 14 29 2 -7
BITMAP
F000
F000
F000
F000
F000
F000
F1F0
F7F8
F7FC
FC7C
F83C
F83C
F03C
F03C
F03C
F03C
F03C
F03C
F03C
F03C
F03C
F03C
3000
3000
7C00
1C00
0C00
FC00
F800
ENDCHAR
STARTCHAR 1E2A
ENCODING 7722
SWIDTH 600 0
DWIDTH 18 0
BBX 14 27 2 -7
BITMAP
F03C
F03C
F03C
F03C
F03C
F03C
F03C
F03C
FFFC
FFFC
FFFC
FFFC
F03C
F03C
F03C
F03C
F03C
F03C
F03C
F03C
0000
0000
0000
3030
3CF0
1FE0
0FC0
ENDCHAR
STARTCHAR 1E2B
ENCODING 7723
SWIDTH 600 0
DWIDTH 18 0
BBX 14 29 2 -7
BITMAP
F000
F000
F000
F000
F000
F000
F1F0
F7F8
F7FC
FC7C
F83C
F83C
F03C
F03C
F03C
F03C
F03C
F03C
F03C
F03C
F03C
F03C
0000
0000
0000
3830
3CF0
1FE0
0FC0
ENDCHAR
STARTCHAR 1E2C
ENCODING 7724
SWIDTH 600 0
DWIDTH 18 0
BBX 14 26 2 -6
BITMAP
FFFC
FFFC
FFFC
0780
0780
0780
0780
0780
0780
0780
0780
0780
0780
0780
0780
0780
0780
FFFC
FFFC
FFFC
0000
0000
1C18
3FF0
77F0
61E0
ENDCHAR
STARTCHAR 1E2D
ENCODING 7725
SWIDTH 600 0
DWIDTH 18 0
BBX 15 28 2 -6
BITMAP
03C0
03C0
03C0
0000
0000
0000
7FC0
7FC0
7FC0
03C0
03C0
03C0
03C0
03C0
03C0
03C0
03C0
03C0
03C0
FFFE
FFFE
FFFE
0000
0000
1E18
3FB8
3FF0
30F0
ENDCHAR
STARTCHAR 1E2E
ENCODING 7726
SWIDTH 600 0
DWIDTH 18 0
BBX 14 26 2 0
BITMAP
01E0
0380
0000
18E0
18E0
0000
FFFC
FFFC
FFFC
0780
0780
0780
0780
0780
0780
0780
0780
0780
0780
0780
0780
0780
0780
FFFC
FFFC
FFFC
ENDCHAR
STARTCHAR 1E2F
ENCODING 7727
SWIDTH 600 0
DWIDTH 18 0
BBX 15 26 2 0
BITMAP
01F0
03C0
0780
0F00
0000
78E0
78E0
78E0
0000
0000
7FC0
7FC0
7FC0
03C0
03C0
03C0
03C0
03C0
03C0
03C0
03C0
03C0
03C0
FFFE
FFFE
FFFE
ENDCHAR
STARTCHAR 1E30
ENCODING 7728
SWIDTH 600 0
DWIDTH 18 0
BBX 16 25 2 0
BITMAP
00F8
01E0
03C0
0700
0000
F03E
F03E
F07C
F0F8
F1F0
F1E0
F3E0
F7C0
F780
FFC0
FFC0
FFE0
FDE0
F9F0
F0F8
F0F8
F07C
F07C
F03E
F01F
ENDCHAR
STARTCHAR 1E31
ENCODING 7729
SWIDTH 600 0
DWIDTH 18 0
BBX 14 25 3 0
BITMAP
03C0
0780
0E00
1C00
0000
F000
F000
F000
F000
F078
F0F0
F1F0
F3E0
F7C0
F780
FF00
FF80
FFC0
F3C0
F3E0
F1E0
F0F0
F0F8
F078
F07C
ENDCHAR
STARTCHAR 1E32
ENCODING 7730
SWIDTH 600 0
DWIDTH 18 0
BBX 16 25 2 -5
BITMAP
F03E
F03E
F07C
F0F8
F1F0
F1E0
F3E0
F7C0
F780
FFC0
FFC0
FFE0
FDE0
F9F0
F0F8
F0F8
F07C
F07C
F03E
F01F
0000
0000
0780
0780
0780
ENDCHAR
STARTCHAR 1E33
ENCODING 7731
SWIDTH 600 0
DWIDTH 18 0
BBX 14 27 3 -5
BITMAP
F000
F000
F000
F000
F000
F000
F078
F0F0
F1F0
F3E0
F7C0
F780
FF00
FF80
FFC0
F3C0
F3E0
F1E0
F0F0
F0F8
F078
F07C
0000
0000
0F00
0F00
0F00
ENDCHAR
STARTCHAR 1E34
ENCODING 7732
SWIDTH 600 0
DWIDTH 18 0
BBX 16 25 2 -5
BITMAP
F03E
F03E
F07C
F0F8
F1F0
F1E0
F3E0
F7C0
F780
FFC0
FFC0
FFE0
FDE0
F9F0
F0F8
F0F8
F07C
F07C
F03E
F01F
0000
0000
0000
1FF0
1FF0
ENDCHAR
STARTCHAR 1E35
ENCODING 7733
SWIDTH 600 0
DWIDTH 18 0
BBX 14 27 3 -5
BITMAP
F000
F000
F000
F000
F000
F000
F078
F0F0
F1F0
F3E0
F7C0
F780
FF00
FF80
FFC0
F3C0
F3E0
F1E0
F0F0
F0F8
F078
F07C
0000
0000
0000
3FE0
3FE0
ENDCHAR
STARTCHAR 1E36
ENCODING 7734
SWIDTH 600 0
DWIDTH 18 0
BBX 13 25 3 -5
BITMAP
F000
F000
F000
F000
F000
F000
F000
F000
F000
F000
F000
F000
F000
F000
F000
F000
F000
FFF8
FFF8
FFF8
0000
0000
0780
0780
0780
ENDCHAR
STARTCHAR 1E37
ENCODING 7735
SWIDTH 600 0
DWIDTH 18 0
BBX 14 27 3 -5
BITMAP
FF80
FF80
FF80
0780
0780
0780
0780
0780
0780
0780
0780
0780
0780
0780
0780
0780
0780
0780
0780
07FC
03FC
01FC
0000
0000
0F80
0F80
0F80
ENDCHAR
STARTCHAR 1E38
ENCODING 7736
SWIDTH 600 0
DWIDTH 18 0
BBX 13 29 3 -5
BITMAP
3FE0
3FE0
0000
0000
F000
F000
F000
F000
F000
F000
F000
F000
F000
F000
F000
F000
F000
F000
F000
F000
F000
FFF8
FFF8
FFF8
0000
0000
0780
0780
0780
ENDCHAR
STARTCHAR 1E39
ENCODING 7737
SWIDTH 600 0
DWIDTH 18 0
BBX 15 29 2 -5
BITMAP
1FE0
1FE0
0000
0000
7FC0
7FC0
7FC0
03C0
03C0
03C0
03C0
03C0
03C0
03C0
03C0
03C0
03C0
03C0
03C0
03C0
03C0
FFFE
FFFE
FFFE
0000
0000
03C0
03C0
03C0
ENDCHAR
STARTCHAR 1E3A
ENCODING 7738
SWIDTH 600 0
DWIDTH 18 0
BBX 13 25 3 -5
BITMAP
F000
F000
F000
F000
F000
F000
F000
F000
F000
F000
F000
F000
F000
F000
F000
F000
F000
FFF8
FFF8
FFF8
0000
0000
0000
3FE0
3FE0
ENDCHAR
STARTCHAR 1E3B
ENCODING 7739
SWIDTH 600 0
DWIDTH 18 0
BBX 14 27 3 -5
BITMAP
FF80
FF80
FF80
0780
0780
0780
0780
0780
0780
0780
0780
0780
0780
0780
0780
0780
0780
0780
0780
07FC
03FC
01FC
0000
0000
0000
3FE0
3FE0
ENDCHAR
STARTCHAR 1E3C
ENCODING 7740
SWIDTH 600 0
DWIDTH 18 0
BBX 13 27 3 -7
BITMAP
F000
F000
F000
F000
F000
F000
F000
F000
F000
F000
F000
F000
F000
F000
F000
F000
F000
FFF8
FFF8
FFF8
0000
0000
0000
0780
0FC0
1CE0
3870
ENDCHAR
STARTCHAR 1E3D
ENCODING 7741
SWIDTH 600 0
DWIDTH 18 0
BBX 14 29 3 -7
BITMAP
FF80
FF80
FF80
0780
0780
0780
0780
0780
0780
0780
0780
0780
0780
0780
0780
0780
0780
0780
0780
07FC
03FC
01FC
0000
0000
0000
0780
1FC0
3DE0
7070
ENDCHAR
STARTCHAR 1E3E
ENCODING 7742
SWIDTH 600 0
DWIDTH 18 0
BBX 16 25 1 0
BITMAP
0078
00F0
01C0
0380
0000
FC3F
FC3F
FC3F
FC3F
FE7F
FE7F
FE7F
FE7F
F7EF
F7EF
F7EF
F3EF
F3CF
F3CF
F3CF
F00F
F00F
F00F
F00F
F00F
ENDCHAR
STARTCHAR 1E3F
ENCODING 7743
SWIDTH 600 0
DWIDTH 18 0
BBX 16 22 1 0
BITMAP
003C
0078
00E0
03C0
0000
0000
E71C
EFBE
FFFF
F3CF
F3CF
F3C7
E3C7
E3C7
E3C7
E3C7
E3C7
E3C7
E3C7
E3C7
E3C7
E3C7
ENDCHAR
STARTCHAR 1E40
ENCODING 7744
SWIDTH 600 0
DWIDTH 18 0
BBX 16 25 1 0
BITMAP
03C0
03C0
03C0
0000
0000
FC3F
FC3F
FC3F
FC3F
FE7F
FE7F
FE7F
FE7F
F7EF
F7EF
F7EF
F3EF
F3CF
F3CF
F3CF
F00F
F00F
F00F
F00F
F00F
ENDCHAR
STARTCHAR 1E41
ENCODING 7745
SWIDTH 600 0
DWIDTH 18 0
BBX 16 22 1 0
BITMAP
03C0
03C0
03C0
0000
0000
0000
E71C
EFBE
FFFF
F3CF
F3CF
F3C7
E3C7
E3C7
E3C7
E3C7
E3C7
E3C7
E3C7
E3C7
E3C7
E3C7
ENDCHAR
STARTCHAR 1E42
ENCODING 7746
SWIDTH 600 0
DWIDTH 18 0
BBX 16 25 1 -5
BITMAP
FC3F
FC3F
FC3F
FC3F
FE7F
FE7F
FE7F
FE7F
F7EF
F7EF
F7EF
F3EF
F3CF
F3CF
F3CF
F00F
F00F
F00F
F00F
F00F
0000
0000
03C0
03C0
03C0
ENDCHAR
STARTCHAR 1E43
ENCODING 7747
SWIDTH 600 0
DWIDTH 18 0
BBX 16 21 1 -5
BITMAP
E71C
EFBE
FFFF
F3CF
F3CF
F3C7
E3C7
E3C7
E3C7
E3C7
E3C7
E3C7
E3C7
E3C7
E3C7
E3C7
0000
0000
03C0
03C0
03C0
ENDCHAR
STARTCHAR 1E44
ENCODING 7748
SWIDTH 600 0
DWIDTH 18 0
BBX 14 25 2 0
BITMAP
0780
0780
0780
0000
0000
F83C
F83C
FC3C
FC3C
FE3C
EE3C
EE3C
FF3C
F73C
F73C
F7BC
F3BC
F3FC
F1FC
F1DC
F1FC
F0FC
F0FC
F0FC
F07C
ENDCHAR
STARTCHAR 1E45
ENCODING 7749
SWIDTH 600 0
DWIDTH 18 0
BBX 14 22 2 0
BITMAP
0780
0780
0780
0000
0000
0000
F1F0
F7F8
F7FC
FC7C
F83C
F83C
F03C
F03C
F03C
F03C
F03C
F03C
F03C
F03C
F03C
F03C
ENDCHAR
STARTCHAR 1E46
ENCODING 7750
SWIDTH 600 0
DWIDTH 18 0
BBX 14 25 2 -5
BITMAP
F83C
F83C
FC3C
FC3C
FE3C
EE3C
EE3C
FF3C
F73C
F73C
F7BC
F3BC
F3FC
F1FC
F1DC
F1FC
F0FC
F0FC
F0FC
F07C
0000
0000
0780
0780
0780
ENDCHAR
STARTCHAR 1E47
ENCODING 7751
SWIDTH 600 0
DWIDTH 18 0
BBX 14 21 2 -5
BITMAP
F1F0
F7F8
F7FC
FC7C
F83C
F83C
F03C
F03C
F03C
F03C
F03C
F03C
F03C
F03C
F03C
F03C
0000
0000
0780
0780
0780
ENDCHAR
STARTCHAR 1E48
ENCODING 7752
SWIDTH 600 0
DWIDTH 18 0
BBX 14 25 2 -5
BITMAP
F83C
F83C
FC3C
FC3C
FE3C
EE3C
EE3C
FF3C
F73C
F73C
F7BC
F3BC
F3FC
F1FC
F1DC
F1FC
F0FC
F0FC
F0FC
F07C
0000
0000
0000
1FF0
1FF0
ENDCHAR
STARTCHAR 1E49
ENCODING 7753
SWIDTH 600 0
DWIDTH 18 0
BBX 14 21 2 -5
BITMAP
F1F0
F7F8
F7FC
FC7C
F83C
F83C
F03C
F03C
F03C
F03C
F03C
F03C
F03C
F03C
F03C
F03C
0000
0000
0000
1FF0
1FF0
ENDCHAR
STARTCHAR 1E4A
ENCODING 7754
SWIDTH 600 0
DWIDTH 18 0
BBX 14 27 2 -7
BITMAP
F83C
F83C
FC3C
FC3C
FE3C
EE3C
EE3C
FF3C
F73C
F73C
F7BC
F3BC
F3FC
F1FC
F1DC
F1FC
F0FC
F0FC
F0FC
F07C
0000
0000
0000
0780
0FC0
1CE0
3870
ENDCHAR
STARTCHAR 1E4B
ENCODING 7755
SWIDTH 600 0
DWIDTH 18 0
BBX 14 23 2 -7
BITMAP
F1F0
F7F8
F7FC
FC7C
F83C
F83C
F03C
F03C
F03C
F03C
F03C
F03C
F03C
F03C
F03C
F03C
0000
0000
0000
0780
0FC0
1CE0
3870
ENDCHAR
STARTCHAR 1E4C
ENCODING 7756
SWIDTH 600 0
DWIDTH 18 0
BBX 16 26 1 0
BITMAP
00E0
01C0
0F18
0FF0
18F0
0000
07E0
1FF8
3FFC
7FFE
7C3E
781E
F81F
F81F
F00F
F00F
F00F
F01F
F81F
F81F
781E
7C3E
7FFE
3FFC
1FF8
07E0
ENDCHAR
STARTCHAR 1E4D
ENCODING 7757
SWIDTH 600 0
DWIDTH 18 0
BBX 16 27 1 0
BITMAP
0078
00F0
01C0
0380
0000
0E18
1F98
19F8
1870
0000
0000
07E0
1FF8
3FFC
7C3E
781E
781E
F81F
F81F
F81F
F81F
781E
781E
7C3E
3FFC
1FF8
07E0
ENDCHAR
STARTCHAR 1E4E
ENCODING 7758
SWIDTH 600 0
DWIDTH 18 0
BBX 16 26 1 0
BITMAP
0C30
0C30
0F18
0FF0
18F0
0000
07E0
1FF8
3FFC
7FFE
7C3E
781E
F81F
F81F
F00F
F00F
F00F
F01F
F81F
F81F
781E
7C3E
7FFE
3FFC
1FF8
07E0
ENDCHAR
STARTCHAR 1E4F
ENCODING 7759
SWIDTH 600 0
DWIDTH 18 0
BBX 16 25 1 0
BITMAP
1E78
1E78
1E78
0E18
1F98
19F8
1870
0000
0000
07E0
1FF8
3FFC
7C3E
781E
781E
F81F
F81F
F81F
F81F
781E
781E
7C3E
3FFC
1FF8
07E0
ENDCHAR
STARTCHAR 1E50
ENCODING 7760
SWIDTH 600 0
DWIDTH 18 0
BBX 16 26 1 0
BITMAP
0700
0380
0000
0FF0
0FF0
0000
07E0
1FF8
3FFC
7FFE
7C3E
781E
F81F
F81F
F00F
F00F
F00F
F01F
F81F
F81F
781E
7C3E
7FFE
3FFC
1FF8
07E0
ENDCHAR
STARTCHAR 1E51
ENCODING 7761
SWIDTH 600 0
DWIDTH 18 0
BBX 16 25 1 0
BITMAP
3E00
0F00
0780
01C0
0000
0FF0
0FF0
0000
0000
07E0
1FF8
3FFC
7C3E
781E
781E
F81F
F81F
F81F
F81F
781E
781E
7C3E
3FFC
1FF8
07E0
ENDCHAR
STARTCHAR 1E52
ENCODING 7762
SWIDTH 600 0
DWIDTH 18 0
BBX 16 26 1 0
BITMAP
00E0
01C0
0000
0FF0
0FF0
0000
07E0
1FF8
3FFC
7FFE
7C3E
781E
F81F
F81F
F00F
F00F
F00F
F01F
F81F
F81F
781E
7C3E
7FFE
3FFC
1FF8
07E0
ENDCHAR
STARTCHAR 1E53
ENCODING 7763
SWIDTH 600 0
DWIDTH 18 0
BBX 16 25 1 0
BITMAP
0078
00F0
01C0
0380
0000
0FF8
0FF8
0000
0000
07E0
1FF8
3FFC
7C3E
781E
781E
F81F
F81F
F81F
F81F
781E
781E
7C3E
3FFC
1FF8
07E0
ENDCHAR
STARTCHAR 1E54
ENCODING 7764
SWIDTH 600 0
DWIDTH 18 0
BBX 15 25 2 0
BITMAP
00F0
01E0
0780
0F00
0000
FFE0
FFF8
FFFC
F0FC
F03E
F03E
F03E
F03E
F03C
F0FC
FFF8
FFF0
FFE0
F000
F000
F000
F000
F000
F000
F000
ENDCHAR
STARTCHAR 1E55
ENCODING 7765
SWIDTH 600 0
DWIDTH 18 0
BBX 15 28 2 -6
BITMAP
00F0
01E0
03C0
0700
0000
0000
F1E0
F7F8
F7F8
FC7C
F83C
F83C
F03E
F03E
F03E
F03E
F03C
F83C
FC7C
FFF8
F7F8
F3E0
F000
F000
F000
F000
F000
F000
ENDCHAR
STARTCHAR 1E56
ENCODING 7766
SWIDTH 600 0
DWIDTH 18 0
BBX 15 25 2 0
BITMAP
0780
0780
0780
0000
0000
FFE0
FFF8
FFFC
F0FC
F03E
F03E
F03E
F03E
F03C
F0FC
FFF8
FFF0
FFE0
F000
F000
F000
F000
F000
F000
F000
ENDCHAR
STARTCHAR 1E57
ENCODING 7767
SWIDTH 600 0
DWIDTH 18 0
BBX 15 28 2 -6
BITMAP
03C0
03C0
03C0
0000
0000
0000
F1E0
F7F8
F7F8
FC7C
F83C
F83C
F03E
F03E
F03E
F03E
F03C
F83C
FC7C
FFF8
F7F8
F3E0
F000
F000
F000
F000
F000
F000
ENDCHAR
STARTCHAR 1E58
ENCODING 7768
SWIDTH 600 0
DWIDTH 18 0
BBX 16 25 2 0
BITMAP
0780
0780
0780
0000
0000
FFE0
FFF8
FFFC
F0FE
F03E
F01E
F01E
F03E
F07C
FFFC
FFF8
FFE0
F1F0
F1F0
F0F8
F078
F07C
F03C
F03E
F01F
ENDCHAR
STARTCHAR 1E59
ENCODING 7769
SWIDTH 600 0
DWIDTH 18 0
BBX 13 22 3 0
BITMAP
0780
0780
0780
0000
0000
0000
F1F8
F3F8
F7F8
7FB8
7E00
7C00
7800
7800
7800
7800
7800
7800
7800
7800
7800
7800
ENDCHAR
STARTCHAR 1E5A
ENCODING 7770
SWIDTH 600 0
DWIDTH 18 0
BBX 16 25 2 -5
BITMAP
FFE0
FFF8
FFFC
F0FE
F03E
F01E
F01E
F03E
F07C
FFFC
FFF8
FFE0
F1F0
F1F0
F0F8
F078
F07C
F03C
F03E
F01F
0000
0000
0780
0780
0780
ENDCHAR
STARTCHAR 1E5B
ENCODING 7771
SWIDTH 600 0
DWIDTH 18 0
BBX 13 21 3 -5
BITMAP
F1F8
F3F8
F7F8
7FB8
7E00
7C00
7800
7800
7800
7800
7800
7800
7800
7800
7800
7800
0000
0000
7800
7800
7800
ENDCHAR
STARTCHAR 1E5C
ENCODING 7772
SWIDTH 600 0
DWIDTH 18 0
BBX 16 30 2 -5
BITMAP
1FF0
1FF0
0000
0000
0000
FFE0
FFF8
FFFC
F0FE
F03E
F01E
F01E
F03E
F07C
FFFC
FFF8
FFE0
F1F0
F1F0
F0F8
F078
F07C
F03C
F03E
F01F
0000
0000
0780
0780
0780
ENDCHAR
STARTCHAR 1E5D
ENCODING 7773
SWIDTH 600 0
DWIDTH 18 0
BBX 13 25 3 -5
BITMAP
3FE0
3FE0
0000
0000
F1F8
F3F8
F7F8
7FB8
7E00
7C00
7800
7800
7800
7800
7800
7800
7800
7800
7800
7800
0000
0000
7800
7800
7800
ENDCHAR
STARTCHAR 1E5E
ENCODING 7774
SWIDTH 600 0
DWIDTH 18 0
BBX 16 25 2 -5
BITMAP
FFE0
FFF8
FFFC
F0FE
F03E
F01E
F01E
F03E
F07C
FFFC
FFF8
FFE0
F1F0
F1F0
F0F8
F078
F07C
F03C
F03E
F01F
0000
0000
0000
1FF0
1FF0
ENDCHAR
STARTCHAR 1E5F
ENCODING 7775
SWIDTH 600 0
DWIDTH 18 0
BBX 13 21 3 -5
BITMAP
F1F8
F3F8
F7F8
7FB8
7E00
7C00
7800
7800
7800
7800
7800
7800
7800
7800
7800
7800
0000
0000
0000
3FE0
3FE0
ENDCHAR
STARTCHAR 1E60
ENCODING 7776
SWIDTH 600 0
DWIDTH 18 0
BBX 16 25 1 0
BITMAP
03C0
03C0
03C0
0000
0000
07E0
1FF8
7FFC
7C3E
781E
781F
7800
7E00
3FE0
1FF8
0FFE
00FE
001F
000F
F00F
F80F
FC3F
7FFE
3FFC
0FF0
ENDCHAR
STARTCHAR 1E61
ENCODING 7777
SWIDTH 600 0
DWIDTH 18 0
BBX 14 22 2 0
BITMAP
0780
0780
0780
0000
0000
0000
0FC0
3FF0
7FF8
707C
F03C
F800
7F80
3FF0
1FF8
01FC
003C
F03C
F03C
7FFC
7FF8
1FE0
ENDCHAR
STARTCHAR 1E62
ENCODING 7778
SWIDTH 600 0
DWIDTH 18 0
BBX 16 25 1 -5
BITMAP
07E0
1FF8
7FFC
7C3E
781E
781F
7800
7E00
3FE0
1FF8
0FFE
00FE
001F
000F
F00F
F80F
FC3F
7FFE
3FFC
0FF0
0000
0000
03C0
03C0
03C0
ENDCHAR
STARTCHAR 1E63
ENCODING 7779
SWIDTH 600 0
DWIDTH 18 0
BBX 14 21 2 -5
BITMAP
0FC0
3FF0
7FF8
707C
F03C
F800
7F80
3FF0
1FF8
01FC
003C
F03C
F03C
7FFC
7FF8
1FE0
0000
0000
0780
0780
0780
ENDCHAR
STARTCHAR 1E64
ENCODING 7780
SWIDTH 600 0
DWIDTH 18 0
BBX 16 25 1 0
BITMAP
0678
06F0
00C0
0180
0000
07E0
1FF8
7FFC
7C3E
781E
781F
7800
7E00
3FE0
1FF8
0FFE
00FE
001F
000F
F00F
F80F
FC3F
7FFE
3FFC
0FF0
ENDCHAR
STARTCHAR 1E65
ENCODING 7781
SWIDTH 600 0
DWIDTH 18 0
BBX 14 22 2 0
BITMAP
0C70
0CE0
01C0
0300
0000
0000
0FC0
3FF0
7FF8
707C
F03C
F800
7F80
3FF0
1FF8
01FC
003C
F03C
F03C
7FFC
7FF8
1FE0
ENDCHAR
STARTCHAR 1E66
ENCODING 7782
SWIDTH 600 0
DWIDTH 18 0
BBX 16 26 1 0
BITMAP
0180
0180
0000
0E70
03C0
0000
07E0
1FF8
7FFC
7C3E
781E
781F
7800
7E00
3FE0
1FF8
0FFE
00FE
001F
000F
F00F
F80F
FC3F
7FFE
3FFC
0FF0
ENDCHAR
STARTCHAR 1E67
ENCODING 7783
SWIDTH 600 0
DWIDTH 18 0
BBX 14 26 2 0
BITMAP
0780
0780
0780
0000
3870
1CE0
0FC0
0780
0000
0000
0FC0
3FF0
7FF8
707C
F03C
F800
7F80
3FF0
1FF8
01FC
003C
F03C
F03C
7FFC
7FF8
1FE0
ENDCHAR
STARTCHAR 1E68
ENCODING 7784
SWIDTH 600 0
DWIDTH 18 0
BBX 16 30 1 -5
BITMAP
03C0
03C0
03C0
0000
0000
07E0
1FF8
7FFC
7C3E
781E
781F
7800
7E00
3FE0
1FF8
0FFE
00FE
001F
000F
F00F
F80F
FC3F
7FFE
3FFC
0FF0
0000
0000
03C0
03C0
03C0
ENDCHAR
STARTCHAR 1E69
ENCODING 7785
SWIDTH 600 0
DWIDTH 18 0
BBX 14 27 2 -5
BITMAP
0780
0780
0780
0000
0000
0000
0FC0
3FF0
7FF8
707C
F03C
F800
7F80
3FF0
1FF8
01FC
003C
F03C
F03C
7FFC
7FF8
1FE0
0000
0000
0780
0780
0780
ENDCHAR
STARTCHAR 1E6A
ENCODING 7786
SWIDTH 600 0
DWIDTH 18 0
BBX 16 25 1 0
BITMAP
03C0
03C0
03C0
0000
0000
FFFF
FFFF
FFFF
03C0
03C0
03C0
03C0
03C0
03C0
03C0
03C0
03C0
03C0
03C0
03C0
03C0
03C0
03C0
03C0
03C0
ENDCHAR
STARTCHAR 1E6B
ENCODING 7787
SWIDTH 600 0
DWIDTH 18 0
BBX 13 25 2 0
BITMAP
0780
0780
0780
0000
0000
0E00
0E00
1E00
1E00
FFF8
FFF8
FFF8
1E00
1E00
1E00
1E00
1E00
1E00
1E00
1E00
1E00
1E00
1FF8
0FF8
07F8
ENDCHAR
STARTCHAR 1E6C
ENCODING 7788
SWIDTH 600 0
DWIDTH 18 0
BBX 16 25 1 -5
BITMAP
FFFF
FFFF
FFFF
03C0
03C0
03C0
03C0
03C0
03C0
03C0
03C0
03C0
03C0
03C0
03C0
03C0
03C0
03C0
03C0
03C0
0000
0000
03C0
03C0
03C0
ENDCHAR
STARTCHAR 1E6D
ENCODING 7789
SWIDTH 600 0
DWIDTH 18 0
BBX 13 25 2 -5
BITMAP
0E00
0E00
1E00
1E00
FFF8
FFF8
FFF8
1E00
1E00
1E00
1E00
1E00
1E00
1E00
1E00
1E00
1E00
1FF8
0FF8
07F8
0000
0000
0780
0780
0780
ENDCHAR
STARTCHAR 1E6E
ENCODING 7790
SWIDTH 600 0
DWIDTH 18 0
BBX 16 25 1 -5
BITMAP
FFFF
FFFF
FFFF
03C0
03C0
03C0
03C0
03C0
03C0
03C0
03C0
03C0
03C0
03C0
03C0
03C0
03C0
03C0
03C0
03C0
0000
0000
0000
1FF0
1FF0
ENDCHAR
STARTCHAR 1E6F
ENCODING 7791
SWIDTH 600 0
DWIDTH 18 0
BBX 13 25 2 -5
BITMAP
0E00
0E00
1E00
1E00
FFF8
FFF8
FFF8
1E00
1E00
1E00
1E00
1E00
1E00
1E00
1E00
1E00
1E00
1FF8
0FF8
07F8
0000
0000
0000
1FF0
1FF0
ENDCHAR
STARTCHAR 1E70
ENCODING 7792
SWIDTH 600 0
DWIDTH 18 0
BBX 16 27 1 -7
BITMAP
FFFF
FFFF
FFFF
03C0
03C0
03C0
03C0
03C0
03C0
03C0
03C0
03C0
03C0
03C0
03C0
03C0
03C0
03C0
03C0
03C0
0000
0000
0000
03C0
07E0
0E70
1C38
ENDCHAR
STARTCHAR 1E71
ENCODING 7793
SWIDTH 600 0
DWIDTH 18 0
BBX 13 27 2 -7
BITMAP
0E00
0E00
1E00
1E00
FFF8
FFF8
FFF8
1E00
1E00
1E00
1E00
1E00
1E00
1E00
1E00
1E00
1E00
1FF8
0FF8
07F8
0000
0000
0000
0780
0FC0
1CE0
3870
ENDCHAR
STARTCHAR 1E72
ENCODING 7794
SWIDTH 600 0
DWIDTH 18 0
BBX 14 26 2 -6
BITMAP
F03C
F03C
F03C
F03C
F03C
F03C
F03C
F03C
F03C
F03C
F03C
F03C
F03C
F03C
F07C
F87C
7DF8
7FF8
3FF0
0FC0
0000
0000
0000
3870
3870
3870
ENDCHAR
STARTCHAR 1E73
ENCODING 7795
SWIDTH 600 0
DWIDTH 18 0
BBX 14 22 2 -6
BITMAP
F03C
F03C
F03C
F03C
F03C
F03C
F03C
F03C
F03C
F03C
F07C
F87C
F8FC
7FBC
7F3C
3E3C
0000
0000
0000
3870
3870
3870
ENDCHAR
STARTCHAR 1E74
ENCODING 7796
SWIDTH 600 0
DWIDTH 18 0
BBX 14 26 2 -6
BITMAP
F03C
F03C
F03C
F03C
F03C
F03C
F03C
F03C
F03C
F03C
F03C
F03C
F03C
F03C
F07C
F87C
7DF8
7FF8
3FF0
0FC0
0000
0000
1E18
3FB8
77F0
61E0
ENDCHAR
STARTCHAR 1E75
ENCODING 7797
SWIDTH 600 0
DWIDTH 18 0
BBX 14 22 2 -6
BITMAP
F03C
F03C
F03C
F03C
F03C
F03C
F03C
F03C
F03C
F03C
F07C
F87C
F8FC
7FBC
7F3C
3E3C
0000
0000
1C18
3FF0
77F0
61E0
ENDCHAR
STARTCHAR 1E76
ENCODING 7798
SWIDTH 600 0
DWIDTH 18 0
BBX 14 27 2 -7
BITMAP
F03C
F03C
F03C
F03C
F03C
F03C
F03C
F03C
F03C
F03C
F03C
F03C
F03C
F03C
F07C
F87C
7DF8
7FF8
3FF0
0FC0
0000
0000
0000
0780
0FC0
1CE0
3870
ENDCHAR
STARTCHAR 1E77
ENCODING 7799
SWIDTH 600 0
DWIDTH 18 0
BBX 14 23 2 -7
BITMAP
F03C
F03C
F03C
F03C
F03C
F03C
F03C
F03C
F03C
F03C
F07C
F87C
F8FC
7FBC
7F3C
3E3C
0000
0000
0000
0780
0FC0
1CE0
3870
ENDCHAR
STARTCHAR 1E78
ENCODING 7800
SWIDTH 600 0
DWIDTH 18 0
BBX 14 26 2 0
BITMAP
01C0
0380
1E30
1FE0
31E0
0000
F03C
F03C
F03C
F03C
F03C
F03C
F03C
F03C
F03C
F03C
F03C
F03C
F03C
F03C
F07C
F87C
7DF8
7FF8
3FF0
0FC0
ENDCHAR
STARTCHAR 1E79
ENCODING 7801
SWIDTH 600 0
DWIDTH 18 0
BBX 14 26 2 0
BITMAP
00F0
01E0
0380
0700
1E30
3F30
33F0
30E0
0000
0000
F03C
F03C
F03C
F03C
F03C
F03C
F03C
F03C
F03C
F03C
F07C
F87C
F8FC
7FBC
7F3C
3E3C
ENDCHAR
STARTCHAR 1E7A
ENCODING 7802
SWIDTH 600 0
DWIDTH 18 0
BBX 14 26 2 0
BITMAP
1860
1860
0000
1FE0
1FE0
0000
F03C
F03C
F03C
F03C
F03C
F03C
F03C
F03C
F03C
F03C
F03C
F03C
F03C
F03C
F07C
F87C
7DF8
7FF8
3FF0
0FC0
ENDCHAR
STARTCHAR 1E7B
ENCODING 7803
SWIDTH 600 0
DWIDTH 18 0
BBX 14 25 2 0
BITMAP
3CF0
3CF0
3CF0
0000
0000
1FE0
1FE0
0000
0000
F03C
F03C
F03C
F03C
F03C
F03C
F03C
F03C
F03C
F03C
F07C
F87C
F8FC
7FBC
7F3C
3E3C
ENDCHAR
STARTCHAR 1E7C
ENCODING 7804
SWIDTH 600 0
DWIDTH 18 0
BBX 18 25 0 0
BITMAP
078600
0FFC00
1FFC00
187800
000000
F807C0
780780
780780
7C0F80
3C0F00
3C0F00
3C0F00
1E1E00
1E1E00
1E1E00
0F3C00
0F3C00
0F3C00
07B800
07F800
07F800
03F000
03F000
03F000
01E000
ENDCHAR
STARTCHAR 1E7D
ENCODING 7805
SWIDTH 600 0
DWIDTH 18 0
BBX 16 22 1 0
BITMAP
0F0C
1FF8
3FF8
30F0
0000
0000
F00F
F00F
F81F
781E
781E
7C3C
3C3C
3C3C
1E78
1E78
1E70
0FF0
0FF0
0FE0
07E0
07E0
ENDCHAR
STARTCHAR 1E7E
ENCODING 7806
SWIDTH 600 0
DWIDTH 18 0
BBX 18 25 0 -5
BITMAP
F807C0
780780
780780
7C0F80
3C0F00
3C0F00
3C0F00
1E1E00
1E1E00
1E1E00
0F3C00
0F3C00
0F3C00
07B800
07F800
07F800
03F000
03F000
03F000
01E000
000000
000000
01E000
01E000
01E000
ENDCHAR
STARTCHAR 1E7F
ENCODING 7807
SWIDTH 600 0
DWIDTH 18 0
BBX 16 21 1 -5
BITMAP
F00F
F00F
F81F
781E
781E
7C3C
3C3C
3C3C
1E78
1E78
1E70
0FF0
0FF0
0FE0
07E0
07E0
0000
0000
03C0
03C0
03C0
ENDCHAR
STARTCHAR 1E80
ENCODING 7808
SWIDTH 600 0
DWIDTH 18 0
BBX 18 25 0 0
BITMAP
0F0000
078000
01C000
00E000
000000
F003C0
F003C0
F003C0
700380
700380
700380
79E780
79E780
79E780
79E780
3BF700
3BF700
3BF700
3B3F00
3F3F00
3F3F00
1F3E00
1E1E00
1E1E00
1E1E00
ENDCHAR
STARTCHAR 1E81
ENCODING 7809
SWIDTH 600 0
DWIDTH 18 0
BBX 18 22 0 0
BITMAP
1F0000
078000
03C000
00E000
000000
000000
F003C0
F003C0
700380
700380
71E380
71E380
71E380
7BE780
3BF700
3B3700
3B3700
3F3F00
3F3F00
3E1F00
1E1E00
1E1E00
ENDCHAR
STARTCHAR 1E82
ENCODING 7810
SWIDTH 600 0
DWIDTH 18 0
BBX 18 25 0 0
BITMAP
003C00
007800
00F000
01C000
000000
F003C0
F003C0
F003C0
700380
700380
700380
79E780
79E780
79E780
79E780
3BF700
3BF700
3BF700
3B3F00
3F3F00
3F3F00
1F3E00
1E1E00
1E1E00
1E1E00
ENDCHAR
STARTCHAR 1E83
ENCODING 7811
SWIDTH 600 0
DWIDTH 18 0
BBX 18 22 0 0
BITMAP
003C00
007800
00E000
01C000
000000
000000
F003C0
F003C0
700380
700380
71E380
71E380
71E380
7BE780
3BF700
3B3700
3B3700
3F3F00
3F3F00
3E1F00
1E1E00
1E1E00
ENDCHAR
STARTCHAR 1E84
ENCODING 7812
SWIDTH 600 0
DWIDTH 18 0
BBX 18 24 0 0
BITMAP
0F3C00
0F3C00
0F3C00
000000
F003C0
F003C0
F003C0
700380
700380
700380
79E780
79E780
79E780
79E780
3BF700
3BF700
3BF700
3B3F00
3F3F00
3F3F00
1F3E00
1E1E00
1E1E00
1E1E00
ENDCHAR
STARTCHAR 1E85
ENCODING 7813
SWIDTH 600 0
DWIDTH 18 0
BBX 18 21 0 0
BITMAP
0F3C00
0F3C00
0F3C00
000000
000000
F003C0
F003C0
700380
700380
71E380
71E380
71E380
7BE780
3BF700
3B3700
3B3700
3F3F00
3F3F00
3E1F00
1E1E00
1E1E00
ENDCHAR
STARTCHAR 1E86
ENCODING 7814
SWIDTH 600 0
DWIDTH 18 0
BBX 18 25 0 0
BITMAP
01E000
01E000
01E000
000000
000000
F003C0
F003C0
F003C0
700380
700380
700380
79E780
79E780
79E780
79E780
3BF700
3BF700
3BF700
3B3F00
3F3F00
3F3F00
1F3E00
1E1E00
1E1E00
1E1E00
ENDCHAR
STARTCHAR 1E87
ENCODING 7815
SWIDTH 600 0
DWIDTH 18 0
BBX 18 22 0 0
BITMAP
01E000
01E000
01E000
000000
000000
000000
F003C0
F003C0
700380
700380
71E380
71E380
71E380
7BE780
3BF700
3B3700
3B3700
3F3F00
3F3F00
3E1F00
1E1E00
1E1E00
ENDCHAR
STARTCHAR 1E88
ENCODING 7816
SWIDTH 600 0
DWIDTH 18 0
BBX 18 25 0 -5
BITMAP
F003C0
F003C0
F003C0
700380
700380
700380
79E780
79E780
79E780
79E780
3BF700
3BF700
3BF700
3B3F00
3F3F00
3F3F00
1F3E00
1E1E00
1E1E00
1E1E00
000000
000000
01E000
01E000
01E000
ENDCHAR
STARTCHAR 1E89
ENCODING 7817
SWIDTH 600 0
DWIDTH 18 0
BBX 18 21 0 -5
BITMAP
F003C0
F003C0
700380
700380
71E380
71E380
71E380
7BE780
3BF700
3B3700
3B3700
3F3F00
3F3F00
3E1F00
1E1E00
1E1E00
000000
000000
01E000
01E000
01E000
ENDCHAR
STARTCHAR 1E8A
ENCODING 7818
SWIDTH 600 0
DWIDTH 18 0
BBX 18 25 0 0
BITMAP
01E000
01E000
01E000
000000
000000
780780
3C0F00
3E1F00
1E1E00
0F3C00
0FBC00
07F800
07F000
03F000
01E000
03F000
07F000
07F800
0FBC00
1F3C00
1E1E00
3E1F00
3C0F00
7C0780
F807C0
ENDCHAR
STARTCHAR 1E8B
ENCODING 7819
SWIDTH 600 0
DWIDTH 18 0
BBX 16 22 1 0
BITMAP
03C0
03C0
03C0
0000
0000
0000
F81F
783E
3C3C
1E78
1EF8
0FF0
07E0
07C0
07E0
0FF0
0FF0
1E78
3C7C
3C3C
781E
F01F
ENDCHAR
STARTCHAR 1E8C
ENCODING 7820
SWIDTH 600 0
DWIDTH 18 0
BBX 18 24 0 0
BITMAP
0F3C00
0F3C00
0F3C00
000000
780780
3C0F00
3E1F00
1E1E00
0F3C00
0FBC00
07F800
07F000
03F000
01E000
03F000
07F000
07F800
0FBC00
1F3C00
1E1E00
3E1F00
3C0F00
7C0780
F807C0
ENDCHAR
STARTCHAR 1E8D
ENCODING 7821
SWIDTH 600 0
DWIDTH 18 0
BBX 16 21 1 0
BITMAP
1E78
1E78
1E78
0000
0000
F81F
783E
3C3C
1E78
1EF8
0FF0
07E0
07C0
07E0
0FF0
0FF0
1E78
3C7C
3C3C
781E
F01F
ENDCHAR
STARTCHAR 1E8E
ENCODING 7822
SWIDTH 600 0
DWIDTH 18 0
BBX 18 25 0 0
BITMAP
01E000
01E000
01E000
000000
000000
F807C0
780780
7C0F80
3C0F00
1E1E00
1E1E00
0F3C00
0F3C00
07F800
07F800
03F000
01E000
01E000
01E000
01E000
01E000
01E000
01E000
01E000
01E000
ENDCHAR
STARTCHAR 1E8F
ENCODING 7823
SWIDTH 600 0
DWIDTH 18 0
BBX 16 28 1 -6
BITMAP
03C0
03C0
03C0
0000
0000
0000
F00F
F00F
781F
781E
781E
3C3C
3C3C
1E3C
1E78
1E78
0F70
0FF0
07F0
07E0
03E0
03C0
03C0
07C0
0780
7F80
7F00
7E00
ENDCHAR
STARTCHAR 1E90
ENCODING 7824
SWIDTH 600 0
DWIDTH 18 0
BBX 16 25 1 0
BITMAP
03E0
07F0
0F78
1C1C
0000
7FFE
7FFE
7FFE
003E
007C
0078
00F8
01F0
03E0
03C0
07C0
0F80
1F00
1E00
3E00
7C00
7800
FFFF
FFFF
FFFF
ENDCHAR
STARTCHAR 1E91
ENCODING 7825
SWIDTH 600 0
DWIDTH 18 0
BBX 14 22 2 0
BITMAP
0780
0FC0
1CE0
3870
0000
0000
7FF8
7FF8
7FF8
00F8
01F0
03E0
07C0
0780
0F00
1F00
3E00
7C00
F800
FFFC
FFFC
FFFC
ENDCHAR
STARTCHAR 1E92
ENCODING 7826
SWIDTH 600 0
DWIDTH 18 0
BBX 16 25 1 -5
BITMAP
7FFE
7FFE
7FFE
003E
007C
0078
00F8
01F0
03E0
03C0
07C0
0F80
1F00
1E00
3E00
7C00
7800
FFFF
FFFF
FFFF
0000
0000
03C0
03C0
03C0
ENDCHAR
STARTCHAR 1E93
ENCODING 7827
SWIDTH 600 0
DWIDTH 18 0
BBX 14 21 2 -5
BITMAP
7FF8
7FF8
7FF8
00F8
01F0
03E0
07C0
0780
0F00
1F00
3E00
7C00
F800
FFFC
FFFC
FFFC
0000
0000
0780
0780
0780
ENDCHAR
STARTCHAR 1E94
ENCODING 7828
SWIDTH 600 0
DWIDTH 18 0
BBX 16 25 1 -5
BITMAP
7FFE
7FFE
7FFE
003E
007C
0078
00F8
01F0
03E0
03C0
07C0
0F80
1F00
1E00
3E00
7C00
7800
FFFF
FFFF
FFFF
0000
0000
0000
0FF8
0FF8
ENDCHAR
STARTCHAR 1E95
ENCODING 7829
SWIDTH 600 0
DWIDTH 18 0
BBX 14 21 2 -5
BITMAP
7FF8
7FF8
7FF8
00F8
01F0
03E0
07C0
0780
0F00
1F00
3E00
7C00
F800
FFFC
FFFC
FFFC
0000
0000
0000
1FF0
1FF0
ENDCHAR
STARTCHAR 1E96
ENCODING 7830
SWIDTH 600 0
DWIDTH 18 0
BBX 14 27 2 -5
BITMAP
F000
F000
F000
F000
F000
F000
F1F0
F7F8
F7FC
FC7C
F83C
F83C
F03C
F03C
F03C
F03C
F03C
F03C
F03C
F03C
F03C
F03C
0000
0000
0000
1FF0
1FF0
ENDCHAR
STARTCHAR 1E97
ENCODING 7831
SWIDTH 600 0
DWIDTH 18 0
BBX 13 25 2 0
BITMAP
3CF0
3CF0
3CF0
0000
0000
0E00
0E00
1E00
1E00
FFF8
FFF8
FFF8
1E00
1E00
1E00
1E00
1E00
1E00
1E00
1E00
1E00
1E00
1FF8
0FF8
07F8
ENDCHAR
STARTCHAR 1E98
ENCODING 7832
SWIDTH 600 0
DWIDTH 18 0
BBX 18 24 0 0
BITMAP
01E000
03F000
073800
073800
03F000
01E000
000000
000000
F003C0
F003C0
700380
700380
71E380
71E380
71E380
7BE780
3BF700
3B3700
3B3700
3F3F00
3F3F00
3E1F00
1E1E00
1E1E00
ENDCHAR
STARTCHAR 1E99
ENCODING 7833
SWIDTH 600 0
DWIDTH 18 0
BBX 16 29 1 -6
BITMAP
03C0
07E0
0670
0670
07E0
03C0
0000
F00F
F00F
781F
781E
781E
3C3C
3C3C
1E3C
1E78
1E78
0F70
0FF0
07F0
07E0
03E0
03C0
03C0
07C0
0780
7F80
7F00
7E00
ENDCHAR
STARTCHAR 1E9A
ENCODING 7834
SWIDTH 600 0
DWIDTH 18 0
BBX 15 24 2 0
BITMAP
0600
0700
0300
0300
0700
0600
0000
0000
0FC0
3FF0
7FF0
78F8
F878
0078
1FF8
7FF8
F878
F078
F078
F0F8
F1F8
FFBE
7F3E
3E1E
ENDCHAR
STARTCHAR 1E9B
ENCODING 7835
SWIDTH 600 0
DWIDTH 18 0
BBX 11 24 5 0
BITMAP
1E00
1E00
1E00
0000
1FE0
3FE0
7FE0
7800
F800
F800
F800
F800
F800
F800
F800
F800
F800
F800
F800
F800
F800
F800
F800
F800
ENDCHAR
STARTCHAR 1E9E
ENCODING 7838
SWIDTH 600 0
DWIDTH 18 0
BBX 17 20 1 0
BITMAP
07E000
1FF800
3FFC00
7E7E00
7C1E00
783E00
F87C00
F87800
F8F000
F8FE00
F8FF00
F81F00
F80F80
F80F80
F80F80
F80F00
F91F00
F9FF00
F9FE00
F9F800
ENDCHAR
STARTCHAR 1EA0
ENCODING 7840
SWIDTH 600 0
DWIDTH 18 0
BBX 18 25 0 -5
BITMAP
03F000
03F000
03F000
07F800
07F800
073800
0F3C00
0F3C00
0F3C00
1E1E00
1E1E00
1E1E00
3FFF00
3FFF00
3FFF00
7C0F80
780780
780780
F807C0
F003C0
000000
000000
01E000
01E000
01E000
ENDCHAR
STARTCHAR 1EA1
ENCODING 7841
SWIDTH 600 0
DWIDTH 18 0
BBX 15 21 2 -5
BITMAP
0FC0
3FF0
7FF0
78F8
F878
0078
1FF8
7FF8
F878
F078
F078
F0F8
F1F8
FFBE
7F3E
3E1E
0000
0000
0780
0780
0780
ENDCHAR
STARTCHAR 1EA2
ENCODING 7842
SWIDTH 600 0
DWIDTH 18 0
BBX 18 26 0 0
BITMAP
03E000
03F000
003800
00F000
00C000
000000
03F000
03F000
03F000
07F800
07F800
073800
0F3C00
0F3C00
0F3C00
1E1E00
1E1E00
1E1E00
3FFF00
3FFF00
3FFF00
7C0F80
780780
780780
F807C0
F003C0
ENDCHAR
STARTCHAR 1EA3
ENCODING 7843
SWIDTH 600 0
DWIDTH 18 0
BBX 15 23 2 0
BITMAP
0F80
0FC0
00C0
03C0
0300
0000
0000
0FC0
3FF0
7FF0
78F8
F878
0078
1FF8
7FF8
F878
F078
F078
F0F8
F1F8
FFBE
7F3E
3E1E
ENDCHAR
STARTCHAR 1EA4
ENCODING 7844
SWIDTH 600 0
DWIDTH 18 0
BBX 18 26 0 0
BITMAP
000700
01E600
03FC00
073800
0C1C00
000000
03F000
03F000
03F000
07F800
07F800
073800
0F3C00
0F3C00
0F3C00
1E1E00
1E1E00
1E1E00
3FFF00
3FFF00
3FFF00
7C0F80
780780
780780
F807C0
F003C0
ENDCHAR
STARTCHAR 1EA5
ENCODING 7845
SWIDTH 600 0
DWIDTH 18 0
BBX 15 24 2 0
BITMAP
000E
079C
0FD8
1FE0
3CF0
3830
0000
0000
0FC0
3FF0
7FF0
78F8
F878
0078
1FF8
7FF8
F878
F078
F078
F0F8
F1F8
FFBE
7F3E
3E1E
ENDCHAR
STARTCHAR 1EA6
ENCODING 7846
SWIDTH 600 0
DWIDTH 18 0
BBX 18 26 0 0
BITMAP
380000
19E000
0FF000
073800
0E0C00
000000
03F000
03F000
03F000
07F800
07F800
073800
0F3C00
0F3C00
0F3C00
1E1E00
1E1E00
1E1E00
3FFF00
3FFF00
3FFF00
7C0F80
780780
780780
F807C0
F003C0
ENDCHAR
STARTCHAR 1EA7
ENCODING 7847
SWIDTH 600 0
DWIDTH 18 0
BBX 16 24 1 0
BITMAP
E000
73C0
37E0
0FF0
0E78
1C18
0000
0000
07E0
1FF8
3FF8
3C7C
7C3C
003C
0FFC
3FFC
7C3C
783C
783C
787C
78FC
7FDF
3F9F
1F0F
ENDCHAR
STARTCHAR 1EA8
ENCODING 7848
SWIDTH 600 0
DWIDTH 18 0
BBX 18 26 0 0
BITMAP
000E00
01E300
03F400
073800
0C1C00
000000
03F000
03F000
03F000
07F800
07F800
073800
0F3C00
0F3C00
0F3C00
1E1E00
1E1E00
1E1E00
3FFF00
3FFF00
3FFF00
7C0F80
780780
780780
F807C0
F003C0
ENDCHAR
STARTCHAR 1EA9
ENCODING 7849
SWIDTH 600 0
DWIDTH 18 0
BBX 15 25 2 0
BITMAP
007C
000C
000C
0790
0FC0
1CE0
3870
0000
0000
0FC0
3FF0
7FF0
78F8
F878
0078
1FF8
7FF8
F878
F078
F078
F0F8
F1F8
FFBE
7F3E
3E1E
ENDCHAR
STARTCHAR 1EAA
ENCODING 7850
SWIDTH 600 0
DWIDTH 18 0
BBX 18 26 0 0
BITMAP
078C00
07F800
0C7800
01E000
073800
000000
03F000
03F000
03F000
07F800
07F800
073800
0F3C00
0F3C00
0F3C00
1E1E00
1E1E00
1E1E00
3FFF00
3FFF00
3FFF00
7C0F80
780780
780780
F807C0
F003C0
ENDCHAR
STARTCHAR 1EAB
ENCODING 7851
SWIDTH 600 0
DWIDTH 18 0
BBX 15 27 2 0
BITMAP
1E30
3F30
33F0
30E0
0000
0780
0FC0
1CE0
3870
0000
0000
0FC0
3FF0
7FF0
78F8
F878
0078
1FF8
7FF8
F878
F078
F078
F0F8
F1F8
FFBE
7F3E
3E1E
ENDCHAR
STARTCHAR 1EAC
ENCODING 7852
SWIDTH 600 0
DWIDTH 18 0
BBX 18 30 0 -5
BITMAP
01E000
03F000
073800
0E1C00
000000
03F000
03F000
03F000
07F800
07F800
073800
0F3C00
0F3C00
0F3C00
1E1E00
1E1E00
1E1E00
3FFF00
3FFF00
3FFF00
7C0F80
780780
780780
F807C0
F003C0
000000
000000
01E000
01E000
01E000
ENDCHAR
STARTCHAR 1EAD
ENCODING 7853
SWIDTH 600 0
DWIDTH 18 0
BBX 15 26 2 -5
BITMAP
0780
0FC0
1CE0
3870
0000
0FC0
3FF0
7FF0
78F8
F878
0078
1FF8
7FF8
F878
F078
F078
F0F8
F1F8
FFBE
7F3E
3E1E
0000
0000
0780
0780
0780
ENDCHAR
STARTCHAR 1EAE
ENCODING 7854
SWIDTH 600 0
DWIDTH 18 0
BBX 18 27 0 0
BITMAP
007800
006000
04C800
061800
07F800
01E000
000000
03F000
03F000
03F000
07F800
07F800
073800
0F3C00
0F3C00
0F3C00
1E1E00
1E1E00
1E1E00
3FFF00
3FFF00
3FFF00
7C0F80
780780
780780
F807C0
F003C0
ENDCHAR
STARTCHAR 1EAF
ENCODING 7855
SWIDTH 600 0
DWIDTH 18 0
BBX 15 27 2 0
BITMAP
00F8
01E0
03C0
0700
0000
3030
3CF0
1FE0
0FC0
0000
0000
0FC0
3FF0
7FF0
78F8
F878
0078
1FF8
7FF8
F878
F078
F078
F0F8
F1F8
FFBE
7F3E
3E1E
ENDCHAR
STARTCHAR 1EB0
ENCODING 7856
SWIDTH 600 0
DWIDTH 18 0
BBX 18 27 0 0
BITMAP
078000
018000
04C800
061800
07F800
01E000
000000
03F000
03F000
03F000
07F800
07F800
073800
0F3C00
0F3C00
0F3C00
1E1E00
1E1E00
1E1E00
3FFF00
3FFF00
3FFF00
7C0F80
780780
780780
F807C0
F003C0
ENDCHAR
STARTCHAR 1EB1
ENCODING 7857
SWIDTH 600 0
DWIDTH 18 0
BBX 15 27 2 0
BITMAP
7C00
1E00
0F00
0380
0000
3030
3CF0
1FE0
0FC0
0000
0000
0FC0
3FF0
7FF0
78F8
F878
0078
1FF8
7FF8
F878
F078
F078
F0F8
F1F8
FFBE
7F3E
3E1E
ENDCHAR
STARTCHAR 1EB2
ENCODING 7858
SWIDTH 600 0
DWIDTH 18 0
BBX 18 27 0 0
BITMAP
01E000
006000
04E800
061800
07F800
01E000
000000
03F000
03F000
03F000
07F800
07F800
073800
0F3C00
0F3C00
0F3C00
1E1E00
1E1E00
1E1E00
3FFF00
3FFF00
3FFF00
7C0F80
780780
780780
F807C0
F003C0
ENDCHAR
STARTCHAR 1EB3
ENCODING 7859
SWIDTH 600 0
DWIDTH 18 0
BBX 15 27 2 0
BITMAP
0F80
0FE0
00E0
03C0
0380
3030
3CF0
1FE0
0FC0
0000
0000
0FC0
3FF0
7FF0
78F8
F878
0078
1FF8
7FF8
F878
F078
F078
F0F8
F1F8
FFBE
7F3E
3E1E
ENDCHAR
STARTCHAR 1EB4
ENCODING 7860
SWIDTH 600 0
DWIDTH 18 0
BBX 18 27 0 0
BITMAP
078C00
06F800
0C7800
061800
03F000
01E000
000000
03F000
03F000
03F000
07F800
07F800
073800
0F3C00
0F3C00
0F3C00
1E1E00
1E1E00
1E1E00
3FFF00
3FFF00
3FFF00
7C0F80
780780
780780
F807C0
F003C0
ENDCHAR
STARTCHAR 1EB5
ENCODING 7861
SWIDTH 600 0
DWIDTH 18 0
BBX 15 27 2 0
BITMAP
1E30
3F30
33F0
30E0
0000
3030
3CF0
1FE0
0FC0
0000
0000
0FC0
3FF0
7FF0
78F8
F878
0078
1FF8
7FF8
F878
F078
F078
F0F8
F1F8
FFBE
7F3E
3E1E
ENDCHAR
STARTCHAR 1EB6
ENCODING 7862
SWIDTH 600 0
DWIDTH 18 0
BBX 18 30 0 -5
BITMAP
0C1C00
0F3C00
07F800
03F000
000000
03F000
03F000
03F000
07F800
07F800
073800
0F3C00
0F3C00
0F3C00
1E1E00
1E1E00
1E1E00
3FFF00
3FFF00
3FFF00
7C0F80
780780
780780
F807C0
F003C0
000000
000000
01E000
01E000
01E000
ENDCHAR
STARTCHAR 1EB7
ENCODING 7863
SWIDTH 600 0
DWIDTH 18 0
BBX 15 26 2 -5
BITMAP
3030
3CF0
1FE0
0FC0
0000
0FC0
3FF0
7FF0
78F8
F878
0078
1FF8
7FF8
F878
F078
F078
F0F8
F1F8
FFBE
7F3E
3E1E
0000
0000
0780
0780
0780
ENDCHAR
STARTCHAR 1EB8
ENCODING 7864
SWIDTH 600 0
DWIDTH 18 0
BBX 15 25 2 -5
BITMAP
FFFC
FFFC
FFFC
F000
F000
F000
F000
F000
FFF8
FFF8
FFF8
F000
F000
F000
F000
F000
F000
FFFE
FFFE
FFFE
0000
0000
0780
0780
0780
ENDCHAR
STARTCHAR 1EB9
ENCODING 7865
SWIDTH 600 0
DWIDTH 18 0
BBX 16 21 1 -5
BITMAP
07E0
1FF8
3FFC
7C3C
781E
781E
7FFE
FFFF
FFFF
7800
7800
781E
7C1E
3FFC
1FF8
07E0
0000
0000
03C0
03C0
03C0
ENDCHAR
STARTCHAR 1EBA
ENCODING 7866
SWIDTH 600 0
DWIDTH 18 0
BBX 15 26 2 0
BITMAP
0F80
0FC0
00E0
03C0
0300
0000
FFFC
FFFC
FFFC
F000
F000
F000
F000
F000
FFF8
FFF8
FFF8
F000
F000
F000
F000
F000
F000
FFFE
FFFE
FFFE
ENDCHAR
STARTCHAR 1EBB
ENCODING 7867
SWIDTH 600 0
DWIDTH 18 0
BBX 16 23 1 0
BITMAP
07C0
07E0
0060
01E0
0180
0000
0000
07E0
1FF8
3FFC
7C3C
781E
781E
7FFE
FFFF
FFFF
7800
7800
781E
7C1E
3FFC
1FF8
07E0
ENDCHAR
STARTCHAR 1EBC
ENCODING 7868
SWIDTH 600 0
DWIDTH 18 0
BBX 15 25 2 0
BITMAP
1E18
3FF8
3FF0
30F0
0000
FFFC
FFFC
FFFC
F000
F000
F000
F000
F000
FFF8
FFF8
FFF8
F000
F000
F000
F000
F000
F000
FFFE
FFFE
FFFE
ENDCHAR
STARTCHAR 1EBD
ENCODING 7869
SWIDTH 600 0
DWIDTH 18 0
BBX 16 22 1 0
BITMAP
0F0C
1FFC
1FF8
1878
0000
0000
07E0
1FF8
3FFC
7C3C
781E
781E
7FFE
FFFF
FFFF
7800
7800
781E
7C1E
3FFC
1FF8
07E0
ENDCHAR
STARTCHAR 1EBE
ENCODING 7870
SWIDTH 600 0
DWIDTH 18 0
BBX 15 26 2 0
BITMAP
000E
0798
0FF0
0CE0
1830
0000
FFFC
FFFC
FFFC
F000
F000
F000
F000
F000
FFF8
FFF8
FFF8
F000
F000
F000
F000
F000
F000
FFFE
FFFE
FFFE
ENDCHAR
STARTCHAR 1EBF
ENCODING 7871
SWIDTH 600 0
DWIDTH 18 0
BBX 16 24 1 0
BITMAP
0007
03C6
07EC
0770
0E38
1C1C
0000
0000
07E0
1FF8
3FFC
7C3C
781E
781E
7FFE
FFFF
FFFF
7800
7800
781E
7C1E
3FFC
1FF8
07E0
ENDCHAR
STARTCHAR 1EC0
ENCODING 7872
SWIDTH 600 0
DWIDTH 18 0
BBX 15 26 2 0
BITMAP
E000
6780
3FC0
0CE0
1830
0000
FFFC
FFFC
FFFC
F000
F000
F000
F000
F000
FFF8
FFF8
FFF8
F000
F000
F000
F000
F000
F000
FFFE
FFFE
FFFE
ENDCHAR
STARTCHAR 1EC1
ENCODING 7873
SWIDTH 600 0
DWIDTH 18 0
BBX 16 24 1 0
BITMAP
E000
73C0
37E0
0770
0E38
1C1C
0000
0000
07E0
1FF8
3FFC
7C3C
781E
781E
7FFE
FFFF
FFFF
7800
7800
781E
7C1E
3FFC
1FF8
07E0
ENDCHAR
STARTCHAR 1EC2
ENCODING 7874
SWIDTH 600 0
DWIDTH 18 0
BBX 15 26 2 0
BITMAP
0038
078C
0FD8
0CE0
1830
0000
FFFC
FFFC
FFFC
F000
F000
F000
F000
F000
FFF8
FFF8
FFF8
F000
F000
F000
F000
F000
F000
FFFE
FFFE
FFFE
ENDCHAR
STARTCHAR 1EC3
ENCODING 7875
SWIDTH 600 0
DWIDTH 18 0
BBX 16 25 1 0
BITMAP
001E
0007
0006
03CC
07E0
0F70
1C3C
0000
0000
07E0
1FF8
3FFC
7C3C
781E
781E
7FFE
FFFF
FFFF
7800
7800
781E
7C1E
3FFC
1FF8
07E0
ENDCHAR
STARTCHAR 1EC4
ENCODING 7876
SWIDTH 600 0
DWIDTH 18 0
BBX 15 26 2 0
BITMAP
0E30
1FF0
11E0
07C0
1EE0
0000
FFFC
FFFC
FFFC
F000
F000
F000
F000
F000
FFF8
FFF8
FFF8
F000
F000
F000
F000
F000
F000
FFFE
FFFE
FFFE
ENDCHAR
STARTCHAR 1EC5
ENCODING 7877
SWIDTH 600 0
DWIDTH 18 0
BBX 16 27 1 0
BITMAP
0E18
1FB8
19F0
18F0
0000
03C0
07E0
0E70
1C38
0000
0000
07E0
1FF8
3FFC
7C3C
781E
781E
7FFE
FFFF
FFFF
7800
7800
781E
7C1E
3FFC
1FF8
07E0
ENDCHAR
STARTCHAR 1EC6
ENCODING 7878
SWIDTH 600 0
DWIDTH 18 0
BBX 15 30 2 -5
BITMAP
03C0
0FE0
1EF0
3838
0000
FFFC
FFFC
FFFC
F000
F000
F000
F000
F000
FFF8
FFF8
FFF8
F000
F000
F000
F000
F000
F000
FFFE
FFFE
FFFE
0000
0000
03C0
03C0
03C0
ENDCHAR
STARTCHAR 1EC7
ENCODING 7879
SWIDTH 600 0
DWIDTH 18 0
BBX 16 26 1 -5
BITMAP
03E0
07F0
0F78
1C1C
0000
07E0
1FF8
3FFC
7C3C
781E
781E
7FFE
FFFF
FFFF
7800
7800
781E
7C1E
3FFC
1FF8
07E0
0000
0000
03C0
03C0
03C0
ENDCHAR
STARTCHAR 1EC8
ENCODING 7880
SWIDTH 600 0
DWIDTH 18 0
BBX 14 26 2 0
BITMAP
0F80
0FC0
00C0
07C0
0700
0000
FFFC
FFFC
FFFC
0780
0780
0780
0780
0780
0780
0780
0780
0780
0780
0780
0780
0780
0780
FFFC
FFFC
FFFC
ENDCHAR
STARTCHAR 1EC9
ENCODING 7881
SWIDTH 600 0
DWIDTH 18 0
BBX 15 23 2 0
BITMAP
0F80
0FC0
00C0
03C0
0300
0000
0000
7FC0
7FC0
7FC0
03C0
03C0
03C0
03C0
03C0
03C0
03C0
03C0
03C0
03C0
FFFE
FFFE
FFFE
ENDCHAR
STARTCHAR 1ECA
ENCODING 7882
SWIDTH 600 0
DWIDTH 18 0
BBX 14 25 2 -5
BITMAP
FFFC
FFFC
FFFC
0780
0780
0780
0780
0780
0780
0780
0780
0780
0780
0780
0780
0780
0780
FFFC
FFFC
FFFC
0000
0000
0780
0780
0780
ENDCHAR
STARTCHAR 1ECB
ENCODING 7883
SWIDTH 600 0
DWIDTH 18 0
BBX 15 27 2 -5
BITMAP
03C0
03C0
03C0
0000
0000
0000
7FC0
7FC0
7FC0
03C0
03C0
03C0
03C0
03C0
03C0
03C0
03C0
03C0
03C0
FFFE
FFFE
FFFE
0000
0000
0780
0780
0780
ENDCHAR
STARTCHAR 1ECC
ENCODING 7884
SWIDTH 600 0
DWIDTH 18 0
BBX 16 25 1 -5
BITMAP
07E0
1FF8
3FFC
7FFE
7C3E
781E
F81F
F81F
F00F
F00F
F00F
F01F
F81F
F81F
781E
7C3E
7FFE
3FFC
1FF8
07E0
0000
0000
03C0
03C0
03C0
ENDCHAR
STARTCHAR 1ECD
ENCODING 7885
SWIDTH 600 0
DWIDTH 18 0
BBX 16 21 1 -5
BITMAP
07E0
1FF8
3FFC
7C3E
781E
781E
F81F
F81F
F81F
F81F
781E
781E
7C3E
3FFC
1FF8
07E0
0000
0000
03C0
03C0
03C0
ENDCHAR
STARTCHAR 1ECE
ENCODING 7886
SWIDTH 600 0
DWIDTH 18 0
BBX 16 26 1 0
BITMAP
07C0
07E0
0070
01E0
0180
0000
07E0
1FF8
3FFC
7FFE
7C3E
781E
F81F
F81F
F00F
F00F
F00F
F01F
F81F
F81F
781E
7C3E
7FFE
3FFC
1FF8
07E0
ENDCHAR
STARTCHAR 1ECF
ENCODING 7887
SWIDTH 600 0
DWIDTH 18 0
BBX 16 23 1 0
BITMAP
07C0
07E0
0060
01E0
0180
0000
0000
07E0
1FF8
3FFC
7C3E
781E
781E
F81F
F81F
F81F
F81F
781E
781E
7C3E
3FFC
1FF8
07E0
ENDCHAR
STARTCHAR 1ED0
ENCODING 7888
SWIDTH 600 0
DWIDTH 18 0
BBX 16 26 1 0
BITMAP
000E
03CC
07F8
0E70
1838
0000
07E0
1FF8
3FFC
7FFE
7C3E
781E
F81F
F81F
F00F
F00F
F00F
F01F
F81F
F81F
781E
7C3E
7FFE
3FFC
1FF8
07E0
ENDCHAR
STARTCHAR 1ED1
ENCODING 7889
SWIDTH 600 0
DWIDTH 18 0
BBX 16 24 1 0
BITMAP
0007
03CE
07EC
0FF0
1E78
1C18
0000
0000
07E0
1FF8
3FFC
7C3E
781E
781E
F81F
F81F
F81F
F81F
781E
781E
7C3E
3FFC
1FF8
07E0
ENDCHAR
STARTCHAR 1ED2
ENCODING 7890
SWIDTH 600 0
DWIDTH 18 0
BBX 16 26 1 0
BITMAP
7000
33C0
1FE0
0E70
1C18
0000
07E0
1FF8
3FFC
7FFE
7C3E
781E
F81F
F81F
F00F
F00F
F00F
F01F
F81F
F81F
781E
7C3E
7FFE
3FFC
1FF8
07E0
ENDCHAR
STARTCHAR 1ED3
ENCODING 7891
SWIDTH 600 0
DWIDTH 18 0
BBX 16 24 1 0
BITMAP
E000
73C0
37E0
0FF0
0E78
1C18
0000
0000
07E0
1FF8
3FFC
7C3E
781E
781E
F81F
F81F
F81F
F81F
781E
781E
7C3E
3FFC
1FF8
07E0
ENDCHAR
STARTCHAR 1ED4
ENCODING 7892
SWIDTH 600 0
DWIDTH 18 0
BBX 16 26 1 0
BITMAP
001C
03C6
07E8
0E70
1838
0000
07E0
1FF8
3FFC
7FFE
7C3E
781E
F81F
F81F
F00F
F00F
F00F
F01F
F81F
F81F
781E
7C3E
7FFE
3FFC
1FF8
07E0
ENDCHAR
STARTCHAR 1ED5
ENCODING 7893
SWIDTH 600 0
DWIDTH 18 0
BBX 16 25 1 0
BITMAP
003E
0006
0006
03C8
07E0
0E70
1C38
0000
0000
07E0
1FF8
3FFC
7C3E
781E
781E
F81F
F81F
F81F
F81F
781E
781E
7C3E
3FFC
1FF8
07E0
ENDCHAR
STARTCHAR 1ED6
ENCODING 7894
SWIDTH 600 0
DWIDTH 18 0
BBX 16 26 1 0
BITMAP
0F18
0FF0
18F0
03C0
0E70
0000
07E0
1FF8
3FFC
7FFE
7C3E
781E
F81F
F81F
F00F
F00F
F00F
F01F
F81F
F81F
781E
7C3E
7FFE
3FFC
1FF8
07E0
ENDCHAR
STARTCHAR 1ED7
ENCODING 7895
SWIDTH 600 0
DWIDTH 18 0
BBX 16 27 1 0
BITMAP
0F18
1F98
19F8
1870
0000
03C0
07E0
0E70
1C38
0000
0000
07E0
1FF8
3FFC
7C3E
781E
781E
F81F
F81F
F81F
F81F
781E
781E
7C3E
3FFC
1FF8
07E0
ENDCHAR
STARTCHAR 1ED8
ENCODING 7896
SWIDTH 600 0
DWIDTH 18 0
BBX 16 30 1 -5
BITMAP
03C0
07E0
0E70
1C38
0000
07E0
1FF8
3FFC
7FFE
7C3E
781E
F81F
F81F
F00F
F00F
F00F
F01F
F81F
F81F
781E
7C3E
7FFE
3FFC
1FF8
07E0
0000
0000
03C0
03C0
03C0
ENDCHAR
STARTCHAR 1ED9
ENCODING 7897
SWIDTH 600 0
DWIDTH 18 0
BBX 16 26 1 -5
BITMAP
03C0
07E0
0E70
1C38
0000
07E0
1FF8
3FFC
7C3E
781E
781E
F81F
F81F
F81F
F81F
781E
781E
7C3E
3FFC
1FF8
07E0
0000
0000
03C0
03C0
03C0
ENDCHAR
STARTCHAR 1EDA
ENCODING 7898
SWIDTH 600 0
DWIDTH 18 0
BBX 18 25 1 0
BITMAP
007800
00F000
01E000
038000
0001C0
07E1C0
1FF1C0
3FF9C0
7EFCC0
7C3C80
783F80
F81F00
F81E00
F01E00
F01E00
F01E00
F01E00
F81E00
F81E00
783E00
7C3C00
7EFC00
3FF800
1FF000
07E000
ENDCHAR
STARTCHAR 1EDB
ENCODING 7899
SWIDTH 600 0
DWIDTH 18 0
BBX 18 22 1 0
BITMAP
007800
00F000
01E000
038000
000000
000000
07E1C0
1FF1C0
3FF9C0
7C7DC0
783CC0
783E80
F83F80
F83F80
F83F00
F83E00
783E00
783C00
7C7C00
3FF800
1FF000
0FC000
ENDCHAR
STARTCHAR 1EDC
ENCODING 7900
SWIDTH 600 0
DWIDTH 18 0
BBX 18 25 1 0
BITMAP
1E0000
0F0000
078000
01C000
0001C0
07E1C0
1FF1C0
3FF9C0
7EFCC0
7C3C80
783F80
F81F00
F81E00
F01E00
F01E00
F01E00
F01E00
F81E00
F81E00
783E00
7C3C00
7EFC00
3FF800
1FF000
07E000
ENDCHAR
STARTCHAR 1EDD
ENCODING 7901
SWIDTH 600 0
DWIDTH 18 0
BBX 18 22 1 0
BITMAP
1E0000
0F0000
038000
01C000
000000
000000
07E1C0
1FF1C0
3FF9C0
7C7DC0
783CC0
783E80
F83F80
F83F80
F83F00
F83E00
783E00
783C00
7C7C00
3FF800
1FF000
0FC000
ENDCHAR
STARTCHAR 1EDE
ENCODING 7902
SWIDTH 600 0
DWIDTH 18 0
BBX 18 26 1 0
BITMAP
07C000
07F000
007000
01E000
018000
0001C0
07E1C0
1FF1C0
3FF9C0
7EFCC0
7C3C80
783F80
F81F00
F81E00
F01E00
F01E00
F01E00
F01E00
F81E00
F81E00
783E00
7C3C00
7EFC00
3FF800
1FF000
07E000
ENDCHAR
STARTCHAR 1EDF
ENCODING 7903
SWIDTH 600 0
DWIDTH 18 0
BBX 18 23 1 0
BITMAP
07C000
07E000
006000
01E000
018000
000000
000000
07E1C0
1FF1C0
3FF9C0
7C7DC0
783CC0
783E80
F83F80
F83F80
F83F00
F83E00
783E00
783C00
7C7C00
3FF800
1FF000
0FC000
ENDCHAR
STARTCHAR 1EE0
ENCODING 7904
SWIDTH 600 0
DWIDTH 18 0
BBX 18 25 1 0
BITMAP
1E1800
3FF800
3FF800
30F000
0001C0
07E1C0
1FF1C0
3FF9C0
7EFCC0
7C3C80
783F80
F81F00
F81E00
F01E00
F01E00
F01E00
F01E00
F81E00
F81E00
783E00
7C3C00
7EFC00
3FF800
1FF000
07E000
ENDCHAR
STARTCHAR 1EE1
ENCODING 7905
SWIDTH 600 0
DWIDTH 18 0
BBX 18 22 1 0
BITMAP
1E1800
3FF800
3FF800
30F000
000000
000000
07E1C0
1FF1C0
3FF9C0
7C7DC0
783CC0
783E80
F83F80
F83F80
F83F00
F83E00
783E00
783C00
7C7C00
3FF800
1FF000
0FC000
ENDCHAR
STARTCHAR 1EE2
ENCODING 7906
SWIDTH 600 0
DWIDTH 18 0
BBX 18 26 1 -5
BITMAP
0001C0
07E1C0
1FF1C0
3FF9C0
7EFCC0
7C3C80
783F80
F81F00
F81E00
F01E00
F01E00
F01E00
F01E00
F81E00
F81E00
783E00
7C3C00
7EFC00
3FF800
1FF000
07E000
000000
000000
03C000
03C000
03C000
ENDCHAR
STARTCHAR 1EE3
ENCODING 7907
SWIDTH 600 0
DWIDTH 18 0
BBX 18 21 1 -5
BITMAP
07E1C0
1FF1C0
3FF9C0
7C7DC0
783CC0
783E80
F83F80
F83F80
F83F00
F83E00
783E00
783C00
7C7C00
3FF800
1FF000
0FC000
000000
000000
07C000
07C000
07C000
ENDCHAR
STARTCHAR 1EE4
ENCODING 7908
SWIDTH 600 0
DWIDTH 18 0
BBX 14 25 2 -5
BITMAP
F03C
F03C
F03C
F03C
F03C
F03C
F03C
F03C
F03C
F03C
F03C
F03C
F03C
F03C
F07C
F87C
7DF8
7FF8
3FF0
0FC0
0000
0000
0780
0780
0780
ENDCHAR
STARTCHAR 1EE5
ENCODING 7909
SWIDTH 600 0
DWIDTH 18 0
BBX 14 21 2 -5
BITMAP
F03C
F03C
F03C
F03C
F03C
F03C
F03C
F03C
F03C
F03C
F07C
F87C
F8FC
7FBC
7F3C
3E3C
0000
0000
0780
0780
0780
ENDCHAR
STARTCHAR 1EE6
ENCODING 7910
SWIDTH 600 0
DWIDTH 18 0
BBX 14 26 2 0
BITMAP
0F80
0FC0
00C0
07C0
0700
0000
F03C
F03C
F03C
F03C
F03C
F03C
F03C
F03C
F03C
F03C
F03C
F03C
F03C
F03C
F07C
F87C
7DF8
7FF8
3FF0
0FC0
ENDCHAR
STARTCHAR 1EE7
ENCODING 7911
SWIDTH 600 0
DWIDTH 18 0
BBX 14 23 2 0
BITMAP
0F80
0FC0
00C0
03C0
0300
0000
0000
F03C
F03C
F03C
F03C
F03C
F03C
F03C
F03C
F03C
F03C
F07C
F87C
F8FC
7FBC
7F3C
3E3C
ENDCHAR
STARTCHAR 1EE8
ENCODING 7912
SWIDTH 600 0
DWIDTH 18 0
BBX 17 25 2 0
BITMAP
00F800
01E000
03C000
070000
000380
F07B80
F07B80
F07B80
F07880
F07980
F07980
F07B00
F07F00
F07E00
F07800
F07800
F07800
F07800
F07800
F07800
F8F800
FDF800
7FF000
3FE000
1FC000
ENDCHAR
STARTCHAR 1EE9
ENCODING 7913
SWIDTH 600 0
DWIDTH 18 0
BBX 17 22 2 0
BITMAP
00F000
01E000
03C000
070000
000000
000000
F07B80
F07B80
F07B80
F07B80
F07980
F07980
F07980
F07B00
F07F00
F07C00
F07800
F0F800
F9F800
FFF800
7F7800
3E7800
ENDCHAR
STARTCHAR 1EEA
ENCODING 7914
SWIDTH 600 0
DWIDTH 18 0
BBX 17 25 2 0
BITMAP
780000
3C0000
0E0000
070000
000380
F07B80
F07B80
F07B80
F07880
F07980
F07980
F07B00
F07F00
F07E00
F07800
F07800
F07800
F07800
F07800
F07800
F8F800
FDF800
7FF000
3FE000
1FC000
ENDCHAR
STARTCHAR 1EEB
ENCODING 7915
SWIDTH 600 0
DWIDTH 18 0
BBX 17 22 2 0
BITMAP
780000
3C0000
0E0000
070000
000000
000000
F07B80
F07B80
F07B80
F07B80
F07980
F07980
F07980
F07B00
F07F00
F07C00
F07800
F0F800
F9F800
FFF800
7F7800
3E7800
ENDCHAR
STARTCHAR 1EEC
ENCODING 7916
SWIDTH 600 0
DWIDTH 18 0
BBX 17 26 2 0
BITMAP
0F8000
0FC000
01C000
07C000
070000
000380
F07B80
F07B80
F07B80
F07880
F07980
F07980
F07B00
F07F00
F07E00
F07800
F07800
F07800
F07800
F07800
F07800
F8F800
FDF800
7FF000
3FE000
1FC000
ENDCHAR
STARTCHAR 1EED
ENCODING 7917
SWIDTH 600 0
DWIDTH 18 0
BBX 17 23 2 0
BITMAP
1F0000
1F8000
01C000
078000
060000
000000
000000
F07B80
F07B80
F07B80
F07B80
F07980
F07980
F07980
F07B00
F07F00
F07C00
F07800
F0F800
F9F800
FFF800
7F7800
3E7800
ENDCHAR
STARTCHAR 1EEE
ENCODING 7918
SWIDTH 600 0
DWIDTH 18 0
BBX 17 25 2 0
BITMAP
3C3000
7FF000
7FF000
61E000
000380
F07B80
F07B80
F07B80
F07880
F07980
F07980
F07B00
F07F00
F07E00
F07800
F07800
F07800
F07800
F07800
F07800
F8F800
FDF800
7FF000
3FE000
1FC000
ENDCHAR
STARTCHAR 1EEF
ENCODING 7919
SWIDTH 600 0
DWIDTH 18 0
BBX 17 22 2 0
BITMAP
3C3000
7FF000
7FF000
61E000
000000
000000
F07B80
F07B80
F07B80
F07B80
F07980
F07980
F07980
F07B00
F07F00
F07C00
F07800
F0F800
F9F800
FFF800
7F7800
3E7800
ENDCHAR
STARTCHAR 1EF0
ENCODING 7920
SWIDTH 600 0
DWIDTH 18 0
BBX 17 26 2 -5
BITMAP
000380
F07B80
F07B80
F07B80
F07880
F07980
F07980
F07B00
F07F00
F07E00
F07800
F07800
F07800
F07800
F07800
F07800
F8F800
FDF800
7FF000
3FE000
1FC000
000000
000000
0F8000
0F8000
0F8000
ENDCHAR
STARTCHAR 1EF1
ENCODING 7921
SWIDTH 600 0
DWIDTH 18 0
BBX 17 21 2 -5
BITMAP
F07B80
F07B80
F07B80
F07B80
F07980
F07980
F07980
F07B00
F07F00
F07C00
F07800
F0F800
F9F800
FFF800
7F7800
3E7800
000000
000000
0F0000
0F0000
0F0000
ENDCHAR
STARTCHAR 1EF2
ENCODING 7922
SWIDTH 600 0
DWIDTH 18 0
BBX 18 25 0 0
BITMAP
0F0000
078000
01C000
00E000
000000
F807C0
780780
7C0F80
3C0F00
1E1E00
1E1E00
0F3C00
0F3C00
07F800
07F800
03F000
01E000
01E000
01E000
01E000
01E000
01E000
01E000
01E000
01E000
ENDCHAR
STARTCHAR 1EF3
ENCODING 7923
SWIDTH 600 0
DWIDTH 18 0
BBX 16 27 1 -6
BITMAP
1F00
0F80
03C0
01E0
0000
F00F
F00F
781F
781E
781E
3C3C
3C3C
1E3C
1E78
1E78
0F70
0FF0
07F0
07E0
03E0
03C0
03C0
07C0
0780
7F80
7F00
7E00
ENDCHAR
STARTCHAR 1EF4
ENCODING 7924
SWIDTH 600 0
DWIDTH 18 0
BBX 18 25 0 -5
BITMAP
F807C0
780780
7C0F80
3C0F00
1E1E00
1E1E00
0F3C00
0F3C00
07F800
07F800
03F000
01E000
01E000
01E000
01E000
01E000
01E000
01E000
01E000
01E000
000000
000000
01E000
01E000
01E000
ENDCHAR
STARTCHAR 1EF5
ENCODING 7925
SWIDTH 600 0
DWIDTH 18 0
BBX 16 22 1 -6
BITMAP
F00F
F00F
781F
781E
781E
3C3C
3C3C
1E3C
1E78
1E78
0F70
0FF0
07F0
07E0
03E0
03C0
03C0
07C0
079E
7F9E
7F1E
7E00
ENDCHAR
STARTCHAR 1EF6
ENCODING 7926
SWIDTH 600 0
DWIDTH 18 0
BBX 18 26 0 0
BITMAP
03E000
03F000
003000
01F000
01C000
000000
F807C0
780780
7C0F80
3C0F00
1E1E00
1E1E00
0F3C00
0F3C00
07F800
07F800
03F000
01E000
01E000
01E000
01E000
01E000
01E000
01E000
01E000
01E000
ENDCHAR
STARTCHAR 1EF7
ENCODING 7927
SWIDTH 600 0
DWIDTH 18 0
BBX 16 28 1 -6
BITMAP
07C0
07E0
0060
01E0
0100
0000
F00F
F00F
781F
781E
781E
3C3C
3C3C
1E3C
1E78
1E78
0F70
0FF0
07F0
07E0
03E0
03C0
03C0
07C0
0780
7F80
7F00
7E00
ENDCHAR
STARTCHAR 1EF8
ENCODING 7928
SWIDTH 600 0
DWIDTH 18 0
BBX 18 25 0 0
BITMAP
078600
0FFC00
1FFC00
187800
000000
F807C0
780780
7C0F80
3C0F00
1E1E00
1E1E00
0F3C00
0F3C00
07F800
07F800
03F000
01E000
01E000
01E000
01E000
01E000
01E000
01E000
01E000
01E000
ENDCHAR
STARTCHAR 1EF9
ENCODING 7929
SWIDTH 600 0
DWIDTH 18 0
BBX 16 27 1 -6
BITMAP
0F0C
1FF8
3FF8
30F0
0000
F00F
F00F
781F
781E
781E
3C3C
3C3C
1E3C
1E78
1E78
0F70
0FF0
07F0
07E0
03E0
03C0
03C0
07C0
0780
7F80
7F00
7E00
ENDCHAR
STARTCHAR 1F00
ENCODING 7936
SWIDTH 600 0
DWIDTH 18 0
BBX 17 24 1 0
BITMAP
03C000
03C000
03C000
00C000
018000
018000
000000
000000
0F8780
3FC700
7FEF00
787F00
F87E00
F83E00
F03E00
F03E00
F03E00
F03E00
F83E00
F87E00
786E00
7FEF00
3FCF00
1F8F00
ENDCHAR
STARTCHAR 1F01
ENCODING 7937
SWIDTH 600 0
DWIDTH 18 0
BBX 17 24 1 0
BITMAP
038000
038000
038000
030000
030000
018000
000000
000000
0F8780
3FC700
7FEF00
787F00
F87E00
F83E00
F03E00
F03E00
F03E00
F03E00
F83E00
F87E00
786E00
7FEF00
3FCF00
1F8F00
ENDCHAR
STARTCHAR 1F02
ENCODING 7938
SWIDTH 600 0
DWIDTH 18 0
BBX 17 24 1 0
BITMAP
1CE000
1CF000
1C7000
0C3000
0C3000
180000
000000
000000
0F8780
3FC700
7FEF00
787F00
F87E00
F83E00
F03E00
F03E00
F03E00
F03E00
F83E00
F87E00
786E00
7FEF00
3FCF00
1F8F00
ENDCHAR
STARTCHAR 1F03
ENCODING 7939
SWIDTH 600 0
DWIDTH 18 0
BBX 17 24 1 0
BITMAP
1CE000
1CF000
1C7000
183000
183000
0C0000
000000
000000
0F8780
3FC700
7FEF00
787F00
F87E00
F83E00
F03E00
F03E00
F03E00
F03E00
F83E00
F87E00
786E00
7FEF00
3FCF00
1F8F00
ENDCHAR
STARTCHAR 1F04
ENCODING 7940
SWIDTH 600 0
DWIDTH 18 0
BBX 17 24 1 0
BITMAP
0E7800
0E7800
0E7000
066000
06C000
0C0000
000000
000000
0F8780
3FC700
7FEF00
787F00
F87E00
F83E00
F03E00
F03E00
F03E00
F03E00
F83E00
F87E00
786E00
7FEF00
3FCF00
1F8F00
ENDCHAR
STARTCHAR 1F05
ENCODING 7941
SWIDTH 600 0
DWIDTH 18 0
BBX 17 24 1 0
BITMAP
0E7800
0E7800
0E7000
0C6000
0CC000
060000
000000
000000
0F8780
3FC700
7FEF00
787F00
F87E00
F83E00
F03E00
F03E00
F03E00
F03E00
F83E00
F87E00
786E00
7FEF00
3FCF00
1F8F00
ENDCHAR
STARTCHAR 1F06
ENCODING 7942
SWIDTH 600 0
DWIDTH 18 0
BBX 17 29 1 0
BITMAP
0E1800
1F9800
1BF000
10F000
000000
038000
038000
038000
008000
018000
018000
000000
000000
0F8780
3FC700
7FEF00
787F00
F87E00
F83E00
F03E00
F03E00
F03E00
F03E00
F83E00
F87E00
786E00
7FEF00
3FCF00
1F8F00
ENDCHAR
STARTCHAR 1F07
ENCODING 7943
SWIDTH 600 0
DWIDTH 18 0
BBX 17 29 1 0
BITMAP
0E1800
1F9800
1BF000
10F000
000000
038000
038000
038000
030000
010000
018000
000000
000000
0F8780
3FC700
7FEF00
787F00
F87E00
F83E00
F03E00
F03E00
F03E00
F03E00
F83E00
F87E00
786E00
7FEF00
3FCF00
1F8F00
ENDCHAR
STARTCHAR 1F08
ENCODING 7944
SWIDTH 600 0
DWIDTH 18 0
BBX 18 22 0 0
BITMAP
700000
700000
73F000
33F000
33F000
67F800
07F800
073800
0F3C00
0F3C00
0F3C00
1E1E00
1E1E00
1E1E00
3FFF00
3FFF00
3FFF00
7C0F80
780780
780780
F807C0
F003C0
ENDCHAR
STARTCHAR 1F09
ENCODING 7945
SWIDTH 600 0
DWIDTH 18 0
BBX 18 22 0 0
BITMAP
700000
700000
73F000
63F000
63F000
37F800
07F800
073800
0F3C00
0F3C00
0F3C00
1E1E00
1E1E00
1E1E00
3FFF00
3FFF00
3FFF00
7C0F80
780780
780780
F807C0
F003C0
ENDCHAR
STARTCHAR 1F0A
ENCODING 7946
SWIDTH 600 0
DWIDTH 18 0
BBX 23 22 -5 0
BITMAP
E70000
E78000
E39F80
619F80
619F80
C03FC0
003FC0
0039C0
0079E0
0079E0
0079E0
00F0F0
00F0F0
00F0F0
01FFF8
01FFF8
01FFF8
03E07C
03C03C
03C03C
07C03E
07801E
ENDCHAR
STARTCHAR 1F0B
ENCODING 7947
SWIDTH 600 0
DWIDTH 18 0
BBX 23 22 -5 0
BITMAP
E70000
E78000
E39F80
C19F80
C19F80
603FC0
003FC0
0039C0
0079E0
0079E0
0079E0
00F0F0
00F0F0
00F0F0
01FFF8
01FFF8
01FFF8
03E07C
03C03C
03C03C
07C03E
07801E
ENDCHAR
STARTCHAR 1F0C
ENCODING 7948
SWIDTH 600 0
DWIDTH 18 0
BBX 23 22 -5 0
BITMAP
F3C000
F38000
F71F80
261F80
661F80
603FC0
003FC0
0039C0
0079E0
0079E0
0079E0
00F0F0
00F0F0
00F0F0
01FFF8
01FFF8
01FFF8
03E07C
03C03C
03C03C
07C03E
07801E
ENDCHAR
STARTCHAR 1F0D
ENCODING 7949
SWIDTH 600 0
DWIDTH 18 0
BBX 23 22 -5 0
BITMAP
F3C000
F38000
F71F80
C61F80
461F80
603FC0
003FC0
0039C0
0079E0
0079E0
0079E0
00F0F0
00F0F0
00F0F0
01FFF8
01FFF8
01FFF8
03E07C
03C03C
03C03C
07C03E
07801E
ENDCHAR
STARTCHAR 1F0E
ENCODING 7950
SWIDTH 600 0
DWIDTH 18 0
BBX 22 27 -4 0
BITMAP
78C000
7CC000
EFC000
C78000
000000
0E0000
0E0000
0E3F00
063F00
063F00
0C7F80
007F80
007380
00F3C0
00F3C0
00F3C0
01E1E0
01E1E0
01E1E0
03FFF0
03FFF0
03FFF0
07C0F8
078078
078078
0F807C
0F003C
ENDCHAR
STARTCHAR 1F0F
ENCODING 7951
SWIDTH 600 0
DWIDTH 18 0
BBX 22 27 -4 0
BITMAP
78C000
7CC000
EFC000
C78000
000000
0E0000
0E0000
0E3F00
0C3F00
0C3F00
067F80
007F80
007380
00F3C0
00F3C0
00F3C0
01E1E0
01E1E0
01E1E0
03FFF0
03FFF0
03FFF0
07C0F8
078078
078078
0F807C
0F003C
ENDCHAR
STARTCHAR 1F10
ENCODING 7952
SWIDTH 600 0
DWIDTH 18 0
BBX 14 24 2 0
BITMAP
0780
0780
0780
0180
0300
0300
0000
0000
0FE0
3FF8
7FFC
F818
F000
7C00
3FC0
0FC0
7FC0
F800
F000
F008
F83C
7FFC
7FF8
0FC0
ENDCHAR
STARTCHAR 1F11
ENCODING 7953
SWIDTH 600 0
DWIDTH 18 0
BBX 14 24 2 0
BITMAP
0780
0780
0780
0600
0300
0300
0000
0000
0FE0
3FF8
7FFC
F818
F000
7C00
3FC0
0FC0
7FC0
F800
F000
F008
F83C
7FFC
7FF8
0FC0
ENDCHAR
STARTCHAR 1F12
ENCODING 7954
SWIDTH 600 0
DWIDTH 18 0
BBX 14 24 2 0
BITMAP
3DE0
3CE0
3CE0
0C60
1830
1800
0000
0000
0FE0
3FF8
7FFC
F818
F000
7C00
3FC0
0FC0
7FC0
F800
F000
F008
F83C
7FFC
7FF8
0FC0
ENDCHAR
STARTCHAR 1F13
ENCODING 7955
SWIDTH 600 0
DWIDTH 18 0
BBX 14 24 2 0
BITMAP
3DE0
3CE0
3CE0
3060
1830
1800
0000
0000
0FE0
3FF8
7FFC
F818
F000
7C00
3FC0
0FC0
7FC0
F800
F000
F008
F83C
7FFC
7FF8
0FC0
ENDCHAR
STARTCHAR 1F14
ENCODING 7956
SWIDTH 600 0
DWIDTH 18 0
BBX 14 24 2 0
BITMAP
1CF0
1CE0
1CE0
0CC0
0D80
1800
0000
0000
0FE0
3FF8
7FFC
F818
F000
7C00
3FC0
0FC0
7FC0
F800
F000
F008
F83C
7FFC
7FF8
0FC0
ENDCHAR
STARTCHAR 1F15
ENCODING 7957
SWIDTH 600 0
DWIDTH 18 0
BBX 14 24 2 0
BITMAP
1CF0
1CE0
1CE0
11C0
1980
0C00
0000
0000
0FE0
3FF8
7FFC
F818
F000
7C00
3FC0
0FC0
7FC0
F800
F000
F008
F83C
7FFC
7FF8
0FC0
ENDCHAR
STARTCHAR 1F18
ENCODING 7960
SWIDTH 600 0
DWIDTH 18 0
BBX 20 22 -3 0
BITMAP
E00000
E00000
E7FFE0
67FFE0
67FFE0
C78000
078000
078000
078000
078000
07FFC0
07FFC0
07FFC0
078000
078000
078000
078000
078000
078000
07FFF0
07FFF0
07FFF0
ENDCHAR
STARTCHAR 1F19
ENCODING 7961
SWIDTH 600 0
DWIDTH 18 0
BBX 20 22 -3 0
BITMAP
E00000
E00000
E7FFE0
C7FFE0
C7FFE0
678000
078000
078000
078000
078000
07FFC0
07FFC0
07FFC0
078000
078000
078000
078000
078000
078000
07FFF0
07FFF0
07FFF0
ENDCHAR
STARTCHAR 1F1A
ENCODING 7962
SWIDTH 600 0
DWIDTH 18 0
BBX 26 22 -9 0
BITMAP
F7800000
F3800000
F39FFF80
219FFF80
60DFFF80
601E0000
001E0000
001E0000
001E0000
001E0000
001FFF00
001FFF00
001FFF00
001E0000
001E0000
001E0000
001E0000
001E0000
001E0000
001FFFC0
001FFFC0
001FFFC0
ENDCHAR
STARTCHAR 1F1B
ENCODING 7963
SWIDTH 600 0
DWIDTH 18 0
BBX 26 22 -9 0
BITMAP
F7800000
F3800000
F39FFF80
C19FFF80
40DFFF80
601E0000
001E0000
001E0000
001E0000
001E0000
001FFF00
001FFF00
001FFF00
001E0000
001E0000
001E0000
001E0000
001E0000
001E0000
001FFFC0
001FFFC0
001FFFC0
ENDCHAR
STARTCHAR 1F1C
ENCODING 7964
SWIDTH 600 0
DWIDTH 18 0
BBX 26 22 -9 0
BITMAP
F3C00000
F3800000
F71FFF80
271FFF80
661FFF80
601E0000
001E0000
001E0000
001E0000
001E0000
001FFF00
001FFF00
001FFF00
001E0000
001E0000
001E0000
001E0000
001E0000
001E0000
001FFFC0
001FFFC0
001FFFC0
ENDCHAR
STARTCHAR 1F1D
ENCODING 7965
SWIDTH 600 0
DWIDTH 18 0
BBX 26 22 -9 0
BITMAP
F3C00000
F3800000
F71FFF80
C71FFF80
461FFF80
601E0000
001E0000
001E0000
001E0000
001E0000
001FFF00
001FFF00
001FFF00
001E0000
001E0000
001E0000
001E0000
001E0000
001E0000
001FFFC0
001FFFC0
001FFFC0
ENDCHAR
STARTCHAR 1F20
ENCODING 7968
SWIDTH 600 0
DWIDTH 18 0
BBX 14 30 2 -6
BITMAP
0380
0380
0380
0080
0180
0180
0000
0000
F1F0
F7F8
FFFC
FC7C
F83C
F83C
F03C
F03C
F03C
F03C
F03C
F03C
F03C
F03C
F03C
F03C
003C
003C
003C
003C
003C
003C
ENDCHAR
STARTCHAR 1F21
ENCODING 7969
SWIDTH 600 0
DWIDTH 18 0
BBX 14 30 2 -6
BITMAP
0380
0380
0380
0300
0300
0180
0000
0000
F1F0
F7F8
FFFC
FC7C
F83C
F83C
F03C
F03C
F03C
F03C
F03C
F03C
F03C
F03C
F03C
F03C
003C
003C
003C
003C
003C
003C
ENDCHAR
STARTCHAR 1F22
ENCODING 7970
SWIDTH 600 0
DWIDTH 18 0
BBX 14 30 2 -6
BITMAP
39C0
39E0
38E0
1860
1860
3000
0000
0000
F1F0
F7F8
FFFC
FC7C
F83C
F83C
F03C
F03C
F03C
F03C
F03C
F03C
F03C
F03C
F03C
F03C
003C
003C
003C
003C
003C
003C
ENDCHAR
STARTCHAR 1F23
ENCODING 7971
SWIDTH 600 0
DWIDTH 18 0
BBX 14 30 2 -6
BITMAP
39C0
39E0
38E0
3060
3060
1800
0000
0000
F1F0
F7F8
FFFC
FC7C
F83C
F83C
F03C
F03C
F03C
F03C
F03C
F03C
F03C
F03C
F03C
F03C
003C
003C
003C
003C
003C
003C
ENDCHAR
STARTCHAR 1F24
ENCODING 7972
SWIDTH 600 0
DWIDTH 18 0
BBX 14 30 2 -6
BITMAP
1E78
1EF0
1CE0
04C0
0CC0
0C00
0000
0000
F1F0
F7F8
FFFC
FC7C
F83C
F83C
F03C
F03C
F03C
F03C
F03C
F03C
F03C
F03C
F03C
F03C
003C
003C
003C
003C
003C
003C
ENDCHAR
STARTCHAR 1F25
ENCODING 7973
SWIDTH 600 0
DWIDTH 18 0
BBX 14 30 2 -6
BITMAP
1E78
1EF0
1EE0
18C0
08C0
0C00
0000
0000
F1F0
F7F8
FFFC
FC7C
F83C
F83C
F03C
F03C
F03C
F03C
F03C
F03C
F03C
F03C
F03C
F03C
003C
003C
003C
003C
003C
003C
ENDCHAR
STARTCHAR 1F26
ENCODING 7974
SWIDTH 600 0
DWIDTH 18 0
BBX 14 35 2 -6
BITMAP
0E18
1F30
3BF0
30E0
0000
0380
0380
0380
0180
0180
0300
0000
0000
F1F0
F7F8
FFFC
FC7C
F83C
F83C
F03C
F03C
F03C
F03C
F03C
F03C
F03C
F03C
F03C
F03C
003C
003C
003C
003C
003C
003C
ENDCHAR
STARTCHAR 1F27
ENCODING 7975
SWIDTH 600 0
DWIDTH 18 0
BBX 14 35 2 -6
BITMAP
0E18
1F30
3BF0
30E0
0000
0380
0380
0380
0300
0300
0180
0000
0000
F1F0
F7F8
FFFC
FC7C
F83C
F83C
F03C
F03C
F03C
F03C
F03C
F03C
F03C
F03C
F03C
F03C
003C
003C
003C
003C
003C
003C
ENDCHAR
STARTCHAR 1F28
ENCODING 7976
SWIDTH 600 0
DWIDTH 18 0
BBX 19 22 -3 0
BITMAP
E00000
E00000
E781E0
6781E0
6781E0
C781E0
0781E0
0781E0
0781E0
0781E0
07FFE0
07FFE0
07FFE0
07FFE0
0781E0
0781E0
0781E0
0781E0
0781E0
0781E0
0781E0
0781E0
ENDCHAR
STARTCHAR 1F29
ENCODING 7977
SWIDTH 600 0
DWIDTH 18 0
BBX 19 22 -3 0
BITMAP
E00000
E00000
E781E0
C781E0
C781E0
6781E0
0781E0
0781E0
0781E0
0781E0
07FFE0
07FFE0
07FFE0
07FFE0
0781E0
0781E0
0781E0
0781E0
0781E0
0781E0
0781E0
0781E0
ENDCHAR
STARTCHAR 1F2A
ENCODING 7978
SWIDTH 600 0
DWIDTH 18 0
BBX 25 22 -9 0
BITMAP
F7800000
F3800000
F39E0780
219E0780
60DE0780
601E0780
001E0780
001E0780
001E0780
001E0780
001FFF80
001FFF80
001FFF80
001FFF80
001E0780
001E0780
001E0780
001E0780
001E0780
001E0780
001E0780
001E0780
ENDCHAR
STARTCHAR 1F2B
ENCODING 7979
SWIDTH 600 0
DWIDTH 18 0
BBX 25 22 -9 0
BITMAP
F7800000
F3800000
F39E0780
C19E0780
40DE0780
601E0780
001E0780
001E0780
001E0780
001E0780
001FFF80
001FFF80
001FFF80
001FFF80
001E0780
001E0780
001E0780
001E0780
001E0780
001E0780
001E0780
001E0780
ENDCHAR
STARTCHAR 1F2C
ENCODING 7980
SWIDTH 600 0
DWIDTH 18 0
BBX 25 22 -9 0
BITMAP
F3C00000
F3800000
F71E0780
271E0780
661E0780
601E0780
001E0780
001E0780
001E0780
001E0780
001FFF80
001FFF80
001FFF80
001FFF80
001E0780
001E0780
001E0780
001E0780
001E0780
001E0780
001E0780
001E0780
ENDCHAR
STARTCHAR 1F2D
ENCODING 7981
SWIDTH 600 0
DWIDTH 18 0
BBX 25 22 -9 0
BITMAP
F3C00000
F3800000
F71E0780
C71E0780
461E0780
601E0780
001E0780
001E0780
001E0780
001E0780
001FFF80
001FFF80
001FFF80
001FFF80
001E0780
001E0780
001E0780
001E0780
001E0780
001E0780
001E0780
001E0780
ENDCHAR
STARTCHAR 1F2E
ENCODING 7982
SWIDTH 600 0
DWIDTH 18 0
BBX 23 27 -7 0
BITMAP
78C000
7CC000
EFC000
C78000
000000
0E0000
0E0000
0E781E
06781E
06781E
0C781E
00781E
00781E
00781E
00781E
007FFE
007FFE
007FFE
007FFE
00781E
00781E
00781E
00781E
00781E
00781E
00781E
00781E
ENDCHAR
STARTCHAR 1F2F
ENCODING 7983
SWIDTH 600 0
DWIDTH 18 0
BBX 23 27 -7 0
BITMAP
78C000
7CC000
EFC000
C78000
000000
0E0000
0E0000
0E781E
0C781E
0C781E
06781E
00781E
00781E
00781E
00781E
007FFE
007FFE
007FFE
007FFE
00781E
00781E
00781E
00781E
00781E
00781E
00781E
00781E
ENDCHAR
STARTCHAR 1F30
ENCODING 7984
SWIDTH 600 0
DWIDTH 18 0
BBX 15 24 2 0
BITMAP
0F00
0F00
0F00
0300
0600
0600
0000
0000
FF00
FF00
FF00
0F00
0F00
0F00
0F00
0F00
0F00
0F00
0F00
0F08
0F9C
07FE
07FC
01F0
ENDCHAR
STARTCHAR 1F31
ENCODING 7985
SWIDTH 600 0
DWIDTH 18 0
BBX 15 24 2 0
BITMAP
0F00
0F00
0F00
0C00
0600
0600
0000
0000
FF00
FF00
FF00
0F00
0F00
0F00
0F00
0F00
0F00
0F00
0F00
0F08
0F9C
07FE
07FC
01F0
ENDCHAR
STARTCHAR 1F32
ENCODING 7986
SWIDTH 600 0
DWIDTH 18 0
BBX 15 24 2 0
BITMAP
3BC0
39C0
38E0
18E0
1060
3000
0000
0000
FF00
FF00
FF00
0F00
0F00
0F00
0F00
0F00
0F00
0F00
0F00
0F08
0F9C
07FE
07FC
01F0
ENDCHAR
STARTCHAR 1F33
ENCODING 7987
SWIDTH 600 0
DWIDTH 18 0
BBX 15 24 2 0
BITMAP
7BC0
79C0
79C0
60C0
3060
3000
0000
0000
FF00
FF00
FF00
0F00
0F00
0F00
0F00
0F00
0F00
0F00
0F00
0F08
0F9C
07FE
07FC
01F0
ENDCHAR
STARTCHAR 1F34
ENCODING 7988
SWIDTH 600 0
DWIDTH 18 0
BBX 15 24 2 0
BITMAP
79E0
79C0
7B80
1B80
3300
3000
0000
0000
FF00
FF00
FF00
0F00
0F00
0F00
0F00
0F00
0F00
0F00
0F00
0F08
0F9C
07FE
07FC
01F0
ENDCHAR
STARTCHAR 1F35
ENCODING 7989
SWIDTH 600 0
DWIDTH 18 0
BBX 15 24 2 0
BITMAP
79E0
79C0
7B80
6380
3300
3000
0000
0000
FF00
FF00
FF00
0F00
0F00
0F00
0F00
0F00
0F00
0F00
0F00
0F08
0F9C
07FE
07FC
01F0
ENDCHAR
STARTCHAR 1F36
ENCODING 7990
SWIDTH 600 0
DWIDTH 18 0
BBX 15 29 2 0
BITMAP
3860
7E60
67E0
63C0
0000
0F00
0F00
0F00
0300
0200
0600
0000
0000
FF00
FF00
FF00
0F00
0F00
0F00
0F00
0F00
0F00
0F00
0F00
0F08
0F9C
07FE
07FC
01F0
ENDCHAR
STARTCHAR 1F37
ENCODING 7991
SWIDTH 600 0
DWIDTH 18 0
BBX 15 29 2 0
BITMAP
3860
7E60
67E0
63C0
0000
0F00
0F00
0F00
0400
0600
0600
0000
0000
FF00
FF00
FF00
0F00
0F00
0F00
0F00
0F00
0F00
0F00
0F00
0F08
0F9C
07FE
07FC
01F0
ENDCHAR
STARTCHAR 1F38
ENCODING 7992
SWIDTH 600 0
DWIDTH 18 0
BBX 19 22 -3 0
BITMAP
F00000
F00000
F7FFE0
27FFE0
67FFE0
603C00
003C00
003C00
003C00
003C00
003C00
003C00
003C00
003C00
003C00
003C00
003C00
003C00
003C00
07FFE0
07FFE0
07FFE0
ENDCHAR
STARTCHAR 1F39
ENCODING 7993
SWIDTH 600 0
DWIDTH 18 0
BBX 19 22 -3 0
BITMAP
E00000
E00000
E7FFE0
C7FFE0
C7FFE0
603C00
003C00
003C00
003C00
003C00
003C00
003C00
003C00
003C00
003C00
003C00
003C00
003C00
003C00
07FFE0
07FFE0
07FFE0
ENDCHAR
STARTCHAR 1F3A
ENCODING 7994
SWIDTH 600 0
DWIDTH 18 0
BBX 25 22 -9 0
BITMAP
F7800000
F3800000
F39FFF80
219FFF80
60DFFF80
6000F000
0000F000
0000F000
0000F000
0000F000
0000F000
0000F000
0000F000
0000F000
0000F000
0000F000
0000F000
0000F000
0000F000
001FFF80
001FFF80
001FFF80
ENDCHAR
STARTCHAR 1F3B
ENCODING 7995
SWIDTH 600 0
DWIDTH 18 0
BBX 25 22 -9 0
BITMAP
F7800000
F3800000
F39FFF80
C19FFF80
40DFFF80
6000F000
0000F000
0000F000
0000F000
0000F000
0000F000
0000F000
0000F000
0000F000
0000F000
0000F000
0000F000
0000F000
0000F000
001FFF80
001FFF80
001FFF80
ENDCHAR
STARTCHAR 1F3C
ENCODING 7996
SWIDTH 600 0
DWIDTH 18 0
BBX 25 22 -9 0
BITMAP
F3C00000
F3800000
F71FFF80
271FFF80
661FFF80
6000F000
0000F000
0000F000
0000F000
0000F000
0000F000
0000F000
0000F000
0000F000
0000F000
0000F000
0000F000
0000F000
0000F000
001FFF80
001FFF80
001FFF80
ENDCHAR
STARTCHAR 1F3D
ENCODING 7997
SWIDTH 600 0
DWIDTH 18 0
BBX 25 22 -9 0
BITMAP
F3C00000
F3800000
F71FFF80
C71FFF80
461FFF80
6000F000
0000F000
0000F000
0000F000
0000F000
0000F000
0000F000
0000F000
0000F000
0000F000
0000F000
0000F000
0000F000
0000F000
001FFF80
001FFF80
001FFF80
ENDCHAR
STARTCHAR 1F3E
ENCODING 7998
SWIDTH 600 0
DWIDTH 18 0
BBX 23 27 -7 0
BITMAP
78C000
7CC000
EFC000
C78000
000000
0E0000
0E0000
0E7FFE
067FFE
067FFE
0C03C0
0003C0
0003C0
0003C0
0003C0
0003C0
0003C0
0003C0
0003C0
0003C0
0003C0
0003C0
0003C0
0003C0
007FFE
007FFE
007FFE
ENDCHAR
STARTCHAR 1F3F
ENCODING 7999
SWIDTH 600 0
DWIDTH 18 0
BBX 23 27 -7 0
BITMAP
78C000
7CC000
EFC000
C78000
000000
0E0000
0E0000
0E7FFE
0C7FFE
0C7FFE
0603C0
0003C0
0003C0
0003C0
0003C0
0003C0
0003C0
0003C0
0003C0
0003C0
0003C0
0003C0
0003C0
0003C0
007FFE
007FFE
007FFE
ENDCHAR
STARTCHAR 1F40
ENCODING 8000
SWIDTH 600 0
DWIDTH 18 0
BBX 16 24 1 0
BITMAP
01C0
01C0
01C0
00C0
00C0
0180
0000
0000
07E0
1FF8
3FFC
7C3E
781E
781E
F81F
F81F
F81F
F81F
781E
781E
7C3E
3FFC
1FF8
07E0
ENDCHAR
STARTCHAR 1F41
ENCODING 8001
SWIDTH 600 0
DWIDTH 18 0
BBX 16 24 1 0
BITMAP
03C0
03C0
03C0
0100
0180
0180
0000
0000
07E0
1FF8
3FFC
7C3E
781E
781E
F81F
F81F
F81F
F81F
781E
781E
7C3E
3FFC
1FF8
07E0
ENDCHAR
STARTCHAR 1F42
ENCODING 8002
SWIDTH 600 0
DWIDTH 18 0
BBX 16 24 1 0
BITMAP
1CF0
1CF0
1C70
0C30
0C10
1800
0000
0000
07E0
1FF8
3FFC
7C3E
781E
781E
F81F
F81F
F81F
F81F
781E
781E
7C3E
3FFC
1FF8
07E0
ENDCHAR
STARTCHAR 1F43
ENCODING 8003
SWIDTH 600 0
DWIDTH 18 0
BBX 16 24 1 0
BITMAP
1CF0
1CF0
1C70
1830
1810
0C00
0000
0000
07E0
1FF8
3FFC
7C3E
781E
781E
F81F
F81F
F81F
F81F
781E
781E
7C3E
3FFC
1FF8
07E0
ENDCHAR
STARTCHAR 1F44
ENCODING 8004
SWIDTH 600 0
DWIDTH 18 0
BBX 16 24 1 0
BITMAP
1E78
1E70
1E70
06E0
04C0
0C00
0000
0000
07E0
1FF8
3FFC
7C3E
781E
781E
F81F
F81F
F81F
F81F
781E
781E
7C3E
3FFC
1FF8
07E0
ENDCHAR
STARTCHAR 1F45
ENCODING 8005
SWIDTH 600 0
DWIDTH 18 0
BBX 16 24 1 0
BITMAP
1E78
1E70
1E70
08E0
0CC0
0C00
0000
0000
07E0
1FF8
3FFC
7C3E
781E
781E
F81F
F81F
F81F
F81F
781E
781E
7C3E
3FFC
1FF8
07E0
ENDCHAR
STARTCHAR 1F48
ENCODING 8008
SWIDTH 600 0
DWIDTH 18 0
BBX 19 22 -2 0
BITMAP
F00000
F00000
F0FC00
33FF00
67FF80
6FFFC0
0F87C0
0F03C0
1F03E0
1F03E0
1E01E0
1E01E0
1E01E0
1E03E0
1F03E0
1F03E0
0F03C0
0F87C0
0FFFC0
07FF80
03FF00
00FC00
ENDCHAR
STARTCHAR 1F49
ENCODING 8009
SWIDTH 600 0
DWIDTH 18 0
BBX 19 22 -2 0
BITMAP
E00000
E00000
E0FC00
C3FF00
47FF80
6FFFC0
0F87C0
0F03C0
1F03E0
1F03E0
1E01E0
1E01E0
1E01E0
1E03E0
1F03E0
1F03E0
0F03C0
0F87C0
0FFFC0
07FF80
03FF00
00FC00
ENDCHAR
STARTCHAR 1F4A
ENCODING 8010
SWIDTH 600 0
DWIDTH 18 0
BBX 25 22 -8 0
BITMAP
E7800000
E7800000
E383F000
218FFC00
60DFFE00
603FFF00
003E1F00
003C0F00
007C0F80
007C0F80
00780780
00780780
00780780
00780F80
007C0F80
007C0F80
003C0F00
003E1F00
003FFF00
001FFE00
000FFC00
0003F000
ENDCHAR
STARTCHAR 1F4B
ENCODING 8011
SWIDTH 600 0
DWIDTH 18 0
BBX 25 22 -8 0
BITMAP
E7800000
E7800000
E383F000
C18FFC00
40DFFE00
603FFF00
003E1F00
003C0F00
007C0F80
007C0F80
00780780
00780780
00780780
00780F80
007C0F80
007C0F80
003C0F00
003E1F00
003FFF00
001FFE00
000FFC00
0003F000
ENDCHAR
STARTCHAR 1F4C
ENCODING 8012
SWIDTH 600 0
DWIDTH 18 0
BBX 23 22 -6 0
BITMAP
F3C000
F78000
F70FC0
263FF0
667FF8
60FFFC
00F87C
00F03C
01F03E
01F03E
01E01E
01E01E
01E01E
01E03E
01F03E
01F03E
00F03C
00F87C
00FFFC
007FF8
003FF0
000FC0
ENDCHAR
STARTCHAR 1F4D
ENCODING 8013
SWIDTH 600 0
DWIDTH 18 0
BBX 23 22 -6 0
BITMAP
F3C000
F78000
F70FC0
C63FF0
467FF8
60FFFC
00F87C
00F03C
01F03E
01F03E
01E01E
01E01E
01E01E
01E03E
01F03E
01F03E
00F03C
00F87C
00FFFC
007FF8
003FF0
000FC0
ENDCHAR
STARTCHAR 1F50
ENCODING 8016
SWIDTH 600 0
DWIDTH 18 0
BBX 14 24 2 0
BITMAP
0780
0780
0700
0100
0300
0300
0000
0000
F078
F078
F03C
F03C
F03C
F03C
F03C
F03C
F03C
F03C
F03C
F83C
7878
7FF8
3FF0
0FC0
ENDCHAR
STARTCHAR 1F51
ENCODING 8017
SWIDTH 600 0
DWIDTH 18 0
BBX 14 24 2 0
BITMAP
0700
0700
0700
0600
0600
0300
0000
0000
F078
F078
F03C
F03C
F03C
F03C
F03C
F03C
F03C
F03C
F03C
F83C
7878
7FF8
3FF0
0FC0
ENDCHAR
STARTCHAR 1F52
ENCODING 8018
SWIDTH 600 0
DWIDTH 18 0
BBX 14 24 2 0
BITMAP
7BC0
79C0
79C0
18E0
3060
3000
0000
0000
F078
F078
F03C
F03C
F03C
F03C
F03C
F03C
F03C
F03C
F03C
F83C
7878
7FF8
3FF0
0FC0
ENDCHAR
STARTCHAR 1F53
ENCODING 8019
SWIDTH 600 0
DWIDTH 18 0
BBX 14 24 2 0
BITMAP
7BC0
79C0
79C0
20E0
3060
3000
0000
0000
F078
F078
F03C
F03C
F03C
F03C
F03C
F03C
F03C
F03C
F03C
F83C
7878
7FF8
3FF0
0FC0
ENDCHAR
STARTCHAR 1F54
ENCODING 8020
SWIDTH 600 0
DWIDTH 18 0
BBX 14 24 2 0
BITMAP
1CF0
1CF0
1CE0
0CC0
0D80
1800
0000
0000
F078
F078
F03C
F03C
F03C
F03C
F03C
F03C
F03C
F03C
F03C
F83C
7878
7FF8
3FF0
0FC0
ENDCHAR
STARTCHAR 1F55
ENCODING 8021
SWIDTH 600 0
DWIDTH 18 0
BBX 14 24 2 0
BITMAP
1CF0
1CF0
1CE0
18C0
1980
0C00
0000
0000
F078
F078
F03C
F03C
F03C
F03C
F03C
F03C
F03C
F03C
F03C
F83C
7878
7FF8
3FF0
0FC0
ENDCHAR
STARTCHAR 1F56
ENCODING 8022
SWIDTH 600 0
DWIDTH 18 0
BBX 14 29 2 0
BITMAP
1C30
3E60
37E0
61E0
0000
0700
0700
0700
0300
0300
0600
0000
0000
F078
F078
F03C
F03C
F03C
F03C
F03C
F03C
F03C
F03C
F03C
F83C
7878
7FF8
3FF0
0FC0
ENDCHAR
STARTCHAR 1F57
ENCODING 8023
SWIDTH 600 0
DWIDTH 18 0
BBX 14 29 2 0
BITMAP
1C30
3E60
37E0
61E0
0000
0700
0700
0700
0600
0600
0300
0000
0000
F078
F078
F03C
F03C
F03C
F03C
F03C
F03C
F03C
F03C
F03C
F83C
7878
7FF8
3FF0
0FC0
ENDCHAR
STARTCHAR 1F59
ENCODING 8025
SWIDTH 600 0
DWIDTH 18 0
BBX 22 22 -4 0
BITMAP
E00000
E00000
EF807C
C78078
C7C0F8
63C0F0
01E1E0
01E1E0
00F3C0
00F3C0
007F80
007F80
003F00
001E00
001E00
001E00
001E00
001E00
001E00
001E00
001E00
001E00
ENDCHAR
STARTCHAR 1F5B
ENCODING 8027
SWIDTH 600 0
DWIDTH 18 0
BBX 29 22 -11 0
BITMAP
F7800000
F3800000
F39F00F8
C1CF00F0
60CF81F0
600781E0
0003C3C0
0003C3C0
0001E780
0001E780
0000FF00
0000FF00
00007E00
00003C00
00003C00
00003C00
00003C00
00003C00
00003C00
00003C00
00003C00
00003C00
ENDCHAR
STARTCHAR 1F5D
ENCODING 8029
SWIDTH 600 0
DWIDTH 18 0
BBX 28 22 -10 0
BITMAP
E7800000
E7000000
E73E01F0
8E1E01E0
CC1F03E0
600F03C0
00078780
00078780
0003CF00
0003CF00
0001FE00
0001FE00
0000FC00
00007800
00007800
00007800
00007800
00007800
00007800
00007800
00007800
00007800
ENDCHAR
STARTCHAR 1F5F
ENCODING 8031
SWIDTH 600 0
DWIDTH 18 0
BBX 27 27 -9 0
BITMAP
78C00000
7CC00000
EFC00000
C7800000
00000000
0E000000
0E000000
0E7C03E0
0C3C03C0
0C3E07C0
061E0780
000F0F00
000F0F00
00079E00
00079E00
0003FC00
0003FC00
0001F800
0000F000
0000F000
0000F000
0000F000
0000F000
0000F000
0000F000
0000F000
0000F000
ENDCHAR
STARTCHAR 1F60
ENCODING 8032
SWIDTH 600 0
DWIDTH 18 0
BBX 16 24 1 0
BITMAP
03C0
03C0
03C0
00C0
0180
0180
0000
0000
1818
381C
781E
700E
F00F
E3C7
E3C7
E3C7
E3C7
E3C7
E3C7
E3C7
F3CF
7FFE
7E7E
3C3C
ENDCHAR
STARTCHAR 1F61
ENCODING 8033
SWIDTH 600 0
DWIDTH 18 0
BBX 16 24 1 0
BITMAP
03C0
03C0
03C0
0300
0180
0180
0000
0000
1818
381C
781E
700E
F00F
E3C7
E3C7
E3C7
E3C7
E3C7
E3C7
E3C7
F3CF
7FFE
7E7E
3C3C
ENDCHAR
STARTCHAR 1F62
ENCODING 8034
SWIDTH 600 0
DWIDTH 18 0
BBX 16 24 1 0
BITMAP
1EF0
1E70
1E70
0630
0C18
0C00
0000
0000
1818
381C
781E
700E
F00F
E3C7
E3C7
E3C7
E3C7
E3C7
E3C7
E3C7
F3CF
7FFE
7E7E
3C3C
ENDCHAR
STARTCHAR 1F63
ENCODING 8035
SWIDTH 600 0
DWIDTH 18 0
BBX 16 24 1 0
BITMAP
1EF0
1E70
1E70
1830
0C18
0C00
0000
0000
1818
381C
781E
700E
F00F
E3C7
E3C7
E3C7
E3C7
E3C7
E3C7
E3C7
F3CF
7FFE
7E7E
3C3C
ENDCHAR
STARTCHAR 1F64
ENCODING 8036
SWIDTH 600 0
DWIDTH 18 0
BBX 16 24 1 0
BITMAP
1E78
1E70
1EE0
06E0
0CC0
0C00
0000
0000
1818
381C
781E
700E
F00F
E3C7
E3C7
E3C7
E3C7
E3C7
E3C7
E3C7
F3CF
7FFE
7E7E
3C3C
ENDCHAR
STARTCHAR 1F65
ENCODING 8037
SWIDTH 600 0
DWIDTH 18 0
BBX 16 24 1 0
BITMAP
1E78
1E70
1EE0
18E0
0CC0
0C00
0000
0000
1818
381C
781E
700E
F00F
E3C7
E3C7
E3C7
E3C7
E3C7
E3C7
E3C7
F3CF
7FFE
7E7E
3C3C
ENDCHAR
STARTCHAR 1F66
ENCODING 8038
SWIDTH 600 0
DWIDTH 18 0
BBX 16 29 1 0
BITMAP
0E18
1F98
19F8
18F0
0000
03C0
03C0
03C0
00C0
0080
0180
0000
0000
1818
381C
781E
700E
F00F
E3C7
E3C7
E3C7
E3C7
E3C7
E3C7
E3C7
F3CF
7FFE
7E7E
3C3C
ENDCHAR
STARTCHAR 1F67
ENCODING 8039
SWIDTH 600 0
DWIDTH 18 0
BBX 16 29 1 0
BITMAP
0E18
1F98
19F8
18F0
0000
03C0
03C0
03C0
0100
0180
0180
0000
0000
1818
381C
781E
700E
F00F
E3C7
E3C7
E3C7
E3C7
E3C7
E3C7
E3C7
F3CF
7FFE
7E7E
3C3C
ENDCHAR
STARTCHAR 1F68
ENCODING 8040
SWIDTH 600 0
DWIDTH 18 0
BBX 19 22 -2 0
BITMAP
E00000
E00000
E0FC00
23FF00
67FF80
6FCFC0
0F07C0
1F03E0
1F03E0
1E01E0
1E01E0
1E01E0
1E01E0
1E01E0
0F03C0
0F03C0
078780
03CF00
01CE00
1FCFE0
1FCFE0
1FCFE0
ENDCHAR
STARTCHAR 1F69
ENCODING 8041
SWIDTH 600 0
DWIDTH 18 0
BBX 19 22 -2 0
BITMAP
E00000
E00000
E0FC00
C3FF00
47FF80
6FCFC0
0F07C0
1F03E0
1F03E0
1E01E0
1E01E0
1E01E0
1E01E0
1E01E0
0F03C0
0F03C0
078780
03CF00
01CE00
1FCFE0
1FCFE0
1FCFE0
ENDCHAR
STARTCHAR 1F6A
ENCODING 8042
SWIDTH 600 0
DWIDTH 18 0
BBX 25 22 -8 0
BITMAP
E7800000
E7800000
E383F000
218FFC00
60DFFE00
603F3F00
003C1F00
007C0F80
007C0F80
00780780
00780780
00780780
00780780
00780780
003C0F00
003C0F00
001E1E00
000F3C00
00073800
007F3F80
007F3F80
007F3F80
ENDCHAR
STARTCHAR 1F6B
ENCODING 8043
SWIDTH 600 0
DWIDTH 18 0
BBX 25 22 -8 0
BITMAP
E7800000
E7800000
E383F000
C18FFC00
40DFFE00
603F3F00
003C1F00
007C0F80
007C0F80
00780780
00780780
00780780
00780780
00780780
003C0F00
003C0F00
001E1E00
000F3C00
00073800
007F3F80
007F3F80
007F3F80
ENDCHAR
STARTCHAR 1F6C
ENCODING 8044
SWIDTH 600 0
DWIDTH 18 0
BBX 23 22 -6 0
BITMAP
F3C000
F78000
F70FC0
263FF0
667FF8
60FCFC
00F07C
01F03E
01F03E
01E01E
01E01E
01E01E
01E01E
01E01E
00F03C
00F03C
007878
003CF0
001CE0
01FCFE
01FCFE
01FCFE
ENDCHAR
STARTCHAR 1F6D
ENCODING 8045
SWIDTH 600 0
DWIDTH 18 0
BBX 23 22 -6 0
BITMAP
F3C000
F78000
F70FC0
C63FF0
467FF8
60FCFC
00F07C
01F03E
01F03E
01E01E
01E01E
01E01E
01E01E
01E01E
00F03C
00F03C
007878
003CF0
001CE0
01FCFE
01FCFE
01FCFE
ENDCHAR
STARTCHAR 1F6E
ENCODING 8046
SWIDTH 600 0
DWIDTH 18 0
BBX 23 27 -6 0
BITMAP
78C000
7CC000
EFC000
C78000
000000
0E0000
0E0000
0E0FC0
063FF0
067FF8
0CFCFC
00F07C
01F03E
01F03E
01E01E
01E01E
01E01E
01E01E
01E01E
00F03C
00F03C
007878
003CF0
001CE0
01FCFE
01FCFE
01FCFE
ENDCHAR
STARTCHAR 1F6F
ENCODING 8047
SWIDTH 600 0
DWIDTH 18 0
BBX 23 27 -6 0
BITMAP
78C000
7CC000
EFC000
C78000
000000
0E0000
0E0000
0E0FC0
083FF0
0C7FF8
06FCFC
00F07C
01F03E
01F03E
01E01E
01E01E
01E01E
01E01E
01E01E
00F03C
00F03C
007878
003CF0
001CE0
01FCFE
01FCFE
01FCFE
ENDCHAR
STARTCHAR 1F70
ENCODING 8048
SWIDTH 600 0
DWIDTH 18 0
BBX 17 23 1 0
BITMAP
1E0000
0E0000
070000
070000
030000
000000
000000
0F8780
3FC700
7FEF00
787F00
F87E00
F83E00
F03E00
F03E00
F03E00
F03E00
F83E00
F87E00
786E00
7FEF00
3FCF00
1F8F00
ENDCHAR
STARTCHAR 1F71
ENCODING 8049
SWIDTH 600 0
DWIDTH 18 0
BBX 17 23 1 0
BITMAP
03C000
03C000
038000
030000
030000
000000
000000
0F8780
3FC700
7FEF00
787F00
F87E00
F83E00
F03E00
F03E00
F03E00
F03E00
F83E00
F87E00
786E00
7FEF00
3FCF00
1F8F00
ENDCHAR
STARTCHAR 1F72
ENCODING 8050
SWIDTH 600 0
DWIDTH 18 0
BBX 14 23 2 0
BITMAP
0E00
0F00
0700
0300
0300
0000
0000
0FE0
3FF8
7FFC
F818
F000
7C00
3FC0
0FC0
7FC0
F800
F000
F008
F83C
7FFC
7FF8
0FC0
ENDCHAR
STARTCHAR 1F73
ENCODING 8051
SWIDTH 600 0
DWIDTH 18 0
BBX 14 23 2 0
BITMAP
03C0
03C0
0380
0300
0200
0000
0000
0FE0
3FF8
7FFC
F818
F000
7C00
3FC0
0FC0
7FC0
F800
F000
F008
F83C
7FFC
7FF8
0FC0
ENDCHAR
STARTCHAR 1F74
ENCODING 8052
SWIDTH 600 0
DWIDTH 18 0
BBX 14 29 2 -6
BITMAP
0F00
0700
0700
0300
0180
0000
0000
F1F0
F7F8
FFFC
FC7C
F83C
F83C
F03C
F03C
F03C
F03C
F03C
F03C
F03C
F03C
F03C
F03C
003C
003C
003C
003C
003C
003C
ENDCHAR
STARTCHAR 1F75
ENCODING 8053
SWIDTH 600 0
DWIDTH 18 0
BBX 14 29 2 -6
BITMAP
01E0
01C0
0180
0380
0300
0000
0000
F1F0
F7F8
FFFC
FC7C
F83C
F83C
F03C
F03C
F03C
F03C
F03C
F03C
F03C
F03C
F03C
F03C
003C
003C
003C
003C
003C
003C
ENDCHAR
STARTCHAR 1F76
ENCODING 8054
SWIDTH 600 0
DWIDTH 18 0
BBX 15 23 2 0
BITMAP
1E00
0E00
0E00
0600
0300
0000
0000
FF00
FF00
FF00
0F00
0F00
0F00
0F00
0F00
0F00
0F00
0F00
0F08
0F9C
07FE
07FC
01F0
ENDCHAR
STARTCHAR 1F77
ENCODING 8055
SWIDTH 600 0
DWIDTH 18 0
BBX 15 23 2 0
BITMAP
0780
0780
0700
0600
0600
0000
0000
FF00
FF00
FF00
0F00
0F00
0F00
0F00
0F00
0F00
0F00
0F00
0F08
0F9C
07FE
07FC
01F0
ENDCHAR
STARTCHAR 1F78
ENCODING 8056
SWIDTH 600 0
DWIDTH 18 0
BBX 16 23 1 0
BITMAP
0780
0380
0380
0180
00C0
0000
0000
07E0
1FF8
3FFC
7C3E
781E
781E
F81F
F81F
F81F
F81F
781E
781E
7C3E
3FFC
1FF8
07E0
ENDCHAR
STARTCHAR 1F79
ENCODING 8057
SWIDTH 600 0
DWIDTH 18 0
BBX 16 23 1 0
BITMAP
01E0
01C0
01C0
0180
0300
0000
0000
07E0
1FF8
3FFC
7C3E
781E
781E
F81F
F81F
F81F
F81F
781E
781E
7C3E
3FFC
1FF8
07E0
ENDCHAR
STARTCHAR 1F7A
ENCODING 8058
SWIDTH 600 0
DWIDTH 18 0
BBX 14 23 2 0
BITMAP
1E00
0E00
0700
0700
0300
0000
0000
F078
F078
F03C
F03C
F03C
F03C
F03C
F03C
F03C
F03C
F03C
F83C
7878
7FF8
3FF0
0FC0
ENDCHAR
STARTCHAR 1F7B
ENCODING 8059
SWIDTH 600 0
DWIDTH 18 0
BBX 14 23 2 0
BITMAP
0380
0780
0700
0600
0600
0000
0000
F078
F078
F03C
F03C
F03C
F03C
F03C
F03C
F03C
F03C
F03C
F83C
7878
7FF8
3FF0
0FC0
ENDCHAR
STARTCHAR 1F7C
ENCODING 8060
SWIDTH 600 0
DWIDTH 18 0
BBX 16 23 1 0
BITMAP
0780
0780
0380
0180
0180
0000
0000
1818
381C
781E
700E
F00F
E3C7
E3C7
E3C7
E3C7
E3C7
E3C7
E3C7
F3CF
7FFE
7E7E
3C3C
ENDCHAR
STARTCHAR 1F7D
ENCODING 8061
SWIDTH 600 0
DWIDTH 18 0
BBX 16 23 1 0
BITMAP
01E0
01E0
01C0
0180
0180
0000
0000
1818
381C
781E
700E
F00F
E3C7
E3C7
E3C7
E3C7
E3C7
E3C7
E3C7
F3CF
7FFE
7E7E
3C3C
ENDCHAR
STARTCHAR 1F80
ENCODING 8064
SWIDTH 600 0
DWIDTH 18 0
BBX 17 30 1 -6
BITMAP
038000
038000
038000
018000
018000
030000
000000
000000
0F8780
3FC700
7FEF00
787F00
F87E00
F83E00
F03E00
F03E00
F03E00
F03E00
F83E00
F87E00
786E00
7FEF00
3FCF00
1F8F00
000000
000000
030000
030000
038000
038000
ENDCHAR
STARTCHAR 1F81
ENCODING 8065
SWIDTH 600 0
DWIDTH 18 0
BBX 17 30 1 -6
BITMAP
078000
078000
078000
060000
030000
030000
000000
000000
0F8780
3FC700
7FEF00
787F00
F87E00
F83E00
F03E00
F03E00
F03E00
F03E00
F83E00
F87E00
786E00
7FEF00
3FCF00
1F8F00
000000
000000
030000
030000
038000
038000
ENDCHAR
STARTCHAR 1F82
ENCODING 8066
SWIDTH 600 0
DWIDTH 18 0
BBX 17 30 1 -6
BITMAP
3DE000
3CE000
3CE000
0C7000
183000
180000
000000
000000
0F8780
3FC700
7FEF00
787F00
F87E00
F83E00
F03E00
F03E00
F03E00
F03E00
F83E00
F87E00
786E00
7FEF00
3FCF00
1F8F00
000000
000000
030000
030000
038000
038000
ENDCHAR
STARTCHAR 1F83
ENCODING 8067
SWIDTH 600 0
DWIDTH 18 0
BBX 17 30 1 -6
BITMAP
3DE000
3CE000
3CE000
307000
183000
180000
000000
000000
0F8780
3FC700
7FEF00
787F00
F87E00
F83E00
F03E00
F03E00
F03E00
F03E00
F83E00
F87E00
786E00
7FEF00
3FCF00
1F8F00
000000
000000
030000
030000
038000
038000
ENDCHAR
STARTCHAR 1F84
ENCODING 8068
SWIDTH 600 0
DWIDTH 18 0
BBX 17 30 1 -6
BITMAP
1E7800
1E7000
1EE000
06E000
0CC000
0C0000
000000
000000
0F8780
3FC700
7FEF00
787F00
F87E00
F83E00
F03E00
F03E00
F03E00
F03E00
F83E00
F87E00
786E00
7FEF00
3FCF00
1F8F00
000000
000000
030000
030000
038000
038000
ENDCHAR
STARTCHAR 1F85
ENCODING 8069
SWIDTH 600 0
DWIDTH 18 0
BBX 17 30 1 -6
BITMAP
1E7800
1E7000
1EE000
08E000
0CC000
0C0000
000000
000000
0F8780
3FC700
7FEF00
787F00
F87E00
F83E00
F03E00
F03E00
F03E00
F03E00
F83E00
F87E00
786E00
7FEF00
3FCF00
1F8F00
000000
000000
030000
030000
038000
038000
ENDCHAR
STARTCHAR 1F86
ENCODING 8070
SWIDTH 600 0
DWIDTH 18 0
BBX 17 35 1 -6
BITMAP
0E1800
1F3800
1BF000
30F000
000000
038000
038000
038000
018000
018000
030000
000000
000000
0F8780
3FC700
7FEF00
787F00
F87E00
F83E00
F03E00
F03E00
F03E00
F03E00
F83E00
F87E00
786E00
7FEF00
3FCF00
1F8F00
000000
000000
030000
030000
038000
038000
ENDCHAR
STARTCHAR 1F87
ENCODING 8071
SWIDTH 600 0
DWIDTH 18 0
BBX 17 35 1 -6
BITMAP
0E1800
1F3800
1BF000
30F000
000000
038000
038000
038000
030000
030000
018000
000000
000000
0F8780
3FC700
7FEF00
787F00
F87E00
F83E00
F03E00
F03E00
F03E00
F03E00
F83E00
F87E00
786E00
7FEF00
3FCF00
1F8F00
000000
000000
030000
030000
038000
038000
ENDCHAR
STARTCHAR 1F88
ENCODING 8072
SWIDTH 600 0
DWIDTH 18 0
BBX 18 28 0 -6
BITMAP
700000
700000
73F000
33F000
33F000
67F800
07F800
073800
0F3C00
0F3C00
0F3C00
1E1E00
1E1E00
1E1E00
3FFF00
3FFF00
3FFF00
7C0F80
780780
780780
F807C0
F003C0
000000
000000
00C000
00C000
00F000
007000
ENDCHAR
STARTCHAR 1F89
ENCODING 8073
SWIDTH 600 0
DWIDTH 18 0
BBX 18 28 0 -6
BITMAP
700000
700000
73F000
63F000
63F000
37F800
07F800
073800
0F3C00
0F3C00
0F3C00
1E1E00
1E1E00
1E1E00
3FFF00
3FFF00
3FFF00
7C0F80
780780
780780
F807C0
F003C0
000000
000000
00C000
00C000
00F000
007000
ENDCHAR
STARTCHAR 1F8A
ENCODING 8074
SWIDTH 600 0
DWIDTH 18 0
BBX 23 28 -5 -6
BITMAP
E70000
E78000
E39F80
619F80
619F80
C03FC0
003FC0
0039C0
0079E0
0079E0
0079E0
00F0F0
00F0F0
00F0F0
01FFF8
01FFF8
01FFF8
03E07C
03C03C
03C03C
07C03E
07801E
000000
000000
000600
000600
000780
000380
ENDCHAR
STARTCHAR 1F8B
ENCODING 8075
SWIDTH 600 0
DWIDTH 18 0
BBX 23 28 -5 -6
BITMAP
E70000
E78000
E39F80
C19F80
C19F80
603FC0
003FC0
0039C0
0079E0
0079E0
0079E0
00F0F0
00F0F0
00F0F0
01FFF8
01FFF8
01FFF8
03E07C
03C03C
03C03C
07C03E
07801E
000000
000000
000600
000600
000780
000380
ENDCHAR
STARTCHAR 1F8C
ENCODING 8076
SWIDTH 600 0
DWIDTH 18 0
BBX 23 28 -5 -6
BITMAP
F3C000
F38000
F71F80
261F80
661F80
603FC0
003FC0
0039C0
0079E0
0079E0
0079E0
00F0F0
00F0F0
00F0F0
01FFF8
01FFF8
01FFF8
03E07C
03C03C
03C03C
07C03E
07801E
000000
000000
000600
000600
000780
000380
ENDCHAR
STARTCHAR 1F8D
ENCODING 8077
SWIDTH 600 0
DWIDTH 18 0
BBX 23 28 -5 -6
BITMAP
F3C000
F38000
F71F80
C61F80
461F80
603FC0
003FC0
0039C0
0079E0
0079E0
0079E0
00F0F0
00F0F0
00F0F0
01FFF8
01FFF8
01FFF8
03E07C
03C03C
03C03C
07C03E
07801E
000000
000000
000600
000600
000780
000380
ENDCHAR
STARTCHAR 1F8E
ENCODING 8078
SWIDTH 600 0
DWIDTH 18 0
BBX 22 33 -4 -6
BITMAP
78C000
7CC000
EFC000
C78000
000000
0E0000
0E0000
0E3F00
063F00
063F00
0C7F80
007F80
007380
00F3C0
00F3C0
00F3C0
01E1E0
01E1E0
01E1E0
03FFF0
03FFF0
03FFF0
07C0F8
078078
078078
0F807C
0F003C
000000
000000
000C00
000C00
000F00
000700
ENDCHAR
STARTCHAR 1F8F
ENCODING 8079
SWIDTH 600 0
DWIDTH 18 0
BBX 22 33 -4 -6
BITMAP
78C000
7CC000
EFC000
C78000
000000
0E0000
0E0000
0E3F00
0C3F00
0C3F00
067F80
007F80
007380
00F3C0
00F3C0
00F3C0
01E1E0
01E1E0
01E1E0
03FFF0
03FFF0
03FFF0
07C0F8
078078
078078
0F807C
0F003C
000000
000000
000C00
000C00
000F00
000700
ENDCHAR
STARTCHAR 1F90
ENCODING 8080
SWIDTH 600 0
DWIDTH 18 0
BBX 14 30 2 -6
BITMAP
0380
0380
0380
0180
0180
0300
0000
0000
F1F0
F7F8
FFFC
FC7C
F83C
F83C
F03C
F03C
F03C
F03C
F03C
F03C
F03C
F03C
F03C
F03C
003C
003C
603C
603C
703C
703C
ENDCHAR
STARTCHAR 1F91
ENCODING 8081
SWIDTH 600 0
DWIDTH 18 0
BBX 14 30 2 -6
BITMAP
0380
0380
0380
0300
0300
0180
0000
0000
F1F0
F7F8
FFFC
FC7C
F83C
F83C
F03C
F03C
F03C
F03C
F03C
F03C
F03C
F03C
F03C
F03C
003C
003C
603C
603C
703C
703C
ENDCHAR
STARTCHAR 1F92
ENCODING 8082
SWIDTH 600 0
DWIDTH 18 0
BBX 14 30 2 -6
BITMAP
39C0
39E0
38E0
1860
1860
3000
0000
0000
F1F0
F7F8
FFFC
FC7C
F83C
F83C
F03C
F03C
F03C
F03C
F03C
F03C
F03C
F03C
F03C
F03C
003C
003C
603C
603C
703C
703C
ENDCHAR
STARTCHAR 1F93
ENCODING 8083
SWIDTH 600 0
DWIDTH 18 0
BBX 14 30 2 -6
BITMAP
39C0
39E0
38E0
3060
3060
1800
0000
0000
F1F0
F7F8
FFFC
FC7C
F83C
F83C
F03C
F03C
F03C
F03C
F03C
F03C
F03C
F03C
F03C
F03C
003C
003C
603C
603C
703C
703C
ENDCHAR
STARTCHAR 1F94
ENCODING 8084
SWIDTH 600 0
DWIDTH 18 0
BBX 14 30 2 -6
BITMAP
1E78
1EF0
1CE0
04C0
0CC0
0C00
0000
0000
F1F0
F7F8
FFFC
FC7C
F83C
F83C
F03C
F03C
F03C
F03C
F03C
F03C
F03C
F03C
F03C
F03C
003C
003C
603C
603C
703C
703C
ENDCHAR
STARTCHAR 1F95
ENCODING 8085
SWIDTH 600 0
DWIDTH 18 0
BBX 14 30 2 -6
BITMAP
1E78
1EF0
1EE0
18C0
08C0
0C00
0000
0000
F1F0
F7F8
FFFC
FC7C
F83C
F83C
F03C
F03C
F03C
F03C
F03C
F03C
F03C
F03C
F03C
F03C
003C
003C
603C
603C
703C
703C
ENDCHAR
STARTCHAR 1F96
ENCODING 8086
SWIDTH 600 0
DWIDTH 18 0
BBX 14 35 2 -6
BITMAP
0E18
1F30
3BF0
30E0
0000
0380
0380
0380
0180
0180
0300
0000
0000
F1F0
F7F8
FFFC
FC7C
F83C
F83C
F03C
F03C
F03C
F03C
F03C
F03C
F03C
F03C
F03C
F03C
003C
003C
603C
603C
703C
703C
ENDCHAR
STARTCHAR 1F97
ENCODING 8087
SWIDTH 600 0
DWIDTH 18 0
BBX 14 35 2 -6
BITMAP
0E18
1F30
3BF0
30E0
0000
0380
0380
0380
0300
0300
0180
0000
0000
F1F0
F7F8
FFFC
FC7C
F83C
F83C
F03C
F03C
F03C
F03C
F03C
F03C
F03C
F03C
F03C
F03C
003C
003C
603C
603C
703C
703C
ENDCHAR
STARTCHAR 1F98
ENCODING 8088
SWIDTH 600 0
DWIDTH 18 0
BBX 19 28 -3 -6
BITMAP
E00000
E00000
E781E0
6781E0
6781E0
C781E0
0781E0
0781E0
0781E0
0781E0
07FFE0
07FFE0
07FFE0
07FFE0
0781E0
0781E0
0781E0
0781E0
0781E0
0781E0
0781E0
0781E0
000000
000000
001800
001800
001E00
000E00
ENDCHAR
STARTCHAR 1F99
ENCODING 8089
SWIDTH 600 0
DWIDTH 18 0
BBX 19 28 -3 -6
BITMAP
E00000
E00000
E781E0
C781E0
C781E0
6781E0
0781E0
0781E0
0781E0
0781E0
07FFE0
07FFE0
07FFE0
07FFE0
0781E0
0781E0
0781E0
0781E0
0781E0
0781E0
0781E0
0781E0
000000
000000
001800
001800
001E00
000E00
ENDCHAR
STARTCHAR 1F9A
ENCODING 8090
SWIDTH 600 0
DWIDTH 18 0
BBX 25 28 -9 -6
BITMAP
F7800000
F3800000
F39E0780
219E0780
60DE0780
601E0780
001E0780
001E0780
001E0780
001E0780
001FFF80
001FFF80
001FFF80
001FFF80
001E0780
001E0780
001E0780
001E0780
001E0780
001E0780
001E0780
001E0780
00000000
00000000
00006000
00006000
00007800
00003800
ENDCHAR
STARTCHAR 1F9B
ENCODING 8091
SWIDTH 600 0
DWIDTH 18 0
BBX 25 28 -9 -6
BITMAP
F7800000
F3800000
F39E0780
C19E0780
40DE0780
601E0780
001E0780
001E0780
001E0780
001E0780
001FFF80
001FFF80
001FFF80
001FFF80
001E0780
001E0780
001E0780
001E0780
001E0780
001E0780
001E0780
001E0780
00000000
00000000
00006000
00006000
00007800
00003800
ENDCHAR
STARTCHAR 1F9C
ENCODING 8092
SWIDTH 600 0
DWIDTH 18 0
BBX 25 28 -9 -6
BITMAP
F3C00000
F3800000
F71E0780
271E0780
661E0780
601E0780
001E0780
001E0780
001E0780
001E0780
001FFF80
001FFF80
001FFF80
001FFF80
001E0780
001E0780
001E0780
001E0780
001E0780
001E0780
001E0780
001E0780
00000000
00000000
00006000
00006000
00007800
00003800
ENDCHAR
STARTCHAR 1F9D
ENCODING 8093
SWIDTH 600 0
DWIDTH 18 0
BBX 25 28 -9 -6
BITMAP
F3C00000
F3800000
F71E0780
C71E0780
461E0780
601E0780
001E0780
001E0780
001E0780
001E0780
001FFF80
001FFF80
001FFF80
001FFF80
001E0780
001E0780
001E0780
001E0780
001E0780
001E0780
001E0780
001E0780
00000000
00000000
00006000
00006000
00007000
00007000
ENDCHAR
STARTCHAR 1F9E
ENCODING 8094
SWIDTH 600 0
DWIDTH 18 0
BBX 23 33 -7 -6
BITMAP
78C000
7CC000
EFC000
C78000
000000
0E0000
0E0000
0E781E
06781E
06781E
0C781E
00781E
00781E
00781E
00781E
007FFE
007FFE
007FFE
007FFE
00781E
00781E
00781E
00781E
00781E
00781E
00781E
00781E
000000
000000
000180
000180
0001E0
0000E0
ENDCHAR
STARTCHAR 1F9F
ENCODING 8095
SWIDTH 600 0
DWIDTH 18 0
BBX 23 33 -7 -6
BITMAP
78C000
7CC000
EFC000
C78000
000000
0E0000
0E0000
0E781E
0C781E
0C781E
06781E
00781E
00781E
00781E
00781E
007FFE
007FFE
007FFE
007FFE
00781E
00781E
00781E
00781E
00781E
00781E
00781E
00781E
000000
000000
000180
000180
0001E0
0000E0
ENDCHAR
STARTCHAR 1FA0
ENCODING 8096
SWIDTH 600 0
DWIDTH 18 0
BBX 16 30 1 -6
BITMAP
03C0
03C0
03C0
00C0
0180
0180
0000
0000
1818
381C
781E
700E
F00F
E3C7
E3C7
E3C7
E3C7
E3C7
E3C7
E3C7
F3CF
7FFE
7E7E
3C3C
0000
0000
0180
0180
01E0
00E0
ENDCHAR
STARTCHAR 1FA1
ENCODING 8097
SWIDTH 600 0
DWIDTH 18 0
BBX 16 30 1 -6
BITMAP
03C0
03C0
03C0
0300
0180
0180
0000
0000
1818
381C
781E
700E
F00F
E3C7
E3C7
E3C7
E3C7
E3C7
E3C7
E3C7
F3CF
7FFE
7E7E
3C3C
0000
0000
0180
0180
01E0
00E0
ENDCHAR
STARTCHAR 1FA2
ENCODING 8098
SWIDTH 600 0
DWIDTH 18 0
BBX 16 30 1 -6
BITMAP
1EF0
1E70
1E70
0630
0C18
0C00
0000
0000
1818
381C
781E
700E
F00F
E3C7
E3C7
E3C7
E3C7
E3C7
E3C7
E3C7
F3CF
7FFE
7E7E
3C3C
0000
0000
0180
0180
01E0
00E0
ENDCHAR
STARTCHAR 1FA3
ENCODING 8099
SWIDTH 600 0
DWIDTH 18 0
BBX 16 30 1 -6
BITMAP
1EF0
1E70
1E70
1830
0C18
0C00
0000
0000
1818
381C
781E
700E
F00F
E3C7
E3C7
E3C7
E3C7
E3C7
E3C7
E3C7
F3CF
7FFE
7E7E
3C3C
0000
0000
0180
0180
01E0
00E0
ENDCHAR
STARTCHAR 1FA4
ENCODING 8100
SWIDTH 600 0
DWIDTH 18 0
BBX 16 30 1 -6
BITMAP
1E78
1E70
1EE0
06E0
0CC0
0C00
0000
0000
1818
381C
781E
700E
F00F
E3C7
E3C7
E3C7
E3C7
E3C7
E3C7
E3C7
F3CF
7FFE
7E7E
3C3C
0000
0000
0180
0180
01E0
00E0
ENDCHAR
STARTCHAR 1FA5
ENCODING 8101
SWIDTH 600 0
DWIDTH 18 0
BBX 16 30 1 -6
BITMAP
1E78
1E70
1EE0
18E0
0CC0
0C00
0000
0000
1818
381C
781E
700E
F00F
E3C7
E3C7
E3C7
E3C7
E3C7
E3C7
E3C7
F3CF
7FFE
7E7E
3C3C
0000
0000
0180
0180
01E0
00E0
ENDCHAR
STARTCHAR 1FA6
ENCODING 8102
SWIDTH 600 0
DWIDTH 18 0
BBX 16 35 1 -6
BITMAP
0E18
1F98
19F8
18F0
0000
03C0
03C0
03C0
00C0
0080
0180
0000
0000
1818
381C
781E
700E
F00F
E3C7
E3C7
E3C7
E3C7
E3C7
E3C7
E3C7
F3CF
7FFE
7E7E
3C3C
0000
0000
0180
0180
01E0
00E0
ENDCHAR
STARTCHAR 1FA7
ENCODING 8103
SWIDTH 600 0
DWIDTH 18 0
BBX 16 35 1 -6
BITMAP
0E18
1F98
19F8
18F0
0000
03C0
03C0
03C0
0100
0180
0180
0000
0000
1818
381C
781E
700E
F00F
E3C7
E3C7
E3C7
E3C7
E3C7
E3C7
E3C7
F3CF
7FFE
7E7E
3C3C
0000
0000
0180
0180
01E0
00E0
ENDCHAR
STARTCHAR 1FA8
ENCODING 8104
SWIDTH 600 0
DWIDTH 18 0
BBX 19 28 -2 -6
BITMAP
E00000
E00000
E0FC00
23FF00
67FF80
6FCFC0
0F07C0
1F03E0
1F03E0
1E01E0
1E01E0
1E01E0
1E01E0
1E01E0
0F03C0
0F03C0
078780
03CF00
01CE00
1FCFE0
1FCFE0
1FCFE0
000000
000000
003000
003000
003C00
001C00
ENDCHAR
STARTCHAR 1FA9
ENCODING 8105
SWIDTH 600 0
DWIDTH 18 0
BBX 19 28 -2 -6
BITMAP
E00000
E00000
E0FC00
C3FF00
47FF80
6FCFC0
0F07C0
1F03E0
1F03E0
1E01E0
1E01E0
1E01E0
1E01E0
1E01E0
0F03C0
0F03C0
078780
03CF00
01CE00
1FCFE0
1FCFE0
1FCFE0
000000
000000
003000
003000
003C00
001C00
ENDCHAR
STARTCHAR 1FAA
ENCODING 8106
SWIDTH 600 0
DWIDTH 18 0
BBX 25 28 -8 -6
BITMAP
E7800000
E7800000
E383F000
218FFC00
60DFFE00
603F3F00
003C1F00
007C0F80
007C0F80
00780780
00780780
00780780
00780780
00780780
003C0F00
003C0F00
001E1E00
000F3C00
00073800
007F3F80
007F3F80
007F3F80
00000000
00000000
0000C000
0000C000
0000F000
00007000
ENDCHAR
STARTCHAR 1FAB
ENCODING 8107
SWIDTH 600 0
DWIDTH 18 0
BBX 25 28 -8 -6
BITMAP
E7800000
E7800000
E383F000
C18FFC00
40DFFE00
603F3F00
003C1F00
007C0F80
007C0F80
00780780
00780780
00780780
00780780
00780780
003C0F00
003C0F00
001E1E00
000F3C00
00073800
007F3F80
007F3F80
007F3F80
00000000
00000000
0000C000
0000C000
0000F000
00007000
ENDCHAR
STARTCHAR 1FAC
ENCODING 8108
SWIDTH 600 0
DWIDTH 18 0
BBX 23 28 -6 -6
BITMAP
F3C000
F78000
F70FC0
263FF0
667FF8
60FCFC
00F07C
01F03E
01F03E
01E01E
01E01E
01E01E
01E01E
01E01E
00F03C
00F03C
007878
003CF0
001CE0
01FCFE
01FCFE
01FCFE
000000
000000
000300
000300
0003C0
0001C0
ENDCHAR
STARTCHAR 1FAD
ENCODING 8109
SWIDTH 600 0
DWIDTH 18 0
BBX 23 28 -6 -6
BITMAP
F3C000
F78000
F70FC0
C63FF0
467FF8
60FCFC
00F07C
01F03E
01F03E
01E01E
01E01E
01E01E
01E01E
01E01E
00F03C
00F03C
007878
003CF0
001CE0
01FCFE
01FCFE
01FCFE
000000
000000
000300
000300
0003C0
0001C0
ENDCHAR
STARTCHAR 1FAE
ENCODING 8110
SWIDTH 600 0
DWIDTH 18 0
BBX 23 33 -6 -6
BITMAP
78C000
7CC000
EFC000
C78000
000000
0E0000
0E0000
0E0FC0
063FF0
067FF8
0CFCFC
00F07C
01F03E
01F03E
01E01E
01E01E
01E01E
01E01E
01E01E
00F03C
00F03C
007878
003CF0
001CE0
01FCFE
01FCFE
01FCFE
000000
000000
000300
000300
0003C0
0001C0
ENDCHAR
STARTCHAR 1FAF
ENCODING 8111
SWIDTH 600 0
DWIDTH 18 0
BBX 23 33 -6 -6
BITMAP
78C000
7CC000
EFC000
C78000
000000
0E0000
0E0000
0E0FC0
083FF0
0C7FF8
06FCFC
00F07C
01F03E
01F03E
01E01E
01E01E
01E01E
01E01E
01E01E
00F03C
00F03C
007878
003CF0
001CE0
01FCFE
01FCFE
01FCFE
000000
000000
000300
000300
0003C0
0001C0
ENDCHAR
STARTCHAR 1FB0
ENCODING 8112
SWIDTH 600 0
DWIDTH 18 0
BBX 17 22 1 0
BITMAP
383000
3CF000
1FE000
0FC000
000000
000000
0F8780
3FC700
7FEF00
787F00
F87E00
F83E00
F03E00
F03E00
F03E00
F03E00
F83E00
F87E00
786E00
7FEF00
3FCF00
1F8F00
ENDCHAR
STARTCHAR 1FB1
ENCODING 8113
SWIDTH 600 0
DWIDTH 18 0
BBX 17 20 1 0
BITMAP
1FF000
1FF000
000000
000000
0F8780
3FC700
7FEF00
787F00
F87E00
F83E00
F03E00
F03E00
F03E00
F03E00
F83E00
F87E00
786E00
7FEF00
3FCF00
1F8F00
ENDCHAR
STARTCHAR 1FB2
ENCODING 8114
SWIDTH 600 0
DWIDTH 18 0
BBX 17 29 1 -6
BITMAP
0F0000
070000
070000
030000
010000
000000
000000
0F8780
3FC700
7FEF00
787F00
F87E00
F83E00
F03E00
F03E00
F03E00
F03E00
F83E00
F87E00
786E00
7FEF00
3FCF00
1F8F00
000000
000000
018000
018000
01C000
01C000
ENDCHAR
STARTCHAR 1FB3
ENCODING 8115
SWIDTH 600 0
DWIDTH 18 0
BBX 17 22 1 -6
BITMAP
0F8780
3FC700
7FEF00
787F00
F87E00
F83E00
F03E00
F03E00
F03E00
F03E00
F83E00
F87E00
786E00
7FEF00
3FCF00
1F8F00
000000
000000
030000
030000
03C000
03C000
ENDCHAR
STARTCHAR 1FB4
ENCODING 8116
SWIDTH 600 0
DWIDTH 18 0
BBX 17 29 1 -6
BITMAP
00E000
01E000
01C000
018000
018000
000000
000000
0F8780
3FC700
7FEF00
787F00
F87E00
F83E00
F03E00
F03E00
F03E00
F03E00
F83E00
F87E00
786E00
7FEF00
3FCF00
1F8F00
000000
000000
030000
030000
03C000
03C000
ENDCHAR
STARTCHAR 1FB6
ENCODING 8118
SWIDTH 600 0
DWIDTH 18 0
BBX 17 22 1 0
BITMAP
0F0C00
1FF800
3FF800
30F000
000000
000000
0F8780
3FC700
7FEF00
787F00
F87E00
F83E00
F03E00
F03E00
F03E00
F03E00
F83E00
F87E00
786E00
7FEF00
3FCF00
1F8F00
ENDCHAR
STARTCHAR 1FB7
ENCODING 8119
SWIDTH 600 0
DWIDTH 18 0
BBX 17 28 1 -6
BITMAP
0F0C00
1FF800
3FF800
30F000
000000
000000
0F8780
3FC700
7FEF00
787F00
F87E00
F83E00
F03E00
F03E00
F03E00
F03E00
F83E00
F87E00
786E00
7FEF00
3FCF00
1F8F00
000000
000000
030000
030000
03C000
03C000
ENDCHAR
STARTCHAR 1FB8
ENCODING 8120
SWIDTH 600 0
DWIDTH 18 0
BBX 18 25 0 0
BITMAP
0C0C00
0F3C00
07F800
03F000
000000
03F000
03F000
03F000
07F800
07F800
073800
0F3C00
0F3C00
0F3C00
1E1E00
1E1E00
1E1E00
3FFF00
3FFF00
3FFF00
7C0F80
780780
780780
F807C0
F003C0
ENDCHAR
STARTCHAR 1FB9
ENCODING 8121
SWIDTH 600 0
DWIDTH 18 0
BBX 18 24 0 0
BITMAP
07FC00
07FC00
000000
000000
03F000
03F000
03F000
07F800
07F800
073800
0F3C00
0F3C00
0F3C00
1E1E00
1E1E00
1E1E00
3FFF00
3FFF00
3FFF00
7C0F80
780780
780780
F807C0
F003C0
ENDCHAR
STARTCHAR 1FBA
ENCODING 8122
SWIDTH 600 0
DWIDTH 18 0
BBX 19 23 -1 0
BITMAP
F00000
700000
380000
39F800
19F800
01F800
03FC00
03FC00
039C00
079E00
079E00
079E00
0F0F00
0F0F00
0F0F00
1FFF80
1FFF80
1FFF80
3E07C0
3C03C0
3C03C0
7C03E0
7801E0
ENDCHAR
STARTCHAR 1FBB
ENCODING 8123
SWIDTH 600 0
DWIDTH 18 0
BBX 18 23 0 0
BITMAP
3C0000
380000
300000
73F000
63F000
03F000
07F800
07F800
073800
0F3C00
0F3C00
0F3C00
1E1E00
1E1E00
1E1E00
3FFF00
3FFF00
3FFF00
7C0F80
780780
780780
F807C0
F003C0
ENDCHAR
STARTCHAR 1FBC
ENCODING 8124
SWIDTH 600 0
DWIDTH 18 0
BBX 18 26 0 -6
BITMAP
03F000
03F000
03F000
07F800
07F800
073800
0F3C00
0F3C00
0F3C00
1E1E00
1E1E00
1E1E00
3FFF00
3FFF00
3FFF00
7C0F80
780780
780780
F807C0
F003C0
000000
000000
00C000
00C000
00F000
007000
ENDCHAR
STARTCHAR 1FBD
ENCODING 8125
SWIDTH 600 0
DWIDTH 18 0
BBX 4 6 3 16
BITMAP
F0
F0
F0
30
20
60
ENDCHAR
STARTCHAR 1FBE
ENCODING 8126
SWIDTH 600 0
DWIDTH 18 0
BBX 3 4 4 -6
BITMAP
C0
C0
E0
E0
ENDCHAR
STARTCHAR 1FBF
ENCODING 8127
SWIDTH 600 0
DWIDTH 18 0
BBX 4 6 3 16
BITMAP
F0
F0
F0
30
20
60
ENDCHAR
STARTCHAR 1FC0
ENCODING 8128
SWIDTH 600 0
DWIDTH 18 0
BBX 10 4 0 18
BITMAP
70C0
FCC0
CFC0
C380
ENDCHAR
STARTCHAR 1FC1
ENCODING 8129
SWIDTH 600 0
DWIDTH 18 0
BBX 10 8 0 18
BITMAP
70C0
FCC0
CFC0
C780
0000
E1C0
E1C0
E1C0
ENDCHAR
STARTCHAR 1FC2
ENCODING 8130
SWIDTH 600 0
DWIDTH 18 0
BBX 14 29 2 -6
BITMAP
0F00
0700
0700
0300
0180
0000
0000
F1F0
F7F8
FFFC
FC7C
F83C
F83C
F03C
F03C
F03C
F03C
F03C
F03C
F03C
F03C
F03C
F03C
003C
003C
603C
603C
703C
703C
ENDCHAR
STARTCHAR 1FC3
ENCODING 8131
SWIDTH 600 0
DWIDTH 18 0
BBX 14 22 2 -6
BITMAP
F1F0
F7F8
FFFC
FC7C
F83C
F83C
F03C
F03C
F03C
F03C
F03C
F03C
F03C
F03C
F03C
F03C
003C
003C
603C
603C
703C
703C
ENDCHAR
STARTCHAR 1FC4
ENCODING 8132
SWIDTH 600 0
DWIDTH 18 0
BBX 14 29 2 -6
BITMAP
01E0
01C0
0180
0380
0300
0000
0000
F1F0
F7F8
FFFC
FC7C
F83C
F83C
F03C
F03C
F03C
F03C
F03C
F03C
F03C
F03C
F03C
F03C
003C
003C
603C
603C
703C
703C
ENDCHAR
STARTCHAR 1FC6
ENCODING 8134
SWIDTH 600 0
DWIDTH 18 0
BBX 14 28 2 -6
BITMAP
1E18
3FF8
3FF0
70E0
0000
0000
F1F0
F7F8
FFFC
FC7C
F83C
F83C
F03C
F03C
F03C
F03C
F03C
F03C
F03C
F03C
F03C
F03C
003C
003C
003C
003C
003C
003C
ENDCHAR
STARTCHAR 1FC7
ENCODING 8135
SWIDTH 600 0
DWIDTH 18 0
BBX 14 28 2 -6
BITMAP
1E18
3FF8
3FF0
70E0
0000
0000
F1F0
F7F8
FFFC
FC7C
F83C
F83C
F03C
F03C
F03C
F03C
F03C
F03C
F03C
F03C
F03C
F03C
003C
003C
603C
603C
703C
703C
ENDCHAR
STARTCHAR 1FC8
ENCODING 8136
SWIDTH 600 0
DWIDTH 18 0
BBX 22 23 -5 0
BITMAP
F00000
700000
380000
39FFF8
19FFF8
01FFF8
01E000
01E000
01E000
01E000
01E000
01FFF0
01FFF0
01FFF0
01E000
01E000
01E000
01E000
01E000
01E000
01FFFC
01FFFC
01FFFC
ENDCHAR
STARTCHAR 1FC9
ENCODING 8137
SWIDTH 600 0
DWIDTH 18 0
BBX 20 23 -3 0
BITMAP
780000
700000
E00000
E7FFE0
C7FFE0
07FFE0
078000
078000
078000
078000
078000
07FFC0
07FFC0
07FFC0
078000
078000
078000
078000
078000
078000
07FFF0
07FFF0
07FFF0
ENDCHAR
STARTCHAR 1FCA
ENCODING 8138
SWIDTH 600 0
DWIDTH 18 0
BBX 21 23 -5 0
BITMAP
F00000
700000
380000
39E078
19E078
01E078
01E078
01E078
01E078
01E078
01E078
01FFF8
01FFF8
01FFF8
01FFF8
01E078
01E078
01E078
01E078
01E078
01E078
01E078
01E078
ENDCHAR
STARTCHAR 1FCB
ENCODING 8139
SWIDTH 600 0
DWIDTH 18 0
BBX 19 23 -3 0
BITMAP
780000
700000
E00000
E781E0
C781E0
0781E0
0781E0
0781E0
0781E0
0781E0
0781E0
07FFE0
07FFE0
07FFE0
07FFE0
0781E0
0781E0
0781E0
0781E0
0781E0
0781E0
0781E0
0781E0
ENDCHAR
STARTCHAR 1FCC
ENCODING 8140
SWIDTH 600 0
DWIDTH 18 0
BBX 14 26 2 -6
BITMAP
F03C
F03C
F03C
F03C
F03C
F03C
F03C
F03C
FFFC
FFFC
FFFC
FFFC
F03C
F03C
F03C
F03C
F03C
F03C
F03C
F03C
0000
0000
0300
0300
03C0
01C0
ENDCHAR
STARTCHAR 1FCD
ENCODING 8141
SWIDTH 600 0
DWIDTH 18 0
BBX 9 6 0 16
BITMAP
E780
E780
E380
6180
6080
C000
ENDCHAR
STARTCHAR 1FCE
ENCODING 8142
SWIDTH 600 0
DWIDTH 18 0
BBX 9 6 0 16
BITMAP
E380
E780
E700
6600
6600
C000
ENDCHAR
STARTCHAR 1FCF
ENCODING 8143
SWIDTH 600 0
DWIDTH 18 0
BBX 10 11 0 16
BITMAP
70C0
FCC0
CFC0
C780
0000
1E00
1E00
1E00
0600
0400
0C00
ENDCHAR
STARTCHAR 1FD0
ENCODING 8144
SWIDTH 600 0
DWIDTH 18 0
BBX 15 22 2 0
BITMAP
7060
79E0
3FC0
1F80
0000
0000
FF00
FF00
FF00
0F00
0F00
0F00
0F00
0F00
0F00
0F00
0F00
0F08
0F9C
07FE
07FC
01F0
ENDCHAR
STARTCHAR 1FD1
ENCODING 8145
SWIDTH 600 0
DWIDTH 18 0
BBX 15 20 2 0
BITMAP
3FE0
3FE0
0000
0000
FF00
FF00
FF00
0F00
0F00
0F00
0F00
0F00
0F00
0F00
0F00
0F08
0F9C
07FE
07FC
01F0
ENDCHAR
STARTCHAR 1FD2
ENCODING 8146
SWIDTH 600 0
DWIDTH 18 0
BBX 15 27 2 0
BITMAP
1E00
1E00
0E00
0600
0600
0000
78E0
78E0
78E0
0000
0000
FF00
FF00
FF00
0F00
0F00
0F00
0F00
0F00
0F00
0F00
0F00
0F08
0F9C
07FE
07FC
01F0
ENDCHAR
STARTCHAR 1FD3
ENCODING 8147
SWIDTH 600 0
DWIDTH 18 0
BBX 15 27 2 0
BITMAP
03C0
0380
0300
0700
0600
0000
78E0
78E0
78E0
0000
0000
FF00
FF00
FF00
0F00
0F00
0F00
0F00
0F00
0F00
0F00
0F00
0F08
0F9C
07FE
07FC
01F0
ENDCHAR
STARTCHAR 1FD6
ENCODING 8150
SWIDTH 600 0
DWIDTH 18 0
BBX 15 22 2 0
BITMAP
7860
7FE0
FFE0
C3C0
0000
0000
FF00
FF00
FF00
0F00
0F00
0F00
0F00
0F00
0F00
0F00
0F00
0F08
0F9C
07FE
07FC
01F0
ENDCHAR
STARTCHAR 1FD7
ENCODING 8151
SWIDTH 600 0
DWIDTH 18 0
BBX 15 26 2 0
BITMAP
3C60
3E60
77E0
63C0
0000
70E0
70E0
70E0
0000
0000
FF00
FF00
FF00
0F00
0F00
0F00
0F00
0F00
0F00
0F00
0F00
0F08
0F9C
07FE
07FC
01F0
ENDCHAR
STARTCHAR 1FD8
ENCODING 8152
SWIDTH 600 0
DWIDTH 18 0
BBX 14 25 2 0
BITMAP
3030
3CF0
1FE0
0FC0
0000
FFFC
FFFC
FFFC
0780
0780
0780
0780
0780
0780
0780
0780
0780
0780
0780
0780
0780
0780
FFFC
FFFC
FFFC
ENDCHAR
STARTCHAR 1FD9
ENCODING 8153
SWIDTH 600 0
DWIDTH 18 0
BBX 14 24 2 0
BITMAP
1FF0
1FF0
0000
0000
FFFC
FFFC
FFFC
0780
0780
0780
0780
0780
0780
0780
0780
0780
0780
0780
0780
0780
0780
FFFC
FFFC
FFFC
ENDCHAR
STARTCHAR 1FDA
ENCODING 8154
SWIDTH 600 0
DWIDTH 18 0
BBX 21 23 -5 0
BITMAP
F00000
700000
380000
39FFF8
19FFF8
01FFF8
000F00
000F00
000F00
000F00
000F00
000F00
000F00
000F00
000F00
000F00
000F00
000F00
000F00
000F00
01FFF8
01FFF8
01FFF8
ENDCHAR
STARTCHAR 1FDB
ENCODING 8155
SWIDTH 600 0
DWIDTH 18 0
BBX 19 23 -3 0
BITMAP
780000
700000
E00000
E7FFE0
C7FFE0
07FFE0
003C00
003C00
003C00
003C00
003C00
003C00
003C00
003C00
003C00
003C00
003C00
003C00
003C00
003C00
07FFE0
07FFE0
07FFE0
ENDCHAR
STARTCHAR 1FDD
ENCODING 8157
SWIDTH 600 0
DWIDTH 18 0
BBX 9 6 0 16
BITMAP
E780
E780
E380
C180
C080
6000
ENDCHAR
STARTCHAR 1FDE
ENCODING 8158
SWIDTH 600 0
DWIDTH 18 0
BBX 9 6 0 16
BITMAP
E380
E780
E700
C600
C600
6000
ENDCHAR
STARTCHAR 1FDF
ENCODING 8159
SWIDTH 600 0
DWIDTH 18 0
BBX 10 11 0 16
BITMAP
70C0
FCC0
CFC0
C780
0000
1E00
1E00
1E00
0800
0C00
0C00
ENDCHAR
STARTCHAR 1FE0
ENCODING 8160
SWIDTH 600 0
DWIDTH 18 0
BBX 14 22 2 0
BITMAP
7070
39E0
3FE0
0F80
0000
0000
F078
F078
F03C
F03C
F03C
F03C
F03C
F03C
F03C
F03C
F03C
F83C
7878
7FF8
3FF0
0FC0
ENDCHAR
STARTCHAR 1FE1
ENCODING 8161
SWIDTH 600 0
DWIDTH 18 0
BBX 14 20 2 0
BITMAP
3FE0
3FE0
0000
0000
F078
F078
F03C
F03C
F03C
F03C
F03C
F03C
F03C
F03C
F03C
F83C
7878
7FF8
3FF0
0FC0
ENDCHAR
STARTCHAR 1FE2
ENCODING 8162
SWIDTH 600 0
DWIDTH 18 0
BBX 14 27 2 0
BITMAP
1E00
1E00
0E00
0600
0600
0000
38E0
38E0
38E0
0000
0000
F078
F078
F03C
F03C
F03C
F03C
F03C
F03C
F03C
F03C
F03C
F83C
7878
7FF8
3FF0
0FC0
ENDCHAR
STARTCHAR 1FE3
ENCODING 8163
SWIDTH 600 0
DWIDTH 18 0
BBX 14 27 2 0
BITMAP
03C0
0380
0700
0700
0600
0000
38E0
38E0
38E0
0000
0000
F078
F078
F03C
F03C
F03C
F03C
F03C
F03C
F03C
F03C
F03C
F83C
7878
7FF8
3FF0
0FC0
ENDCHAR
STARTCHAR 1FE4
ENCODING 8164
SWIDTH 600 0
DWIDTH 18 0
BBX 15 30 2 -6
BITMAP
0380
0380
0380
0180
0180
0300
0000
0000
0FC0
3FF0
7FF8
7878
F83C
F03C
F03C
F03C
F03E
F03C
F03C
F03C
FC7C
FFF8
F7F0
F3E0
F000
F000
F000
F000
F000
F000
ENDCHAR
STARTCHAR 1FE5
ENCODING 8165
SWIDTH 600 0
DWIDTH 18 0
BBX 15 30 2 -6
BITMAP
0380
0380
0380
0300
0300
0180
0000
0000
0FC0
3FF0
7FF8
7878
F83C
F03C
F03C
F03C
F03E
F03C
F03C
F03C
FC7C
FFF8
F7F0
F3E0
F000
F000
F000
F000
F000
F000
ENDCHAR
STARTCHAR 1FE6
ENCODING 8166
SWIDTH 600 0
DWIDTH 18 0
BBX 14 22 2 0
BITMAP
3C30
3FF0
7FF0
61E0
0000
0000
F078
F078
F03C
F03C
F03C
F03C
F03C
F03C
F03C
F03C
F03C
F83C
7878
7FF8
3FF0
0FC0
ENDCHAR
STARTCHAR 1FE7
ENCODING 8167
SWIDTH 600 0
DWIDTH 18 0
BBX 14 26 2 0
BITMAP
1C30
3E60
77E0
61E0
0000
38E0
38E0
38E0
0000
0000
F078
F078
F03C
F03C
F03C
F03C
F03C
F03C
F03C
F03C
F03C
F83C
7878
7FF8
3FF0
0FC0
ENDCHAR
STARTCHAR 1FE8
ENCODING 8168
SWIDTH 600 0
DWIDTH 18 0
BBX 18 25 0 0
BITMAP
0C0C00
0F3C00
07F800
03F000
000000
F807C0
780780
7C0F80
3C0F00
1E1E00
1E1E00
0F3C00
0F3C00
07F800
07F800
03F000
01E000
01E000
01E000
01E000
01E000
01E000
01E000
01E000
01E000
ENDCHAR
STARTCHAR 1FE9
ENCODING 8169
SWIDTH 600 0
DWIDTH 18 0
BBX 18 25 0 0
BITMAP
07F800
07F800
000000
000000
000000
F807C0
780780
7C0F80
3C0F00
1E1E00
1E1E00
0F3C00
0F3C00
07F800
07F800
03F000
01E000
01E000
01E000
01E000
01E000
01E000
01E000
01E000
01E000
ENDCHAR
STARTCHAR 1FEA
ENCODING 8170
SWIDTH 600 0
DWIDTH 18 0
BBX 23 23 -5 0
BITMAP
F00000
F00000
700000
37C03E
33C03C
03E07C
01E078
00F0F0
00F0F0
0079E0
0079E0
003FC0
003FC0
001F80
000F00
000F00
000F00
000F00
000F00
000F00
000F00
000F00
000F00
ENDCHAR
STARTCHAR 1FEB
ENCODING 8171
SWIDTH 600 0
DWIDTH 18 0
BBX 22 23 -4 0
BITMAP
780000
700000
700000
EF807C
C78078
07C0F8
03C0F0
01E1E0
01E1E0
00F3C0
00F3C0
007F80
007F80
003F00
001E00
001E00
001E00
001E00
001E00
001E00
001E00
001E00
001E00
ENDCHAR
STARTCHAR 1FEC
ENCODING 8172
SWIDTH 600 0
DWIDTH 18 0
BBX 20 22 -3 0
BITMAP
E00000
E00000
E7FF00
C7FFC0
C7FFE0
6787E0
0781F0
0781F0
0781F0
0781F0
0781E0
0787E0
07FFC0
07FF80
07FF00
078000
078000
078000
078000
078000
078000
078000
ENDCHAR
STARTCHAR 1FED
ENCODING 8173
SWIDTH 600 0
DWIDTH 18 0
BBX 14 5 0 17
BITMAP
0F00
0700
E39C
E39C
E19C
ENDCHAR
STARTCHAR 1FEE
ENCODING 8174
SWIDTH 600 0
DWIDTH 18 0
BBX 14 5 0 17
BITMAP
03C0
0380
E71C
E71C
E61C
ENDCHAR
STARTCHAR 1FEF
ENCODING 8175
SWIDTH 600 0
DWIDTH 18 0
BBX 5 5 2 18
BITMAP
F0
70
38
38
18
ENDCHAR
STARTCHAR 1FF2
ENCODING 8178
SWIDTH 600 0
DWIDTH 18 0
BBX 16 29 1 -6
BITMAP
0700
0780
0380
0180
0180
0000
0000
1818
381C
781E
700E
F00F
E3C7
E3C7
E3C7
E3C7
E3C7
E3C7
E3C7
F3CF
7FFE
7E7E
3C3C
0000
0000
0180
0180
01E0
00E0
ENDCHAR
STARTCHAR 1FF3
ENCODING 8179
SWIDTH 600 0
DWIDTH 18 0
BBX 16 22 1 -6
BITMAP
1818
381C
781E
700E
F00F
E3C7
E3C7
E3C7
E3C7
E3C7
E3C7
E3C7
F3CF
7FFE
7E7E
3C3C
0000
0000
0180
0180
01E0
00E0
ENDCHAR
STARTCHAR 1FF4
ENCODING 8180
SWIDTH 600 0
DWIDTH 18 0
BBX 16 29 1 -6
BITMAP
01E0
01E0
01C0
0180
0180
0000
0000
1818
381C
781E
700E
F00F
E3C7
E3C7
E3C7
E3C7
E3C7
E3C7
E3C7
F3CF
7FFE
7E7E
3C3C
0000
0000
0180
0180
01E0
00E0
ENDCHAR
STARTCHAR 1FF6
ENCODING 8182
SWIDTH 600 0
DWIDTH 18 0
BBX 16 22 1 0
BITMAP
0F0C
1FF8
3FF8
30F0
0000
0000
1818
381C
781E
700E
F00F
E3C7
E3C7
E3C7
E3C7
E3C7
E3C7
E3C7
F3CF
7FFE
7E7E
3C3C
ENDCHAR
STARTCHAR 1FF7
ENCODING 8183
SWIDTH 600 0
DWIDTH 18 0
BBX 16 28 1 -6
BITMAP
0F0C
1FF8
3FF8
30F0
0000
0000
1818
381C
781E
700E
F00F
E3C7
E3C7
E3C7
E3C7
E3C7
E3C7
E3C7
F3CF
7FFE
7E7E
3C3C
0000
0000
0180
0180
01E0
00E0
ENDCHAR
STARTCHAR 1FF8
ENCODING 8184
SWIDTH 600 0
DWIDTH 18 0
BBX 20 23 -3 0
BITMAP
F00000
700000
380000
387E00
19FF80
03FFC0
07FFE0
07C3E0
0781E0
0F81F0
0F81F0
0F00F0
0F00F0
0F00F0
0F01F0
0F81F0
0F81F0
0781E0
07C3E0
07FFE0
03FFC0
01FF80
007E00
ENDCHAR
STARTCHAR 1FF9
ENCODING 8185
SWIDTH 600 0
DWIDTH 18 0
BBX 18 23 -1 0
BITMAP
700000
F00000
E00000
C1F800
C7FE00
0FFF00
1FFF80
1F0F80
1E0780
3E07C0
3E07C0
3C03C0
3C03C0
3C03C0
3C07C0
3E07C0
3E07C0
1E0780
1F0F80
1FFF80
0FFF00
07FE00
01F800
ENDCHAR
STARTCHAR 1FFA
ENCODING 8186
SWIDTH 600 0
DWIDTH 18 0
BBX 20 23 -3 0
BITMAP
F00000
700000
380000
387E00
19FF80
03FFC0
07E7E0
0783E0
0F81F0
0F81F0
0F00F0
0F00F0
0F00F0
0F00F0
0F00F0
0781E0
0781E0
03C3C0
01E780
00E700
0FE7F0
0FE7F0
0FE7F0
ENDCHAR
STARTCHAR 1FFB
ENCODING 8187
SWIDTH 600 0
DWIDTH 18 0
BBX 18 23 -1 0
BITMAP
700000
F00000
E00000
C1F800
C7FE00
0FFF00
1F9F80
1E0F80
3E07C0
3E07C0
3C03C0
3C03C0
3C03C0
3C03C0
3C03C0
1E0780
1E0780
0F0F00
079E00
039C00
3F9FC0
3F9FC0
3F9FC0
ENDCHAR
STARTCHAR 1FFC
ENCODING 8188
SWIDTH 600 0
DWIDTH 18 0
BBX 16 26 1 -6
BITMAP
07E0
1FF8
3FFC
7E7E
783E
F81F
F81F
F00F
F00F
F00F
F00F
F00F
781E
781E
3C3C
1E78
0E70
FE7F
FE7F
FE7F
0000
0000
0180
0180
01E0
00E0
ENDCHAR
STARTCHAR 1FFD
ENCODING 8189
SWIDTH 600 0
DWIDTH 18 0
BBX 5 5 3 17
BITMAP
78
70
70
E0
C0
ENDCHAR
STARTCHAR 1FFE
ENCODING 8190
SWIDTH 600 0
DWIDTH 18 0
BBX 4 6 3 16
BITMAP
F0
F0
F0
C0
40
60
ENDCHAR
STARTCHAR 2007
ENCODING 8199
SWIDTH 600 0
DWIDTH 18 0
BBX 0 0 0 0
BITMAP
ENDCHAR
STARTCHAR 200C
ENCODING 8204
SWIDTH 0 0
DWIDTH 0 0
BBX 2 23 -1 -4
BITMAP
C0
C0
C0
C0
C0
C0
C0
C0
C0
C0
C0
C0
C0
C0
C0
C0
C0
C0
C0
C0
C0
C0
C0
ENDCHAR
STARTCHAR 200D
ENCODING 8205
SWIDTH 0 0
DWIDTH 0 0
BBX 6 25 -3 -4
BITMAP
84
48
30
30
78
FC
B4
30
30
30
30
30
30
30
30
30
30
30
30
30
30
30
30
30
30
ENDCHAR
STARTCHAR 200E
ENCODING 8206
SWIDTH 0 0
DWIDTH 0 0
BBX 7 25 -1 -4
BITMAP
08
0C
04
FE
C4
CC
C8
C0
C0
C0
C0
C0
C0
C0
C0
C0
C0
C0
C0
C0
C0
C0
C0
C0
C0
ENDCHAR
STARTCHAR 200F
ENCODING 8207
SWIDTH 0 0
DWIDTH 0 0
BBX 7 25 -6 -4
BITMAP
20
60
C0
FE
46
26
06
06
06
06
06
06
06
06
06
06
06
06
06
06
06
06
06
06
06
ENDCHAR
STARTCHAR 2010
ENCODING 8208
SWIDTH 600 0
DWIDTH 18 0
BBX 8 4 5 6
BITMAP
FF
FF
FF
FF
ENDCHAR
STARTCHAR 2012
ENCODING 8210
SWIDTH 600 0
DWIDTH 18 0
BBX 16 3 1 7
BITMAP
FFFF
FFFF
FFFF
ENDCHAR
STARTCHAR 2013
ENCODING 8211
SWIDTH 600 0
DWIDTH 18 0
BBX 14 3 2 6
BITMAP
FFFC
FFFC
FFFC
ENDCHAR
STARTCHAR 2014
ENCODING 8212
SWIDTH 600 0
DWIDTH 18 0
BBX 18 3 0 6
BITMAP
FFFFC0
FFFFC0
FFFFC0
ENDCHAR
STARTCHAR 2015
ENCODING 8213
SWIDTH 600 0
DWIDTH 18 0
BBX 18 3 0 6
BITMAP
FFFFC0
FFFFC0
FFFFC0
ENDCHAR
STARTCHAR 2017
ENCODING 8215
SWIDTH 600 0
DWIDTH 18 0
BBX 18 4 0 -6
BITMAP
FFFFC0
000000
000000
FFFFC0
ENDCHAR
STARTCHAR 2018
ENCODING 8216
SWIDTH 600 0
DWIDTH 18 0
BBX 6 9 6 13
BITMAP
0C
1C
1C
3C
38
78
78
F8
F0
ENDCHAR
STARTCHAR 2019
ENCODING 8217
SWIDTH 600 0
DWIDTH 18 0
BBX 6 9 6 13
BITMAP
3C
7C
78
78
70
F0
E0
E0
C0
ENDCHAR
STARTCHAR 201A
ENCODING 8218
SWIDTH 600 0
DWIDTH 18 0
BBX 7 9 5 -5
BITMAP
3E
3C
7C
78
78
70
F0
E0
E0
ENDCHAR
STARTCHAR 201B
ENCODING 8219
SWIDTH 600 0
DWIDTH 18 0
BBX 6 9 6 13
BITMAP
F0
F8
78
78
38
3C
1C
1C
0C
ENDCHAR
STARTCHAR 201C
ENCODING 8220
SWIDTH 600 0
DWIDTH 18 0
BBX 14 9 2 13
BITMAP
0E1C
0E1C
1E38
1C78
3C78
3CF0
78F0
79F0
F9F0
ENDCHAR
STARTCHAR 201D
ENCODING 8221
SWIDTH 600 0
DWIDTH 18 0
BBX 14 9 2 13
BITMAP
3E7C
3E78
3C78
3CF0
78F0
70E0
71E0
E1C0
E1C0
ENDCHAR
STARTCHAR 201E
ENCODING 8222
SWIDTH 600 0
DWIDTH 18 0
BBX 14 9 2 -5
BITMAP
3E7C
3E78
3C78
3CF0
78F0
70E0
71E0
E1C0
E1C0
ENDCHAR
STARTCHAR 201F
ENCODING 8223
SWIDTH 600 0
DWIDTH 18 0
BBX 14 9 2 13
BITMAP
F9F0
79F0
78F0
3CF0
3C78
1C78
1C38
0E38
0E1C
ENDCHAR
STARTCHAR 2020
ENCODING 8224
SWIDTH 600 0
DWIDTH 18 0
BBX 12 25 3 -3
BITMAP
0F00
0F00
0F00
0F00
0F00
FFF0
FFF0
FFF0
0600
0600
0600
0600
0600
0600
0600
0600
0600
0600
0600
0600
0600
0600
0600
0600
0600
ENDCHAR
STARTCHAR 2021
ENCODING 8225
SWIDTH 600 0
DWIDTH 18 0
BBX 12 25 3 -3
BITMAP
0E00
0E00
0E00
0E00
0E00
FFF0
FFF0
FFF0
0600
0600
0600
0600
0600
0600
0600
0600
0600
FFF0
FFF0
FFF0
0E00
0E00
0E00
0E00
0E00
ENDCHAR
STARTCHAR 2022
ENCODING 8226
SWIDTH 600 0
DWIDTH 18 0
BBX 8 9 5 5
BITMAP
3C
7E
FF
FF
FF
FF
FF
7E
3C
ENDCHAR
STARTCHAR 2026
ENCODING 8230
SWIDTH 600 0
DWIDTH 18 0
BBX 16 4 1 0
BITMAP
F3CF
F3CF
F3CF
F3CF
ENDCHAR
STARTCHAR 202A
ENCODING 8234
SWIDTH 0 0
DWIDTH 0 0
BBX 7 22 -1 -4
BITMAP
FE
C0
C0
C0
C0
C0
C0
C0
C0
C0
C0
C0
C0
C0
C0
C0
C0
C0
C0
C0
C0
C0
ENDCHAR
STARTCHAR 202B
ENCODING 8235
SWIDTH 0 0
DWIDTH 0 0
BBX 7 22 -6 -4
BITMAP
FE
06
06
06
06
06
06
06
06
06
06
06
06
06
06
06
06
06
06
06
06
06
ENDCHAR
STARTCHAR 202C
ENCODING 8236
SWIDTH 0 0
DWIDTH 0 0
BBX 6 25 -3 -4
BITMAP
FC
FC
FC
FC
FC
FC
30
30
30
30
30
30
30
30
30
30
30
30
30
30
30
30
30
30
30
ENDCHAR
STARTCHAR 202D
ENCODING 8237
SWIDTH 0 0
DWIDTH 0 0
BBX 6 25 -3 -4
BITMAP
FC
80
80
80
80
FC
30
30
30
30
30
30
30
30
30
30
30
30
30
30
30
30
30
30
30
ENDCHAR
STARTCHAR 202E
ENCODING 8238
SWIDTH 0 0
DWIDTH 0 0
BBX 6 25 -3 -4
BITMAP
FC
04
04
04
04
FC
30
30
30
30
30
30
30
30
30
30
30
30
30
30
30
30
30
30
30
ENDCHAR
STARTCHAR 2030
ENCODING 8240
SWIDTH 600 0
DWIDTH 18 0
BBX 18 20 0 0
BITMAP
380000
7C0000
EE0000
C60000
C60000
C6E000
EFC000
7F8000
3F0000
0E0000
1C0000
3F8780
3FCF80
6CDCC0
0CF8C0
0CF8C0
0CF8C0
0CDDC0
0FCF80
078700
ENDCHAR
STARTCHAR 2032
ENCODING 8242
SWIDTH 600 0
DWIDTH 18 0
BBX 4 9 7 13
BITMAP
F0
F0
F0
F0
F0
F0
F0
F0
F0
ENDCHAR
STARTCHAR 2033
ENCODING 8243
SWIDTH 600 0
DWIDTH 18 0
BBX 10 9 4 13
BITMAP
F3C0
F3C0
F3C0
E1C0
E1C0
E1C0
E1C0
E1C0
E1C0
ENDCHAR
STARTCHAR 2034
ENCODING 8244
SWIDTH 600 0
DWIDTH 18 0
BBX 15 9 2 13
BITMAP
E79E
E79C
E79C
E79C
E79C
E79C
E79C
E79C
E79C
ENDCHAR
STARTCHAR 2039
ENCODING 8249
SWIDTH 600 0
DWIDTH 18 0
BBX 7 12 5 2
BITMAP
0E
1E
3C
38
78
F0
F0
78
38
3C
1E
0E
ENDCHAR
STARTCHAR 203A
ENCODING 8250
SWIDTH 600 0
DWIDTH 18 0
BBX 7 12 6 2
BITMAP
E0
F0
78
38
3C
1E
1E
3C
38
78
F0
E0
ENDCHAR
STARTCHAR 203C
ENCODING 8252
SWIDTH 600 0
DWIDTH 18 0
BBX 12 20 3 0
BITMAP
F0F0
F0F0
F0F0
F0F0
F0F0
F0F0
F0F0
F0F0
F0F0
F0F0
F0F0
F0F0
F0F0
F0F0
0000
0000
F0F0
F0F0
F0F0
F0F0
ENDCHAR
STARTCHAR 203E
ENCODING 8254
SWIDTH 600 0
DWIDTH 18 0
BBX 18 1 0 22
BITMAP
FFFFC0
ENDCHAR
STARTCHAR 2044
ENCODING 8260
SWIDTH 600 0
DWIDTH 18 0
BBX 12 20 3 0
BITMAP
0030
0070
0060
00E0
00C0
01C0
0180
0380
0300
0700
0600
0C00
1C00
1800
3800
3000
7000
6000
E000
C000
ENDCHAR
STARTCHAR 205E
ENCODING 8286
SWIDTH 600 0
DWIDTH 18 0
BBX 4 22 7 0
BITMAP
F0
F0
F0
F0
00
00
F0
F0
F0
F0
00
00
F0
F0
F0
F0
00
00
F0
F0
F0
F0
ENDCHAR
STARTCHAR 206A
ENCODING 8298
SWIDTH 0 0
DWIDTH 0 0
BBX 6 25 -3 -4
BITMAP
FC
30
30
30
30
FC
30
30
30
30
30
30
30
30
30
30
30
30
30
30
30
30
30
30
30
ENDCHAR
STARTCHAR 206B
ENCODING 8299
SWIDTH 0 0
DWIDTH 0 0
BBX 6 25 -3 -4
BITMAP
FC
84
84
84
84
FC
30
30
30
30
30
30
30
30
30
30
30
30
30
30
30
30
30
30
30
ENDCHAR
STARTCHAR 206C
ENCODING 8300
SWIDTH 0 0
DWIDTH 0 0
BBX 6 25 -3 -4
BITMAP
FC
FC
78
78
30
30
30
30
30
30
30
30
30
30
30
30
30
30
30
30
30
30
30
30
30
ENDCHAR
STARTCHAR 206D
ENCODING 8301
SWIDTH 0 0
DWIDTH 0 0
BBX 6 25 -3 -4
BITMAP
20
30
30
78
78
FC
FC
30
30
30
30
30
30
30
30
30
30
30
30
30
30
30
30
30
30
ENDCHAR
STARTCHAR 206E
ENCODING 8302
SWIDTH 0 0
DWIDTH 0 0
BBX 6 25 -3 -4
BITMAP
30
78
CC
84
78
30
30
30
30
30
30
30
30
30
30
30
30
30
30
30
30
30
30
30
30
ENDCHAR
STARTCHAR 206F
ENCODING 8303
SWIDTH 0 0
DWIDTH 0 0
BBX 6 25 -3 -4
BITMAP
F0
30
30
30
30
FC
30
30
30
30
30
30
30
30
30
30
30
30
30
30
30
30
30
30
30
ENDCHAR
STARTCHAR 2074
ENCODING 8308
SWIDTH 600 0
DWIDTH 18 0
BBX 10 11 4 9
BITMAP
0700
0F00
0F00
1B00
3300
6300
6300
FFC0
FFC0
0300
0300
ENDCHAR
STARTCHAR 2075
ENCODING 8309
SWIDTH 600 0
DWIDTH 18 0
BBX 9 11 5 9
BITMAP
7F00
FF00
E000
E000
FE00
FF00
0380
0380
E380
FF00
3E00
ENDCHAR
STARTCHAR 2076
ENCODING 8310
SWIDTH 600 0
DWIDTH 18 0
BBX 9 11 5 9
BITMAP
3E00
7F00
E300
C000
DE00
FF00
E300
C380
E300
7F00
3E00
ENDCHAR
STARTCHAR 2077
ENCODING 8311
SWIDTH 600 0
DWIDTH 18 0
BBX 8 11 6 9
BITMAP
FF
FF
07
0E
0C
1C
38
38
30
70
70
ENDCHAR
STARTCHAR 2078
ENCODING 8312
SWIDTH 600 0
DWIDTH 18 0
BBX 9 11 5 9
BITMAP
3E00
FF00
E300
E300
7E00
7F00
E380
C380
E380
FF00
3E00
ENDCHAR
STARTCHAR 2079
ENCODING 8313
SWIDTH 600 0
DWIDTH 18 0
BBX 9 11 5 9
BITMAP
3C00
FF00
E300
C300
E380
FF80
7B80
0300
E700
7E00
3C00
ENDCHAR
STARTCHAR 207F
ENCODING 8319
SWIDTH 600 0
DWIDTH 18 0
BBX 9 9 5 8
BITMAP
DF00
DF00
E380
E380
C380
C380
C380
C380
C380
ENDCHAR
STARTCHAR 2080
ENCODING 8320
SWIDTH 600 0
DWIDTH 18 0
BBX 8 12 5 -3
BITMAP
3C
7E
E7
C3
C3
DB
DB
C3
C3
E7
7E
3C
ENDCHAR
STARTCHAR 2081
ENCODING 8321
SWIDTH 600 0
DWIDTH 18 0
BBX 9 11 5 -2
BITMAP
1C00
3C00
FC00
DC00
1C00
1C00
1C00
1C00
1C00
FF80
FF80
ENDCHAR
STARTCHAR 2082
ENCODING 8322
SWIDTH 600 0
DWIDTH 18 0
BBX 8 12 5 -3
BITMAP
3C
7F
E7
C3
07
0E
1C
38
70
E0
FF
FF
ENDCHAR
STARTCHAR 2083
ENCODING 8323
SWIDTH 600 0
DWIDTH 18 0
BBX 8 12 5 -3
BITMAP
3C
FF
C7
03
07
1E
1E
07
03
C7
FF
7E
ENDCHAR
STARTCHAR 2084
ENCODING 8324
SWIDTH 600 0
DWIDTH 18 0
BBX 10 11 4 -2
BITMAP
0700
0F00
0F00
1B00
3300
6300
6300
FFC0
FFC0
0300
0300
ENDCHAR
STARTCHAR 2085
ENCODING 8325
SWIDTH 600 0
DWIDTH 18 0
BBX 8 12 5 -3
BITMAP
FF
FF
E0
C0
DE
FF
E7
03
03
C7
FF
7C
ENDCHAR
STARTCHAR 2086
ENCODING 8326
SWIDTH 600 0
DWIDTH 18 0
BBX 8 12 5 -3
BITMAP
3E
7F
E7
C0
DE
FF
E3
C3
C3
E7
7F
3E
ENDCHAR
STARTCHAR 2087
ENCODING 8327
SWIDTH 600 0
DWIDTH 18 0
BBX 8 11 5 -2
BITMAP
FF
FF
07
06
0C
1C
18
38
30
30
30
ENDCHAR
STARTCHAR 2088
ENCODING 8328
SWIDTH 600 0
DWIDTH 18 0
BBX 8 12 5 -3
BITMAP
3C
FF
E7
C3
E7
7E
7E
C3
C3
C3
FF
7E
ENDCHAR
STARTCHAR 2089
ENCODING 8329
SWIDTH 600 0
DWIDTH 18 0
BBX 8 12 5 -3
BITMAP
3C
FE
E7
C3
C3
E7
FF
7B
03
C7
FE
7C
ENDCHAR
STARTCHAR 2090
ENCODING 8336
SWIDTH 600 0
DWIDTH 18 0
BBX 11 11 4 -2
BITMAP
3E00
7F80
E380
0380
3F80
FF80
E380
E380
E780
FDE0
79E0
ENDCHAR
STARTCHAR 2091
ENCODING 8337
SWIDTH 600 0
DWIDTH 18 0
BBX 10 11 4 -2
BITMAP
1E00
7F80
7180
E1C0
FFC0
FFC0
E000
E000
71C0
7F80
1F00
ENDCHAR
STARTCHAR 2092
ENCODING 8338
SWIDTH 600 0
DWIDTH 18 0
BBX 10 11 4 -2
BITMAP
3F00
7F80
E1C0
E1C0
E1C0
E1C0
E1C0
E1C0
E3C0
7F80
3F00
ENDCHAR
STARTCHAR 2093
ENCODING 8339
SWIDTH 600 0
DWIDTH 18 0
BBX 10 11 4 -2
BITMAP
E1C0
7380
7380
3F00
1E00
1E00
1E00
3F00
7380
6180
E1C0
ENDCHAR
STARTCHAR 2094
ENCODING 8340
SWIDTH 600 0
DWIDTH 18 0
BBX 10 11 4 -2
BITMAP
3E00
7F80
E380
01C0
01C0
FFC0
FFC0
E1C0
6380
7F80
1E00
ENDCHAR
STARTCHAR 20A0
ENCODING 8352
SWIDTH 600 0
DWIDTH 18 0
BBX 16 21 1 0
BITMAP
0F80
3FE0
7FF0
7878
F078
F000
E000
E1FF
E1FF
E1FF
F1C0
F1C0
79C0
7FFE
3FFE
07FE
01C0
01C0
01FF
01FF
01FF
ENDCHAR
STARTCHAR 20A1
ENCODING 8353
SWIDTH 600 0
DWIDTH 18 0
BBX 16 23 1 -1
BITMAP
00CC
00CC
07EC
1FF8
3FFC
3FBE
7D9E
79BF
FB30
FB30
FB30
FB60
FB60
FE60
FE60
FECC
7ECF
7CDF
3EFE
3FFC
1FF8
1FF0
1980
ENDCHAR
STARTCHAR 20A2
ENCODING 8354
SWIDTH 600 0
DWIDTH 18 0
BBX 16 20 1 0
BITMAP
07E0
1FF8
3FFC
3F7E
7C1E
781F
F808
F800
FBCC
FBDC
FBFC
FBFC
FBE0
7BC0
7BCF
7FDF
3FFE
3FFC
1FF8
07F0
ENDCHAR
STARTCHAR 20A3
ENCODING 8355
SWIDTH 600 0
DWIDTH 18 0
BBX 16 20 1 0
BITMAP
3FFF
3FFF
3FFF
3C00
3C00
3C00
3C00
3C00
3FFE
3FFE
3FFE
3C00
3C00
3C00
FFC0
FFC0
3C00
3C00
3C00
3C00
ENDCHAR
STARTCHAR 20A4
ENCODING 8356
SWIDTH 600 0
DWIDTH 18 0
BBX 16 20 1 0
BITMAP
03F0
07FC
0FFC
1E1E
1E0C
1E00
1E00
FFE0
FFE0
1E00
1E00
FFE0
FFE0
1E00
1E07
1C0F
780F
FFFE
FFFC
FFF8
ENDCHAR
STARTCHAR 20A5
ENCODING 8357
SWIDTH 600 0
DWIDTH 18 0
BBX 16 23 1 -3
BITMAP
001C
0018
0018
0038
E73C
EFBE
FFFF
F3EF
F3EF
F3C7
E3C7
E3C7
E3C7
E3C7
E3C7
E7C7
E7C7
E7C7
EFC7
EFC7
1C00
1800
1800
ENDCHAR
STARTCHAR 20A6
ENCODING 8358
SWIDTH 600 0
DWIDTH 18 0
BBX 18 20 0 0
BITMAP
3E0F00
3E0F00
3F0F00
3F0F00
3F8F00
3F8F00
3B8F00
FFFFC0
FFFFC0
3DCF00
3DEF00
FFFFC0
FFFFC0
3C7700
3C7F00
3C7F00
3C3F00
3C3F00
3C3F00
3C1F00
ENDCHAR
STARTCHAR 20A7
ENCODING 8359
SWIDTH 600 0
DWIDTH 18 0
BBX 17 20 1 0
BITMAP
F80000
FE0000
CE0000
C60000
C70000
C70000
C60000
CE0000
FF8000
FD8000
C3EE00
C3FF00
C19980
C19C00
C18E00
C18700
C18380
C19980
C1FF00
C0EF00
ENDCHAR
STARTCHAR 20A8
ENCODING 8360
SWIDTH 600 0
DWIDTH 18 0
BBX 18 20 0 0
BITMAP
FE0000
FF0000
FF8000
E78000
E38F00
E39F80
E3BF80
E3B9C0
E3B900
FFB800
FF3E00
FE3F80
EE1F80
E707C0
E701C0
E711C0
E7B1C0
E3BFC0
E3BF80
E3DF00
ENDCHAR
STARTCHAR 20A9
ENCODING 8361
SWIDTH 600 0
DWIDTH 18 0
BBX 18 20 0 0
BITMAP
F003C0
F003C0
F003C0
700380
700380
700380
FFFFC0
FFFFC0
79E780
79E780
3BF700
3BF700
FFFFC0
FFFFC0
3F3F00
3F3F00
1F3F00
1E1E00
1E1E00
1E1E00
ENDCHAR
STARTCHAR 20AA
ENCODING 8362
SWIDTH 600 0
DWIDTH 18 0
BBX 18 18 0 0
BITMAP
FFC3C0
FFE3C0
FFF3C0
F0F3C0
F07BC0
F03BC0
F73BC0
F73BC0
F73BC0
F73BC0
F73BC0
F73B80
F70380
F70380
F70780
F7FF00
F7FF00
F7FC00
ENDCHAR
STARTCHAR 20AB
ENCODING 8363
SWIDTH 600 0
DWIDTH 18 0
BBX 17 27 1 -5
BITMAP
001E00
001E00
01FF80
01FF80
001E00
001E00
0F1E00
3FDE00
3FDE00
7C7E00
783E00
783E00
F81E00
F81E00
F81E00
F81E00
783E00
783E00
7C7E00
3FDE00
3FDE00
0F1E00
000000
000000
7FFE00
7FFE00
7FFE00
ENDCHAR
STARTCHAR 20AC
ENCODING 8364
SWIDTH 600 0
DWIDTH 18 0
BBX 16 20 1 0
BITMAP
01F8
07FE
0FFF
1FDE
1F04
3E00
3E00
FFF0
FFF0
3C00
3C00
FFF0
FFF0
3E00
1E00
1F02
1FDE
0FFF
07FE
01F8
ENDCHAR
STARTCHAR 20AD
ENCODING 8365
SWIDTH 600 0
DWIDTH 18 0
BBX 18 20 0 0
BITMAP
3C0F80
3C0F80
3C1F00
3C3E00
3C7C00
3C7800
3CF800
3DF000
FFFFC0
FFFFC0
FFFFC0
3FF800
3F7800
3E7C00
3C3E00
3C3E00
3C1F00
3C1F00
3C0F80
3C07C0
ENDCHAR
STARTCHAR 20AE
ENCODING 8366
SWIDTH 600 0
DWIDTH 18 0
BBX 16 20 1 0
BITMAP
FFFF
FFFF
FFFF
03C0
03C2
03DE
03FE
03FE
0FF8
3FC0
3FC2
3BDE
23FE
03FE
0FF8
3FC0
3FC0
3BC0
23C0
03C0
ENDCHAR
STARTCHAR 20AF
ENCODING 8367
SWIDTH 600 0
DWIDTH 18 0
BBX 18 28 0 -6
BITMAP
00C000
018000
038000
0FC000
376000
066000
0E7000
0E3000
0E3000
0E3000
0C3000
1C3000
1C3000
1C3380
1C3680
1C7CC0
187CC0
786CC0
B86CC0
B8CCC0
BDCD80
679F80
001C00
001C00
001C00
001800
001800
001800
ENDCHAR
STARTCHAR 20B0
ENCODING 8368
SWIDTH 600 0
DWIDTH 18 0
BBX 15 28 1 -6
BITMAP
00F8
01FC
03FE
03CE
038E
038E
038E
03CE
03DC
03DC
01F8
01F8
01F0
01F0
00F0
11F0
19F0
3FF8
3FF8
7F78
F73C
F23C
003C
003C
003C
03FC
03F8
03F0
ENDCHAR
STARTCHAR 20B1
ENCODING 8369
SWIDTH 600 0
DWIDTH 18 0
BBX 18 20 0 0
BITMAP
3FF800
3FFE00
3FFF00
3C3F00
FFFFC0
FFFFC0
3C0F80
FFFFC0
FFFFC0
3C3F00
3FFE00
3FFC00
3FF800
3C0000
3C0000
3C0000
3C0000
3C0000
3C0000
3C0000
ENDCHAR
STARTCHAR 20B2
ENCODING 8370
SWIDTH 600 0
DWIDTH 18 0
BBX 16 25 1 -3
BITMAP
0180
0180
07E0
1FF8
3FFC
7FFC
7DBE
799C
F980
F980
F980
F9FF
F9FF
F9FF
F98F
798F
798F
7D8F
3FBF
3FFE
1FFC
07F0
0180
0180
0180
ENDCHAR
STARTCHAR 20B3
ENCODING 8371
SWIDTH 600 0
DWIDTH 18 0
BBX 18 20 0 0
BITMAP
03F000
03F000
03F000
07F800
07F800
073800
0F3C00
FFFFC0
FFFFC0
1E1E00
1E1E00
1E1E00
FFFFC0
FFFFC0
3C0F00
7C0780
780780
780780
F807C0
F003C0
ENDCHAR
STARTCHAR 20B4
ENCODING 8372
SWIDTH 600 0
DWIDTH 18 0
BBX 18 20 0 0
BITMAP
03F800
0FFE00
1FFF00
3E1F00
3C0F00
040F80
FFFFC0
FFFFC0
03FF00
0FFE00
1FF800
FFFFC0
FFFFC0
7C0000
7807C0
780780
7E1F80
3FFF00
1FFE00
07F800
ENDCHAR
STARTCHAR 20B5
ENCODING 8373
SWIDTH 600 0
DWIDTH 18 0
BBX 16 25 1 -3
BITMAP
01C0
01C0
07E0
1FF8
3FFC
7FFE
7DDE
79DF
F9CC
F9C0
F9C0
F9C0
F9C0
F9C0
F9C0
F9CE
79CF
7DDE
3FFE
3FFC
1FF8
07F0
01C0
01C0
01C0
ENDCHAR
STARTCHAR 20BF
ENCODING 8383
SWIDTH 600 0
DWIDTH 18 0
BBX 18 24 0 -2
BITMAP
037000
037000
FFF800
FFFE00
1FFF00
1E3F00
1E0F80
1E0F80
1E0F80
1E0F00
1FFE00
1FF800
1FFF00
1E0F80
1E07C0
1E03C0
1E03C0
1E07C0
1E0FC0
1FFF80
FFFF00
FFFC00
037000
037000
ENDCHAR
STARTCHAR 20F0
ENCODING 8432
SWIDTH 0 0
DWIDTH 0 0
BBX 11 11 -2 16
BITMAP
0E00
0E00
CE40
EEE0
FFE0
7F80
1F00
3F80
7BC0
71C0
3100
ENDCHAR
STARTCHAR 2105
ENCODING 8453
SWIDTH 600 0
DWIDTH 18 0
BBX 18 20 0 0
BITMAP
3C0600
7E0C00
660C00
E61800
E01800
C03000
C03000
E06000
E76F00
66DF80
7ED980
3DB9C0
01B9C0
0338C0
0338C0
0639C0
0639C0
0C1980
0C1F80
180F00
ENDCHAR
STARTCHAR 2113
ENCODING 8467
SWIDTH 600 0
DWIDTH 18 0
BBX 13 20 2 0
BITMAP
07E0
0FF0
1FF8
3E38
3C38
3C38
3C78
3C70
3DF0
3FE0
3F80
FE00
FC00
FC00
3C18
3C38
3E30
1FF0
1FE0
0FC0
ENDCHAR
STARTCHAR 2116
ENCODING 8470
SWIDTH 600 0
DWIDTH 18 0
BBX 18 20 0 0
BITMAP
E18000
F18000
F18000
F18000
F18F00
F99F80
F99980
F999C0
FDB9C0
FDB9C0
EDB9C0
EDB9C0
EF99C0
EF9980
E79F80
E78F00
E78000
E38000
E39F80
E39F80
ENDCHAR
STARTCHAR 2117
ENCODING 8471
SWIDTH 600 0
DWIDTH 18 0
BBX 18 21 0 1
BITMAP
03F000
0FFC00
1C0E00
380700
37E300
67F980
661D80
660D80
460C80
C61C80
C7F8C0
C7F0C0
460080
660180
660180
660180
360300
380700
1C0E00
0FFC00
03F000
ENDCHAR
STARTCHAR 2122
ENCODING 8482
SWIDTH 600 0
DWIDTH 18 0
BBX 18 9 0 13
BITMAP
FEE1C0
FEE3C0
38E3C0
38F3C0
38F6C0
38DEC0
38DCC0
38DCC0
38CCC0
ENDCHAR
STARTCHAR 2126
ENCODING 8486
SWIDTH 600 0
DWIDTH 18 0
BBX 16 20 1 0
BITMAP
07E0
1FF8
3FFC
7E7E
783E
F81F
F81F
F00F
F00F
F00F
F00F
F00F
781E
781E
3C3C
1E78
0E70
FE7F
FE7F
FE7F
ENDCHAR
STARTCHAR 212E
ENCODING 8494
SWIDTH 600 0
DWIDTH 18 0
BBX 16 16 1 0
BITMAP
07E0
1FF8
381C
380E
780E
780E
F80F
FFFF
FFFF
F800
7800
7806
380E
381C
1FF8
07E0
ENDCHAR
STARTCHAR 214D
ENCODING 8525
SWIDTH 600 0
DWIDTH 18 0
BBX 18 20 0 0
BITMAP
1C0200
1C0600
1C0400
360C00
360800
361800
7E1000
7F3000
632000
632F00
C3DF80
0079C0
00B800
00BE00
019F80
0107C0
0301C0
0231C0
063F80
041F00
ENDCHAR
STARTCHAR 214E
ENCODING 8526
SWIDTH 600 0
DWIDTH 18 0
BBX 12 16 3 0
BITMAP
00F0
00F0
00F0
00F0
00F0
00F0
00F0
FFF0
FFF0
FFF0
00F0
00F0
00F0
FFF0
FFF0
FFF0
ENDCHAR
STARTCHAR 2153
ENCODING 8531
SWIDTH 600 0
DWIDTH 18 0
BBX 19 20 1 0
BITMAP
180C00
781C00
F81800
D83800
183000
186000
18E000
18C000
19C000
198F80
1B9FC0
0339C0
0701C0
060780
0E07C0
0C01C0
1800E0
1839C0
301FC0
700F80
ENDCHAR
STARTCHAR 2154
ENCODING 8532
SWIDTH 600 0
DWIDTH 18 0
BBX 19 20 1 0
BITMAP
3E0C00
7F1C00
E71800
E73800
073000
1E6000
3CE000
70C000
E1C000
FF8F80
FF9FC0
0339C0
0701C0
060780
0E07C0
0C01C0
1800E0
1839C0
301FC0
700F80
ENDCHAR
STARTCHAR 215B
ENCODING 8539
SWIDTH 600 0
DWIDTH 18 0
BBX 18 20 0 0
BITMAP
1C0C00
3C1C00
FC1800
FC3800
1C3000
1C7000
1C6000
1CE000
1CC000
1D9F00
1FBF80
033BC0
073B80
061F00
0E3F80
0C71C0
1C71C0
1871C0
383F80
301F00
ENDCHAR
STARTCHAR 215C
ENCODING 8540
SWIDTH 600 0
DWIDTH 18 0
BBX 19 20 -1 0
BITMAP
3E0300
7F0700
738600
070E00
1E0C00
1F1C00
039800
03B800
F3B000
7F67C0
3EFFE0
00DCE0
01DCE0
018FC0
038FE0
031CE0
071CE0
061CE0
0E1FE0
0C07C0
ENDCHAR
STARTCHAR 215D
ENCODING 8541
SWIDTH 600 0
DWIDTH 18 0
BBX 18 20 0 0
BITMAP
FE0600
FE0E00
E00C00
E01C00
FE1800
FE3800
073000
077000
E76000
FECF80
7DFFC0
01B9C0
03B9C0
031F80
071FC0
0639C0
0E39C0
0C39C0
1C3FC0
180F80
ENDCHAR
STARTCHAR 215E
ENCODING 8542
SWIDTH 600 0
DWIDTH 18 0
BBX 18 20 0 0
BITMAP
FF8C00
FF9800
033800
073000
0E7000
1C6000
1CE000
38C000
39C000
399F00
3BBF80
033BC0
063B80
061F00
0C3F80
1C71C0
1871C0
3871C0
303F80
701F00
ENDCHAR
STARTCHAR 2184
ENCODING 8580
SWIDTH 600 0
DWIDTH 18 0
BBX 14 16 2 0
BITMAP
0FC0
3FF0
7FF8
F878
F07C
003C
003C
003C
003C
003C
F03C
F07C
F878
7FF8
3FF0
0FC0
ENDCHAR
STARTCHAR 2190
ENCODING 8592
SWIDTH 600 0
DWIDTH 18 0
BBX 18 7 0 2
BITMAP
080000
100000
700000
FFFFC0
700000
300000
180000
ENDCHAR
STARTCHAR 2191
ENCODING 8593
SWIDTH 600 0
DWIDTH 18 0
BBX 8 18 5 -1
BITMAP
18
18
3C
7E
DB
18
18
18
18
18
18
18
18
18
18
18
18
18
ENDCHAR
STARTCHAR 2192
ENCODING 8594
SWIDTH 600 0
DWIDTH 18 0
BBX 18 7 0 2
BITMAP
000400
000200
000380
FFFFC0
000380
000300
000600
ENDCHAR
STARTCHAR 2193
ENCODING 8595
SWIDTH 600 0
DWIDTH 18 0
BBX 8 18 5 -1
BITMAP
18
18
18
18
18
18
18
18
18
18
18
18
18
99
7E
3C
18
18
ENDCHAR
STARTCHAR 2194
ENCODING 8596
SWIDTH 600 0
DWIDTH 18 0
BBX 18 7 0 2
BITMAP
080400
100200
700380
FFFFC0
700380
300300
180600
ENDCHAR
STARTCHAR 2195
ENCODING 8597
SWIDTH 600 0
DWIDTH 18 0
BBX 8 18 5 -1
BITMAP
18
18
3C
7E
DB
18
18
18
18
18
18
18
18
99
7E
3C
18
18
ENDCHAR
STARTCHAR 21A8
ENCODING 8616
SWIDTH 600 0
DWIDTH 18 0
BBX 8 20 5 -3
BITMAP
18
18
3C
7E
DB
18
18
18
18
18
18
18
18
99
7E
3C
18
18
00
FF
ENDCHAR
STARTCHAR 21D4
ENCODING 8660
SWIDTH 600 0
DWIDTH 18 0
BBX 18 7 0 6
BITMAP
080400
100200
3FFF00
E001C0
700380
3FFF00
180600
ENDCHAR
STARTCHAR 2202
ENCODING 8706
SWIDTH 600 0
DWIDTH 18 0
BBX 16 22 1 0
BITMAP
03F0
07F8
0FFC
083E
001E
000E
000F
07CF
1FFF
3F7F
3C1E
781E
701E
F01E
F01E
F01C
F03C
F078
F0F8
7FF0
3FE0
1F80
ENDCHAR
STARTCHAR 2206
ENCODING 8710
SWIDTH 600 0
DWIDTH 18 0
BBX 18 20 0 0
BITMAP
03F000
03F000
03F800
07F800
07F800
0F3C00
0F3C00
0F3C00
1E1E00
1E1E00
1E1E00
3C0F00
3C0F00
7C0F80
780780
780780
FFFFC0
FFFFC0
FFFFC0
FFFFC0
ENDCHAR
STARTCHAR 220F
ENCODING 8719
SWIDTH 600 0
DWIDTH 18 0
BBX 14 27 2 -7
BITMAP
FFFC
FFFC
FFFC
FFFC
F03C
F03C
F03C
F03C
F03C
F03C
F03C
F03C
F03C
F03C
F03C
F03C
F03C
F03C
F03C
F03C
F03C
F03C
F03C
F03C
F03C
F03C
F03C
ENDCHAR
STARTCHAR 2211
ENCODING 8721
SWIDTH 600 0
DWIDTH 18 0
BBX 18 27 0 -7
BITMAP
7FFF80
7FFF80
7FFF80
3C0000
3E0000
1F0000
0F0000
078000
07C000
03E000
01F000
00F000
00F800
007C00
00F800
00F000
01E000
03E000
07C000
078000
0F0000
1E0000
3E0000
7C0000
7FFFC0
FFFFC0
FFFFC0
ENDCHAR
STARTCHAR 2212
ENCODING 8722
SWIDTH 600 0
DWIDTH 18 0
BBX 16 3 1 9
BITMAP
FFFF
FFFF
FFFF
ENDCHAR
STARTCHAR 2215
ENCODING 8725
SWIDTH 600 0
DWIDTH 18 0
BBX 12 20 3 0
BITMAP
0030
0070
0060
00E0
00C0
01C0
0180
0380
0300
0700
0600
0C00
1C00
1800
3800
3000
7000
6000
E000
C000
ENDCHAR
STARTCHAR 2219
ENCODING 8729
SWIDTH 600 0
DWIDTH 18 0
BBX 4 4 7 6
BITMAP
F0
F0
F0
F0
ENDCHAR
STARTCHAR 221A
ENCODING 8730
SWIDTH 600 0
DWIDTH 18 0
BBX 16 24 1 0
BITMAP
0007
0007
0007
0006
000E
000E
000C
001C
001C
0018
0038
F838
F838
1830
1C70
1C70
0C60
0EE0
0EE0
07C0
07C0
03C0
0380
0380
ENDCHAR
STARTCHAR 221E
ENCODING 8734
SWIDTH 600 0
DWIDTH 18 0
BBX 18 11 0 3
BITMAP
1C0E00
7F3F00
7F3F80
F1F380
E1E1C0
E0C1C0
E1E1C0
E1E1C0
7F7F80
7F3F80
1E1F00
ENDCHAR
STARTCHAR 221F
ENCODING 8735
SWIDTH 600 0
DWIDTH 18 0
BBX 16 18 1 0
BITMAP
8000
8000
8000
8000
8000
8000
8000
8000
8000
8000
8000
8000
8000
8000
8000
8000
8000
FFFF
ENDCHAR
STARTCHAR 2229
ENCODING 8745
SWIDTH 600 0
DWIDTH 18 0
BBX 14 15 2 0
BITMAP
0FC0
1FE0
3030
6018
4008
C008
C00C
C00C
C00C
C00C
C00C
C00C
C00C
C00C
C00C
ENDCHAR
STARTCHAR 222B
ENCODING 8747
SWIDTH 600 0
DWIDTH 18 0
BBX 12 29 3 -7
BITMAP
01F0
07F0
07F0
0F80
0F00
0F00
0F00
0F00
0F00
0F00
0F00
0F00
0F00
0F00
0F00
0F00
0F00
0F00
0F00
0F00
0F00
0F00
0F00
0F00
0F00
1F00
FE00
FE00
F800
ENDCHAR
STARTCHAR 2248
ENCODING 8776
SWIDTH 600 0
DWIDTH 18 0
BBX 16 11 1 5
BITMAP
3E01
FFC3
FFFF
C3FF
807C
0000
3E01
FFC3
FFFF
C3FF
807C
ENDCHAR
STARTCHAR 2260
ENCODING 8800
SWIDTH 600 0
DWIDTH 18 0
BBX 16 19 1 1
BITMAP
001C
0038
0038
0070
FFFF
FFFF
FFFF
01C0
01C0
0380
0380
0700
FFFF
FFFF
FFFF
1C00
1C00
3800
3800
ENDCHAR
STARTCHAR 2261
ENCODING 8801
SWIDTH 600 0
DWIDTH 18 0
BBX 14 12 2 4
BITMAP
FFFC
FFFC
0000
0000
0000
FFFC
FFFC
0000
0000
0000
FFFC
FFFC
ENDCHAR
STARTCHAR 2262
ENCODING 8802
SWIDTH 600 0
DWIDTH 18 0
BBX 14 20 2 0
BITMAP
0038
0070
0070
00E0
FFFC
FFFC
01C0
01C0
0380
FFFC
FFFC
0700
0700
0E00
FFFC
FFFC
1C00
3C00
3800
3800
ENDCHAR
STARTCHAR 2264
ENCODING 8804
SWIDTH 600 0
DWIDTH 18 0
BBX 15 19 1 0
BITMAP
0002
001E
00FE
07FE
3FF0
FF80
FC00
E000
FC00
FF80
3FF0
07FE
00FE
001E
0002
0000
FFFE
FFFE
FFFE
ENDCHAR
STARTCHAR 2265
ENCODING 8805
SWIDTH 600 0
DWIDTH 18 0
BBX 15 19 2 0
BITMAP
8000
F000
FE00
FFC0
1FF8
03FE
007E
000E
007E
03FE
1FF8
FFC0
FE00
F000
8000
0000
FFFE
FFFE
FFFE
ENDCHAR
STARTCHAR 2302
ENCODING 8962
SWIDTH 600 0
DWIDTH 18 0
BBX 14 16 2 0
BITMAP
0300
0780
0CC0
1860
3030
6018
C00C
8004
8004
8004
8004
8004
8004
8004
8004
FFFC
ENDCHAR
STARTCHAR 2310
ENCODING 8976
SWIDTH 600 0
DWIDTH 18 0
BBX 14 8 2 3
BITMAP
FFFC
FFFC
C000
C000
C000
C000
C000
C000
ENDCHAR
STARTCHAR 2320
ENCODING 8992
SWIDTH 600 0
DWIDTH 18 0
BBX 7 34 8 -9
BITMAP
1C
7E
6E
C0
C0
C0
C0
C0
C0
C0
C0
C0
C0
C0
C0
C0
C0
C0
C0
C0
C0
C0
C0
C0
C0
C0
C0
C0
C0
C0
C0
C0
C0
C0
ENDCHAR
STARTCHAR 2321
ENCODING 8993
SWIDTH 600 0
DWIDTH 18 0
BBX 7 34 3 -9
BITMAP
06
06
06
06
06
06
06
06
06
06
06
06
06
06
06
06
06
06
06
06
06
06
06
06
06
06
06
06
06
06
06
EC
FC
70
ENDCHAR
STARTCHAR 2500
ENCODING 9472
SWIDTH 600 0
DWIDTH 18 0
BBX 18 2 0 8
BITMAP
FFFFC0
FFFFC0
ENDCHAR
STARTCHAR 2502
ENCODING 9474
SWIDTH 600 0
DWIDTH 18 0
BBX 2 34 8 -9
BITMAP
C0
C0
C0
C0
C0
C0
C0
C0
C0
C0
C0
C0
C0
C0
C0
C0
C0
C0
C0
C0
C0
C0
C0
C0
C0
C0
C0
C0
C0
C0
C0
C0
C0
C0
ENDCHAR
STARTCHAR 250C
ENCODING 9484
SWIDTH 600 0
DWIDTH 18 0
BBX 10 19 8 -9
BITMAP
FFC0
FFC0
C000
C000
C000
C000
C000
C000
C000
C000
C000
C000
C000
C000
C000
C000
C000
C000
C000
ENDCHAR
STARTCHAR 2510
ENCODING 9488
SWIDTH 600 0
DWIDTH 18 0
BBX 10 19 0 -9
BITMAP
FFC0
FFC0
00C0
00C0
00C0
00C0
00C0
00C0
00C0
00C0
00C0
00C0
00C0
00C0
00C0
00C0
00C0
00C0
00C0
ENDCHAR
STARTCHAR 2514
ENCODING 9492
SWIDTH 600 0
DWIDTH 18 0
BBX 10 17 8 8
BITMAP
C000
C000
C000
C000
C000
C000
C000
C000
C000
C000
C000
C000
C000
C000
C000
FFC0
FFC0
ENDCHAR
STARTCHAR 2518
ENCODING 9496
SWIDTH 600 0
DWIDTH 18 0
BBX 10 17 0 8
BITMAP
00C0
00C0
00C0
00C0
00C0
00C0
00C0
00C0
00C0
00C0
00C0
00C0
00C0
00C0
00C0
FFC0
FFC0
ENDCHAR
STARTCHAR 251C
ENCODING 9500
SWIDTH 600 0
DWIDTH 18 0
BBX 10 34 8 -9
BITMAP
C000
C000
C000
C000
C000
C000
C000
C000
C000
C000
C000
C000
C000
C000
C000
FFC0
FFC0
C000
C000
C000
C000
C000
C000
C000
C000
C000
C000
C000
C000
C000
C000
C000
C000
C000
ENDCHAR
STARTCHAR 2524
ENCODING 9508
SWIDTH 600 0
DWIDTH 18 0
BBX 10 34 0 -9
BITMAP
00C0
00C0
00C0
00C0
00C0
00C0
00C0
00C0
00C0
00C0
00C0
00C0
00C0
00C0
00C0
FFC0
FFC0
00C0
00C0
00C0
00C0
00C0
00C0
00C0
00C0
00C0
00C0
00C0
00C0
00C0
00C0
00C0
00C0
00C0
ENDCHAR
STARTCHAR 252C
ENCODING 9516
SWIDTH 600 0
DWIDTH 18 0
BBX 18 19 0 -9
BITMAP
FFFFC0
FFFFC0
00C000
00C000
00C000
00C000
00C000
00C000
00C000
00C000
00C000
00C000
00C000
00C000
00C000
00C000
00C000
00C000
00C000
ENDCHAR
STARTCHAR 2534
ENCODING 9524
SWIDTH 600 0
DWIDTH 18 0
BBX 18 17 0 8
BITMAP
00C000
00C000
00C000
00C000
00C000
00C000
00C000
00C000
00C000
00C000
00C000
00C000
00C000
00C000
00C000
FFFFC0
FFFFC0
ENDCHAR
STARTCHAR 253C
ENCODING 9532
SWIDTH 600 0
DWIDTH 18 0
BBX 18 34 0 -9
BITMAP
00C000
00C000
00C000
00C000
00C000
00C000
00C000
00C000
00C000
00C000
00C000
00C000
00C000
00C000
00C000
FFFFC0
FFFFC0
00C000
00C000
00C000
00C000
00C000
00C000
00C000
00C000
00C000
00C000
00C000
00C000
00C000
00C000
00C000
00C000
00C000
ENDCHAR
STARTCHAR 2550
ENCODING 9552
SWIDTH 600 0
DWIDTH 18 0
BBX 18 7 0 6
BITMAP
FFFFC0
FFFFC0
000000
000000
000000
FFFFC0
FFFFC0
ENDCHAR
STARTCHAR 2551
ENCODING 9553
SWIDTH 600 0
DWIDTH 18 0
BBX 8 34 5 -9
BITMAP
C3
C3
C3
C3
C3
C3
C3
C3
C3
C3
C3
C3
C3
C3
C3
C3
C3
C3
C3
C3
C3
C3
C3
C3
C3
C3
C3
C3
C3
C3
C3
C3
C3
C3
ENDCHAR
STARTCHAR 2552
ENCODING 9554
SWIDTH 600 0
DWIDTH 18 0
BBX 10 22 8 -9
BITMAP
FFC0
FFC0
C000
C000
C000
FFC0
FFC0
C000
C000
C000
C000
C000
C000
C000
C000
C000
C000
C000
C000
C000
C000
C000
ENDCHAR
STARTCHAR 2553
ENCODING 9555
SWIDTH 600 0
DWIDTH 18 0
BBX 13 19 5 -9
BITMAP
FFF8
FFF8
C300
C300
C300
C300
C300
C300
C300
C300
C300
C300
C300
C300
C300
C300
C300
C300
C300
ENDCHAR
STARTCHAR 2554
ENCODING 9556
SWIDTH 600 0
DWIDTH 18 0
BBX 13 22 5 -9
BITMAP
FFF8
FFF8
C000
C000
C000
C3F8
C3F8
C300
C300
C300
C300
C300
C300
C300
C300
C300
C300
C300
C300
C300
C300
C300
ENDCHAR
STARTCHAR 2555
ENCODING 9557
SWIDTH 600 0
DWIDTH 18 0
BBX 10 22 0 -9
BITMAP
FFC0
FFC0
00C0
00C0
00C0
FFC0
FFC0
00C0
00C0
00C0
00C0
00C0
00C0
00C0
00C0
00C0
00C0
00C0
00C0
00C0
00C0
00C0
ENDCHAR
STARTCHAR 2556
ENCODING 9558
SWIDTH 600 0
DWIDTH 18 0
BBX 13 19 0 -9
BITMAP
FFF8
FFF8
0618
0618
0618
0618
0618
0618
0618
0618
0618
0618
0618
0618
0618
0618
0618
0618
0618
ENDCHAR
STARTCHAR 2557
ENCODING 9559
SWIDTH 600 0
DWIDTH 18 0
BBX 13 22 0 -9
BITMAP
FFF8
FFF8
0018
0018
0018
FE18
FE18
0618
0618
0618
0618
0618
0618
0618
0618
0618
0618
0618
0618
0618
0618
0618
ENDCHAR
STARTCHAR 2558
ENCODING 9560
SWIDTH 600 0
DWIDTH 18 0
BBX 10 19 8 6
BITMAP
C000
C000
C000
C000
C000
C000
C000
C000
C000
C000
C000
C000
FFC0
FFC0
C000
C000
C000
FFC0
FFC0
ENDCHAR
STARTCHAR 2559
ENCODING 9561
SWIDTH 600 0
DWIDTH 18 0
BBX 13 17 5 8
BITMAP
C300
C300
C300
C300
C300
C300
C300
C300
C300
C300
C300
C300
C300
C300
C300
FFF8
FFF8
ENDCHAR
STARTCHAR 255A
ENCODING 9562
SWIDTH 600 0
DWIDTH 18 0
BBX 13 19 5 6
BITMAP
C300
C300
C300
C300
C300
C300
C300
C300
C300
C300
C300
C300
C3F8
C3F8
C000
C000
C000
FFF8
FFF8
ENDCHAR
STARTCHAR 255B
ENCODING 9563
SWIDTH 600 0
DWIDTH 18 0
BBX 10 19 0 6
BITMAP
00C0
00C0
00C0
00C0
00C0
00C0
00C0
00C0
00C0
00C0
00C0
00C0
FFC0
FFC0
00C0
00C0
00C0
FFC0
FFC0
ENDCHAR
STARTCHAR 255C
ENCODING 9564
SWIDTH 600 0
DWIDTH 18 0
BBX 13 17 0 8
BITMAP
0618
0618
0618
0618
0618
0618
0618
0618
0618
0618
0618
0618
0618
0618
0618
FFF8
FFF8
ENDCHAR
STARTCHAR 255D
ENCODING 9565
SWIDTH 600 0
DWIDTH 18 0
BBX 13 19 0 6
BITMAP
0618
0618
0618
0618
0618
0618
0618
0618
0618
0618
0618
0618
FE18
FE18
0018
0018
0018
FFF8
FFF8
ENDCHAR
STARTCHAR 255E
ENCODING 9566
SWIDTH 600 0
DWIDTH 18 0
BBX 10 34 8 -9
BITMAP
C000
C000
C000
C000
C000
C000
C000
C000
C000
C000
C000
C000
FFC0
FFC0
C000
C000
C000
FFC0
FFC0
C000
C000
C000
C000
C000
C000
C000
C000
C000
C000
C000
C000
C000
C000
C000
ENDCHAR
STARTCHAR 255F
ENCODING 9567
SWIDTH 600 0
DWIDTH 18 0
BBX 13 34 5 -9
BITMAP
C300
C300
C300
C300
C300
C300
C300
C300
C300
C300
C300
C300
C300
C300
C300
C3F8
C3F8
C300
C300
C300
C300
C300
C300
C300
C300
C300
C300
C300
C300
C300
C300
C300
C300
C300
ENDCHAR
STARTCHAR 2560
ENCODING 9568
SWIDTH 600 0
DWIDTH 18 0
BBX 13 34 5 -9
BITMAP
C300
C300
C300
C300
C300
C300
C300
C300
C300
C300
C300
C300
C3F8
C3F8
C000
C000
C000
C3F8
C3F8
C300
C300
C300
C300
C300
C300
C300
C300
C300
C300
C300
C300
C300
C300
C300
ENDCHAR
STARTCHAR 2561
ENCODING 9569
SWIDTH 600 0
DWIDTH 18 0
BBX 10 34 0 -9
BITMAP
00C0
00C0
00C0
00C0
00C0
00C0
00C0
00C0
00C0
00C0
00C0
00C0
FFC0
FFC0
00C0
00C0
00C0
FFC0
FFC0
00C0
00C0
00C0
00C0
00C0
00C0
00C0
00C0
00C0
00C0
00C0
00C0
00C0
00C0
00C0
ENDCHAR
STARTCHAR 2562
ENCODING 9570
SWIDTH 600 0
DWIDTH 18 0
BBX 13 34 0 -9
BITMAP
0618
0618
0618
0618
0618
0618
0618
0618
0618
0618
0618
0618
0618
0618
0618
FE18
FE18
0618
0618
0618
0618
0618
0618
0618
0618
0618
0618
0618
0618
0618
0618
0618
0618
0618
ENDCHAR
STARTCHAR 2563
ENCODING 9571
SWIDTH 600 0
DWIDTH 18 0
BBX 13 34 0 -9
BITMAP
0618
0618
0618
0618
0618
0618
0618
0618
0618
0618
0618
0618
FE18
FE18
0018
0018
0018
FE18
FE18
0618
0618
0618
0618
0618
0618
0618
0618
0618
0618
0618
0618
0618
0618
0618
ENDCHAR
STARTCHAR 2564
ENCODING 9572
SWIDTH 600 0
DWIDTH 18 0
BBX 18 22 0 -9
BITMAP
FFFFC0
FFFFC0
000000
000000
000000
FFFFC0
FFFFC0
00C000
00C000
00C000
00C000
00C000
00C000
00C000
00C000
00C000
00C000
00C000
00C000
00C000
00C000
00C000
ENDCHAR
STARTCHAR 2565
ENCODING 9573
SWIDTH 600 0
DWIDTH 18 0
BBX 18 19 0 -9
BITMAP
FFFFC0
FFFFC0
061800
061800
061800
061800
061800
061800
061800
061800
061800
061800
061800
061800
061800
061800
061800
061800
061800
ENDCHAR
STARTCHAR 2566
ENCODING 9574
SWIDTH 600 0
DWIDTH 18 0
BBX 18 22 0 -9
BITMAP
FFFFC0
FFFFC0
000000
000000
000000
FE1FC0
FE1FC0
061800
061800
061800
061800
061800
061800
061800
061800
061800
061800
061800
061800
061800
061800
061800
ENDCHAR
STARTCHAR 2567
ENCODING 9575
SWIDTH 600 0
DWIDTH 18 0
BBX 18 19 0 6
BITMAP
00C000
00C000
00C000
00C000
00C000
00C000
00C000
00C000
00C000
00C000
00C000
00C000
FFFFC0
FFFFC0
000000
000000
000000
FFFFC0
FFFFC0
ENDCHAR
STARTCHAR 2568
ENCODING 9576
SWIDTH 600 0
DWIDTH 18 0
BBX 18 17 0 8
BITMAP
061800
061800
061800
061800
061800
061800
061800
061800
061800
061800
061800
061800
061800
061800
061800
FFFFC0
FFFFC0
ENDCHAR
STARTCHAR 2569
ENCODING 9577
SWIDTH 600 0
DWIDTH 18 0
BBX 18 19 0 6
BITMAP
061800
061800
061800
061800
061800
061800
061800
061800
061800
061800
061800
061800
FE1FC0
FE1FC0
000000
000000
000000
FFFFC0
FFFFC0
ENDCHAR
STARTCHAR 256A
ENCODING 9578
SWIDTH 600 0
DWIDTH 18 0
BBX 18 34 0 -9
BITMAP
00C000
00C000
00C000
00C000
00C000
00C000
00C000
00C000
00C000
00C000
00C000
00C000
FFFFC0
FFFFC0
00C000
00C000
00C000
FFFFC0
FFFFC0
00C000
00C000
00C000
00C000
00C000
00C000
00C000
00C000
00C000
00C000
00C000
00C000
00C000
00C000
00C000
ENDCHAR
STARTCHAR 256B
ENCODING 9579
SWIDTH 600 0
DWIDTH 18 0
BBX 18 34 0 -9
BITMAP
061800
061800
061800
061800
061800
061800
061800
061800
061800
061800
061800
061800
061800
061800
061800
FFFFC0
FFFFC0
061800
061800
061800
061800
061800
061800
061800
061800
061800
061800
061800
061800
061800
061800
061800
061800
061800
ENDCHAR
STARTCHAR 256C
ENCODING 9580
SWIDTH 600 0
DWIDTH 18 0
BBX 18 34 0 -9
BITMAP
061800
061800
061800
061800
061800
061800
061800
061800
061800
061800
061800
061800
FE1FC0
FE1FC0
000000
000000
000000
FE1FC0
FE1FC0
061800
061800
061800
061800
061800
061800
061800
061800
061800
061800
061800
061800
061800
061800
061800
ENDCHAR
STARTCHAR 2580
ENCODING 9600
SWIDTH 600 0
DWIDTH 18 0
BBX 18 16 0 9
BITMAP
FFFFC0
FFFFC0
FFFFC0
FFFFC0
FFFFC0
FFFFC0
FFFFC0
FFFFC0
FFFFC0
FFFFC0
FFFFC0
FFFFC0
FFFFC0
FFFFC0
FFFFC0
FFFFC0
ENDCHAR
STARTCHAR 2584
ENCODING 9604
SWIDTH 600 0
DWIDTH 18 0
BBX 18 18 0 -9
BITMAP
FFFFC0
FFFFC0
FFFFC0
FFFFC0
FFFFC0
FFFFC0
FFFFC0
FFFFC0
FFFFC0
FFFFC0
FFFFC0
FFFFC0
FFFFC0
FFFFC0
FFFFC0
FFFFC0
FFFFC0
FFFFC0
ENDCHAR
STARTCHAR 2588
ENCODING 9608
SWIDTH 600 0
DWIDTH 18 0
BBX 18 34 0 -9
BITMAP
FFFFC0
FFFFC0
FFFFC0
FFFFC0
FFFFC0
FFFFC0
FFFFC0
FFFFC0
FFFFC0
FFFFC0
FFFFC0
FFFFC0
FFFFC0
FFFFC0
FFFFC0
FFFFC0
FFFFC0
FFFFC0
FFFFC0
FFFFC0
FFFFC0
FFFFC0
FFFFC0
FFFFC0
FFFFC0
FFFFC0
FFFFC0
FFFFC0
FFFFC0
FFFFC0
FFFFC0
FFFFC0
FFFFC0
FFFFC0
ENDCHAR
STARTCHAR 258C
ENCODING 9612
SWIDTH 600 0
DWIDTH 18 0
BBX 9 34 0 -9
BITMAP
FF80
FF80
FF80
FF80
FF80
FF80
FF80
FF80
FF80
FF80
FF80
FF80
FF80
FF80
FF80
FF80
FF80
FF80
FF80
FF80
FF80
FF80
FF80
FF80
FF80
FF80
FF80
FF80
FF80
FF80
FF80
FF80
FF80
FF80
ENDCHAR
STARTCHAR 2590
ENCODING 9616
SWIDTH 600 0
DWIDTH 18 0
BBX 9 34 9 -9
BITMAP
FF80
FF80
FF80
FF80
FF80
FF80
FF80
FF80
FF80
FF80
FF80
FF80
FF80
FF80
FF80
FF80
FF80
FF80
FF80
FF80
FF80
FF80
FF80
FF80
FF80
FF80
FF80
FF80
FF80
FF80
FF80
FF80
FF80
FF80
ENDCHAR
STARTCHAR 2591
ENCODING 9617
SWIDTH 600 0
DWIDTH 18 0
BBX 17 33 0 -8
BITMAP
C30C00
000000
000000
186180
000000
000000
C30C00
000000
000000
186180
000000
C30C00
000000
000000
186180
000000
000000
C30C00
000000
000000
186180
000000
000000
C30C00
000000
000000
186180
000000
000000
C30C00
000000
000000
186180
ENDCHAR
STARTCHAR 2592
ENCODING 9618
SWIDTH 600 0
DWIDTH 18 0
BBX 18 33 0 -8
BITMAP
6DB640
000000
000000
DB6D80
000000
000000
6DB640
000000
000000
DB6D80
000000
6DB640
000000
000000
DB6D80
000000
000000
6DB640
000000
000000
DB6D80
000000
000000
6DB640
000000
000000
DB6D80
000000
000000
6DB640
000000
000000
DB6D80
ENDCHAR
STARTCHAR 2593
ENCODING 9619
SWIDTH 600 0
DWIDTH 18 0
BBX 18 34 0 -9
BITMAP
6DB640
FFFFC0
DB6D80
DB6D80
FFFFC0
6DB640
6DB640
FFFFC0
DB6D80
DB6D80
FFFFC0
6DB640
FFFFC0
DB6D80
DB6D80
FFFFC0
6DB640
6DB640
FFFFC0
DB6D80
DB6D80
FFFFC0
6DB640
6DB640
FFFFC0
DB6D80
DB6D80
FFFFC0
6DB640
6DB640
FFFFC0
DB6D80
DB6D80
FFFFC0
ENDCHAR
STARTCHAR 25A0
ENCODING 9632
SWIDTH 600 0
DWIDTH 18 0
BBX 14 14 2 2
BITMAP
FFFC
FFFC
FFFC
FFFC
FFFC
FFFC
FFFC
FFFC
FFFC
FFFC
FFFC
FFFC
FFFC
FFFC
ENDCHAR
STARTCHAR 25A1
ENCODING 9633
SWIDTH 600 0
DWIDTH 18 0
BBX 18 18 0 0
BITMAP
FFFFC0
800040
800040
800040
800040
800040
800040
800040
800040
800040
800040
800040
800040
800040
800040
800040
800040
FFFFC0
ENDCHAR
STARTCHAR 25AA
ENCODING 9642
SWIDTH 600 0
DWIDTH 18 0
BBX 8 7 5 6
BITMAP
FF
FF
FF
FF
FF
FF
FF
ENDCHAR
STARTCHAR 25AB
ENCODING 9643
SWIDTH 600 0
DWIDTH 18 0
BBX 8 7 5 6
BITMAP
FF
81
81
81
81
81
FF
ENDCHAR
STARTCHAR 25AC
ENCODING 9644
SWIDTH 600 0
DWIDTH 18 0
BBX 18 7 0 1
BITMAP
FFFFC0
FFFFC0
FFFFC0
FFFFC0
FFFFC0
FFFFC0
FFFFC0
ENDCHAR
STARTCHAR 25B2
ENCODING 9650
SWIDTH 600 0
DWIDTH 18 0
BBX 18 17 0 1
BITMAP
004000
00C000
00C000
01E000
01E000
03F000
03F000
07F800
07F800
0FFC00
0FFC00
1FFE00
1FFE00
3FFF00
3FFF00
7FFF80
FFFFC0
ENDCHAR
STARTCHAR 25BA
ENCODING 9658
SWIDTH 600 0
DWIDTH 18 0
BBX 16 18 1 0
BITMAP
8000
E000
F800
FC00
FF00
FFC0
FFF0
FFFC
FFFF
FFFF
FFFC
FFF0
FFC0
FF00
FC00
F800
E000
8000
ENDCHAR
STARTCHAR 25BC
ENCODING 9660
SWIDTH 600 0
DWIDTH 18 0
BBX 17 16 0 0
BITMAP
FFFF80
7FFF80
3FFF00
3FFF00
1FFE00
1FFE00
0FFC00
0FFC00
07F800
07F800
03F000
01E000
01E000
00C000
00C000
004000
ENDCHAR
STARTCHAR 25C4
ENCODING 9668
SWIDTH 600 0
DWIDTH 18 0
BBX 16 18 1 0
BITMAP
0001
0007
001F
003F
00FF
03FF
0FFF
3FFF
FFFF
FFFF
3FFF
0FFF
03FF
00FF
003F
001F
0007
0001
ENDCHAR
STARTCHAR 25CA
ENCODING 9674
SWIDTH 600 0
DWIDTH 18 0
BBX 14 21 2 0
BITMAP
0300
0780
0780
0FC0
1CE0
1CE0
3870
7878
7038
E01C
E01C
E01C
7038
7878
3870
1CE0
1CE0
0FC0
0780
0780
0300
ENDCHAR
STARTCHAR 25CB
ENCODING 9675
SWIDTH 600 0
DWIDTH 18 0
BBX 14 13 2 3
BITMAP
0FC0
18E0
3030
6018
4008
C00C
C00C
C00C
4008
6018
3030
1860
0FC0
ENDCHAR
STARTCHAR 25CC
ENCODING 9676
SWIDTH 600 0
DWIDTH 18 0
BBX 14 15 2 1
BITMAP
0B40
0840
2010
2010
0000
C00C
8004
8004
0000
0000
C00C
2010
2850
0840
0300
ENDCHAR
STARTCHAR 25CF
ENCODING 9679
SWIDTH 600 0
DWIDTH 18 0
BBX 12 13 3 2
BITMAP
0F00
3FC0
7FE0
FFF0
FFF0
FFF0
FFF0
FFF0
FFF0
FFF0
7FE0
3FC0
1F80
ENDCHAR
STARTCHAR 25D0
ENCODING 9680
SWIDTH 600 0
DWIDTH 18 0
BBX 12 13 3 0
BITMAP
0F80
3C40
7C20
FC10
FC10
FC10
FC10
FC10
FC10
FC10
7C10
3C60
1F80
ENDCHAR
STARTCHAR 25D1
ENCODING 9681
SWIDTH 600 0
DWIDTH 18 0
BBX 13 14 2 0
BITMAP
0F80
31E0
41F0
41F8
81F8
81F8
81F8
81F8
81F8
41F8
41F0
31E0
0BC0
1C00
ENDCHAR
STARTCHAR 25D2
ENCODING 9682
SWIDTH 600 0
DWIDTH 18 0
BBX 14 13 1 0
BITMAP
07E0
1818
2004
2004
4004
4004
3FFC
7FFC
BFFC
BFFC
1FF8
0FF0
07C0
ENDCHAR
STARTCHAR 25D3
ENCODING 9683
SWIDTH 600 0
DWIDTH 18 0
BBX 13 13 2 0
BITMAP
0780
1FE0
3FF0
7FF8
7FF8
7FF8
7FF8
8018
8068
4188
4008
3030
0FC0
ENDCHAR
STARTCHAR 25D4
ENCODING 9684
SWIDTH 600 0
DWIDTH 18 0
BBX 12 13 3 2
BITMAP
1F00
63C0
83E0
83F0
83F0
83F0
83F0
8010
8010
8010
8010
6060
1F80
ENDCHAR
STARTCHAR 25D5
ENCODING 9685
SWIDTH 600 0
DWIDTH 18 0
BBX 12 13 3 2
BITMAP
1F00
63C0
83E0
83F0
83F0
83F0
FFF0
FFF0
FFF0
FFF0
7FE0
3FC0
1F80
ENDCHAR
STARTCHAR 25D6
ENCODING 9686
SWIDTH 600 0
DWIDTH 18 0
BBX 6 14 6 0
BITMAP
0C
3C
7C
7C
FC
FC
FC
FC
FC
7C
7C
3C
0C
70
ENDCHAR
STARTCHAR 25D7
ENCODING 9687
SWIDTH 600 0
DWIDTH 18 0
BBX 9 14 3 0
BITMAP
1800
3E00
5F00
5F00
5F80
9F80
9F80
1F80
1F80
1F00
1F00
1E00
1800
4000
ENDCHAR
STARTCHAR 25D8
ENCODING 9688
SWIDTH 600 0
DWIDTH 18 0
BBX 16 17 1 0
BITMAP
FFFF
FFFF
FC3F
F00F
E007
C003
C003
C003
C003
C003
C003
C003
E007
F00F
F83F
FFFF
FFFF
ENDCHAR
STARTCHAR 25D9
ENCODING 9689
SWIDTH 600 0
DWIDTH 18 0
BBX 16 17 1 0
BITMAP
FFFF
FFFF
FC3F
F3CF
EFF7
DFF3
DFFB
DFFB
DFFB
DFFB
DFFB
DFF3
EFF7
F3CF
F83F
FFFF
FFFF
ENDCHAR
STARTCHAR 25E6
ENCODING 9702
SWIDTH 600 0
DWIDTH 18 0
BBX 8 7 5 6
BITMAP
3C
66
C2
81
42
66
3C
ENDCHAR
STARTCHAR 263A
ENCODING 9786
SWIDTH 600 0
DWIDTH 18 0
BBX 18 17 0 0
BITMAP
03F000
0C0C00
100200
200100
600180
461880
461880
800040
800040
800040
400080
440880
461980
23F100
100200
0C0C00
03F000
ENDCHAR
STARTCHAR 263B
ENCODING 9787
SWIDTH 600 0
DWIDTH 18 0
BBX 18 17 0 0
BITMAP
03F000
0FFC00
1FFE00
3FFF00
7FFF80
79E780
79E780
FFFFC0
FFFFC0
FFFFC0
7FFF80
7BF780
79E780
3C0F00
1FFE00
0FFC00
03F000
ENDCHAR
STARTCHAR 263C
ENCODING 9788
SWIDTH 600 0
DWIDTH 18 0
BBX 18 17 0 -2
BITMAP
00C000
00C000
10C200
19E600
0E1C00
040800
080400
080400
F807C0
080400
080400
040800
0E1C00
19E400
10C200
00C000
00C000
ENDCHAR
STARTCHAR 2640
ENCODING 9792
SWIDTH 600 0
DWIDTH 18 0
BBX 8 16 5 1
BITMAP
3C
42
81
81
81
81
81
42
3C
18
18
18
FF
18
18
18
ENDCHAR
STARTCHAR 2642
ENCODING 9794
SWIDTH 600 0
DWIDTH 18 0
BBX 13 13 2 1
BITMAP
00F8
0018
0028
0048
1E88
2300
4180
C080
8080
4080
4180
2300
1E00
ENDCHAR
STARTCHAR 2660
ENCODING 9824
SWIDTH 600 0
DWIDTH 18 0
BBX 15 18 1 0
BITMAP
0100
0180
0180
03C0
07E0
0FF0
1FF8
3FFC
7FFE
7FFE
FFFE
7FFE
7FFE
3DBC
0180
03C0
07E0
1FF8
ENDCHAR
STARTCHAR 2663
ENCODING 9827
SWIDTH 600 0
DWIDTH 18 0
BBX 16 18 1 0
BITMAP
03C0
07E0
0FF0
0FF0
0FF0
0FE0
07E0
3FFC
7FFE
7FFE
FFFF
7FFE
7FFE
3DBC
0180
03C0
07E0
1FF8
ENDCHAR
STARTCHAR 2665
ENCODING 9829
SWIDTH 600 0
DWIDTH 18 0
BBX 15 17 1 0
BITMAP
3C3C
7E7E
7FFE
FFFE
7FFE
7FFE
7FFE
3FFC
3FFC
1FF8
0FF0
07E0
07C0
03C0
0180
0180
0100
ENDCHAR
STARTCHAR 2666
ENCODING 9830
SWIDTH 600 0
DWIDTH 18 0
BBX 14 18 2 0
BITMAP
0200
0300
0780
0FC0
0FC0
1FE0
3FF0
7FF8
FFFC
FFFC
7FF8
3FF0
1FE0
0FC0
0FC0
0780
0300
0200
ENDCHAR
STARTCHAR 2669
ENCODING 9833
SWIDTH 600 0
DWIDTH 18 0
BBX 6 17 4 0
BITMAP
04
04
04
04
04
04
04
04
04
04
04
04
14
7C
FC
F8
20
ENDCHAR
STARTCHAR 266A
ENCODING 9834
SWIDTH 600 0
DWIDTH 18 0
BBX 10 16 4 1
BITMAP
0400
0400
0400
0600
0700
0580
0480
04C0
0440
0440
0480
0480
7C00
FC00
F800
7000
ENDCHAR
STARTCHAR 266B
ENCODING 9835
SWIDTH 600 0
DWIDTH 18 0
BBX 14 17 2 0
BITMAP
001C
0FFC
0FE4
0804
0804
0804
0804
0804
0804
0804
0804
0804
083C
78FC
F8FC
F878
F000
ENDCHAR
STARTCHAR 266C
ENCODING 9836
SWIDTH 600 0
DWIDTH 18 0
BBX 14 18 2 -1
BITMAP
001C
07FC
0FF4
0804
083C
0FFC
0FC4
0804
0804
0804
0804
0804
083C
387C
F8FC
F878
F800
6000
ENDCHAR
STARTCHAR 266F
ENCODING 9839
SWIDTH 600 0
DWIDTH 18 0
BBX 14 25 2 -3
BITMAP
0060
0060
0060
0060
1864
187C
18F8
1FE0
1FE0
FC60
F860
9860
1860
1864
187C
18FC
1BF0
1FE0
3F60
FC60
F860
9860
1800
1800
1800
ENDCHAR
STARTCHAR 2C60
ENCODING 11360
SWIDTH 600 0
DWIDTH 18 0
BBX 15 20 1 0
BITMAP
3C00
3C00
3C00
3C00
3C00
FFF0
FFF0
FFF0
3C00
3C00
3C00
FFF0
FFF0
FFF0
3C00
3C00
3C00
3FFE
3FFE
3FFE
ENDCHAR
STARTCHAR 2C61
ENCODING 11361
SWIDTH 600 0
DWIDTH 18 0
BBX 8 22 5 0
BITMAP
3C
3C
3C
3C
3C
3C
3C
FF
FF
FF
3C
3C
3C
FF
FF
FF
3C
3C
3C
3C
3C
3C
ENDCHAR
STARTCHAR 2C62
ENCODING 11362
SWIDTH 600 0
DWIDTH 18 0
BBX 16 20 0 0
BITMAP
1E00
1E00
1E00
1E00
1E00
1E00
1E00
7E60
FEE0
FFC0
DFC0
1E00
1E00
1E00
1E00
1E00
1E00
1FFF
1FFF
1FFF
ENDCHAR
STARTCHAR 2C63
ENCODING 11363
SWIDTH 600 0
DWIDTH 18 0
BBX 17 20 0 0
BITMAP
3FF800
3FFE00
3FFF00
3C3F00
3C0F00
FF8F80
FF8F80
FF8F80
3C0F80
3C1F00
3FFF00
3FFE00
3FF800
3C0000
3C0000
3C0000
3C0000
3C0000
3C0000
3C0000
ENDCHAR
STARTCHAR 2C64
ENCODING 11364
SWIDTH 600 0
DWIDTH 18 0
BBX 16 26 2 -6
BITMAP
FFE0
FFF8
FFFC
F0FE
F03E
F01E
F01E
F03E
F07C
FFFC
FFF8
FFE0
F1F0
F1F0
F0F8
F078
F07C
F03C
F03E
F01F
F000
F000
FE00
FE00
7E00
3E00
ENDCHAR
STARTCHAR 2C65
ENCODING 11365
SWIDTH 600 0
DWIDTH 18 0
BBX 15 28 2 -6
BITMAP
00E0
00C0
00C0
00C0
01C0
01C0
0FE0
3FF0
7FF0
7BF8
FB78
0378
1FF8
7FF8
FE78
F678
F678
FEF8
FEF8
FFFE
7F3E
3E1E
1C00
1C00
1800
1800
3800
3800
ENDCHAR
STARTCHAR 2C66
ENCODING 11366
SWIDTH 600 0
DWIDTH 18 0
BBX 15 28 2 -6
BITMAP
000E
000C
0E1C
0E18
1E38
1E30
FFF8
FFF8
FFF8
1EC0
1EC0
1FC0
1F80
1F80
1F00
1F00
1E00
1E00
1E00
1FF8
1FF8
1FF8
3000
3000
7000
6000
E000
C000
ENDCHAR
STARTCHAR 2C67
ENCODING 11367
SWIDTH 600 0
DWIDTH 18 0
BBX 15 26 2 -6
BITMAP
F03C
F03C
F03C
F03C
F03C
F03C
F03C
F03C
FFFC
FFFC
FFFC
FFFC
F03C
F03C
F03C
F03C
F03E
F03E
F03E
F03E
000E
000E
000E
000E
000E
000E
ENDCHAR
STARTCHAR 2C68
ENCODING 11368
SWIDTH 600 0
DWIDTH 18 0
BBX 16 28 2 -6
BITMAP
F000
F000
F000
F000
F000
F000
F1F0
F7F8
F7FC
FC7C
F83C
F83C
F03C
F03C
F03C
F03C
F03C
F03C
F03C
F03F
F03F
F03F
000F
000F
000F
000F
000F
000F
ENDCHAR
STARTCHAR 2C69
ENCODING 11369
SWIDTH 600 0
DWIDTH 18 0
BBX 16 26 2 -6
BITMAP
F03E
F03E
F07C
F0F8
F1F0
F1E0
F3E0
F7C0
F780
FFC0
FFC0
FFE0
FDE0
F9F0
F0F8
F0F8
F07F
F07F
F03F
F01F
000F
000F
000F
000F
000F
000F
ENDCHAR
STARTCHAR 2C6A
ENCODING 11370
SWIDTH 600 0
DWIDTH 18 0
BBX 14 28 3 -6
BITMAP
F000
F000
F000
F000
F000
F000
F078
F0F0
F1F0
F3E0
F7C0
F780
FF00
FF80
FFC0
F3C0
F3E0
F1E0
F0F0
F0FC
F07C
F07C
001C
001C
001C
001C
001C
001C
ENDCHAR
STARTCHAR 2C6B
ENCODING 11371
SWIDTH 600 0
DWIDTH 18 0
BBX 16 26 1 -6
BITMAP
7FFE
7FFE
7FFE
003E
007C
0078
00F8
01F0
03E0
03C0
07C0
0F80
1F00
1E00
3E00
7C00
7800
FFFF
FFFF
FFFF
000F
000F
000F
000F
000F
000F
ENDCHAR
STARTCHAR 2C6C
ENCODING 11372
SWIDTH 600 0
DWIDTH 18 0
BBX 14 22 2 -6
BITMAP
7FF8
7FF8
7FF8
00F8
01F0
03E0
07C0
0780
0F00
1F00
3E00
7C00
F800
FFFC
FFFC
FFFC
003C
003C
003C
003C
003C
003C
ENDCHAR
STARTCHAR 2C6D
ENCODING 11373
SWIDTH 600 0
DWIDTH 18 0
BBX 15 20 1 0
BITMAP
07E6
1FFE
3FFE
3FFE
7C3E
781E
F81E
F81E
F01E
F01E
F01E
F01E
F81E
F81E
781E
7C1E
7E7E
3FFE
1FFE
07EE
ENDCHAR
STARTCHAR 2C71
ENCODING 11377
SWIDTH 600 0
DWIDTH 18 0
BBX 19 16 1 0
BITMAP
F007C0
F00FE0
F81FC0
781FC0
781E00
7C3C00
3C3C00
3C3C00
1E7800
1E7800
1E7800
0FF000
0FF000
0FE000
07E000
07E000
ENDCHAR
STARTCHAR 2C72
ENCODING 11378
SWIDTH 600 0
DWIDTH 18 0
BBX 20 20 0 0
BITMAP
F001E0
F003F0
F003E0
7007A0
700780
700780
71C700
79C700
79E700
7BE700
3BE700
3BFF00
3B7F00
3F7E00
3F3E00
3F3E00
1E3E00
1E3E00
1E1E00
1E1C00
ENDCHAR
STARTCHAR 2C73
ENCODING 11379
SWIDTH 600 0
DWIDTH 18 0
BBX 20 16 0 0
BITMAP
E001E0
F003F0
7003E0
7003A0
71C780
71C700
71E700
73E700
3B6700
3B7700
3F3600
3F3E00
3E3E00
3E3E00
1E1E00
1C1E00
ENDCHAR
STARTCHAR 2C74
ENCODING 11380
SWIDTH 600 0
DWIDTH 18 0
BBX 16 16 1 0
BITMAP
1E0F
3F0F
7B9F
7B9E
7B9E
3F3C
7E3C
FC3C
7E78
1E78
1E70
0FF0
0FF0
0FE0
07E0
07E0
ENDCHAR
STARTCHAR 2C75
ENCODING 11381
SWIDTH 600 0
DWIDTH 18 0
BBX 13 20 2 0
BITMAP
F000
F000
F000
F000
F000
F000
F000
F000
FFF8
FFF8
FFF8
FFF8
F000
F000
F000
F000
F000
F000
F000
F000
ENDCHAR
STARTCHAR 2C76
ENCODING 11382
SWIDTH 600 0
DWIDTH 18 0
BBX 11 16 4 0
BITMAP
F000
F000
F000
F000
F000
F000
FFE0
FFE0
FFE0
F000
F000
F000
F000
F000
F000
F000
ENDCHAR
STARTCHAR 2C77
ENCODING 11383
SWIDTH 600 0
DWIDTH 18 0
BBX 16 16 1 0
BITMAP
0C78
3DFE
7DFE
71CF
F3C7
E387
E387
E387
E387
E387
E387
F38F
738E
7FFE
3FFC
0FF0
ENDCHAR
STARTCHAR 2E17
ENCODING 11799
SWIDTH 600 0
DWIDTH 18 0
BBX 8 13 5 1
BITMAP
03
1F
FF
FF
F8
C0
00
03
1F
FF
FF
F8
C0
ENDCHAR
STARTCHAR A717
ENCODING 42775
SWIDTH 0 0
DWIDTH 0 0
BBX 6 8 -3 14
BITMAP
0C
0C
0C
EC
EC
0C
0C
0C
ENDCHAR
STARTCHAR A718
ENCODING 42776
SWIDTH 0 0
DWIDTH 0 0
BBX 7 7 -1 15
BITMAP
C4
CE
1C
38
70
E0
40
ENDCHAR
STARTCHAR A719
ENCODING 42777
SWIDTH 0 0
DWIDTH 0 0
BBX 8 5 -4 16
BITMAP
18
18
00
FF
FF
ENDCHAR
STARTCHAR A71A
ENCODING 42778
SWIDTH 0 0
DWIDTH 0 0
BBX 8 5 -4 16
BITMAP
03
03
03
FF
FF
ENDCHAR
STARTCHAR A71B
ENCODING 42779
SWIDTH 600 0
DWIDTH 18 0
BBX 10 12 4 15
BITMAP
0C00
1E00
3F00
7F80
FFC0
0C00
0C00
0C00
0C00
0C00
0C00
0C00
ENDCHAR
STARTCHAR A71C
ENCODING 42780
SWIDTH 600 0
DWIDTH 18 0
BBX 10 12 4 15
BITMAP
0C00
0C00
0C00
0C00
0C00
0C00
0C00
FFC0
7F80
3F00
1E00
0C00
ENDCHAR
STARTCHAR A71D
ENCODING 42781
SWIDTH 600 0
DWIDTH 18 0
BBX 4 15 7 14
BITMAP
F0
F0
F0
F0
F0
F0
F0
F0
F0
00
00
F0
F0
F0
F0
ENDCHAR
STARTCHAR A71E
ENCODING 42782
SWIDTH 600 0
DWIDTH 18 0
BBX 4 15 7 14
BITMAP
F0
F0
F0
F0
00
00
F0
F0
F0
F0
F0
F0
F0
F0
F0
ENDCHAR
STARTCHAR A71F
ENCODING 42783
SWIDTH 600 0
DWIDTH 18 0
BBX 4 16 7 6
BITMAP
F0
F0
F0
F0
00
00
F0
F0
F0
F0
F0
F0
F0
F0
F0
F0
ENDCHAR
STARTCHAR A720
ENCODING 42784
SWIDTH 0 0
DWIDTH 0 0
BBX 10 5 -5 16
BITMAP
FFC0
FFC0
CC00
CC00
CC00
ENDCHAR
STARTCHAR A721
ENCODING 42785
SWIDTH 0 0
DWIDTH 0 0
BBX 10 5 -5 0
BITMAP
CC00
CC00
CC00
FFC0
FFC0
ENDCHAR
STARTCHAR A788
ENCODING 42888
SWIDTH 600 0
DWIDTH 18 0
BBX 10 4 0 -6
BITMAP
1E00
3F00
7F80
F3C0
ENDCHAR
STARTCHAR A789
ENCODING 42889
SWIDTH 600 0
DWIDTH 18 0
BBX 4 12 7 4
BITMAP
F0
F0
F0
F0
00
00
00
00
F0
F0
F0
F0
ENDCHAR
STARTCHAR A78A
ENCODING 42890
SWIDTH 600 0
DWIDTH 18 0
BBX 10 11 4 4
BITMAP
FFC0
FFC0
FFC0
0000
0000
0000
0000
0000
FFC0
FFC0
FFC0
ENDCHAR
STARTCHAR A78B
ENCODING 42891
SWIDTH 600 0
DWIDTH 18 0
BBX 4 14 7 7
BITMAP
F0
F0
F0
F0
F0
F0
F0
F0
F0
F0
F0
F0
F0
F0
ENDCHAR
STARTCHAR A78C
ENCODING 42892
SWIDTH 600 0
DWIDTH 18 0
BBX 4 10 7 12
BITMAP
F0
F0
F0
F0
F0
F0
F0
F0
F0
F0
ENDCHAR
STARTCHAR FB01
ENCODING 64257
SWIDTH 600 0
DWIDTH 18 0
BBX 16 22 0 0
BITMAP
07CF
1FCF
1FCF
1E00
1E00
1E00
FFCF
FFCF
FFCF
1E0F
1E0F
1E0F
1E0F
1E0F
1E0F
1E0F
1E0F
1E0F
1E0F
1E0F
1E0F
1E0F
ENDCHAR
STARTCHAR FB02
ENCODING 64258
SWIDTH 600 0
DWIDTH 18 0
BBX 16 22 0 0
BITMAP
07CF
1FCF
1FCF
1E0F
1E0F
1E0F
FFCF
FFCF
FFCF
1E0F
1E0F
1E0F
1E0F
1E0F
1E0F
1E0F
1E0F
1E0F
1E0F
1E0F
1E0F
1E0F
ENDCHAR
STARTCHAR FB1D
ENCODING 64285
SWIDTH 600 0
DWIDTH 18 0
BBX 4 14 7 4
BITMAP
F0
F0
F0
F0
F0
F0
F0
F0
F0
F0
00
00
60
60
ENDCHAR
STARTCHAR FB1E
ENCODING 64286
SWIDTH 0 0
DWIDTH 0 0
BBX 10 5 4 21
BITMAP
E1C0
E1C0
F3C0
7F80
1E00
ENDCHAR
STARTCHAR FB1F
ENCODING 64287
SWIDTH 600 0
DWIDTH 18 0
BBX 14 16 2 2
BITMAP
F03C
F03C
F03C
F03C
F03C
F03C
F03C
F03C
F03C
F03C
0000
0000
0000
0000
0780
0780
ENDCHAR
STARTCHAR FB20
ENCODING 64288
SWIDTH 600 0
DWIDTH 18 0
BBX 16 19 1 -1
BITMAP
780F
780F
7C0F
3C0F
3C0F
3E0F
1E0F
1E0F
0F1E
0F1E
0F1E
07BC
07FC
07F8
07F8
FFF0
FFC0
FF00
F000
ENDCHAR
STARTCHAR FB21
ENCODING 64289
SWIDTH 600 0
DWIDTH 18 0
BBX 17 18 0 0
BITMAP
7C0780
3E0780
1E0780
0F0780
0F8700
078F00
0FCF00
1FEE00
3DFE00
3CFC00
3CF800
387800
787C00
783E00
781E00
781F00
780F80
F00780
ENDCHAR
STARTCHAR FB22
ENCODING 64290
SWIDTH 600 0
DWIDTH 18 0
BBX 16 18 1 0
BITMAP
FFFF
FFFF
FFFF
FFFF
003C
003C
003C
003C
003C
003C
003C
003C
003C
003C
003C
003C
003C
003C
ENDCHAR
STARTCHAR FB23
ENCODING 64291
SWIDTH 600 0
DWIDTH 18 0
BBX 16 18 1 0
BITMAP
FFF0
FFFC
FFFE
FFFE
001E
000F
000F
F00F
F00F
F00F
F00F
F00F
F00F
F00F
F00F
F00F
F00F
F00F
ENDCHAR
STARTCHAR FB24
ENCODING 64292
SWIDTH 600 0
DWIDTH 18 0
BBX 14 18 2 0
BITMAP
FF80
FFE0
FFF0
FFF8
00F8
0078
003C
003C
003C
003C
003C
003C
0078
00F8
FFF8
FFF0
FFE0
FF80
ENDCHAR
STARTCHAR FB25
ENCODING 64293
SWIDTH 600 0
DWIDTH 18 0
BBX 14 25 2 -1
BITMAP
F000
F000
F000
F000
F000
F000
FFE0
FFF8
FFFC
FFFC
003C
003C
003C
003C
003C
007C
0078
00F8
03F0
07E0
3FC0
7F80
7E00
7C00
6000
ENDCHAR
STARTCHAR FB26
ENCODING 64294
SWIDTH 600 0
DWIDTH 18 0
BBX 15 18 2 0
BITMAP
FFC0
FFF0
FFF8
FFFC
F03C
F03C
F03C
F01C
F01E
F01E
F01E
F01E
F01E
F01E
FFFE
FFFE
FFFE
FFFE
ENDCHAR
STARTCHAR FB27
ENCODING 64295
SWIDTH 600 0
DWIDTH 18 0
BBX 14 18 1 0
BITMAP
FFC0
FFF0
FFF8
FFFC
003C
003C
003C
003C
003C
003C
003C
003C
003C
003C
003C
003C
003C
003C
ENDCHAR
STARTCHAR FB28
ENCODING 64296
SWIDTH 600 0
DWIDTH 18 0
BBX 16 18 1 0
BITMAP
FFF0
FFFC
FFFC
FFFE
3C1E
3C1E
3C0F
3C0F
3C0F
3C0F
3C0F
3C0F
3C0F
3C0F
FC0F
FC0F
F80F
F00F
ENDCHAR
STARTCHAR FB29
ENCODING 64297
SWIDTH 600 0
DWIDTH 18 0
BBX 16 10 1 7
BITMAP
03C0
03C0
03C0
03C0
03C0
03C0
FFFF
FFFF
FFFF
FFFF
ENDCHAR
STARTCHAR FB2A
ENCODING 64298
SWIDTH 600 0
DWIDTH 18 0
BBX 18 22 0 0
BITMAP
000180
000180
000000
000000
F0E3C0
70E3C0
70E380
79E380
79E380
79E380
79E780
3BC780
3FC780
3F8780
3E0780
3C0700
3C0F00
3C1F00
1FFE00
1FFC00
1FF800
1FC000
ENDCHAR
STARTCHAR FB2B
ENCODING 64299
SWIDTH 600 0
DWIDTH 18 0
BBX 18 22 0 0
BITMAP
600000
600000
000000
000000
F0E3C0
70E3C0
70E380
79E380
79E380
79E380
79E780
3BC780
3FC780
3F8780
3E0780
3C0700
3C0F00
3C1F00
1FFE00
1FFC00
1FF800
1FC000
ENDCHAR
STARTCHAR FB2C
ENCODING 64300
SWIDTH 600 0
DWIDTH 18 0
BBX 18 22 0 0
BITMAP
000180
000180
000000
000000
F0E3C0
70E3C0
70E380
79E380
79E380
79E380
79E780
3BC780
3FC780
3F8780
3E2780
3C7700
3C0F00
3C1F00
1FFE00
1FFC00
1FF800
1FC000
ENDCHAR
STARTCHAR FB2D
ENCODING 64301
SWIDTH 600 0
DWIDTH 18 0
BBX 18 22 0 0
BITMAP
600000
600000
000000
000000
F0E3C0
70E3C0
70E380
79E380
79E380
79E380
79E780
3BC780
3FC780
3F8780
3E2780
3C7700
3C0F00
3C1F00
1FFE00
1FFC00
1FF800
1FC000
ENDCHAR
STARTCHAR FB2E
ENCODING 64302
SWIDTH 600 0
DWIDTH 18 0
BBX 17 22 0 -4
BITMAP
7C0780
3E0780
1E0780
0F0780
0F8700
078F00
0FCF00
1FEE00
3DFE00
3CFC00
3CF800
387800
787C00
783E00
781E00
781F00
780F80
F00780
000000
000000
03E000
03E000
ENDCHAR
STARTCHAR FB2F
ENCODING 64303
SWIDTH 600 0
DWIDTH 18 0
BBX 17 23 0 -5
BITMAP
7C0780
3E0780
1E0780
0F0780
0F8700
078F00
0FCF00
1FEE00
3DFE00
3CFC00
3CF800
387800
787C00
783E00
781E00
781F00
780F80
F00780
000000
03E000
03E000
00C000
00C000
ENDCHAR
STARTCHAR FB30
ENCODING 64304
SWIDTH 600 0
DWIDTH 18 0
BBX 17 18 0 0
BITMAP
7C0780
3E0780
1E0780
0F0780
0F8700
078F00
0FCF00
1FEE00
3DFE00
3CFC00
3CF800
387800
787C00
783E00
7B9E00
791F00
780F80
F00780
ENDCHAR
STARTCHAR FB31
ENCODING 64305
SWIDTH 600 0
DWIDTH 18 0
BBX 16 18 1 0
BITMAP
7FC0
7FF0
7FF8
7FF8
007C
003C
003C
003C
0C3C
0C3C
003C
003C
003C
003C
FFFF
FFFF
FFFF
FFFF
ENDCHAR
STARTCHAR FB32
ENCODING 64306
SWIDTH 600 0
DWIDTH 18 0
BBX 12 18 3 0
BITMAP
7E00
7F00
7F00
7F80
0780
0780
73C0
23C0
03C0
07C0
1FE0
3FE0
7DE0
79E0
F8F0
F0F0
F0F0
F0F0
ENDCHAR
STARTCHAR FB33
ENCODING 64307
SWIDTH 600 0
DWIDTH 18 0
BBX 16 18 1 0
BITMAP
FFFF
FFFF
FFFF
FFFF
003C
003C
003C
003C
003C
0E3C
0C3C
003C
003C
003C
003C
003C
003C
003C
ENDCHAR
STARTCHAR FB34
ENCODING 64308
SWIDTH 600 0
DWIDTH 18 0
BBX 16 18 1 0
BITMAP
FFF0
FFFC
FFFE
FFFE
001E
000F
000F
F00F
F00F
F18F
F18F
F00F
F00F
F00F
F00F
F00F
F00F
F00F
ENDCHAR
STARTCHAR FB35
ENCODING 64309
SWIDTH 600 0
DWIDTH 18 0
BBX 7 18 5 0
BITMAP
1E
1E
1E
1E
1E
1E
1E
1E
DE
DE
1E
1E
1E
1E
1E
1E
1E
1E
ENDCHAR
STARTCHAR FB36
ENCODING 64310
SWIDTH 600 0
DWIDTH 18 0
BBX 12 18 3 0
BITMAP
2000
3E00
3FC0
3FF0
0FF0
01F0
07F0
0780
0F00
EF00
4F00
0F00
0F00
0F00
0F00
0F00
0F00
0F00
ENDCHAR
STARTCHAR FB38
ENCODING 64312
SWIDTH 600 0
DWIDTH 18 0
BBX 16 18 1 0
BITMAP
F1F8
F1FC
F1FE
F1FE
F01F
F01F
F00F
F00F
F18F
F18F
F00F
F00F
781E
781E
7FFE
3FFC
3FF8
0FE0
ENDCHAR
STARTCHAR FB39
ENCODING 64313
SWIDTH 600 0
DWIDTH 18 0
BBX 7 10 5 8
BITMAP
1E
1E
1E
1E
DE
DE
1E
1E
1E
1E
ENDCHAR
STARTCHAR FB3A
ENCODING 64314
SWIDTH 600 0
DWIDTH 18 0
BBX 14 24 2 -6
BITMAP
FFC0
FFF0
FFF8
FFF8
007C
003C
003C
003C
003C
0C3C
0C3C
003C
003C
003C
003C
003C
003C
003C
003C
003C
003C
003C
003C
003C
ENDCHAR
STARTCHAR FB3B
ENCODING 64315
SWIDTH 600 0
DWIDTH 18 0
BBX 14 18 2 0
BITMAP
FF80
FFE0
FFF0
FFF8
00F8
0078
003C
003C
063C
063C
003C
003C
0078
00F8
FFF8
FFF0
FFE0
FF80
ENDCHAR
STARTCHAR FB3C
ENCODING 64316
SWIDTH 600 0
DWIDTH 18 0
BBX 14 25 2 -1
BITMAP
F000
F000
F000
F000
F000
F000
FFE0
FFF8
FFFC
FFFC
003C
003C
003C
0E3C
043C
007C
0078
00F8
03F0
07E0
3FC0
7F80
7E00
7C00
6000
ENDCHAR
STARTCHAR FB3E
ENCODING 64318
SWIDTH 600 0
DWIDTH 18 0
BBX 17 18 0 0
BITMAP
F8F800
7BFE00
7FFE00
3FFF00
1F0F00
1F0F00
1E0F00
1E0700
1E6780
3E6780
3C0780
3C0780
3C0780
7C0780
78FF80
78FF80
78FF80
F8FF80
ENDCHAR
STARTCHAR FB40
ENCODING 64320
SWIDTH 600 0
DWIDTH 18 0
BBX 10 18 4 0
BITMAP
FE00
FF00
FF80
FF80
07C0
03C0
03C0
03C0
33C0
33C0
03C0
03C0
03C0
03C0
FFC0
FFC0
FFC0
FFC0
ENDCHAR
STARTCHAR FB41
ENCODING 64321
SWIDTH 600 0
DWIDTH 18 0
BBX 17 18 0 0
BITMAP
FFF800
FFFE00
FFFF00
FFFF00
3C0F80
3C0F80
3C0780
3C0780
7CC780
7CC780
7C0780
3C0780
3C0F80
3E0F00
3FFF00
1FFE00
0FFE00
03F800
ENDCHAR
STARTCHAR FB43
ENCODING 64323
SWIDTH 600 0
DWIDTH 18 0
BBX 14 24 2 -6
BITMAP
FFC0
FFF0
FFF8
FFFC
F07C
F03C
F03C
F03C
FE3C
FEFC
FEFC
FE3C
003C
003C
003C
003C
003C
003C
003C
003C
003C
003C
003C
003C
ENDCHAR
STARTCHAR FB44
ENCODING 64324
SWIDTH 600 0
DWIDTH 18 0
BBX 16 18 1 0
BITMAP
FFE0
FFF8
FFFC
FFFE
F83E
F81E
F80F
FF6F
FF6F
FF0F
FF0F
001F
001E
003E
7FFE
7FFC
7FF8
7FC0
ENDCHAR
STARTCHAR FB46
ENCODING 64326
SWIDTH 600 0
DWIDTH 18 0
BBX 17 18 0 0
BITMAP
F80780
7C0780
3E0F80
1E0F00
1F0F00
0F8F00
07DF00
03FE00
01FC00
01F800
00F800
067C00
063C00
003E00
7FFF00
7FFF80
7FFF80
7FFF80
ENDCHAR
STARTCHAR FB47
ENCODING 64327
SWIDTH 600 0
DWIDTH 18 0
BBX 15 24 2 -6
BITMAP
FFE0
FFF8
FFFC
FFFC
003E
001E
001E
781E
7B1E
7B3C
783C
783C
7878
78F8
79F0
7BF0
7BC0
7B80
7A00
7800
7800
7800
7800
7800
ENDCHAR
STARTCHAR FB48
ENCODING 64328
SWIDTH 600 0
DWIDTH 18 0
BBX 14 18 1 0
BITMAP
FFC0
FFF0
FFF8
FFFC
003C
003C
003C
003C
003C
0E3C
043C
003C
003C
003C
003C
003C
003C
003C
ENDCHAR
STARTCHAR FB49
ENCODING 64329
SWIDTH 600 0
DWIDTH 18 0
BBX 18 18 0 0
BITMAP
F0E3C0
70E3C0
70E380
79E380
79E380
79E380
79E780
3BC780
3FC780
3F8780
3E2780
3C7700
3C0F00
3C1F00
1FFE00
1FFC00
1FF800
1FC000
ENDCHAR
STARTCHAR FB4A
ENCODING 64330
SWIDTH 600 0
DWIDTH 18 0
BBX 16 18 1 0
BITMAP
FFF0
FFFC
FFFC
FFFE
3C1E
3C1E
3C0F
3C0F
3C0F
3CCF
3CCF
3C0F
3C0F
3C0F
FC0F
FC0F
F80F
F00F
ENDCHAR
STARTCHAR FB4B
ENCODING 64331
SWIDTH 600 0
DWIDTH 18 0
BBX 4 23 7 0
BITMAP
60
60
00
00
00
F0
F0
F0
F0
F0
F0
F0
F0
F0
F0
F0
F0
F0
F0
F0
F0
F0
F0
ENDCHAR
STARTCHAR FB4C
ENCODING 64332
SWIDTH 600 0
DWIDTH 18 0
BBX 16 22 1 0
BITMAP
07C0
07C0
0000
0000
7FC0
7FF0
7FF8
7FF8
007C
003C
003C
003C
003C
003C
003C
003C
003C
003C
FFFF
FFFF
FFFF
FFFF
ENDCHAR
STARTCHAR FB4D
ENCODING 64333
SWIDTH 600 0
DWIDTH 18 0
BBX 14 22 2 0
BITMAP
0F00
0F00
0000
0000
FF80
FFE0
FFF0
FFF8
00F8
0078
003C
003C
003C
003C
003C
003C
0078
00F8
FFF8
FFF0
FFE0
FF80
ENDCHAR
STARTCHAR FB4E
ENCODING 64334
SWIDTH 600 0
DWIDTH 18 0
BBX 16 22 1 0
BITMAP
0780
0780
0000
0000
FFE0
FFF8
FFFC
FFFE
F83E
F81E
F80F
FF0F
FF0F
FF0F
FF0F
001F
001E
003E
7FFE
7FFC
7FF8
7FC0
ENDCHAR
STARTCHAR FB4F
ENCODING 64335
SWIDTH 600 0
DWIDTH 18 0
BBX 16 24 1 0
BITMAP
F000
F000
F000
F000
F000
F000
F80F
FC0F
FC1F
3E1E
1F1E
0F1E
0F9E
07BC
03FC
03F8
01F0
00F0
00F8
007C
003C
003E
001F
000F
ENDCHAR
STARTCHAR FE20
ENCODING 65056
SWIDTH 0 0
DWIDTH 0 0
BBX 11 5 -11 18
BITMAP
03E0
1FE0
3800
6000
C000
ENDCHAR
STARTCHAR FE21
ENCODING 65057
SWIDTH 0 0
DWIDTH 0 0
BBX 11 5 0 18
BITMAP
F800
FF00
0380
00C0
0060
ENDCHAR
STARTCHAR FE22
ENCODING 65058
SWIDTH 0 0
DWIDTH 0 0
BBX 11 4 -11 18
BITMAP
1FC0
7FE0
E0E0
C000
ENDCHAR
STARTCHAR FE23
ENCODING 65059
SWIDTH 0 0
DWIDTH 0 0
BBX 11 4 0 18
BITMAP
0060
C1E0
FFC0
7F00
ENDCHAR
ENDFONT
